100001
70956359
860995132
258019543
362831770
100001
70956359
45126020
866635534
100002
100001
70956359
450780003
344103919
790777530
100001
70956359
851332035
100002
604358978
100001
70956359
959878588
627539248
696909936
100001
70956359
841116656
100001
584092821
100001
70956359
100001
100001
192372662
100001
70956359
211157230
100005
100001
100001
70956359
705355915
42001511
970933592
100001
70956359
100002
939915416
831861616
100001
70956359
100001
100005
8407569
100001
70956359
821103925
208827784
774670415
100001
70956359
652943678
681534907
344939509
100001
70956359
100003
977692224
100003
100001
70956359
207972223
260935599
100001
100001
70956359
353853147
205623773
100001
100001
70956359
100001
100002
100001
100001
70956359
100003
869295645
100001
100001
70956359
781675912
678296117
49239139
100001
70956359
538410443
621274281
100002
100001
70956359
822017632
631038101
100001
100001
70956359
100001
100001
436076095
100001
70956359
908132132
100003
541337409
100001
70956359
40464657
323082218
100001
100001
70956359
170702264
385253849
1491200
100001
70956359
353673123
394980425
100001
100001
70956359
100001
58373434
179577540
100001
70956359
905464655
100003
652746902
100001
70956359
100002
711802207
73191616
100001
70956359
433912522
9456147
100001
100001
70956359
100004
29721235
825886529
100001
70956359
313878734
54191123
568294616
100001
70956359
953646876
222794243
828443967
100001
70956359
100001
636967497
865398519
100001
70956359
300013523
31494516
100001
100001
70956359
20786924
150030465
120810277
100001
70956359
435955268
100001
35488409
100001
70956359
442915674
594642966
826346813
100001
70956359
902565382
340690004
100001
100001
70956359
229637744
100003
906742622
100001
70956359
100010
968245531
100004
100001
70956359
252411794
607333499
100001
100001
70956359
100001
147947296
776289916
100001
70956359
100001
779380169
692740605
100001
70956359
876176936
321011029
100001
100001
70956359
100001
144682366
3424883
100001
70956359
613098067
883755357
100001
100001
70956359
69486894
954522662
40931708
100001
70956359
6939133
609439066
799553288
100001
70956359
848955740
920286043
612049490
100001
70956359
100010
675148076
579906503
100001
70956359
797456135
100007
943512608
100001
70956359
212399795
100002
100012
100001
70956359
100032
259068120
425603447
100001
70956359
847662012
100001
920336342
100001
70956359
100001
100002
207954041
100001
70956359
100002
100001
100001
100001
70956359
100009
899703961
100001
100001
70956359
567493879
501770326
881911888
100001
70956359
100001
100003
292727845
100001
70956359
442946956
811249113
100001
100001
70956359
975507541
100001
688848906
100001
70956359
942464032
100002
100001
100001
70956359
100001
103745490
100008
100001
70956359
428581635
100001
100002
100001
70956359
100010
701823540
386520171
100001
70956359
761219936
100001
179326297
100001
70956359
678698380
100001
681179707
100001
70956359
613184137
353853148
621942941
100001
70956359
678296118
211089303
100001
100001
70956359
917972914
90739495
113077121
100001
70956359
100003
977080408
537688521
100001
70956359
902021901
65713473
700577496
100001
70956359
601522226
100001
130517854
100001
70956359
100001
427066514
100001
100001
70956359
654055100
100004
100001
100001
70956359
377798814
682743646
978997665
100001
70956359
884279648
835309515
100005
100001
70956359
100001
100001
100001
100001
70956359
100004
100001
351232044
100001
70956359
767901288
177689759
100001
100001
70956359
191324086
100009
821246793
100001
70956359
64132147
294805571
816798235
100001
70956359
659026313
71509561
73191620
100001
70956359
101908103
773144180
332651903
100001
70956359
910886617
100002
35488409
100001
70956359
737826947
100001
100001
100001
70956359
271595690
318198492
100003
100001
70956359
100001
260329267
610409615
100001
70956359
957171011
100002
439890381
100001
70956359
792169311
100001
608903760
100001
70956359
100001
100001
905694044
100001
70956359
100001
648201809
462950095
100001
70956359
247507449
935117999
100001
100001
70956359
830665580
910118787
767903301
100001
70956359
276937399
174711254
132667953
100001
70956359
434226553
239168435
825503614
100001
70956359
570391770
864576977
100001
100001
70956359
100001
100004
504354591
100001
70956359
100014
892749103
881415550
100001
70956359
100003
843522420
730580347
100001
70956359
663402382
380673990
100002
100001
70956359
100001
730530974
100001
100001
70956359
573274668
979493352
533155455
100001
70956359
609231525
390889958
278769140
100001
70956359
100001
357605288
100001
100001
70956359
100001
100001
100006
100001
70956359
405752301
738541146
144263292
100001
70956359
442915678
130517854
100001
100001
70956359
215160825
845447553
100001
100001
70956359
38310268
133222045
100001
100001
70956359
100001
100004
100001
100001
70956359
100003
90089177
195901912
100001
70956359
427270914
382977737
223628916
100001
70956359
654157659
936498204
100002
100001
70956359
374998577
100001
100001
100001
70956359
100002
929438643
84767707
100001
70956359
59724063
100001
100001
100001
70956359
100001
2744825
100001
100001
70956359
587886222
323082218
100001
100001
70956359
25856857
100001
100001
100001
70956359
100005
586404653
100002
100001
70956359
100001
636246601
100001
100001
70956359
100002
951870936
100001
100001
70956359
100001
688756487
100001
100001
70956359
295850287
898874634
100002
100001
70956359
818923137
582756256
100002
100001
70956359
100001
742684988
756513110
100001
70956359
154945684
689334659
897344658
100001
70956359
241084148
963281506
100001
100001
70956359
100003
931324814
100001
100001
70956359
980964774
838251730
859488850
100001
70956359
234328069
100001
842592955
100001
70956359
31083383
288032125
232994459
100001
70956359
100001
100002
100002
100001
70956359
959268168
100164
48271754
100001
70956359
100001
100003
100001
100001
70956359
100001
539334443
100002
100001
70956359
100001
451711937
564026269
100001
70956359
100024
878594648
914804619
100001
70956359
100002
100001
100002
100001
70956359
844262389
44753933
304081700
100001
70956359
307353564
100001
186595239
100001
70956359
264870352
638918067
100001
100001
70956359
907952359
6405626
946908667
100001
70956359
106763039
610073449
118134704
100001
70956359
100001
579187147
605016293
100001
70956359
776289914
63616318
127486060
100001
70956359
212039110
918175057
616243798
100001
70956359
168681179
100001
100001
100001
70956359
100005
100001
539651541
100001
70956359
100002
790118973
790909576
100001
70956359
183857510
100001
100002
100001
70956359
100001
100001
100001
100001
70956359
100001
64132145
100001
100001
70956359
176753913
100002
100004
100001
70956359
100006
100001
238304405
100001
70956359
100002
100002
100001
100001
70956359
234718754
936114006
961001562
100001
70956359
282439157
477838276
100001
100001
70956359
816040465
100001
817458793
100001
70956359
908984596
100007
100001
100001
70956359
618965453
714363487
100016
100001
70956359
100003
578467071
100001
100001
70956359
100001
100001
100001
100001
70956359
129273734
357706205
100001
100001
70956359
100001
100002
67810626
100001
70956359
349827294
100001
654055100
100001
70956359
100001
615195219
100009
100001
70956359
147062553
194078430
100002
100001
70956359
886793778
100002
264081329
100001
70956359
536969995
346401620
276594022
100001
70956359
459804364
514223156
263077123
100001
70956359
100009
830560565
100001
100001
70956359
100004
611646314
396353514
100001
70956359
350499357
649485643
100004
100001
70956359
100001
100018
354105079
100001
70956359
43705354
959878587
100001
100001
70956359
618965452
201145413
842865857
100001
70956359
482051310
783367812
393963081
100001
70956359
100005
100002
100001
100001
70956359
936561863
966407629
100018
100001
70956359
249113086
100002
100001
100001
70956359
100001
55227701
566530131
100001
70956359
100002
959878592
100001
100001
70956359
265197428
503495881
632587196
100001
70956359
100001
223965106
125537114
100001
70956359
100002
232568778
100002
100001
70956359
44601727
678165195
405964188
100001
70956359
100001
100002
100001
100001
70956359
100001
680453233
44197884
100001
70956359
80362294
533517822
100001
100001
70956359
883547177
464225608
322033638
100001
70956359
889677366
414809012
100004
100001
70956359
743471422
100003
164711562
100001
70956359
978997667
387818511
148192229
100001
70956359
265018947
100004
48249769
100001
70956359
503626955
898284171
36758684
100001
70956359
49096229
923711493
100001
100001
70956359
168636798
284536309
422685330
100001
70956359
830298418
100001
100001
100001
70956359
277417555
100001
100002
100001
70956359
100001
146498314
831589696
100001
70956359
746813763
643556262
648306772
100001
70956359
100001
100003
100002
100001
70956359
100001
706281894
40439639
100001
70956359
100001
651209540
455086812
100001
70956359
100001
100001
330000188
100001
70956359
651209540
368621196
46939816
100001
70956359
100001
475768190
100002
100001
70956359
815777408
316910798
663759545
100001
70956359
100001
100001
966407631
100001
70956359
406498251
100002
100026
100001
70956359
244605764
100001
100001
100001
70956359
123693863
100007
466095826
100001
70956359
100022
41580053
777478808
100001
70956359
654273801
100001
100001
100001
70956359
107665330
100001
485620828
100001
70956359
100002
211157231
285155366
100001
70956359
624853940
100001
526418229
100001
70956359
100004
100006
100001
100001
70956359
664989395
295166021
465905765
100001
70956359
100003
100001
38604631
100001
70956359
485912536
856276535
390332386
100001
70956359
186595239
100001
349827293
100001
70956359
100001
853619802
100001
100001
70956359
836701514
283313527
100002
100001
70956359
100001
784269559
557546554
100001
70956359
100008
847408122
750003922
100001
70956359
674204428
100001
812398366
100001
70956359
653776710
529695385
100001
100001
70956359
964529492
100002
899352266
100001
70956359
100001
100039
100001
100001
70956359
100001
136809314
815138621
100001
70956359
100001
145836156
171789461
100001
70956359
314670476
997516552
100006
100001
70956359
373317545
685310040
100001
100001
70956359
57619975
100003
395050349
100001
70956359
636967497
100001
249837033
100001
70956359
717676359
100008
459072665
100001
70956359
100001
980064771
965388595
100001
70956359
265018947
100003
100001
100001
70956359
211089303
100002
532971844
100001
70956359
58668552
462950095
100002
100001
70956359
100001
100001
100001
100001
70956359
100015
971982170
100008
100001
70956359
636967498
100001
100003
100001
70956359
359254970
100011
100001
100001
70956359
322033638
100002
379948172
100001
70956359
100005
416751372
232863384
100001
70956359
276594022
119893538
38834556
100001
70956359
327669638
803112129
174640988
100001
70956359
105069098
749173062
626188426
100001
70956359
742735453
100002
100002
100001
70956359
100013
712299961
100004
100001
70956359
100001
889893342
307877854
100001
70956359
100001
100001
100001
100001
70956359
50871980
100005
100001
100001
70956359
100001
100003
859038355
100001
70956359
116580728
100001
100001
100001
70956359
707854760
303159255
100001
100001
70956359
383828736
100001
721689130
100001
70956359
910362328
803278110
63616320
100001
70956359
100001
45427388
847662008
100001
70956359
911167363
460852943
100004
100001
70956359
100001
284798453
100002
100001
70956359
100001
100001
100001
100001
70956359
671519389
814640889
533155455
100001
70956359
390748357
100002
100002
100001
70956359
933654438
304438491
67810627
100001
70956359
100001
552186886
100002
100001
70956359
916616024
309975007
560762959
100001
70956359
100002
100002
878463573
100001
70956359
100001
165933890
100001
100001
70956359
100001
100001
148261003
100001
70956359
804796174
100060
100004
100001
70956359
201831830
100001
100001
100001
70956359
100001
100003
527948280
100001
70956359
399168642
100004
135040908
100001
70956359
211157231
100001
459728371
100001
70956359
909927419
100001
179850420
100001
70956359
100003
466954343
100006
100001
70956359
393963081
464595040
100024
100001
70956359
100001
69390522
100001
100001
70956359
48182785
605169714
396320745
100001
70956359
100001
780882315
557092940
100001
70956359
841116657
100001
100003
100001
70956359
100001
883755357
100027
100001
70956359
206439960
792061641
141015688
100001
70956359
359834598
143668124
100001
100001
70956359
905035869
492420283
100005
100001
70956359
960841032
72520766
100002
100001
70956359
615368060
100001
100001
100001
70956359
100002
100003
100002
100001
70956359
100002
100001
745765187
100001
70956359
100001
520179205
732249680
100001
70956359
892823095
33391253
942464031
100001
70956359
646339912
959878592
100001
100001
70956359
100006
100001
100001
100001
70956359
906831167
774670415
167857297
100001
70956359
481329600
991800260
100001
100001
70956359
100002
815515263
167337887
100001
70956359
907103829
100001
776788611
100001
70956359
291398726
900278333
385316945
100001
70956359
90875612
122532335
177027279
100001
70956359
119200814
100001
301353396
100001
70956359
148783556
100001
100001
100001
70956359
100001
964185427
869540652
100001
70956359
633676055
336032889
100001
100001
70956359
809922296
100012
100005
100001
70956359
100001
901449420
914032345
100001
70956359
96481397
727998894
100001
100001
70956359
252258652
100001
978997667
100001
70956359
241263422
251678296
904662536
100001
70956359
100058
285847031
100004
100001
70956359
686744690
100002
225153545
100001
70956359
983687661
650846526
306797796
100001
70956359
100001
100023
285847030
100001
70956359
100001
100001
100001
100001
70956359
100007
625205277
241263423
100001
70956359
100001
100002
849756715
100001
70956359
444519074
100001
604121134
100001
70956359
106763039
100002
247222596
100001
70956359
966623870
448682849
383833823
100001
70956359
986487295
962478358
100001
100001
70956359
100001
273001961
635771089
100001
70956359
100001
639454326
365308046
100001
70956359
100001
100014
741113271
100001
70956359
100001
273387447
100001
100001
70956359
559714383
911935193
849911835
100001
70956359
674951267
425111920
100001
100001
70956359
100006
913330051
848863255
100001
70956359
624334459
100001
100002
100001
70956359
867612751
100007
100001
100001
70956359
607333499
509000918
841817278
100001
70956359
741163002
100002
717388301
100001
70956359
552701415
676938146
100002
100001
70956359
100001
44601729
100001
100001
70956359
747761562
416906165
100001
100001
70956359
55227701
198315978
947938769
100001
70956359
100002
459729356
268668852
100001
70956359
904986892
85070619
100001
100001
70956359
485725406
100004
636902713
100001
70956359
441201105
319620287
134986364
100001
70956359
121858854
174748329
100001
100001
70956359
3793401
574589233
129473960
100001
70956359
410635668
37347225
183551395
100001
70956359
438967963
389128391
100001
100001
70956359
570620454
452221286
100004
100001
70956359
100001
176531127
589459089
100001
70956359
100001
100001
496417985
100001
70956359
56571398
983687661
671540335
100001
70956359
291679264
100003
658680656
100001
70956359
100002
100001
100001
100001
70956359
100001
711312991
308216996
100001
70956359
942558421
856639547
43377599
100001
70956359
100001
100003
315930634
100001
70956359
100003
100002
100007
100001
70956359
100002
260276659
315930634
100001
70956359
100001
100002
69375035
100001
70956359
266557750
100001
100002
100001
70956359
576721926
437094771
560757826
100001
70956359
100001
947966053
100001
100001
70956359
716653815
878269819
100003
100001
70956359
100001
175583618
521284180
100001
70956359
888104501
295865848
100001
100001
70956359
177755296
100001
843860912
100001
70956359
100021
129028769
280337239
100001
70956359
540638670
100001
621793878
100001
70956359
618573701
100001
100001
100001
70956359
45037057
798504712
31818387
100001
70956359
100005
983963330
378052545
100001
70956359
978997659
100001
100001
100001
70956359
120810277
374382525
100007
100001
70956359
100001
115836793
607289406
100001
70956359
795883268
133151350
517524993
100001
70956359
879846958
166284433
953530447
100001
70956359
100002
369139637
100007
100001
70956359
100001
274574831
570214887
100001
70956359
100001
682026097
156389771
100001
70956359
214705936
100001
179326296
100001
70956359
668553679
100001
18367572
100001
70956359
229914834
135040912
492884810
100001
70956359
100001
150030465
869709906
100001
70956359
640985920
977546865
181875080
100001
70956359
100001
105633709
100001
100001
70956359
100003
840895823
11553300
100001
70956359
782319235
342970206
813418102
100001
70956359
100008
646787906
100001
100001
70956359
753692109
127486060
100001
100001
70956359
227031061
90875612
147180550
100001
70956359
101828621
145836156
100002
100001
70956359
732249675
706067039
323183471
100001
70956359
55911977
160919745
857686178
100001
70956359
100015
741615305
856769955
100001
70956359
100001
100002
848863257
100001
70956359
871982627
100003
100001
100001
70956359
100001
194332647
100001
100001
70956359
466645733
866685460
909987710
100001
70956359
6210477
675082340
359584661
100001
70956359
658029355
100001
100001
100001
70956359
954844040
100005
100001
100001
70956359
100001
984372863
100001
100001
70956359
667658773
309479879
221092834
100001
70956359
216295192
100001
451711937
100001
70956359
100008
283313527
100003
100001
70956359
100001
47223177
208827784
100001
70956359
740790724
639998831
183449508
100001
70956359
637227576
100009
230389393
100001
70956359
100001
739443891
100001
100001
70956359
750552820
100011
650079492
100001
70956359
156938836
355229583
100002
100001
70956359
100001
795883268
793788991
100001
70956359
879846958
219156430
100002
100001
70956359
100001
62182953
903072602
100001
70956359
814525361
781340840
100014
100001
70956359
863528401
100001
987541791
100001
70956359
706322543
592028496
840244413
100001
70956359
130322311
535561050
681179706
100001
70956359
100032
119381044
100001
100001
70956359
165300494
100021
304000705
100001
70956359
654055098
100003
100001
100001
70956359
100001
100001
404094321
100001
70956359
48182785
844262389
465905763
100001
70956359
100001
100008
33947605
100001
70956359
153814455
512531611
84808474
100001
70956359
857449097
100001
900259351
100001
70956359
202618262
285426871
749304136
100001
70956359
711815047
872585962
181865230
100001
70956359
869819936
100003
830167343
100001
70956359
38310266
100001
741113270
100001
70956359
926151039
100001
349478816
100001
70956359
872502649
100001
386920952
100001
70956359
100001
100001
100002
100001
70956359
178518629
768752300
100002
100001
70956359
194349031
100001
100001
100001
70956359
856769955
463160415
46415528
100001
70956359
915085244
371079799
100004
100001
70956359
976086589
100002
100001
100001
70956359
661727918
100003
100004
100001
70956359
100001
100006
496287738
100001
70956359
100002
100002
935117999
100001
70956359
45427388
100001
824837952
100001
70956359
809252631
100002
340668938
100001
70956359
100001
648484873
603314766
100001
70956359
100002
920336342
248821220
100001
70956359
100518
100001
100002
100001
70956359
535561049
395593845
584761651
100001
70956359
416906165
100003
100001
100001
70956359
880726771
100002
486567902
100001
70956359
79262679
963829008
661727918
100001
70956359
100001
611483714
116222854
100001
70956359
541749061
879000086
100001
100001
70956359
564266214
89759026
100001
100001
70956359
828705571
100001
298847741
100001
70956359
136923254
392953196
154421395
100001
70956359
700643890
100002
100003
100001
70956359
770522736
814090044
43433158
100001
70956359
100001
100001
287944185
100001
70956359
122289375
100001
843860914
100001
70956359
100001
719278025
100001
100001
70956359
258019543
911373142
697933923
100001
70956359
127250931
100002
100019
100001
70956359
986129080
100004
642062547
100001
70956359
100001
100001
170652486
100001
70956359
100001
618965454
157334108
100001
70956359
366550041
100001
46265866
100001
70956359
100001
89360392
744439018
100001
70956359
100007
698165795
100004
100001
70956359
100020
173236134
347746839
100001
70956359
294323587
100015
964140740
100001
70956359
863793588
969956537
360758813
100001
70956359
911935193
115945885
281022045
100001
70956359
100018
100002
100001
100001
70956359
742896121
100003
714960087
100001
70956359
100001
100003
100010
100001
70956359
100004
49984816
440540830
100001
70956359
100001
100003
665139092
100001
70956359
100002
167611457
725591794
100001
70956359
584761652
649499714
980708915
100001
70956359
732249675
130322311
573618879
100001
70956359
395050349
100001
100002
100001
70956359
465117434
100001
100002
100001
70956359
100001
100001
841817279
100001
70956359
100002
100001
100001
100001
70956359
383828736
659026313
646339914
100001
70956359
148229129
100005
978067188
100001
70956359
100006
100001
568627284
100001
70956359
221867948
100001
100001
100001
70956359
100001
904316206
724081754
100001
70956359
100001
100001
100001
100001
70956359
100002
751338603
439890384
100001
70956359
100001
296206456
100001
100001
70956359
676258929
272815855
816040463
100001
70956359
784297076
446418992
100002
100001
70956359
481379389
237255829
49320331
100001
70956359
100019
650534222
699158828
100001
70956359
602135115
100001
100001
100001
70956359
311547871
848939355
851811
100001
70956359
511368371
8407567
100001
100001
70956359
100002
463998673
354983847
100001
70956359
58668553
74617919
100001
100001
70956359
100002
706306579
100001
100001
70956359
100002
299333551
963814733
100001
70956359
133802513
932508039
249113086
100001
70956359
907952360
400217218
482427969
100001
70956359
100001
100002
100001
100001
70956359
562426560
100001
298838811
100001
70956359
100001
645869123
371744675
100001
70956359
815138622
100001
452062831
100001
70956359
100001
100005
676099476
100001
70956359
6178385
742178010
949581013
100001
70956359
100001
100011
100021
100001
70956359
100001
344110475
100001
100001
70956359
100001
155529585
100003
100001
70956359
869885473
541945671
100001
100001
70956359
183032302
880757340
100001
100001
70956359
858619822
100002
100008
100001
70956359
476675850
56276279
129583214
100001
70956359
516020004
100001
600473648
100001
70956359
100005
388651204
213385459
100001
70956359
380614635
133802512
759658849
100001
70956359
100002
745591556
100001
100001
70956359
958041336
100001
815689467
100001
70956359
567578707
917753750
100001
100001
70956359
100001
811379630
710954872
100001
70956359
305157377
354957053
92257590
100001
70956359
442915678
325518554
100001
100001
70956359
181125528
100006
380676786
100001
70956359
100001
13563066
100003
100001
70956359
650160961
100001
100001
100001
70956359
232568781
904299821
935368284
100001
70956359
938052941
803083815
162614406
100001
70956359
476958931
448975616
100001
100001
70956359
658680660
601522228
308006715
100001
70956359
100001
748204554
100001
100001
70956359
100013
100003
100001
100001
70956359
133024748
100002
548212441
100001
70956359
100001
640227328
69907781
100001
70956359
994035392
59422010
100001
100001
70956359
459731778
100042
100001
100001
70956359
100002
38644644
587440449
100001
70956359
101820129
100001
100002
100001
70956359
929438643
167873602
971915556
100001
70956359
212801524
124716276
762905951
100001
70956359
363896752
634658147
100001
100001
70956359
100001
445829886
100001
100001
70956359
645745788
450548481
709119146
100001
70956359
100002
734609608
100001
100001
70956359
100001
648044875
214209004
100001
70956359
100001
100001
100001
100001
70956359
425831061
215160824
548267882
100001
70956359
220044256
100001
97418113
100001
70956359
316081326
823725372
100004
100001
70956359
153101323
100014
100010
100001
70956359
100004
100001
47899662
100001
70956359
100014
100017
100009
100001
70956359
613098067
966407629
741937608
100001
70956359
524570126
452732904
268668852
100001
70956359
537718140
297176568
100002
100001
70956359
100001
100017
482881368
100001
70956359
100001
498460713
100001
100001
70956359
768745384
208074276
100005
100001
70956359
100001
514970485
572130862
100001
70956359
100001
100001
987256233
100001
70956359
100001
551284467
735926337
100001
70956359
959878592
793788991
649535805
100001
70956359
100002
8919075
137635376
100001
70956359
100001
172313752
100001
100001
70956359
121788023
561698181
729949948
100001
70956359
818820958
100001
100001
100001
70956359
100007
809922296
100003
100001
70956359
100001
594167080
413913818
100001
70956359
100010
100002
100002
100001
70956359
100001
307353563
100001
100001
70956359
155529585
746918351
738541146
100001
70956359
985350047
100002
940002505
100001
70956359
349023062
100004
100002
100001
70956359
100001
100001
192625815
100001
70956359
100001
100001
100001
100001
70956359
445829887
322758356
983687662
100001
70956359
100001
240737024
781756152
100001
70956359
529047542
100001
100002
100001
70956359
85854909
924177145
746926597
100001
70956359
72525511
9456145
100003
100001
70956359
100001
100001
476816766
100001
70956359
258578889
720308547
946173318
100001
70956359
178154797
854253676
611483714
100001
70956359
97304886
100005
486133579
100001
70956359
321304595
100001
100002
100001
70956359
770104347
925932088
995802974
100001
70956359
124488537
100003
176531639
100001
70956359
165299947
257420134
436665261
100001
70956359
642145599
176531639
858563216
100001
70956359
100002
534670801
823725373
100001
70956359
100004
100001
439890383
100001
70956359
100003
45574923
100002
100001
70956359
389635881
38834556
849911836
100001
70956359
100002
100007
100002
100001
70956359
988750526
100005
320338851
100001
70956359
658156365
750003922
701823540
100001
70956359
100001
320273310
433453825
100001
70956359
100001
100001
100001
100001
70956359
935118005
570391770
273815190
100001
70956359
433912522
100001
482427970
100001
70956359
100002
100002
61519165
100001
70956359
546208956
134457875
812660512
100001
70956359
965616510
100002
100001
100001
70956359
165491917
100001
859046548
100001
70956359
910362328
74986510
69128378
100001
70956359
114480139
100002
100001
100001
70956359
100003
71618749
100001
100001
70956359
899431695
100002
190249146
100001
70956359
261873212
311547872
100001
100001
70956359
215146984
571737643
194622860
100001
70956359
100001
100002
250161663
100001
70956359
100002
100001
346494158
100001
70956359
100001
575538740
100001
100001
70956359
293504174
100002
533762382
100001
70956359
569047588
100004
915520678
100001
70956359
147180552
683074673
618965453
100001
70956359
100002
100008
938065229
100001
70956359
511884504
381222750
100001
100001
70956359
100002
100001
545877590
100001
70956359
679634355
450613301
100001
100001
70956359
100007
369139638
100001
100001
70956359
100001
371744679
100001
100001
70956359
100001
100003
67277881
100001
70956359
836531069
379625412
512146799
100001
70956359
100001
654841532
100001
100001
70956359
100002
100001
831638123
100001
70956359
953474085
57484841
100005
100001
70956359
100002
130322311
100001
100001
70956359
100001
771435322
100001
100001
70956359
221942269
100002
870488810
100001
70956359
922468946
579041841
100001
100001
70956359
100002
100001
784876091
100001
70956359
100001
131566432
100001
100001
70956359
100001
100001
842165236
100001
70956359
647750572
100001
810714283
100001
70956359
100004
100003
100004
100001
70956359
100002
100001
364928928
100001
70956359
283575672
396615658
100002
100001
70956359
66753591
605428873
100002
100001
70956359
100003
799553288
100001
100001
70956359
100001
914871466
823652429
100001
70956359
336873837
100010
100001
100001
70956359
785227717
100002
100002
100001
70956359
576973938
260673752
100001
100001
70956359
43553149
333689071
100010
100001
70956359
100001
545114650
360624151
100001
70956359
100001
100001
111728566
100001
70956359
387913922
100006
100001
100001
70956359
121784890
100003
100001
100001
70956359
521231228
168031044
100002
100001
70956359
303159255
261873215
923999995
100001
70956359
312297932
100001
452221286
100001
70956359
638597416
397594825
264477354
100001
70956359
53814825
753211123
747382478
100001
70956359
100006
816187199
100001
100001
70956359
100003
253307391
100002
100001
70956359
378171922
665332411
608390486
100001
70956359
929438647
100001
901588258
100001
70956359
100001
860995130
100003
100001
70956359
300013524
831589697
100001
100001
70956359
847662014
918409115
100002
100001
70956359
867088460
100018
394094155
100001
70956359
267054940
925048571
128015264
100001
70956359
100001
100005
100001
100001
70956359
111621408
473900326
34934607
100001
70956359
489279711
100001
100028
100001
70956359
262074198
847408122
100001
100001
70956359
460772519
837727441
141117560
100001
70956359
75968313
638950255
462488665
100001
70956359
61929814
153905157
100147
100001
70956359
573362717
929045422
160919746
100001
70956359
100001
100064
100002
100001
70956359
780882314
607289406
100028
100001
70956359
100001
491340877
936594631
100001
70956359
61641635
502485642
100002
100001
70956359
100001
6405626
571773020
100001
70956359
101144
100001
755655029
100001
70956359
959563844
100002
100002
100001
70956359
648891522
100001
100001
100001
70956359
671358344
376910348
100001
100001
70956359
100001
600473648
100008
100001
70956359
100001
100001
100001
100001
70956359
146184690
100001
99827206
100001
70956359
630692014
579296277
100045
100001
70956359
732249680
100003
56571398
100001
70956359
459072665
482427968
100002
100001
70956359
100001
533412523
100005
100001
70956359
100002
200380889
751648353
100001
70956359
248566092
863528400
100003
100001
70956359
100001
897802437
100002
100001
70956359
752974163
299621856
100001
100001
70956359
703660454
849512843
222141412
100001
70956359
100002
100001
604452938
100001
70956359
452926931
539138612
624961520
100001
70956359
75596569
100001
100002
100001
70956359
737609672
89890098
100001
100001
70956359
839381897
743471422
602023981
100001
70956359
100001
681504886
100001
100001
70956359
41580054
939619607
176753913
100001
70956359
100001
407790584
100001
100001
70956359
100001
259100888
63616319
100001
70956359
124452498
390103522
100002
100001
70956359
920336343
130322311
55227701
100001
70956359
897606806
100007
100002
100001
70956359
539073075
100002
100003
100001
70956359
100001
100020
40071441
100001
70956359
141117560
812524418
100001
100001
70956359
100001
100011
677111215
100001
70956359
479330738
100001
100001
100001
70956359
100003
84113192
442915672
100001
70956359
100001
135040908
646701991
100001
70956359
54234510
100003
38310268
100001
70956359
100005
45126020
163662984
100001
70956359
755428823
43149307
100007
100001
70956359
100001
552514566
100001
100001
70956359
100021
435259753
868335169
100001
70956359
100001
100001
962478358
100001
70956359
356133338
439890384
100117
100001
70956359
100002
100001
100001
100001
70956359
748171784
58373433
70956358
100001
70956359
588862285
100002
774670416
100001
70956359
607030599
458856660
100001
100001
70956359
210407908
601522227
993653494
100001
70956359
100001
100001
828239214
100001
70956359
100001
509000918
359123895
100001
70956359
100001
306622146
100001
100001
70956359
100008
100002
100001
100001
70956359
981700401
356657626
553422920
100001
70956359
975065496
656895247
147062554
100001
70956359
555520073
377003966
947709753
100001
70956359
100001
475029354
635260019
100001
70956359
100001
100001
100035
100001
70956359
100001
60984204
468002919
100001
70956359
100001
751925585
100001
100001
70956359
100017
172225353
137627194
100001
70956359
307884216
434291649
100001
100001
70956359
100001
438967963
100002
100001
70956359
979521956
834735431
100022
100001
70956359
100001
39883132
100001
100001
70956359
690114013
726586986
100001
100001
70956359
739923276
905510688
100001
100001
70956359
968245533
606092722
100001
100001
70956359
576194100
100001
898876044
100001
70956359
100001
100001
100001
100001
70956359
100005
639454326
869295645
100001
70956359
501604008
6405626
100006
100001
70956359
100001
746712984
148981888
100001
70956359
326842382
437094771
100001
100001
70956359
842165236
893635405
173760423
100001
70956359
100001
880723612
186595239
100001
70956359
332808113
100003
269735438
100001
70956359
100001
970933592
100001
100001
70956359
100006
314744209
100001
100001
70956359
100003
629310394
100001
100001
70956359
488719434
523688419
147180552
100001
70956359
100001
100003
100001
100001
70956359
881772188
100002
100001
100001
70956359
59996014
883755359
277750941
100001
70956359
197267402
980541930
100001
100001
70956359
335426058
626712714
100001
100001
70956359
980005312
861246045
100001
100001
70956359
508548895
654055100
572314139
100001
70956359
44601730
412477542
100001
100001
70956359
881133912
100001
100003
100001
70956359
360210328
100003
100001
100001
70956359
303159255
100001
649485644
100001
70956359
100014
100015
100013
100001
70956359
45443850
636812970
100001
100001
70956359
876696955
100001
416751372
100001
70956359
652631376
876939601
420421393
100001
70956359
536115656
100003
180861543
100001
70956359
352624546
977938856
983061929
100001
70956359
65682964
100001
100002
100001
70956359
254273624
898570843
489202342
100001
70956359
242377537
100001
44601728
100001
70956359
100080
100066
100001
100001
70956359
131370890
63616320
47889647
100001
70956359
844262388
100007
140344472
100001
70956359
100001
489202344
100001
100001
70956359
611646313
959878589
100001
100001
70956359
100001
100002
100003
100001
70956359
100001
323028164
870934051
100001
70956359
285426871
100001
100005
100001
70956359
660425287
100001
331816878
100001
70956359
100001
100001
189017795
100001
70956359
396234882
980964775
488292819
100001
70956359
464595040
800874314
100001
100001
70956359
991551990
100002
604121134
100001
70956359
291586031
3500995
389928051
100001
70956359
835390882
452779226
100002
100001
70956359
576510686
376320001
183449509
100001
70956359
19173419
322758356
71345571
100001
70956359
9560576
100002
543772493
100001
70956359
100003
100001
100008
100001
70956359
169803598
100001
51433588
100001
70956359
552693343
323187569
100001
100001
70956359
378847390
100013
100001
100001
70956359
100001
794644064
838480370
100001
70956359
100003
800601865
676413856
100001
70956359
809806765
450282490
818482473
100001
70956359
821701601
139034292
711802207
100001
70956359
100001
898086350
100001
100001
70956359
100001
44753933
100003
100001
70956359
100002
100001
100005
100001
70956359
605192253
34934607
100001
100001
70956359
100001
158681239
409805244
100001
70956359
100001
897922130
100005
100001
70956359
100001
100004
100001
100001
70956359
47223175
476675850
100005
100001
70956359
349827293
100001
100012
100001
70956359
586240812
917557136
100004
100001
70956359
100001
100001
869709906
100001
70956359
818136704
100001
914996390
100001
70956359
100001
437264026
43449542
100001
70956359
786079584
100001
975065496
100001
70956359
962970009
100002
978997659
100001
70956359
100001
100001
888104502
100001
70956359
100001
100013
324863174
100001
70956359
498412565
869427934
996268517
100001
70956359
564977712
818482473
94354746
100001
70956359
100001
900752537
996020876
100001
70956359
777338493
100001
100001
100001
70956359
100012
100001
784048992
100001
70956359
64664896
395534308
48552755
100001
70956359
100001
38310266
782319233
100001
70956359
444519073
63099057
764615032
100001
70956359
100002
100001
100002
100001
70956359
100001
169079620
100002
100001
70956359
100001
100001
100002
100001
70956359
100001
933892157
100001
100001
70956359
144829822
87737130
100001
100001
70956359
100002
100001
100002
100001
70956359
100001
241785356
837989251
100001
70956359
658680660
244605764
48936239
100001
70956359
781755902
601522226
235929204
100001
70956359
823789376
100002
378052546
100001
70956359
353673124
100001
945670198
100001
70956359
60470588
322033638
100001
100001
70956359
100001
33391253
919660600
100001
70956359
100002
303159254
422685332
100001
70956359
100001
271063693
100001
100001
70956359
100001
900912970
137198743
100001
70956359
712939599
618965453
496548366
100001
70956359
558070844
100002
824396296
100001
70956359
277750940
794644064
100001
100001
70956359
100004
814090044
100001
100001
70956359
332574956
728205749
100005
100001
70956359
100001
100001
100001
100001
70956359
100001
100002
100004
100001
70956359
100001
100001
100001
100001
70956359
604667964
100001
685375578
100001
70956359
979493352
490306740
100005
100001
70956359
72667328
100001
696197
100001
70956359
100003
100005
282264947
100001
70956359
899472918
100001
100012
100001
70956359
876176938
100003
898222933
100001
70956359
748502625
39495017
450574967
100001
70956359
100038
527212533
100001
100001
70956359
527466813
100001
100006
100001
70956359
100001
271672765
992874721
100001
70956359
100005
146184690
100001
100001
70956359
192132485
74617919
604121138
100001
70956359
100012
100001
36758683
100001
70956359
100002
100003
514463976
100001
70956359
100001
100003
602317080
100001
70956359
84767707
100002
100009
100001
70956359
847662008
100002
610147471
100001
70956359
417402173
100001
993384427
100001
70956359
141639246
11990198
167801503
100001
70956359
953798416
100002
870934049
100001
70956359
883755359
186579125
630692014
100001
70956359
711802207
100001
229934624
100001
70956359
481939669
167801504
72720495
100001
70956359
100001
100001
100001
100001
70956359
100001
100002
151811723
100001
70956359
100001
100002
597040415
100001
70956359
439276191
742735454
78738391
100001
70956359
100001
100007
145311868
100001
70956359
744761035
209098732
100003
100001
70956359
100001
559714383
210407910
100001
70956359
100001
326187021
100002
100001
70956359
100001
100004
100001
100001
70956359
413202904
100001
912411126
100001
70956359
58373434
100013
202618264
100001
70956359
100001
847662010
173699751
100001
70956359
809252631
100002
46295039
100001
70956359
420305919
100007
751648353
100001
70956359
100002
828893589
100002
100001
70956359
943512608
100001
390594533
100001
70956359
855818831
100004
100001
100001
70956359
611990958
570391770
100001
100001
70956359
100002
100003
436022697
100001
70956359
100001
751648353
809252631
100001
70956359
207254919
100004
357605288
100001
70956359
788508676
331788518
100001
100001
70956359
435259753
100002
218918823
100001
70956359
888628790
100001
100001
100001
70956359
100001
100001
450782115
100001
70956359
100001
172313752
572367896
100001
70956359
399761388
127700865
617050782
100001
70956359
100001
100084
758457880
100001
70956359
100001
295758420
147143653
100001
70956359
851332033
842341569
980541930
100001
70956359
197838032
100001
937169709
100001
70956359
100001
931918203
776289916
100001
70956359
307353563
100001
329766796
100001
70956359
100004
445370416
77405771
100001
70956359
810714283
100013
610147471
100001
70956359
897235594
28348786
100001
100001
70956359
100001
184862116
47887663
100001
70956359
100004
528925292
100001
100001
70956359
725853940
100001
100001
100001
70956359
100001
167608732
100001
100001
70956359
100001
101908101
481939669
100001
70956359
147180552
100016
682980915
100001
70956359
452779225
100008
899352266
100001
70956359
981066219
180549129
607030604
100001
70956359
100001
100008
100007
100001
70956359
736634565
354560468
100002
100001
70956359
18084305
851332035
242377538
100001
70956359
100001
336226317
100002
100001
70956359
985082870
405463785
100001
100001
70956359
100001
688317556
979362278
100001
70956359
837989251
100001
604723282
100001
70956359
905122550
565148887
986487292
100001
70956359
969818401
100001
100002
100001
70956359
193421241
876939599
369702340
100001
70956359
157085375
100002
283121314
100001
70956359
756289507
100001
943512608
100001
70956359
7987709
100001
100001
100001
70956359
100001
851332034
965991700
100001
70956359
100001
100001
100046
100001
70956359
735395412
141495040
100002
100001
70956359
655866659
100002
489202342
100001
70956359
180826502
192477374
100001
100001
70956359
45126020
100001
100001
100001
70956359
421469969
100001
437615722
100001
70956359
129588130
100002
491371704
100001
70956359
802229530
100001
122289375
100001
70956359
100001
100006
182376931
100001
70956359
194141922
521494711
665802891
100001
70956359
509340507
884071767
59914086
100001
70956359
646794366
100001
563908688
100001
70956359
100002
100001
100330
100001
70956359
100001
451153637
100001
100001
70956359
100001
959878592
100002
100001
70956359
100001
100003
100001
100001
70956359
616416639
100001
100001
100001
70956359
41980284
100019
957585424
100001
70956359
687734878
198427856
100001
100001
70956359
906086510
100001
100002
100001
70956359
100001
923799228
537718139
100001
70956359
900975449
161594608
433195763
100001
70956359
100001
100001
34439832
100001
70956359
100001
107534257
100001
100001
70956359
100001
897922130
100001
100001
70956359
320985062
969294110
911676166
100001
70956359
100001
577187057
160985747
100001
70956359
100001
100001
197014995
100001
70956359
74617919
88769832
100002
100001
70956359
310707367
830560564
977766012
100001
70956359
237045285
573362717
564957266
100001
70956359
806106899
100017
100001
100001
70956359
659318857
384991702
978997667
100001
70956359
100001
844262388
299621856
100001
70956359
935117998
979362278
100977
100001
70956359
100001
977923002
632587196
100001
70956359
980308390
100001
471672936
100001
70956359
703136165
24818056
111704804
100001
70956359
506194772
100001
252105045
100001
70956359
100001
403570033
100001
100001
70956359
773144181
291224136
261459887
100001
70956359
455086812
100009
100001
100001
70956359
44627466
100001
988406258
100001
70956359
371761080
100001
100002
100001
70956359
277151083
964575513
808494500
100001
70956359
897709136
100002
914996390
100001
70956359
100023
100002
131054198
100001
70956359
100002
100001
100001
100001
70956359
209359332
100002
100001
100001
70956359
290014398
427714161
424201183
100001
70956359
100002
666538647
504354587
100001
70956359
589459088
100007
100001
100001
70956359
100001
55522822
8962990
100001
70956359
100001
100001
232494745
100001
70956359
786612040
159199604
804796176
100001
70956359
303557412
100002
570391770
100001
70956359
195671437
100001
100001
100001
70956359
100020
473671032
100044
100001
70956359
100001
31083382
100001
100001
70956359
207254920
331445353
78292683
100001
70956359
172633218
502461063
669511972
100001
70956359
624853940
100001
877221243
100001
70956359
477971514
979916194
339254548
100001
70956359
574745711
100004
100016
100001
70956359
965300794
386520171
380673991
100001
70956359
100004
100002
100002
100001
70956359
337081466
40413096
611483714
100001
70956359
100001
100001
100001
100001
70956359
572645037
481939670
446616227
100001
70956359
614792048
100005
561698181
100001
70956359
744832606
124160578
100001
100001
70956359
100001
100070
100001
100001
70956359
355229579
100002
100001
100001
70956359
100003
100002
123111996
100001
70956359
658156364
100002
881658202
100001
70956359
533831691
356657626
179053251
100001
70956359
100003
831654593
100002
100001
70956359
675148076
659948828
100001
100001
70956359
100001
143214714
100001
100001
70956359
100001
489279708
26460086
100001
70956359
100003
108496162
820264932
100001
70956359
100004
100011
309975007
100001
70956359
100001
618965454
100001
100001
70956359
100001
578771987
100001
100001
70956359
745008890
498821193
100002
100001
70956359
100001
30305051
100003
100001
70956359
348430240
100001
73453764
100001
70956359
266443217
180826504
681179708
100001
70956359
381052761
100001
100001
100001
70956359
604667962
536145272
100003
100001
70956359
520976712
768419614
302427838
100001
70956359
490306740
100007
100001
100001
70956359
340690004
846661394
507341580
100001
70956359
100007
100001
100109
100001
70956359
937190192
100001
663759542
100001
70956359
425831063
176531639
277485211
100001
70956359
3522039
100001
531759737
100001
70956359
612049491
22103127
808204053
100001
70956359
745214413
600473648
616296316
100001
70956359
466535211
100001
494108360
100001
70956359
100001
679219417
809252631
100001
70956359
94168853
930793163
123111996
100001
70956359
100001
591908206
422685332
100001
70956359
100012
100010
100001
100001
70956359
345037465
100009
100001
100001
70956359
773144181
69412403
114504995
100001
70956359
100002
100001
100019
100001
70956359
100001
248041799
140068983
100001
70956359
375414699
100001
763250837
100001
70956359
100001
331816878
816863771
100001
70956359
100024
337081466
824586109
100001
70956359
100001
100002
114902889
100001
70956359
100001
821232641
528464489
100001
70956359
677769518
651237696
100002
100001
70956359
100006
100005
573365452
100001
70956359
793217887
789070397
9456148
100001
70956359
462950096
100001
891274529
100001
70956359
135040908
100001
296500699
100001
70956359
100003
211982321
720215120
100001
70956359
963106108
100001
100001
100001
70956359
395534307
100001
100011
100001
70956359
100001
100004
100003
100001
70956359
100004
57316398
978997667
100001
70956359
760130553
100001
100001
100001
70956359
130725104
100001
100002
100001
70956359
100001
419003320
797685715
100001
70956359
100004
73180585
296206456
100001
70956359
122265654
439276189
167049527
100001
70956359
832254834
100003
705126178
100001
70956359
83985190
305256408
983687661
100001
70956359
814525362
82670552
358037256
100001
70956359
100001
100001
100002
100001
70956359
974643683
100001
100141
100001
70956359
576721926
100001
193513442
100001
70956359
100002
100001
100001
100001
70956359
4113324
100011
490292301
100001
70956359
905694045
172363331
100001
100001
70956359
75596567
188169366
276594021
100001
70956359
100001
732249674
891012383
100001
70956359
122120999
834193828
605192253
100001
70956359
555520073
452271821
100004
100001
70956359
96156544
100009
396615658
100001
70956359
322758356
100004
648487226
100001
70956359
72450839
147933311
100001
100001
70956359
100006
824396296
100002
100001
70956359
218155897
100009
737257659
100001
70956359
969818401
979916194
831895040
100001
70956359
955758675
737492569
869084734
100001
70956359
100001
100002
45710126
100001
70956359
942464032
100002
427100960
100001
70956359
377254417
100001
169803597
100001
70956359
100005
609865961
98088331
100001
70956359
100001
447353968
100001
100001
70956359
38834556
69907781
910470451
100001
70956359
100002
913413829
91989690
100001
70956359
100002
100007
146131974
100001
70956359
589580360
100001
174378838
100001
70956359
100001
100001
178130261
100001
70956359
390627813
927581503
449215296
100001
70956359
943506618
583739747
100005
100001
70956359
964575513
100001
646339914
100001
70956359
582402354
601805021
295360812
100001
70956359
502665872
557092941
100018
100001
70956359
52093967
99565061
563217637
100001
70956359
100006
264805507
948291640
100001
70956359
814288166
100001
100010
100001
70956359
154768483
916616024
100014
100001
70956359
100020
100001
637951291
100001
70956359
561376639
100001
100004
100001
70956359
100004
100001
223629268
100001
70956359
249113086
897794242
264477354
100001
70956359
100003
100005
100001
100001
70956359
523854778
767901290
452957503
100001
70956359
635444580
100001
100002
100001
70956359
676601228
40003576
917664602
100001
70956359
915043158
100001
625612962
100001
70956359
163662982
100005
100005
100001
70956359
100084
168681179
897567570
100001
70956359
100001
43603551
329766795
100001
70956359
100001
228035999
322033638
100001
70956359
100001
100004
43553149
100001
70956359
100001
40464661
58668553
100001
70956359
100005
442915678
307453158
100001
70956359
229914834
100005
100002
100001
70956359
335223627
345877331
100008
100001
70956359
604756051
100002
100002
100001
70956359
100001
100001
100005
100001
70956359
100016
100001
100001
100001
70956359
508029786
100151
100001
100001
70956359
771435322
100001
100001
100001
70956359
100001
100041
410038199
100001
70956359
100003
100002
508029786
100001
70956359
962478358
100131
285934970
100001
70956359
974643683
507308805
100004
100001
70956359
100001
74634499
295714266
100001
70956359
501770334
100005
341420880
100001
70956359
43693357
489279709
399613287
100001
70956359
773144181
100006
100001
100001
70956359
395534307
100002
859468716
100001
70956359
100001
622780553
100001
100001
70956359
541748696
100012
100008
100001
70956359
100001
100002
942464032
100001
70956359
212277234
100002
494111148
100001
70956359
61442962
100007
100015
100001
70956359
327669637
100002
667249347
100001
70956359
100001
100001
100009
100001
70956359
58740880
480891093
360791583
100001
70956359
631478449
548038781
514912115
100001
70956359
100001
730287324
100003
100001
70956359
867612751
100001
862863792
100001
70956359
100015
100001
173355393
100001
70956359
134986360
100003
174540381
100001
70956359
100002
100001
100001
100001
70956359
367404069
935154846
34021068
100001
70956359
900468230
100001
571773019
100001
70956359
100001
100001
233125534
100001
70956359
821708424
100004
837203153
100001
70956359
536115656
612049490
100001
100001
70956359
179111079
32233108
842165235
100001
70956359
100001
987357680
100012
100001
70956359
100001
760171358
186579124
100001
70956359
521883149
307877854
497228055
100001
70956359
100002
403534593
645603635
100001
70956359
100001
100002
741937608
100001
70956359
869440233
100001
100003
100001
70956359
22236006
100001
427066514
100001
70956359
100003
100002
100001
100001
70956359
895208271
100012
100006
100001
70956359
100001
100001
100001
100001
70956359
929045424
100001
100001
100001
70956359
100001
100030
323051252
100001
70956359
100001
100005
458709200
100001
70956359
100002
135506453
336032889
100001
70956359
100002
577547202
100001
100001
70956359
100005
816579541
177933644
100001
70956359
912069385
119761701
662222965
100001
70956359
601522226
100007
176693953
100001
70956359
625902518
94550324
100001
100001
70956359
347351440
904986892
100001
100001
70956359
45390521
176531639
11057374
100001
70956359
770522736
398120064
935118000
100001
70956359
683408724
905510688
437094770
100001
70956359
985607159
100005
100001
100001
70956359
100001
100001
100021
100001
70956359
100001
354825977
713252375
100001
70956359
100002
100001
100001
100001
70956359
772576722
645849907
287135492
100001
70956359
78738391
815336742
175583618
100001
70956359
659179060
100001
100001
100001
70956359
159035990
570620455
486457806
100001
70956359
644242755
100003
100001
100001
70956359
378052546
100001
100001
100001
70956359
100001
100001
40003578
100001
70956359
682422390
804683795
303319481
100001
70956359
897504176
545384292
100002
100001
70956359
100001
100001
111799937
100001
70956359
54017715
100004
355793645
100001
70956359
100001
100001
100007
100001
70956359
535986948
100001
100002
100001
70956359
100001
642324482
168685448
100001
70956359
100001
100001
100004
100001
70956359
134712162
100001
915720144
100001
70956359
100001
809252635
353853148
100001
70956359
100010
225349769
100002
100001
70956359
901973708
100003
100001
100001
70956359
100003
115174277
100001
100001
70956359
129469278
82670553
469476727
100001
70956359
100021
534839477
100002
100001
70956359
212636136
100001
114373020
100001
70956359
100002
100002
100001
100001
70956359
187167849
943469953
48817272
100001
70956359
100001
212277236
601340563
100001
70956359
100002
100002
100001
100001
70956359
833022078
100002
100002
100001
70956359
274430454
618965451
100006
100001
70956359
735920331
310295322
173314588
100001
70956359
100001
697760155
100001
100001
70956359
528961149
92257590
274574831
100001
70956359
100001
100006
680390966
100001
70956359
352072222
100001
217331914
100001
70956359
504354590
451153637
125799260
100001
70956359
261873214
968245533
889677366
100001
70956359
100001
100002
521700963
100001
70956359
980964773
323028164
100004
100001
70956359
308482543
100002
419003320
100001
70956359
979362278
793788991
100001
100001
70956359
938397011
522210830
100023
100001
70956359
925932088
888104502
100002
100001
70956359
362468245
918333492
782218110
100001
70956359
938263736
428581635
555842616
100001
70956359
100002
359834597
100002
100001
70956359
680748467
336032889
261873214
100001
70956359
638233402
100002
644242758
100001
70956359
720870480
134502969
100004
100001
70956359
124182348
100001
769474156
100001
70956359
861930069
100003
337081467
100001
70956359
100001
100001
100002
100001
70956359
223632433
100003
109515558
100001
70956359
813705193
100044
100001
100001
70956359
100001
919761754
100001
100001
70956359
303295268
986472016
100001
100001
70956359
980964775
160248180
100001
100001
70956359
100001
100001
642145599
100001
70956359
13825211
906218334
178168852
100001
70956359
100001
169634304
683941266
100001
70956359
39232870
100001
100001
100001
70956359
100001
781340840
100002
100001
70956359
913592199
164704631
820347901
100001
70956359
100001
100001
100001
100001
70956359
520179205
100002
100001
100001
70956359
271672765
988102571
311547872
100001
70956359
100001
979521956
100003
100001
70956359
439890383
100001
675552652
100001
70956359
436832623
979189908
514203179
100001
70956359
156578163
714803626
654317244
100001
70956359
810970872
146384406
63917441
100001
70956359
100003
100001
970933591
100001
70956359
589459086
94227284
100001
100001
70956359
100011
613098067
144263292
100001
70956359
707371119
100001
100003
100001
70956359
552849264
465134290
849911835
100001
70956359
637357171
487670852
100002
100001
70956359
907083556
176531639
452276416
100001
70956359
878664360
266059598
614792048
100001
70956359
154149904
898970709
55522822
100001
70956359
100004
833024715
100122
100001
70956359
503269799
100001
100002
100001
70956359
727691508
965617408
193597384
100001
70956359
100002
100007
56571398
100001
70956359
22324010
100001
100002
100001
70956359
100001
75353300
166593045
100001
70956359
763566456
544762382
100001
100001
70956359
382459017
534670802
746918351
100001
70956359
100001
967709413
153372818
100001
70956359
686554458
100001
994487860
100001
70956359
100001
100005
100022
100001
70956359
228299273
667902880
615195220
100001
70956359
881658204
100001
100001
100001
70956359
100006
100009
100001
100001
70956359
923081078
72525512
100001
100001
70956359
838584944
815253115
100003
100001
70956359
477971514
100001
387106966
100001
70956359
100002
567068477
773176403
100001
70956359
674531695
524845364
100003
100001
70956359
100004
100004
245530623
100001
70956359
8024423
208827784
488208396
100001
70956359
174982086
744165833
100001
100001
70956359
100004
100004
45775662
100001
70956359
186595239
100001
100001
100001
70956359
330815374
633687152
122849851
100001
70956359
100002
100001
109515557
100001
70956359
100001
100001
737420997
100001
70956359
119761701
890606083
748106248
100001
70956359
749304136
100001
100001
100001
70956359
452362815
580502755
100002
100001
70956359
536688361
100002
34148174
100001
70956359
738657458
733152419
100002
100001
70956359
100001
813418100
100001
100001
70956359
882053042
100004
249705960
100001
70956359
263970367
100001
144263292
100001
70956359
100002
348155765
100001
100001
70956359
773016556
166277496
100001
100001
70956359
100001
317654200
490775208
100001
70956359
981476020
919761754
100001
100001
70956359
100001
100001
983900853
100001
70956359
100001
100001
587932791
100001
70956359
220044258
100002
880609621
100001
70956359
491376867
100001
785214582
100001
70956359
771571315
100008
100060
100001
70956359
61950870
323051254
100332
100001
70956359
100041
280342005
100002
100001
70956359
686744691
100039
100001
100001
70956359
100001
100001
287192836
100001
70956359
321555824
100009
644232219
100001
70956359
637951291
909626210
604251899
100001
70956359
349023062
100001
100001
100001
70956359
100001
100005
100002
100001
70956359
100001
100001
756906329
100001
70956359
387106966
208827785
100001
100001
70956359
530711158
186579125
100001
100001
70956359
100012
132824072
100043
100001
70956359
177156484
746934736
146884732
100001
70956359
769998445
100001
678296117
100001
70956359
100001
214705936
751794513
100001
70956359
536052486
100016
100001
100001
70956359
785738872
657341225
100017
100001
70956359
100004
983323426
100001
100001
70956359
671871272
100001
261724622
100001
70956359
587794738
147291299
44197883
100001
70956359
569675863
100001
146122262
100001
70956359
100001
144339579
564790504
100001
70956359
100001
212801524
658512218
100001
70956359
100001
100001
101203462
100001
70956359
44561926
537401901
100001
100001
70956359
100001
791691838
514014427
100001
70956359
883465255
100001
831716041
100001
70956359
75592657
100001
100008
100001
70956359
588903940
745214410
783437992
100001
70956359
707946946
422685330
100001
100001
70956359
808873718
127250930
100001
100001
70956359
267912262
923956062
553422920
100001
70956359
881658202
327523
964575513
100001
70956359
371761080
169620914
611458191
100001
70956359
109515556
100001
992335850
100001
70956359
515265400
222794244
100002
100001
70956359
883755357
100003
643123421
100001
70956359
775241336
601522226
831638122
100001
70956359
100001
100001
283313528
100001
70956359
100001
658156364
118728291
100001
70956359
388268225
100002
516544292
100001
70956359
9560576
100001
100001
100001
70956359
100001
100001
135506453
100001
70956359
100006
100001
100001
100001
70956359
100051
794837567
71509563
100001
70956359
194332647
100001
100002
100001
70956359
100001
47899662
607339011
100001
70956359
583617284
878332500
40439641
100001
70956359
100001
595700028
100001
100001
70956359
100001
100001
100001
100001
70956359
567646202
161673420
100001
100001
70956359
100003
479330738
678698380
100001
70956359
620061320
100001
439492254
100001
70956359
776289914
442656809
100006
100001
70956359
100001
715215460
100001
100001
70956359
100002
764515194
858718135
100001
70956359
793786115
100017
100006
100001
70956359
100001
491376864
100011
100001
70956359
100002
897518689
100002
100001
70956359
100001
100001
409114668
100001
70956359
100006
631589999
882826026
100001
70956359
306071998
492420283
100001
100001
70956359
325125321
55227701
100004
100001
70956359
270241718
542715719
846112525
100001
70956359
127486060
187120788
806041978
100001
70956359
758830219
356608175
465905763
100001
70956359
100007
100057
277563879
100001
70956359
242497757
412477800
343367719
100001
70956359
46085633
100008
100001
100001
70956359
73723901
100001
100002
100001
70956359
100011
100010
842165235
100001
70956359
251326423
197267402
100003
100001
70956359
89520143
12514488
346925908
100001
70956359
962478357
67751045
293984552
100001
70956359
482463959
100001
100002
100001
70956359
150631042
959563844
100001
100001
70956359
330878591
813991916
654252049
100001
70956359
100021
315742179
100001
100001
70956359
382977737
100001
929877172
100001
70956359
756906329
317731927
100001
100001
70956359
100019
637951291
955758675
100001
70956359
808118065
88396454
100001
100001
70956359
100001
804850974
648891524
100001
70956359
887210774
100001
100019
100001
70956359
100002
100001
100002
100001
70956359
810825502
100001
770522736
100001
70956359
100001
303159252
134568506
100001
70956359
122396726
39682713
336226318
100001
70956359
100001
517592868
429983707
100001
70956359
100001
373317544
882820765
100001
70956359
935118002
70296995
625198229
100001
70956359
129469278
71739079
100001
100001
70956359
64132145
269367853
489279709
100001
70956359
630692014
413913818
45775662
100001
70956359
319620287
100003
100001
100001
70956359
990938171
100001
824837952
100001
70956359
90875611
959268168
100001
100001
70956359
100002
100001
771571315
100001
70956359
93535099
647750571
100001
100001
70956359
100001
100002
45246461
100001
70956359
832647875
100001
492263136
100001
70956359
909364065
966407629
654252049
100001
70956359
100001
100036
869084734
100001
70956359
63895741
547963003
74617919
100001
70956359
100001
100001
100001
100001
70956359
100001
96810599
823789375
100001
70956359
60509054
100001
177173085
100001
70956359
578884637
100001
962478358
100001
70956359
653225222
806256664
934595776
100001
70956359
101830670
195933583
139020407
100001
70956359
100003
100001
433453825
100001
70956359
100006
232494744
100002
100001
70956359
851332035
993812685
100001
100001
70956359
506019559
100001
100001
100001
70956359
980387406
141639245
100002
100001
70956359
100003
100001
743336150
100001
70956359
100003
100001
100008
100001
70956359
100005
459804365
100001
100001
70956359
529695385
526130585
100001
100001
70956359
679214418
682892687
100001
100001
70956359
100001
38310263
100001
100001
70956359
506451743
413865460
626164664
100001
70956359
587702593
43429059
135040910
100001
70956359
100003
100015
100004
100001
70956359
100010
911935193
980005316
100001
70956359
100001
100001
984736154
100001
70956359
60674208
43603551
715739748
100001
70956359
100005
100001
808204053
100001
70956359
837769534
867596776
620539783
100001
70956359
100009
445537121
100005
100001
70956359
100001
100007
100001
100001
70956359
31818388
918713178
125799260
100001
70956359
100003
100010
100001
100001
70956359
588319026
100001
450675617
100001
70956359
100001
222007807
147180551
100001
70956359
100001
100012
451153637
100001
70956359
600473649
963526934
777388146
100001
70956359
462797869
74229642
100018
100001
70956359
100001
134826100
100002
100001
70956359
100001
982061145
172187556
100001
70956359
576973938
100002
781270656
100001
70956359
100001
100003
100001
100001
70956359
968766934
9456146
521293322
100001
70956359
609024867
100001
100002
100001
70956359
782218110
91788072
100009
100001
70956359
100029
100002
309975007
100001
70956359
750348588
100001
848889906
100001
70956359
413913818
100002
858644422
100001
70956359
193597384
638405748
100001
100001
70956359
395593845
980541930
264805507
100001
70956359
100001
100007
577494708
100001
70956359
635510518
100016
100106
100001
70956359
100001
537193850
979916194
100001
70956359
982114795
521051324
100009
100001
70956359
100002
100001
232494745
100001
70956359
208077409
100002
100001
100001
70956359
488719432
40003575
579595382
100001
70956359
100002
715598064
100001
100001
70956359
100025
100039
100002
100001
70956359
229914835
126437484
5298695
100001
70956359
630359519
191052950
377003966
100001
70956359
17953694
100005
100001
100001
70956359
232568781
100001
100001
100001
70956359
953705945
782152574
100001
100001
70956359
54179124
935117999
637456467
100001
70956359
819883774
678698380
100002
100001
70956359
276937399
100002
741972510
100001
70956359
785535147
601522226
459726858
100001
70956359
637456210
819531057
100001
100001
70956359
100002
100004
100004
100001
70956359
100020
837989249
47887663
100001
70956359
639281980
100001
851332035
100001
70956359
285420737
738541146
100001
100001
70956359
759394244
52093967
100001
100001
70956359
100001
912281475
44601731
100001
70956359
547463511
100001
705355915
100001
70956359
980541931
100003
127700865
100001
70956359
579787983
100004
100001
100001
70956359
662222965
486436825
621271750
100001
70956359
100001
60674209
100001
100001
70956359
100003
589459086
201145413
100001
70956359
35919960
721656917
61519165
100001
70956359
639801417
723298027
100004
100001
70956359
100001
694157415
957471037
100001
70956359
100001
118252708
47134209
100001
70956359
618965451
100001
100004
100001
70956359
490044596
100001
836701513
100001
70956359
261873214
944670679
781008512
100001
70956359
333223267
842165236
301353396
100001
70956359
100001
100001
100001
100001
70956359
734609608
100001
601522230
100001
70956359
613184137
508548895
100001
100001
70956359
646046521
707888290
38310267
100001
70956359
126238745
73045054
100001
100001
70956359
155535509
943506618
100001
100001
70956359
983310102
66922033
951376932
100001
70956359
100001
415163867
146131974
100001
70956359
100010
964416140
100009
100001
70956359
100006
100001
324089855
100001
70956359
652176646
442656803
576944689
100001
70956359
954742027
644242758
252105043
100001
70956359
379990028
145311868
525893940
100001
70956359
449934415
100002
359584661
100001
70956359
345877331
905035872
248821219
100001
70956359
100002
100001
545954903
100001
70956359
100004
51033394
100001
100001
70956359
521624445
100026
100002
100001
70956359
304081700
869295644
47134209
100001
70956359
137677362
71618752
100001
100001
70956359
306072000
126238745
374366121
100001
70956359
536609627
920714241
869885473
100001
70956359
100001
536767954
100001
100001
70956359
100001
165502879
849911833
100001
70956359
100001
588319026
897255111
100001
70956359
100002
172313752
450024193
100001
70956359
100001
100001
100084
100001
70956359
687086995
100001
61679151
100001
70956359
238377724
100004
881419824
100001
70956359
272734675
261873214
46851085
100001
70956359
476958932
89333430
717068836
100001
70956359
549023324
702349729
100001
100001
70956359
54179124
64300592
100002
100001
70956359
938429780
814288166
631478450
100001
70956359
100001
100002
100001
100001
70956359
100001
604121138
100002
100001
70956359
100001
588319026
198690005
100001
70956359
100001
100003
800721732
100001
70956359
100003
851332034
100003
100001
70956359
100003
100001
100001
100001
70956359
562396230
604121134
723348501
100001
70956359
676601228
613927483
40439640
100001
70956359
527355511
100001
699158827
100001
70956359
404179435
227970463
288556414
100001
70956359
134826101
100001
100001
100001
70956359
526569078
985159081
100001
100001
70956359
100001
904662536
100001
100001
70956359
100001
100004
100001
100001
70956359
315742178
100010
100001
100001
70956359
477313988
100001
757692763
100001
70956359
100003
100002
90673956
100001
70956359
730188600
948815929
100003
100001
70956359
48686197
240737024
755655028
100001
70956359
36972452
100001
100001
100001
70956359
701293123
764755558
100001
100001
70956359
46103345
168325794
100001
100001
70956359
100001
100009
986922921
100001
70956359
927581503
100001
100001
100001
70956359
45544640
653633370
673686950
100001
70956359
163925560
311547871
134986360
100001
70956359
885533474
100009
790118973
100001
70956359
100005
745765186
100002
100001
70956359
263232166
100001
817786621
100001
70956359
100001
375414698
773210709
100001
70956359
139700762
100569972
772060994
100001
70956359
830541120
994173432
575244726
100001
70956359
548277980
333893889
100003
100001
70956359
211125840
976376217
100001
100001
70956359
436403116
100007
633892802
100001
70956359
680390966
100001
100003
100001
70956359
605842749
742431189
597040415
100001
70956359
100001
855000653
100001
100001
70956359
643083073
100001
100001
100001
70956359
176531639
849911835
100001
100001
70956359
100020
100001
100005
100001
70956359
100001
100001
906276145
100001
70956359
318260025
295430937
684654680
100001
70956359
100001
100003
100002
100001
70956359
223632417
33965015
169954450
100001
70956359
257348860
59581996
307453158
100001
70956359
100002
876939601
987256233
100001
70956359
100001
880609619
900612754
100001
70956359
624853940
100009
100001
100001
70956359
100004
129972852
100001
100001
70956359
667164601
100001
235798637
100001
70956359
100001
369606807
100003
100001
70956359
100153
100005
100003
100001
70956359
100001
681403831
168031044
100001
70956359
100001
625902519
735395412
100001
70956359
811320946
797643726
145836156
100001
70956359
834735430
656370958
489768010
100001
70956359
100002
82669601
100001
100001
70956359
975642350
350499357
100001
100001
70956359
288032126
672406923
100001
100001
70956359
963526937
100001
545384292
100001
70956359
100011
100002
385316946
100001
70956359
101908102
656370959
353673124
100001
70956359
589459087
51002696
514202665
100001
70956359
100001
100001
100001
100001
70956359
71509557
837245246
636967498
100001
70956359
100001
100001
623122589
100001
70956359
275222458
159038044
396615658
100001
70956359
23307409
668263667
100001
100001
70956359
539274488
100001
65713473
100001
70956359
100001
100001
100001
100001
70956359
965326843
776289914
685171825
100001
70956359
432325566
828443967
444488545
100001
70956359
926799141
100001
100001
100001
70956359
87736036
100001
100001
100001
70956359
574585389
633411790
572314139
100001
70956359
784812713
153101326
700115497
100001
70956359
100002
312297932
57484841
100001
70956359
526492810
558665806
899419652
100001
70956359
448685179
50122866
983327524
100001
70956359
100008
661505760
100004
100001
70956359
180826501
175050059
100001
100001
70956359
100001
100002
815777407
100001
70956359
853619785
43433157
528168638
100001
70956359
513432793
100005
317654199
100001
70956359
166483526
841817278
100005
100001
70956359
271587497
322033638
682360146
100001
70956359
100001
537593566
100003
100001
70956359
636586133
100002
170652489
100001
70956359
100001
766473219
100001
100001
70956359
100011
100001
100001
100001
70956359
100001
484298969
927581502
100001
70956359
94354746
979916196
100001
100001
70956359
247222596
100001
577993265
100001
70956359
100001
900451160
100001
100001
70956359
459728371
133777523
100001
100001
70956359
100001
100004
100001
100001
70956359
799553288
168288958
810970872
100001
70956359
748204554
100001
100011
100001
70956359
100001
331751340
309479879
100001
70956359
100001
100002
555520073
100001
70956359
484753861
440152528
100007
100001
70956359
60470587
571440346
356032423
100001
70956359
100003
100035
100001
100001
70956359
100001
100001
308431303
100001
70956359
100001
100001
100001
100001
70956359
954522662
809539119
198840267
100001
70956359
100001
122120998
100002
100001
70956359
100001
118743425
100001
100001
70956359
100002
872843305
697170331
100001
70956359
574348979
879663435
100001
100001
70956359
100004
100001
100001
100001
70956359
267434464
442421920
544180517
100001
70956359
195646468
100001
54474245
100001
70956359
100001
100001
100001
100001
70956359
506771872
981356969
331444950
100001
70956359
399879104
940366876
378052545
100001
70956359
298585594
144339579
718200652
100001
70956359
681504886
364421040
100005
100001
70956359
100001
100001
364041111
100001
70956359
100001
100002
465047249
100001
70956359
107062525
100001
100006
100001
70956359
535591366
778400758
97232574
100001
70956359
40207003
514463977
100004
100001
70956359
100007
100001
291398727
100001
70956359
100001
384958933
100002
100001
70956359
100025
147291299
541821584
100001
70956359
100001
52241959
100007
100001
70956359
100005
100001
100001
100001
70956359
184775028
100001
500743369
100001
70956359
171782527
100003
765294954
100001
70956359
270637522
100001
100001
100001
70956359
542010843
809273489
893432591
100001
70956359
100001
100001
128251498
100001
70956359
787774472
100001
100001
100001
70956359
629354666
100011
917688214
100001
70956359
100006
100001
147737721
100001
70956359
762517880
99486363
338130044
100001
70956359
879295592
386520173
638405748
100001
70956359
432941368
356575407
314573435
100001
70956359
100001
336174581
107062
100001
70956359
611859884
100001
359834597
100001
70956359
737622102
100001
100004
100001
70956359
696537386
146884734
185807242
100001
70956359
715215458
100001
897606806
100001
70956359
100003
100001
923999994
100001
70956359
103754061
100047
100001
100001
70956359
615195221
100002
419897104
100001
70956359
980541931
100004
838584944
100001
70956359
100004
100002
100001
100001
70956359
776289914
100001
100001
100001
70956359
100002
743991512
898303687
100001
70956359
100001
100001
232687137
100001
70956359
292727845
146131974
708012
100001
70956359
100001
281390581
100002
100001
70956359
100001
100001
596516127
100001
70956359
236520996
289883326
199888845
100001
70956359
710954872
100002
100005
100001
70956359
100002
935973913
959268166
100001
70956359
100003
932363547
124182348
100001
70956359
791691839
58373432
293242026
100001
70956359
100001
100003
566530131
100001
70956359
851487361
100005
100001
100001
70956359
47223175
581670998
100004
100001
70956359
796625841
723293953
57484841
100001
70956359
100001
100006
100011
100001
70956359
452779226
626993770
100021
100001
70956359
100005
634460367
535561050
100001
70956359
100001
100011
956847514
100001
70956359
636812970
120391124
100001
100001
70956359
100003
913414229
557092941
100001
70956359
491376865
263970367
92257590
100001
70956359
100001
311547871
861703420
100001
70956359
262074200
67810626
177430440
100001
70956359
100001
469575783
100001
100001
70956359
57561224
100001
328502039
100001
70956359
100518746
150030466
848939355
100001
70956359
547146281
74994702
419897104
100001
70956359
100001
985159081
32619506
100001
70956359
100003
100001
170652484
100001
70956359
100001
564957264
436284841
100001
70956359
100001
53290536
100001
100001
70956359
100008
100001
760038908
100001
70956359
100001
195671436
100002
100001
70956359
100001
848863257
927581504
100001
70956359
100007
871987704
648260437
100001
70956359
169654277
100002
425535655
100001
70956359
100007
175829592
976514344
100001
70956359
644555059
100002
71926551
100001
70956359
100001
100007
960841032
100001
70956359
721656917
100002
100002
100001
70956359
100011
705355916
100001
100001
70956359
953705946
100001
347306654
100001
70956359
963829008
797980424
952481871
100001
70956359
923814929
100001
100001
100001
70956359
63917440
100002
644555059
100001
70956359
504354591
320683349
64306706
100001
70956359
954522662
100004
100135
100001
70956359
102524948
100001
100001
100001
70956359
100006
100006
100002
100001
70956359
100002
283383458
5036548
100001
70956359
899271512
148981887
489753436
100001
70956359
30042907
100020
742735454
100001
70956359
111641890
100001
100002
100001
70956359
100001
100001
155996553
100001
70956359
454653011
905694045
535561050
100001
70956359
100001
910362328
100001
100001
70956359
100001
935118002
915085243
100001
70956359
100001
561811535
218904779
100001
70956359
100001
144263292
502991265
100001
70956359
100001
63616320
100001
100001
70956359
100001
416066833
68880684
100001
70956359
315742179
488755420
819006764
100001
70956359
100007
609024865
813418102
100001
70956359
923999995
100014
543394084
100001
70956359
100004
496530694
20050847
100001
70956359
782319233
986922921
862043708
100001
70956359
100001
100001
100004
100001
70956359
100001
638950255
100001
100001
70956359
901782114
281216370
100012
100001
70956359
469647666
169687560
361783193
100001
70956359
671747900
55522822
504904828
100001
70956359
100005
100002
700542395
100001
70956359
522486067
49996815
100001
100001
70956359
560823363
162382068
169954450
100001
70956359
100001
100003
652150622
100001
70956359
869540653
872843305
533274632
100001
70956359
577236084
100002
464670967
100001
70956359
316790758
797317592
605428873
100001
70956359
100001
906564859
100001
100001
70956359
169685374
117176995
644242758
100001
70956359
100001
100001
745661602
100001
70956359
640048443
719773518
567578707
100001
70956359
135506452
815138621
100001
100001
70956359
100002
433846984
200096834
100001
70956359
59166877
100006
91989689
100001
70956359
100001
100002
100001
100001
70956359
100001
64966018
514053921
100001
70956359
100004
100002
440152528
100001
70956359
100001
647458050
100001
100001
70956359
100001
345053850
100003
100001
70956359
965624089
100001
100001
100001
70956359
831589697
100001
387913922
100001
70956359
215388652
100001
169475644
100001
70956359
100001
165299946
452031567
100001
70956359
100001
34439832
482463959
100001
70956359
958515266
100001
100001
100001
70956359
55522822
605428873
100002
100001
70956359
405725934
450024193
52093967
100001
70956359
100001
963526935
904703280
100001
70956359
100001
985159081
100001
100001
70956359
100003
559714383
100001
100001
70956359
905834661
744323391
347484692
100001
70956359
100001
311547872
53949957
100001
70956359
100002
100001
376910348
100001
70956359
702841395
100001
813418102
100001
70956359
100021
55522822
100006
100001
70956359
860839445
100008
633411790
100001
70956359
974983253
819531057
707854760
100001
70956359
501269188
100002
185387334
100001
70956359
90875612
977923002
745661606
100001
70956359
233060566
100001
100011
100001
70956359
100001
100001
369139637
100001
70956359
100001
100004
548392673
100001
70956359
100001
100001
100003
100001
70956359
47889647
657987262
144263292
100001
70956359
45126022
100001
541839617
100001
70956359
100001
100008
100006
100001
70956359
472016781
100001
279293429
100001
70956359
621615260
371703963
100007
100001
70956359
100001
669556385
148981887
100001
70956359
100001
100002
609952337
100001
70956359
849911835
836720955
409797309
100001
70956359
100003
994173432
809252631
100001
70956359
100001
278769141
923980537
100001
70956359
100165
185530543
381839651
100001
70956359
175978521
94227285
967718356
100001
70956359
871987704
100002
92257592
100001
70956359
100005
100005
170652487
100001
70956359
566790783
520971900
211157231
100001
70956359
100001
100001
100008
100001
70956359
162745079
100002
100002
100001
70956359
1646824
388768653
288468474
100001
70956359
696909932
100001
141117560
100001
70956359
100001
116222854
100004
100001
70956359
416998877
100001
450282296
100001
70956359
526569074
592652760
341332823
100001
70956359
915964984
68859204
359889053
100001
70956359
756906329
100004
612007346
100001
70956359
934421989
229910780
100003
100001
70956359
100006
100001
891831595
100001
70956359
450548481
100001
100001
100001
70956359
557092941
100001
702841395
100001
70956359
100002
285934971
100001
100001
70956359
100001
239352027
644242758
100001
70956359
154506336
171340453
986472015
100001
70956359
100008
615342727
100003
100001
70956359
100001
637222573
100001
100001
70956359
100001
323082215
381333349
100001
70956359
100001
942558420
125799260
100001
70956359
292653478
51033392
100003
100001
70956359
472538137
650079492
986487292
100001
70956359
914667971
171789462
100002
100001
70956359
100005
573951086
469476727
100001
70956359
975507541
535591367
122532335
100001
70956359
51033392
100003
100003
100001
70956359
350499356
155269712
100001
100001
70956359
111079034
100002
129156507
100001
70956359
100001
745765186
100004
100001
70956359
779435647
909246742
833669540
100001
70956359
188169366
100001
100001
100001
70956359
100001
938048844
812543736
100001
70956359
764515194
100001
100001
100001
70956359
100003
152324242
842165235
100001
70956359
152194174
736443990
135506453
100001
70956359
257714532
748171784
587794738
100001
70956359
263821776
781008511
100002
100001
70956359
877583908
643635412
236206296
100001
70956359
958205177
100012
537664045
100001
70956359
366550041
100001
903931179
100001
70956359
100001
738133962
429542252
100001
70956359
100005
100001
100001
100001
70956359
432630070
769474156
100001
100001
70956359
100001
416906165
480248245
100001
70956359
100004
82669601
233107453
100001
70956359
103799843
100002
386920952
100001
70956359
847408122
100002
100004
100001
70956359
100001
666406319
146062757
100001
70956359
100001
71607715
814090044
100001
70956359
466095826
100002
100027
100001
70956359
100001
451828579
100009
100001
70956359
100001
709312172
679082553
100001
70956359
783367811
100003
593929813
100001
70956359
413865460
225196239
964943124
100001
70956359
100001
100002
100001
100001
70956359
178264099
100020
100001
100001
70956359
65713473
100001
69128378
100001
70956359
100002
586334518
100001
100001
70956359
386365592
383304446
100001
100001
70956359
100025
489279709
988406258
100001
70956359
776289916
171975353
100004
100001
70956359
498908356
452555855
277750940
100001
70956359
444488545
982639083
100007
100001
70956359
181339497
100001
128420701
100001
70956359
100001
449564723
963281508
100001
70956359
100001
100002
100001
100001
70956359
257530312
100001
91989689
100001
70956359
615342728
646794366
100001
100001
70956359
100003
100001
100001
100001
70956359
223529301
847408122
579041841
100001
70956359
8130578
510581938
100004
100001
70956359
100004
2281734
927581502
100001
70956359
982114795
192625816
892586828
100001
70956359
100008
100001
100002
100001
70956359
935118006
242377538
100007
100001
70956359
100001
100229
100007
100001
70956359
100005
900400842
100001
100001
70956359
349827294
100001
747237272
100001
70956359
978997662
815253116
221612124
100001
70956359
100001
551120477
899431696
100001
70956359
37451328
229803551
38310268
100001
70956359
100003
100001
176805919
100001
70956359
694157416
160985747
629492846
100001
70956359
648012718
568627287
40439639
100001
70956359
100003
659026313
100003
100001
70956359
133963107
100001
380944543
100001
70956359
100001
612033011
230963411
100001
70956359
409029108
797456135
178338001
100001
70956359
100002
638148339
848863257
100001
70956359
931843253
236206296
749828426
100001
70956359
100001
592367863
824249661
100001
70956359
100003
404179435
307877854
100001
70956359
131222650
319620287
701364910
100001
70956359
100052
892390257
980541930
100001
70956359
100001
494152719
479000970
100001
70956359
102901786
100001
986487293
100001
70956359
701368032
100001
100001
100001
70956359
100009
100001
100002
100001
70956359
100003
360580079
812543736
100001
70956359
100003
100001
552164712
100001
70956359
100001
353673124
100002
100001
70956359
838798669
472291736
100001
100001
70956359
608107958
673839950
100001
100001
70956359
392743013
601464737
88516309
100001
70956359
322758357
100001
338130044
100001
70956359
737609671
100001
100002
100001
70956359
100001
577573902
521190481
100001
70956359
100001
100004
100001
100001
70956359
100001
100002
100002
100001
70956359
175175701
70963386
595337737
100001
70956359
100006
764755557
832254834
100001
70956359
100001
381855418
100015
100001
70956359
201831829
100003
100001
100001
70956359
161565826
555520073
357578504
100001
70956359
100001
112323633
856800824
100001
70956359
111685980
883755359
261873215
100001
70956359
189039536
505068752
897255110
100001
70956359
100001
100001
100001
100001
70956359
266064479
564957264
423197625
100001
70956359
211089303
776771199
820579634
100001
70956359
100001
294034960
775241333
100001
70956359
145718431
573300398
745109826
100001
70956359
629020843
100001
186595239
100001
70956359
100004
934302875
100001
100001
70956359
100001
100001
100001
100001
70956359
249012391
100001
100005
100001
70956359
100002
45246461
100003
100001
70956359
772856880
533274632
100002
100001
70956359
100001
303174912
813476784
100001
70956359
575794288
603604018
100012
100001
70956359
294382354
819006766
562920519
100001
70956359
99188226
25248858
100001
100001
70956359
831899137
165933890
100001
100001
70956359
903613959
275623408
762366618
100001
70956359
106763039
423197625
390627813
100001
70956359
532415316
94845822
100001
100001
70956359
146145900
287944185
64966017
100001
70956359
82670552
665628380
232568778
100001
70956359
769228719
975868697
458231500
100001
70956359
658680660
100001
100001
100001
70956359
100001
118462385
100001
100001
70956359
782193670
942464031
100031
100001
70956359
245530623
238304406
850553853
100001
70956359
536115656
122120999
116580728
100001
70956359
620539783
941415452
100001
100001
70956359
573618879
646339915
566428915
100001
70956359
100001
100002
796458931
100001
70956359
100001
100007
311028528
100001
70956359
100004
421060015
659511646
100001
70956359
100001
138117198
326728690
100001
70956359
834735430
100001
100018
100001
70956359
33334312
100006
454653011
100001
70956359
100001
415426012
187415460
100001
70956359
100003
609910850
100001
100001
70956359
171975354
937093929
343367719
100001
70956359
100001
100002
220061662
100001
70956359
122409895
887210774
821103926
100001
70956359
413760436
601522226
476816766
100001
70956359
100001
403545862
100002
100001
70956359
920286043
111728568
100001
100001
70956359
994462913
129469278
288468474
100001
70956359
100002
100002
302711487
100001
70956359
100011
889677366
100003
100001
70956359
100001
979493352
810534320
100001
70956359
895728256
100012
100005
100001
70956359
876939599
974131157
100001
100001
70956359
100001
644242758
688317559
100001
70956359
100001
100002
100001
100001
70956359
100084
100001
569675864
100001
70956359
100001
604514043
563405035
100001
70956359
100001
132943755
100004
100001
70956359
100002
310422738
100001
100001
70956359
100001
100005
100002
100001
70956359
100031
240820299
100001
100001
70956359
134826101
520414011
944561185
100001
70956359
683941267
100004
693130762
100001
70956359
516020003
665332411
100002
100001
70956359
637357171
100001
57561224
100001
70956359
100008
273925285
100001
100001
70956359
305485067
164550981
628496551
100001
70956359
170652486
233093069
642145597
100001
70956359
100001
100001
137971830
100001
70956359
100002
100003
100001
100001
70956359
416906167
100138
369139637
100001
70956359
968822880
100001
100001
100001
70956359
100001
100003
100001
100001
70956359
135506456
100001
100001
100001
70956359
439890382
100001
100001
100001
70956359
100001
383108813
100007
100001
70956359
327669639
296479513
857097805
100001
70956359
663402382
100002
452285815
100001
70956359
171789462
151777289
741145891
100001
70956359
385272890
468834703
762517880
100001
70956359
380673989
253889161
957585424
100001
70956359
882305104
100004
146884733
100001
70956359
113077121
810975265
226492011
100001
70956359
100005
849911836
880371248
100001
70956359
402762690
45246460
506771871
100001
70956359
454653011
963702511
100001
100001
70956359
333935735
100002
100001
100001
70956359
404179435
4841978
511884504
100001
70956359
753418585
100001
100001
100001
70956359
993384427
100001
100008
100001
70956359
100002
100001
539138612
100001
70956359
100001
100007
881939840
100001
70956359
945002465
119381044
254273623
100001
70956359
100001
710423354
959878589
100001
70956359
100001
100001
405431017
100001
70956359
386520173
794119776
100002
100001
70956359
147143653
100001
742586682
100001
70956359
336032889
100001
430663207
100001
70956359
193421241
663919305
605842751
100001
70956359
100001
100002
639965395
100001
70956359
100001
718724941
860995132
100001
70956359
883549228
100001
537097966
100001
70956359
100001
148981888
81884119
100001
70956359
948815929
100001
833444152
100001
70956359
100001
675148076
888628790
100001
70956359
156578163
100001
100002
100001
70956359
74851592
233093069
58373433
100001
70956359
486898859
100001
645254925
100001
70956359
100002
100001
100001
100001
70956359
100001
100001
274339479
100001
70956359
311547871
978997667
411234348
100001
70956359
132795515
419003320
100003
100001
70956359
100004
100001
274050537
100001
70956359
100001
100001
387818511
100001
70956359
100001
100001
82670553
100001
70956359
575986396
100001
382152719
100001
70956359
100004
100003
896060274
100001
70956359
919488564
508029786
100001
100001
70956359
100003
948490342
530292730
100001
70956359
238304406
435275130
816622515
100001
70956359
480068667
589459086
60470587
100001
70956359
100007
442421920
100001
100001
70956359
100001
100001
100001
100001
70956359
423197625
556806821
104053387
100001
70956359
100004
171348502
405654743
100001
70956359
912511496
391053286
737492569
100001
70956359
874019325
78516923
100001
100001
70956359
545877591
100004
974807840
100001
70956359
976823371
388700853
59581996
100001
70956359
45790511
100005
481460672
100001
70956359
969818401
842331851
875128360
100001
70956359
738657458
100011
100004
100001
70956359
742735454
100002
186595239
100001
70956359
100006
261873213
52081971
100001
70956359
100003
123693863
867612752
100001
70956359
146122262
548005737
100001
100001
70956359
51033394
33466266
100004
100001
70956359
106763038
100001
100002
100001
70956359
656370959
372949627
168010141
100001
70956359
766852711
90542884
389040222
100001
70956359
90812581
100001
182275421
100001
70956359
917557136
100004
48271754
100001
70956359
918713178
50085548
519257318
100001
70956359
930399110
100001
891487753
100001
70956359
100003
964943124
573420820
100001
70956359
937271094
366576252
100084
100001
70956359
100001
100001
936114003
100001
70956359
100100
40207003
838251730
100001
70956359
100004
898655384
54191123
100001
70956359
419003320
100001
959006022
100001
70956359
100003
43705354
100001
100001
70956359
100001
401189824
416751371
100001
70956359
100083
414115291
913592198
100001
70956359
443439969
44741934
100004
100001
70956359
100001
100002
100001
100001
70956359
100002
100001
934071487
100001
70956359
323082218
100001
788652862
100001
70956359
100002
480891093
172838040
100001
70956359
100005
100001
100001
100001
70956359
316605617
100068
323187569
100001
70956359
526714775
100001
784895625
100001
70956359
100001
602023981
575986398
100001
70956359
100003
46295037
533517822
100001
70956359
169065816
13563066
100004
100001
70956359
515495715
100001
248821219
100001
70956359
100002
365089687
100001
100001
70956359
100001
524446094
249637210
100001
70956359
810927282
451828579
645603638
100001
70956359
100001
219639719
167337887
100001
70956359
193421241
100003
100001
100001
70956359
100003
100002
84668453
100001
70956359
354311233
100001
412779079
100001
70956359
100016
100001
145836156
100001
70956359
37451499
100002
100003
100001
70956359
100001
329055692
767901288
100001
70956359
100010
100068
100001
100001
70956359
49128252
659948827
336032889
100001
70956359
522486067
100001
100001
100001
70956359
265018947
328493846
100001
100001
70956359
100011
20556473
100001
100001
70956359
51033392
100001
100001
100001
70956359
100001
100001
778387071
100001
70956359
485912535
600473648
294477888
100001
70956359
851332033
715673842
100001
100001
70956359
148578499
549023324
100001
100001
70956359
647458050
810266945
886376804
100001
70956359
618573701
600473648
100001
100001
70956359
379625413
778333422
31308782
100001
70956359
100001
299896327
4113324
100001
70956359
606240829
100001
132134910
100001
70956359
58373431
100001
100001
100001
70956359
918175056
100003
100004
100001
70956359
100002
100001
412168538
100001
70956359
33374001
794837567
879318395
100001
70956359
962478358
100003
566197463
100001
70956359
906831167
100002
100015
100001
70956359
35858336
334303490
100001
100001
70956359
100004
100002
981232851
100001
70956359
363880351
834292137
84767707
100001
70956359
100001
881658202
100001
100001
70956359
175722182
100002
100003
100001
70956359
100001
874469445
100001
100001
70956359
648354447
178119134
415163867
100001
70956359
100001
100002
100001
100001
70956359
70423611
301669141
100002
100001
70956359
429542252
100002
100001
100001
70956359
100001
187159654
121274153
100001
70956359
100001
959268166
356739247
100001
70956359
100002
100002
100001
100001
70956359
741413318
770104348
915145150
100001
70956359
130631794
100005
637588184
100001
70956359
57196259
957334829
100002
100001
70956359
25856857
100002
100203
100001
70956359
100001
100001
416906167
100001
70956359
484676825
100002
320226302
100001
70956359
658680656
48182785
5174448
100001
70956359
100001
100002
74922248
100001
70956359
100001
773144180
100001
100001
70956359
61510705
100005
176558272
100001
70956359
100018
844600682
221942269
100001
70956359
100002
55522821
100001
100001
70956359
206026139
100007
416066833
100001
70956359
100001
100001
345495108
100001
70956359
441373343
100001
33947605
100001
70956359
368558228
784876091
49074289
100001
70956359
100001
645603635
877225516
100001
70956359
505953406
356333311
444488545
100001
70956359
100004
100002
100001
100001
70956359
293561471
677907038
100020
100001
70956359
316550347
100001
301117115
100001
70956359
100011
100003
100003
100001
70956359
644683782
580301023
100002
100001
70956359
100003
747382478
747365550
100001
70956359
100003
832743826
100001
100001
70956359
100001
92804184
982061146
100001
70956359
467786127
489202343
74986510
100001
70956359
100002
100003
93695143
100001
70956359
100001
900554264
126315303
100001
70956359
100001
100001
424487078
100001
70956359
674238486
100017
648484873
100001
70956359
100001
100001
451153637
100001
70956359
100001
100001
100001
100001
70956359
156938836
675148076
710221541
100001
70956359
409870791
100003
100001
100001
70956359
59057706
387127486
100002
100001
70956359
94354746
732249679
211195886
100001
70956359
178285871
399879102
449934415
100001
70956359
569047588
34934607
475910353
100001
70956359
56276278
100004
650363383
100001
70956359
550972788
147432986
48948239
100001
70956359
134826101
209359331
529047542
100001
70956359
334631170
842165235
100020
100001
70956359
173355393
645653415
100002
100001
70956359
309569666
635260017
250161225
100001
70956359
945670197
897606807
897606803
100001
70956359
856507811
97897305
743808228
100001
70956359
383828736
356278162
857097807
100001
70956359
353673124
486195655
888601323
100001
70956359
992600568
980832679
701776671
100001
70956359
43693358
747761561
100002
100001
70956359
67385974
390163291
100001
100001
70956359
100001
98082202
100003
100001
70956359
100001
918015896
936561863
100001
70956359
883755357
129583213
100001
100001
70956359
602317080
711802207
939312313
100001
70956359
323565567
100002
97373015
100001
70956359
100001
100001
100004
100001
70956359
766852711
100001
367404680
100001
70956359
63917441
183449508
124488535
100001
70956359
545877591
159035992
195901911
100001
70956359
974446381
100002
127270114
100001
70956359
270331743
100001
100001
100001
70956359
621886179
100001
817786621
100001
70956359
371761080
945204729
214209004
100001
70956359
820216828
100001
404179434
100001
70956359
487844686
320338851
100001
100001
70956359
100004
781165401
100001
100001
70956359
39232870
100001
715673842
100001
70956359
577639443
100001
54017715
100001
70956359
651630605
299621856
602023980
100001
70956359
449731425
803079361
100002
100001
70956359
100002
100001
100050
100001
70956359
44601731
100001
100001
100001
70956359
100008
980786940
621722336
100001
70956359
367404070
150030465
147180552
100001
70956359
122289375
100007
100001
100001
70956359
975692260
365679512
683941267
100001
70956359
100001
552142499
323565566
100001
70956359
545877588
343367719
100001
100001
70956359
548792170
100004
768745384
100001
70956359
274430454
826148835
643635411
100001
70956359
100003
924192447
255846750
100001
70956359
100001
218918848
100001
100001
70956359
100002
238550647
100003
100001
70956359
887372272
100001
96728058
100001
70956359
100001
866039883
141495040
100001
70956359
160510324
906137215
100001
100001
70956359
100002
28348785
100001
100001
70956359
476816767
100002
653264096
100001
70956359
110363613
172097361
174748329
100001
70956359
100002
100001
100001
100001
70956359
100001
349023062
66043415
100001
70956359
100001
442915678
100001
100001
70956359
224725617
616416639
100005
100001
70956359
834211140
970933591
612049490
100001
70956359
100001
159860890
243531393
100001
70956359
100001
238058586
100046
100001
70956359
35605433
908152406
100001
100001
70956359
546340030
942558422
67277881
100001
70956359
241001275
927581502
449465895
100001
70956359
100004
107534257
78591678
100001
70956359
690880611
535561048
406935974
100001
70956359
509471579
95720002
166859054
100001
70956359
835267108
269737541
100003
100001
70956359
100002
809922296
115174277
100001
70956359
65713473
378052545
100003
100001
70956359
32234007
100001
198315978
100001
70956359
100004
814128867
329766796
100001
70956359
100001
271672765
449190763
100001
70956359
100002
100013
860537428
100001
70956359
100001
100001
100002
100001
70956359
100001
627522862
516025185
100001
70956359
96941673
178731618
702349729
100001
70956359
517684446
100001
313878734
100001
70956359
984736240
100002
808756648
100001
70956359
100001
462950096
354957053
100001
70956359
100001
100001
392615029
100001
70956359
793187901
545679904
100001
100001
70956359
54474245
945711609
100001
100001
70956359
315742179
112914049
290350144
100001
70956359
100001
100001
420853671
100001
70956359
100002
100001
227031061
100001
70956359
989991134
100001
681403832
100001
70956359
432662838
292850189
983051263
100001
70956359
963760778
100008
897567571
100001
70956359
422685331
450782115
963526936
100001
70956359
100051
100001
100003
100001
70956359
783608461
962478358
100005
100001
70956359
100001
100003
577770517
100001
70956359
100001
100007
100001
100001
70956359
433380089
262074200
100003
100001
70956359
100001
100004
747237272
100001
70956359
100002
183063002
578771987
100001
70956359
908132132
311773643
276204059
100001
70956359
329766796
177500851
620422312
100001
70956359
658890283
212277236
45492925
100001
70956359
762658403
174748329
100001
100001
70956359
926078229
525893940
100001
100001
70956359
874019326
603619386
899210445
100001
70956359
860995130
253307391
100001
100001
70956359
463474385
100002
756644183
100001
70956359
100001
100001
364928928
100001
70956359
755396054
100002
100001
100001
70956359
588120704
261873214
100001
100001
70956359
100002
601936094
100002
100001
70956359
100001
904662536
126244255
100001
70956359
195671436
253321588
789070397
100001
70956359
587174706
686554458
100001
100001
70956359
100001
327669637
100003
100001
70956359
989631125
100001
939388781
100001
70956359
602570807
738469575
100001
100001
70956359
100001
962478356
168206750
100001
70956359
980541930
59717129
80112433
100001
70956359
688317555
933279525
100001
100001
70956359
100001
69907780
100001
100001
70956359
220044258
451261360
100001
100001
70956359
427066514
935118006
160741983
100001
70956359
664989394
475768190
100020
100001
70956359
54153340
100001
211613591
100001
70956359
100001
100001
675082340
100001
70956359
232779761
988569168
390627813
100001
70956359
486457806
938748162
100001
100001
70956359
100001
100001
100001
100001
70956359
580112604
569675864
100002
100001
70956359
82669602
100001
503495882
100001
70956359
100001
245530623
100002
100001
70956359
100001
100001
100005
100001
70956359
100001
130517854
520179080
100001
70956359
100001
858635833
771435322
100001
70956359
729326052
741686877
100001
100001
70956359
210400651
100001
100002
100001
70956359
100002
100002
419749960
100001
70956359
100001
96728058
167041675
100001
70956359
168829619
378052546
100001
100001
70956359
100005
100001
98082202
100001
70956359
451828579
985473717
84584144
100001
70956359
100009
678296118
100001
100001
70956359
100001
579133114
100062
100001
70956359
851332034
148981887
208179678
100001
70956359
100001
100004
364421040
100001
70956359
100001
828443967
100003
100001
70956359
100003
100001
100001
100001
70956359
100009
100023
380673993
100001
70956359
63616320
100001
100004
100001
70956359
100001
100003
100001
100001
70956359
386593271
100001
100001
100001
70956359
100001
100018
815138622
100001
70956359
501901407
546708166
436046187
100001
70956359
738993863
153372819
990938171
100001
70956359
562426561
264808087
878856795
100001
70956359
100001
550191146
484670632
100001
70956359
100001
730605243
100001
100001
70956359
504354591
394094155
100001
100001
70956359
607263886
890094877
100047
100001
70956359
175861940
100001
100001
100001
70956359
522210830
111866821
100004
100001
70956359
100001
178264100
534749203
100001
70956359
100002
100001
987256233
100001
70956359
452233345
100001
133802512
100001
70956359
47887663
519097861
169954451
100001
70956359
263161794
100002
100001
100001
70956359
100001
642324483
100002
100001
70956359
53130548
444519073
737492569
100001
70956359
108247957
100002
100001
100001
70956359
149833870
100003
220893687
100001
70956359
100006
100008
100001
100001
70956359
100001
825503614
449410125
100001
70956359
169999932
100001
797317594
100001
70956359
100001
436582470
100001
100001
70956359
167945396
28348785
100001
100001
70956359
100001
100001
761163157
100001
70956359
463998673
135040912
720944212
100001
70956359
820579634
365919250
585264781
100001
70956359
263052776
413913818
100001
100001
70956359
263970367
475768190
100001
100001
70956359
678454704
705477209
100001
100001
70956359
218115231
100002
100002
100001
70956359
654424863
100001
386520170
100001
70956359
100001
41052155
58373433
100001
70956359
932433081
185807243
901449420
100001
70956359
100005
613184137
740989394
100001
70956359
100002
100034
100001
100001
70956359
584761653
100001
391013961
100001
70956359
221867947
22498151
100001
100001
70956359
937215159
673455500
568035972
100001
70956359
100005
542021808
100001
100001
70956359
100001
605428872
637590717
100001
70956359
75592657
169954451
100010
100001
70956359
851135828
178225823
844262388
100001
70956359
250161663
285934971
100002
100001
70956359
100001
536115656
443439968
100001
70956359
117775556
100001
100001
100001
70956359
520446135
244952153
358375319
100001
70956359
100003
100002
871987704
100001
70956359
416751372
937215159
100001
100001
70956359
884565553
659630759
711312991
100001
70956359
100105
100001
100004
100001
70956359
629965754
317785275
730563962
100001
70956359
100002
960567317
527212533
100001
70956359
100001
671358344
100001
100001
70956359
220365143
709940664
47899662
100001
70956359
100001
100002
226492012
100001
70956359
649485644
100005
100001
100001
70956359
125172959
969818403
329548702
100001
70956359
100001
53949957
967718356
100001
70956359
35164534
100001
141495040
100001
70956359
969294110
156716159
100001
100001
70956359
100001
100001
8962990
100001
70956359
173699751
929940355
422685332
100001
70956359
100001
644242758
100001
100001
70956359
616296316
48646295
100001
100001
70956359
100001
857915983
100002
100001
70956359
100002
49320331
963525304
100001
70956359
100001
91733301
303159252
100001
70956359
100792
569675863
905510688
100001
70956359
730682752
988750523
883755359
100001
70956359
770738246
829778735
659318857
100001
70956359
100001
256371042
406172927
100001
70956359
45775662
336032889
940518547
100001
70956359
100003
323082218
100001
100001
70956359
981570780
366418969
246698307
100001
70956359
100001
100001
775241337
100001
70956359
953682050
273925283
645603635
100001
70956359
100009
696909932
100001
100001
70956359
100003
100001
219529174
100001
70956359
166284433
77689813
439276191
100001
70956359
815138622
100001
100002
100001
70956359
100001
100001
100005
100001
70956359
699158827
615342727
249209000
100001
70956359
100001
747524564
100002
100001
70956359
100042
100001
188169366
100001
70956359
776289916
863528401
835048312
100001
70956359
911167363
959268168
100002
100001
70956359
812660511
603676926
726538811
100001
70956359
100002
746710187
100002
100001
70956359
916616023
403534593
135760738
100001
70956359
100001
159860891
900400842
100001
70956359
100003
819883774
249705960
100001
70956359
100006
100001
491371702
100001
70956359
193421241
529223293
504034445
100001
70956359
589459087
881715279
809252631
100001
70956359
264870352
100006
100001
100001
70956359
60476281
237502069
489768010
100001
70956359
300013524
100001
112324225
100001
70956359
295774805
100001
100001
100001
70956359
903613960
100166
25203053
100001
70956359
100002
394618446
808204053
100001
70956359
100006
530236019
100001
100001
70956359
100001
578466937
100001
100001
70956359
54474245
491154503
899703961
100001
70956359
100001
100001
100001
100001
70956359
100001
810825501
310707367
100001
70956359
129273734
100001
830541120
100001
70956359
374867503
946908666
916115342
100001
70956359
100003
957585425
100003
100001
70956359
100001
400293231
744206842
100001
70956359
363896752
100012
100001
100001
70956359
100002
100002
100004
100001
70956359
725591793
100001
100001
100001
70956359
100002
100001
100001
100001
70956359
312832871
133468043
100002
100001
70956359
115558260
100006
100001
100001
70956359
100001
348430240
100003
100001
70956359
385778138
681179708
185807242
100001
70956359
402795459
26460086
100055
100001
70956359
753367379
454506114
637350459
100001
70956359
100003
38279656
100001
100001
70956359
100002
323377037
100003
100001
70956359
100001
948291640
636951110
100001
70956359
100005
100001
100030
100001
70956359
881939838
100002
831769196
100001
70956359
100001
100003
100001
100001
70956359
398837884
904662536
100001
100001
70956359
897043282
808494500
100001
100001
70956359
151079042
454653011
814466680
100001
70956359
100001
542272989
359322516
100001
70956359
737609671
41673462
100004
100001
70956359
731653821
430462909
137138065
100001
70956359
100001
100001
100007
100001
70956359
100005
645866291
874599802
100001
70956359
96183998
749173062
100001
100001
70956359
310422738
239599224
932363467
100001
70956359
191052950
848863255
884036996
100001
70956359
814525361
100001
100001
100001
70956359
212636137
100004
100002
100001
70956359
100001
181936837
92257593
100001
70956359
100001
650223823
111097119
100001
70956359
100001
100006
100003
100001
70956359
100001
327669637
943506618
100001
70956359
897899132
700809
50122867
100001
70956359
175583618
211195886
100001
100001
70956359
837405294
509859616
12514488
100001
70956359
100001
565814923
263970367
100001
70956359
919761754
416751372
357706204
100001
70956359
859754843
904662536
901973708
100001
70956359
767975329
100003
841116656
100001
70956359
623912940
100001
100001
100001
70956359
212672791
96728057
466815955
100001
70956359
177501111
901819693
100001
100001
70956359
823789375
158283215
652943678
100001
70956359
100001
544477007
100070
100001
70956359
100001
100004
100001
100001
70956359
100017
341861223
601522227
100001
70956359
100002
100045
556884099
100001
70956359
100001
100001
323082218
100001
70956359
100001
640461629
54191120
100001
70956359
100010
100001
100002
100001
70956359
100004
437264026
394094158
100001
70956359
100001
762658403
100001
100001
70956359
100001
100004
646409471
100001
70956359
212189132
100001
100002
100001
70956359
169654277
100002
100001
100001
70956359
100001
100005
100001
100001
70956359
100001
36507476
544271402
100001
70956359
260676046
468834703
447353967
100001
70956359
100002
100001
100001
100001
70956359
100001
100005
562868552
100001
70956359
393700937
476816768
741972510
100001
70956359
100002
121784890
100001
100001
70956359
100001
506194773
100001
100001
70956359
100001
100005
565148887
100001
70956359
100001
41580054
745938198
100001
70956359
825805921
100001
588714821
100001
70956359
100001
100005
175857576
100001
70956359
120006225
30445940
136627355
100001
70956359
907324721
623122590
323051251
100001
70956359
125537116
100001
349023062
100001
70956359
442421920
100001
350499357
100001
70956359
46617523
111728566
849091431
100001
70956359
976515164
100001
100004
100001
70956359
381595663
185294765
100001
100001
70956359
261873214
68402844
100003
100001
70956359
100080
988569168
100001
100001
70956359
336032889
100002
350499356
100001
70956359
100001
815253114
100001
100001
70956359
100006
100001
711860984
100001
70956359
100001
663402382
68859204
100001
70956359
819006763
100001
831638124
100001
70956359
357706204
100005
155269718
100001
70956359
100006
951376931
47887663
100001
70956359
100002
36758683
294323587
100001
70956359
100001
100001
741145892
100001
70956359
184862116
543902801
980005312
100001
70956359
100002
100001
100001
100001
70956359
414453992
344416295
160889443
100001
70956359
552890399
191324086
100001
100001
70956359
100001
869271586
856639547
100001
70956359
100002
947243062
100001
100001
70956359
100032
100001
100001
100001
70956359
645291334
100001
100018
100001
70956359
605192252
623122589
784876090
100001
70956359
100001
790118974
100002
100001
70956359
380944543
878332500
100001
100001
70956359
120661587
873036284
73954256
100001
70956359
881415550
100001
377003967
100001
70956359
100001
100120
100001
100001
70956359
643648634
100002
12601880
100001
70956359
100001
100011
46295039
100001
70956359
100001
100001
100001
100001
70956359
987370124
100003
100003
100001
70956359
345877331
100003
528925292
100001
70956359
674096557
147432984
100002
100001
70956359
925211189
100002
824249661
100001
70956359
100001
370171811
375955390
100001
70956359
565148887
100001
100001
100001
70956359
74617919
147605134
561284588
100001
70956359
100001
907103828
100007
100001
70956359
980513226
642145597
171337098
100001
70956359
100003
148192229
532415316
100001
70956359
339883402
967709413
941378765
100001
70956359
100002
100001
100001
100001
70956359
395548397
901455134
496417985
100001
70956359
100001
111641890
100001
100001
70956359
100016
446585697
897635249
100001
70956359
100004
869885472
971915556
100001
70956359
561215491
100001
680795533
100001
70956359
100002
775241336
658156364
100001
70956359
749173062
276594021
656554789
100001
70956359
201668198
100016
407101269
100001
70956359
100001
100001
100001
100001
70956359
652176646
100004
404703725
100001
70956359
485573699
479433940
968766932
100001
70956359
325125322
151079043
100004
100001
70956359
71509557
100001
100010
100001
70956359
78559714
964943124
100003
100001
70956359
139020407
100007
100001
100001
70956359
100002
100001
971045567
100001
70956359
100001
113190745
414115291
100001
70956359
111688287
311547872
290653567
100001
70956359
58373431
100005
100001
100001
70956359
245130055
100002
886662706
100001
70956359
60674208
489279709
100001
100001
70956359
100001
100001
100002
100001
70956359
100001
226492012
868093858
100001
70956359
100001
100001
311471316
100001
70956359
100001
100003
100001
100001
70956359
100004
983551759
100033
100001
70956359
100001
881939838
100001
100001
70956359
451093422
100001
145194142
100001
70956359
706281894
100001
881939839
100001
70956359
732155677
888851601
559714382
100001
70956359
946908667
311547871
404179435
100001
70956359
677769518
100001
309469308
100001
70956359
100001
100001
72001223
100001
70956359
913488322
100002
744761035
100001
70956359
573496525
100005
100001
100001
70956359
55522822
100011
100001
100001
70956359
255846750
148261002
52093967
100001
70956359
259627470
100001
547219303
100001
70956359
719216501
643083073
573784774
100001
70956359
100001
100001
100001
100001
70956359
133024748
100001
614792048
100001
70956359
100001
100003
318157229
100001
70956359
100003
100004
575794289
100001
70956359
100002
318368979
898908812
100001
70956359
357836870
100001
979459658
100001
70956359
100001
362848176
673455500
100001
70956359
398395645
181125528
776075380
100001
70956359
100001
369123235
526418229
100001
70956359
100002
300013524
216013120
100001
70956359
75951927
100001
542175047
100001
70956359
535134973
100001
100001
100001
70956359
100006
100001
918846046
100001
70956359
102901788
13825212
964575513
100001
70956359
974643683
359367262
303159255
100001
70956359
21054551
100003
588254572
100001
70956359
327669639
518835713
527212533
100001
70956359
100001
935367065
100006
100001
70956359
769228719
404179434
100001
100001
70956359
816187198
100001
147180552
100001
70956359
100011
100030
856769955
100001
70956359
625902518
100001
100001
100001
70956359
100001
503626955
100003
100001
70956359
390627813
100005
231708309
100001
70956359
166990129
100001
274339479
100001
70956359
294927832
100001
476816766
100001
70956359
35164534
100010
451828579
100001
70956359
100001
370817652
350499355
100001
70956359
100012
154768483
813763878
100001
70956359
100003
100001
605192253
100001
70956359
100002
396098925
100013
100001
70956359
237502069
100001
815689465
100001
70956359
100001
987357682
308431303
100001
70956359
414915485
100007
319936486
100001
70956359
100001
8407569
100001
100001
70956359
100001
554190713
586837646
100001
70956359
842308354
100001
618965451
100001
70956359
661034882
247994104
573556128
100001
70956359
809922296
881939838
100001
100001
70956359
58668552
100013
244710188
100001
70956359
100001
100002
100057
100001
70956359
100001
323082217
285155366
100001
70956359
729425660
806106899
630961821
100001
70956359
536767955
413782743
488719434
100001
70956359
170652484
73705353
637796716
100001
70956359
100002
100001
100002
100001
70956359
100001
221867948
49320331
100001
70956359
225196239
100013
36758683
100001
70956359
100003
100046
556884645
100001
70956359
561165365
127486060
207681060
100001
70956359
492263136
100001
100001
100001
70956359
579133114
166277496
100003
100001
70956359
249143464
100001
275222458
100001
70956359
298585593
531923264
100001
100001
70956359
176693949
980964774
100001
100001
70956359
100001
100002
166407618
100001
70956359
100005
193421242
907952360
100001
70956359
100001
100002
100001
100001
70956359
589459086
62034993
100001
100001
70956359
100001
100001
293648669
100001
70956359
471314605
165051997
584761651
100001
70956359
100001
244952152
100004
100001
70956359
172220125
982114795
503495881
100001
70956359
987677436
737492569
100001
100001
70956359
100002
233060568
145836156
100001
70956359
832113986
100001
705355915
100001
70956359
449969039
100001
100001
100001
70956359
522210830
390103524
184129114
100001
70956359
40556807
127486060
810970872
100001
70956359
50122866
165228919
100002
100001
70956359
910791936
100001
23892196
100001
70956359
735612985
34063320
288556414
100001
70956359
100001
435955268
100002
100001
70956359
265018947
280167792
177638420
100001
70956359
131566433
100004
100001
100001
70956359
823725372
41580054
100001
100001
70956359
296967645
100007
100004
100001
70956359
585285942
100002
306072000
100001
70956359
100001
317654198
130322311
100001
70956359
272070504
566790783
130579112
100001
70956359
100007
100001
526569078
100001
70956359
198722776
873031205
100003
100001
70956359
688317556
100001
546000830
100001
70956359
100001
528595564
584773841
100001
70956359
50085548
100001
651582799
100001
70956359
585285942
44753933
899271512
100001
70956359
703889976
407849457
100004
100001
70956359
100001
100001
301746614
100001
70956359
100001
525893940
107534257
100001
70956359
100002
505180113
100002
100001
70956359
741644754
100001
100005
100001
70956359
366928927
566297842
284536309
100001
70956359
216283338
100001
100003
100001
70956359
25905832
100002
100001
100001
70956359
100001
422685332
303159255
100001
70956359
278009499
100001
451399733
100001
70956359
31818388
100002
773144181
100001
70956359
100002
44601729
100002
100001
70956359
962769789
47223175
776289916
100001
70956359
100003
848863257
100001
100001
70956359
100006
322289183
100003
100001
70956359
100002
100001
100001
100001
70956359
100001
100005
780882314
100001
70956359
321606369
100002
100001
100001
70956359
125266727
100001
352737972
100001
70956359
801869816
521362301
100004
100001
70956359
100001
990503413
739589725
100001
70956359
643635411
819611268
977866841
100001
70956359
623646878
188178357
100001
100001
70956359
344566611
100003
647458050
100001
70956359
449271888
100001
100013
100001
70956359
100006
100003
369606807
100001
70956359
742586681
939318299
892390257
100001
70956359
386656396
100001
347222547
100001
70956359
100001
100002
464857187
100001
70956359
357706203
100001
370188214
100001
70956359
695515230
645291334
353673122
100001
70956359
586334518
100009
396234878
100001
70956359
100001
100001
100001
100001
70956359
100001
100001
100006
100001
70956359
841116656
100016
336226317
100001
70956359
969046717
100001
100002
100001
70956359
611990958
24486277
985423439
100001
70956359
404179435
974754577
170652486
100001
70956359
283575672
100001
100001
100001
70956359
550071900
100002
100003
100001
70956359
100002
99486362
100001
100001
70956359
100001
119761701
100006
100001
70956359
636467451
631589999
171441998
100001
70956359
100002
100001
488106830
100001
70956359
100001
100022
100001
100001
70956359
131370890
425242993
170652486
100001
70956359
100002
100001
705513810
100001
70956359
900184754
100001
938263736
100001
70956359
100001
810301212
618965453
100001
70956359
100001
100001
766852711
100001
70956359
637017449
646339912
681179708
100001
70956359
767903301
644555059
967918928
100001
70956359
100013
454377952
100013
100001
70956359
401347350
100001
100001
100001
70956359
100001
876176939
100002
100001
70956359
100009
100003
503026084
100001
70956359
221701928
100001
602570807
100001
70956359
100001
100001
100001
100001
70956359
100001
186562145
741413318
100001
70956359
187120789
140194085
828239214
100001
70956359
540473134
113780571
469476728
100001
70956359
100003
100001
100043
100001
70956359
753615194
647458050
540376526
100001
70956359
100001
100001
559714383
100001
70956359
531582591
100001
822217011
100001
70956359
350183468
100003
587298172
100001
70956359
100001
100002
100001
100001
70956359
388347621
100001
761058450
100001
70956359
902817744
100003
475080815
100001
70956359
100020
719688552
849512844
100001
70956359
632638575
35488409
100002
100001
70956359
100002
151806975
100002
100001
70956359
100001
815033888
537193851
100001
70956359
354293787
100001
417926461
100001
70956359
784876091
374760866
537097965
100001
70956359
748204554
647750571
100005
100001
70956359
100001
100004
943512608
100001
70956359
710745838
542342607
192346300
100001
70956359
496417985
100002
100001
100001
70956359
646914359
157334108
563444808
100001
70956359
253307391
100002
20189234
100001
70956359
100001
704487532
100001
100001
70956359
312673450
100001
100002
100001
70956359
100001
526608018
100001
100001
70956359
43705354
100001
869709906
100001
70956359
124488537
100005
71607715
100001
70956359
211211695
882041596
418848527
100001
70956359
100001
659478878
100001
100001
70956359
100002
289883326
100001
100001
70956359
100001
252411794
100003
100001
70956359
100001
476795205
100002
100001
70956359
100001
355769833
738657457
100001
70956359
696197
100001
100001
100001
70956359
100001
100001
358375319
100001
70956359
100001
841116656
100001
100001
70956359
100001
125099857
882053045
100001
70956359
882184119
169954451
100001
100001
70956359
987541775
100003
781008511
100001
70956359
100003
612049490
100001
100001
70956359
100003
100004
100002
100001
70956359
100002
100006
100006
100001
70956359
584387343
684654680
613743467
100001
70956359
100002
411230250
100003
100001
70956359
706067039
879381084
100001
100001
70956359
648012719
100009
100005
100001
70956359
858488748
100001
134826100
100001
70956359
955671046
100002
100016
100001
70956359
897043282
100002
656554789
100001
70956359
817786621
831861616
429975515
100001
70956359
118743425
377123345
873803994
100001
70956359
100001
100003
930432712
100001
70956359
628261818
222794243
179053251
100001
70956359
100001
100002
100001
100001
70956359
816187198
488719434
269973146
100001
70956359
915043158
100001
198840268
100001
70956359
100001
100001
678293810
100001
70956359
69486894
542024627
449969044
100001
70956359
442915672
738896067
764609408
100001
70956359
912331536
100001
100019
100001
70956359
632638575
100010
384516872
100001
70956359
13825210
100001
770170053
100001
70956359
100001
794236479
100008
100001
70956359
100001
256371041
100002
100001
70956359
100002
905510688
101354502
100001
70956359
45817037
100001
100001
100001
70956359
471964696
220364566
838080233
100001
70956359
100001
850553853
100002
100001
70956359
819611268
100001
573274667
100001
70956359
831189868
100001
100001
100001
70956359
100001
307453158
738541148
100001
70956359
100001
613098067
100008
100001
70956359
549179116
497228056
100001
100001
70956359
737323201
100001
763625068
100001
70956359
137138065
100001
914381938
100001
70956359
833968441
100008
100001
100001
70956359
100001
100007
100002
100001
70956359
186605492
982321454
304633089
100001
70956359
101830672
904986892
379489412
100001
70956359
100001
379365538
307877854
100001
70956359
214853397
153372818
122008044
100001
70956359
100007
292850189
131566432
100001
70956359
538410443
89041062
100001
100001
70956359
100001
100002
834653099
100001
70956359
979521956
773144181
100024
100001
70956359
532140826
318050407
271672765
100001
70956359
100006
100001
147180552
100001
70956359
100002
126239897
159035992
100001
70956359
329766794
100001
179308001
100001
70956359
300013524
224471779
127486060
100001
70956359
100003
580502755
983101226
100001
70956359
100001
720375891
100001
100001
70956359
122120998
100003
100001
100001
70956359
978997665
100002
100003
100001
70956359
100002
100001
148261006
100001
70956359
100001
806776564
820381503
100001
70956359
439890383
100002
100001
100001
70956359
100020
100003
100001
100001
70956359
838644611
155269716
100001
100001
70956359
206156053
100001
100004
100001
70956359
930399110
131566432
295430935
100001
70956359
44753933
100001
775514796
100001
70956359
100033
100001
48620660
100001
70956359
808118063
656059208
655219181
100001
70956359
100001
186343346
823789375
100001
70956359
10941622
100003
271672766
100001
70956359
100001
502801564
100004
100001
70956359
306097858
421636753
775241337
100001
70956359
292618027
806106896
127486060
100001
70956359
382283791
74851592
54191122
100001
70956359
737826947
100001
100002
100001
70956359
100001
444519074
114307483
100001
70956359
661727918
482463959
654107474
100001
70956359
591780148
100001
325190860
100001
70956359
646005557
320600997
775241336
100001
70956359
706067038
652527272
100001
100001
70956359
100001
135103744
100001
100001
70956359
100001
477313988
100005
100001
70956359
496179184
100001
100001
100001
70956359
705653923
52081971
100001
100001
70956359
755133903
100015
561300976
100001
70956359
575593677
100001
100002
100001
70956359
175645371
451828580
100001
100001
70956359
100002
776804997
528859756
100001
70956359
841116656
510188717
127700865
100001
70956359
100001
100001
4841978
100001
70956359
90089178
100001
100001
100001
70956359
100008
100001
394053740
100001
70956359
100001
75616456
879846958
100001
70956359
100001
994035392
540638670
100001
70956359
100002
146384406
669475744
100001
70956359
100001
100002
963702511
100001
70956359
111073202
73191616
100001
100001
70956359
48215971
655743470
65713473
100001
70956359
129273732
100001
100012
100001
70956359
595318799
159228289
100001
100001
70956359
383710934
100003
100001
100001
70956359
699978959
511884503
907821286
100001
70956359
959563844
602528332
815138620
100001
70956359
100025
819873414
606822659
100001
70956359
100001
100002
100001
100001
70956359
100001
100001
303159252
100001
70956359
676601228
100003
844262388
100001
70956359
898839636
937215159
618965453
100001
70956359
482726105
100001
538673936
100001
70956359
894256280
100009
100001
100001
70956359
100001
100002
100001
100001
70956359
100004
100001
654055100
100001
70956359
327825426
236206296
100001
100001
70956359
100233
100008
950321388
100001
70956359
100001
100002
24558648
100001
70956359
578235625
885614129
100001
100001
70956359
241557805
422685332
873036282
100001
70956359
591254178
100002
395583064
100001
70956359
100013
100001
970609044
100001
70956359
526608019
100001
100027
100001
70956359
100002
100001
604723280
100001
70956359
990849980
42622131
100002
100001
70956359
100002
100001
100009
100001
70956359
880609621
727983865
100004
100001
70956359
884565553
345387539
743336151
100001
70956359
100001
100002
837203152
100001
70956359
815777408
100001
676413856
100001
70956359
311547872
100001
100002
100001
70956359
100002
100001
897281211
100001
70956359
100002
719278025
601340566
100001
70956359
936913534
100001
425535655
100001
70956359
794837567
462950097
100002
100001
70956359
846151627
100007
540638670
100001
70956359
584715104
61246350
100001
100001
70956359
100001
100001
646339915
100001
70956359
357081000
649485645
868100261
100001
70956359
100066
100001
518117157
100001
70956359
21259956
565827988
980541930
100001
70956359
449464159
265018947
800034807
100001
70956359
448975616
100018
100001
100001
70956359
44601727
100001
47223175
100001
70956359
100001
100019
100001
100001
70956359
975065495
745596064
100002
100001
70956359
100003
100002
100001
100001
70956359
100001
100001
342503951
100001
70956359
822222135
877221243
977080408
100001
70956359
421641364
268688963
100001
100001
70956359
100001
100001
886376804
100001
70956359
127270114
490775208
140225051
100001
70956359
452735482
830298416
100007
100001
70956359
100004
100002
776289916
100001
70956359
355229583
124488535
964248906
100001
70956359
100001
963526935
971176640
100001
70956359
100001
13563066
100001
100001
70956359
856800825
666276502
939396974
100001
70956359
196588944
100002
746918351
100001
70956359
974983253
401380118
25104482
100001
70956359
100002
188178357
26251631
100001
70956359
100001
914324590
510188717
100001
70956359
100001
605428871
100001
100001
70956359
635444579
100001
100001
100001
70956359
128005735
100001
100001
100001
70956359
363880350
284507222
233832051
100001
70956359
738395313
804271886
100001
100001
70956359
100003
100002
906086515
100001
70956359
776289917
100004
100002
100001
70956359
3589035
337034745
71509557
100001
70956359
860995132
133847602
100005
100001
70956359
63616319
528515389
100001
100001
70956359
168031044
984373451
100001
100001
70956359
100035
646409471
306072000
100001
70956359
851332034
202718278
572524081
100001
70956359
292653476
100001
780816552
100001
70956359
241568578
100001
674504076
100001
70956359
100001
892703760
100001
100001
70956359
774670416
100004
100001
100001
70956359
745664406
904121180
44360812
100001
70956359
100001
284443829
760171354
100001
70956359
100001
646409471
645391270
100001
70956359
100001
136923254
116218898
100001
70956359
776796283
859488850
100001
100001
70956359
860995131
100001
100001
100001
70956359
100004
960631515
733561029
100001
70956359
180888261
564790504
36507476
100001
70956359
502883046
64306706
100001
100001
70956359
47899662
100002
100050
100001
70956359
829492544
100001
468834703
100001
70956359
100001
160741984
100004
100001
70956359
390976628
952416335
759658849
100001
70956359
822676793
873036283
100001
100001
70956359
100001
100003
702611877
100001
70956359
100001
836983100
262825620
100001
70956359
100001
100001
136809314
100001
70956359
321304595
482726105
100002
100001
70956359
498723721
100001
100001
100001
70956359
568294616
742735454
100001
100001
70956359
40985105
100001
137198742
100001
70956359
56571398
45037057
977265124
100001
70956359
63099055
100001
176230590
100001
70956359
100002
268668852
490310499
100001
70956359
100001
844262388
573362716
100001
70956359
100001
437094771
100001
100001
70956359
100034
425535654
421636752
100001
70956359
285847030
100001
904462111
100001
70956359
632638575
100001
2248964
100001
70956359
677923424
100010
100002
100001
70956359
928455597
112145697
100001
100001
70956359
191052950
420421393
282072736
100001
70956359
484337338
897635248
100003
100001
70956359
63616318
100002
104725031
100001
70956359
100001
62034993
987541791
100001
70956359
100001
308144941
100001
100001
70956359
100003
100001
100002
100001
70956359
31793562
89360388
127486060
100001
70956359
100003
100001
346925908
100001
70956359
165305400
354170616
42828444
100001
70956359
996851553
9456147
124160578
100001
70956359
938269723
100001
100007
100001
70956359
715772518
899419652
100002
100001
70956359
100001
25860318
608903760
100001
70956359
852904900
903072602
100001
100001
70956359
520179205
20050847
100001
100001
70956359
806776564
357326740
41191974
100001
70956359
101908102
869709906
537718139
100001
70956359
100003
441547266
806041978
100001
70956359
100003
413593075
791144126
100001
70956359
573362716
855818831
612007346
100001
70956359
489896563
100001
100001
100001
70956359
178943141
438227613
152560647
100001
70956359
100001
503495881
100001
100001
70956359
46679033
642324482
45790510
100001
70956359
61519165
100002
100001
100001
70956359
100001
837203152
736822439
100001
70956359
100003
100006
100002
100001
70956359
320600997
59422010
100001
100001
70956359
160854415
735926337
212636136
100001
70956359
909046580
100002
919504949
100001
70956359
100001
100003
424649474
100001
70956359
100001
100002
100001
100001
70956359
100001
100001
100001
100001
70956359
100001
935973913
100001
100001
70956359
100006
324089855
100003
100001
70956359
123580912
652674910
100001
100001
70956359
390976628
806106899
905510688
100001
70956359
345191821
370817652
249113086
100001
70956359
100001
395760759
386530653
100001
70956359
100001
100001
100001
100001
70956359
793788991
100001
100002
100001
70956359
307382725
376844293
705355915
100001
70956359
100002
628758698
979493353
100001
70956359
150631042
100002
100001
100001
70956359
707371119
579041841
100004
100001
70956359
100001
100001
983416867
100001
70956359
100003
117834951
228823561
100001
70956359
847662008
621329117
169070938
100001
70956359
176693949
393129842
100001
100001
70956359
454492738
100001
428581636
100001
70956359
100001
35858336
252105044
100001
70956359
915393585
100003
980541930
100001
70956359
100001
877749805
967918928
100001
70956359
100001
147947297
513580189
100001
70956359
100003
100001
811576445
100001
70956359
118686338
143327486
311470079
100001
70956359
100002
847408122
100001
100001
70956359
100001
311547871
100001
100001
70956359
100014
100004
100006
100001
70956359
651106317
10383821
974983253
100001
70956359
100003
468834703
198315978
100001
70956359
100001
671358344
905035869
100001
70956359
100001
100003
69404973
100001
70956359
100003
100001
100001
100001
70956359
317654199
100001
449271888
100001
70956359
160889443
506451743
623912940
100001
70956359
100003
146643549
623122590
100001
70956359
100009
100001
610271163
100001
70956359
815253116
52241959
537688520
100001
70956359
100001
100005
100002
100001
70956359
897587796
173018697
942034129
100001
70956359
466535211
73741461
562860111
100001
70956359
169954451
100001
415542539
100001
70956359
296479513
100002
260673454
100001
70956359
647842944
676434124
100007
100001
70956359
236206296
100002
124488537
100001
70956359
659592768
865777737
254273624
100001
70956359
100004
100001
607030598
100001
70956359
240267355
937169955
100001
100001
70956359
586334518
481939669
673686950
100001
70956359
655403846
881939838
833024714
100001
70956359
434226553
251308110
298540510
100001
70956359
776289914
632587197
100001
100001
70956359
100002
906120314
100002
100001
70956359
100001
898094542
100001
100001
70956359
552252777
411947732
92050221
100001
70956359
857097810
321304595
573362717
100001
70956359
618965451
100001
572130863
100001
70956359
229914834
636426822
100003
100001
70956359
675230474
753745505
336032889
100001
70956359
100002
41146401
17953694
100001
70956359
100006
819531056
100001
100001
70956359
737609669
596471922
747382477
100001
70956359
860995130
425535655
193421241
100001
70956359
506657981
100002
100001
100001
70956359
38310264
178479017
100001
100001
70956359
905167630
100001
482427970
100001
70956359
501639253
100001
100001
100001
70956359
443439968
471763991
159860890
100001
70956359
100001
985423439
100022
100001
70956359
48948239
29780762
54191120
100001
70956359
100001
100001
100001
100001
70956359
425831061
100002
100002
100001
70956359
604452939
100001
100001
100001
70956359
263970367
727687409
9360481
100001
70956359
621942941
742431189
665139092
100001
70956359
821451728
884036995
962478358
100001
70956359
211089303
100001
100002
100001
70956359
176976562
128420701
909246742
100001
70956359
100001
100001
100001
100001
70956359
100001
100002
100002
100001
70956359
100001
100001
100002
100001
70956359
100001
165436472
100016
100001
70956359
100002
646339915
186595239
100001
70956359
100001
808873718
315930634
100001
70956359
398120064
100008
979493353
100001
70956359
700542395
560757826
643111123
100001
70956359
41477222
321027414
100001
100001
70956359
100002
100014
321304594
100001
70956359
100005
100001
40003579
100001
70956359
476676416
100001
953796668
100001
70956359
650223951
909626210
640002620
100001
70956359
452957503
288556414
966346063
100001
70956359
605016292
100001
62567741
100001
70956359
184498086
100001
526427784
100001
70956359
377003968
186579125
801869818
100001
70956359
283575672
386520171
318084907
100001
70956359
100001
100006
232011987
100001
70956359
464857187
261724622
778401782
100001
70956359
100001
947243063
75966346
100001
70956359
438782553
236206296
100032
100001
70956359
178296486
100001
469476727
100001
70956359
100001
100001
907083556
100001
70956359
100001
100003
100002
100001
70956359
100003
404179435
750092313
100001
70956359
100004
775241337
449410125
100001
70956359
146184690
100003
100001
100001
70956359
100001
100013
13563066
100001
70956359
100001
312596448
100003
100001
70956359
100004
830560564
177501111
100001
70956359
100001
763214241
100011
100001
70956359
100001
306309931
53677060
100001
70956359
90875612
654107474
887558796
100001
70956359
100001
946484623
130322311
100001
70956359
491376865
866381564
100001
100001
70956359
822152503
100016
100001
100001
70956359
882501712
100001
100002
100001
70956359
100002
632587196
625612962
100001
70956359
100002
100001
580090417
100001
70956359
806106899
36906916
248041797
100001
70956359
895011698
100001
100001
100001
70956359
512539865
100001
706067038
100001
70956359
394618449
135040908
372268968
100001
70956359
100001
389752930
100001
100001
70956359
900006068
927210048
692045692
100001
70956359
55227701
100028
62567741
100001
70956359
957675002
73543704
760523102
100001
70956359
100001
383768285
60619093
100001
70956359
439890384
100001
733298259
100001
70956359
100001
100005
100001
100001
70956359
336032888
170733951
863528400
100001
70956359
852797614
919660599
648196176
100001
70956359
322033638
622864364
935973913
100001
70956359
338130044
148229129
100001
100001
70956359
100001
80839454
670491754
100001
70956359
100001
962941488
359826404
100001
70956359
100001
100008
100001
100001
70956359
825298237
100001
76379090
100001
70956359
100001
963203636
89333432
100001
70956359
100001
125799260
100001
100001
70956359
723298029
100001
857097805
100001
70956359
497772617
1040634
934595776
100001
70956359
100001
550071900
44601730
100001
70956359
869885473
100003
200628438
100001
70956359
100002
100001
168681179
100001
70956359
76379090
840375520
412280282
100001
70956359
100001
949078073
731653821
100001
70956359
100001
400217218
535561047
100001
70956359
28986225
100003
100001
100001
70956359
100003
386705549
709689775
100001
70956359
100001
100002
704306023
100001
70956359
650553893
482771393
776289917
100001
70956359
100012
234109144
131370890
100001
70956359
452221286
100001
651237695
100001
70956359
100001
177409356
808873719
100001
70956359
100001
876939601
383828740
100001
70956359
100002
867088460
910417000
100001
70956359
271290295
113077121
100001
100001
70956359
112145697
530948096
101203462
100001
70956359
100003
100001
980283846
100001
70956359
698110251
100001
440152528
100001
70956359
173548219
281390581
872502649
100001
70956359
100009
748204554
266412463
100001
70956359
100001
624354943
100001
100001
70956359
54191123
186595239
100043
100001
70956359
741160952
232011987
295714265
100001
70956359
953796668
705513810
100001
100001
70956359
100001
100002
957061135
100001
70956359
723298028
392428907
100001
100001
70956359
149665674
888601323
100001
100001
70956359
100016
73180585
100001
100001
70956359
363880350
100001
100001
100001
70956359
100001
333223267
265394640
100001
70956359
100001
9456147
968766934
100001
70956359
100005
139020407
312175409
100001
70956359
100002
100003
407725047
100001
70956359
395760760
100001
100001
100001
70956359
763394202
100001
380673990
100001
70956359
600473649
842165235
810825502
100001
70956359
88134309
100001
520183987
100001
70956359
100002
100001
100001
100001
70956359
953705945
124488535
689897545
100001
70956359
881415549
629492846
218904778
100001
70956359
683005797
100002
44601731
100001
70956359
479000970
782319233
434146006
100001
70956359
480891093
925932088
197267402
100001
70956359
740638301
100002
100001
100001
70956359
912346712
294061439
385141814
100001
70956359
100001
100005
100001
100001
70956359
753367379
100001
396615658
100001
70956359
38604631
100002
100001
100001
70956359
147212424
100001
672406922
100001
70956359
280167792
100002
210400650
100001
70956359
775241336
945204729
100001
100001
70956359
170652486
649535805
930546567
100001
70956359
223922519
100001
100003
100001
70956359
303159254
876176937
61519165
100001
70956359
649485644
653896249
861919196
100001
70956359
422685330
35919962
100001
100001
70956359
100001
100021
100003
100001
70956359
10389421
100001
100002
100001
70956359
100001
100001
100012
100001
70956359
100001
100001
388282085
100001
70956359
100002
100007
867612748
100001
70956359
164655767
100001
100001
100001
70956359
923980537
675148076
919660600
100001
70956359
640295659
160608859
100002
100001
70956359
817648542
100001
100001
100001
70956359
33391253
100001
100001
100001
70956359
100001
100002
100026
100001
70956359
25971563
254355967
739923276
100001
70956359
135760738
100001
100001
100001
70956359
100003
365993905
63616320
100001
70956359
100004
662077761
100001
100001
70956359
100001
319378143
941313228
100001
70956359
771571315
58373434
394618448
100001
70956359
89381744
429926
576944689
100001
70956359
250663249
100001
823725372
100001
70956359
706306579
160248180
100004
100001
70956359
100001
201145413
607030598
100001
70956359
882301738
100001
100009
100001
70956359
100006
997843449
534018497
100001
70956359
63616320
711802207
100001
100001
70956359
100001
333935735
605428873
100001
70956359
281390581
415426012
100001
100001
70956359
651209540
271672766
360721437
100001
70956359
131222649
608128338
172838040
100001
70956359
100001
100001
849911836
100001
70956359
100001
100002
190249146
100001
70956359
100001
171789462
284798454
100001
70956359
771435322
490306740
100001
100001
70956359
100012
291679261
100001
100001
70956359
185784178
119038342
100001
100001
70956359
566197464
100001
609024868
100001
70956359
100003
38310263
166982466
100001
70956359
536609627
580909639
100001
100001
70956359
100001
100001
449731426
100001
70956359
570916058
760124027
100002
100001
70956359
100001
664004360
100001
100001
70956359
100001
100001
78516923
100001
70956359
100001
810825502
675148076
100001
70956359
100002
677053753
400293231
100001
70956359
100001
310052004
959878592
100001
70956359
100002
287349304
268668852
100001
70956359
100003
327669639
124947015
100001
70956359
413584882
517073762
100003
100001
70956359
644242755
867433165
601522230
100001
70956359
100002
100001
863306294
100001
70956359
421060015
894059671
702349732
100001
70956359
374760866
100001
744439017
100001
70956359
100001
43693357
440152529
100001
70956359
100001
946917477
100004
100001
70956359
100001
357081000
213254386
100001
70956359
369139638
603072558
397595049
100001
70956359
100001
671358344
100001
100001
70956359
561242470
577236084
100001
100001
70956359
359322516
100001
889244527
100001
70956359
225627337
317654198
786146145
100001
70956359
730188600
100004
647458050
100001
70956359
100001
539497289
100010
100001
70956359
100001
75343284
100001
100001
70956359
376975367
441604644
66229301
100001
70956359
663402382
775543865
918409115
100001
70956359
295865848
100004
100001
100001
70956359
814525362
100001
387913922
100001
70956359
225196236
100001
100001
100001
70956359
925211189
100001
100009
100001
70956359
100002
100001
94119700
100001
70956359
927581501
105578120
210400651
100001
70956359
52901379
45126020
374906814
100001
70956359
100001
100001
849911833
100001
70956359
444781303
422685332
100001
100001
70956359
412280282
881133914
100001
100001
70956359
586746160
846257280
100003
100001
70956359
1650415
100001
817860276
100001
70956359
134712162
100001
100002
100001
70956359
380673990
366198932
100002
100001
70956359
235093251
955905551
100002
100001
70956359
55522822
800853831
414780726
100001
70956359
791691839
100001
100001
100001
70956359
224583397
100002
432630070
100001
70956359
738657459
100001
395570774
100001
70956359
100004
347560459
100007
100001
70956359
424649474
102138863
100002
100001
70956359
100004
100001
44601729
100001
70956359
100006
816385318
476816766
100001
70956359
130322311
744078566
100001
100001
70956359
379895967
100001
758226955
100001
70956359
100001
988406258
100001
100001
70956359
8232981
870889235
531944956
100001
70956359
100001
43705354
100001
100001
70956359
100001
459804364
100001
100001
70956359
991551990
772835403
832113986
100001
70956359
720870480
100001
530711158
100001
70956359
100001
100001
823725373
100001
70956359
420421393
355229580
209876361
100001
70956359
307353563
790118973
573362716
100001
70956359
100001
100006
100001
100001
70956359
678240681
100005
646339912
100001
70956359
700560598
100001
100001
100001
70956359
517592869
117775556
666869685
100001
70956359
100001
100001
488719432
100001
70956359
100001
579906503
819006766
100001
70956359
298540510
964809358
907952359
100001
70956359
56571398
100001
588955960
100001
70956359
208827785
100001
4549572
100001
70956359
571737643
100001
100001
100001
70956359
883755357
298323449
100002
100001
70956359
404179434
644131649
3370883
100001
70956359
100001
186920640
100004
100001
70956359
100001
100003
100032
100001
70956359
263970367
113077121
384516875
100001
70956359
100001
100002
790118973
100001
70956359
860995132
487670851
100001
100001
70956359
100007
606092722
652222612
100001
70956359
924794356
322758356
100001
100001
70956359
832121377
100012
100002
100001
70956359
954522662
601936093
169878199
100001
70956359
280167793
100069
988750524
100001
70956359
100002
512015577
100001
100001
70956359
187888748
899750493
296225793
100001
70956359
632587197
100001
870432325
100001
70956359
584387343
559714382
350877510
100001
70956359
814757666
891480382
100003
100001
70956359
162614406
100001
481379389
100001
70956359
46415527
100003
100001
100001
70956359
100001
100002
100002
100001
70956359
100002
100004
100001
100001
70956359
8098156
100018
100003
100001
70956359
54191121
853168400
130265440
100001
70956359
100004
66014594
571773020
100001
70956359
969298320
354957054
979362278
100001
70956359
379948172
100001
823725372
100001
70956359
100001
100001
823789375
100001
70956359
723612628
781340840
717676359
100001
70956359
100002
211613591
665802891
100001
70956359
180206180
100018
100001
100001
70956359
66014595
100001
100001
100001
70956359
100002
295425953
885641855
100001
70956359
682892686
655866659
946288013
100001
70956359
13563066
100001
100002
100001
70956359
100003
100001
100001
100001
70956359
743471422
814000109
359834597
100001
70956359
905122551
100001
100001
100001
70956359
453143862
100001
588955959
100001
70956359
508029786
100001
100002
100001
70956359
100001
40759578
111183264
100001
70956359
100002
4549573
100001
100001
70956359
654841533
100002
100001
100001
70956359
460852943
302008760
241958526
100001
70956359
964353296
687603036
100001
100001
70956359
100001
12060264
100001
100001
70956359
129273734
100001
824837952
100001
70956359
100002
974643683
342503952
100001
70956359
100002
809926688
743742690
100001
70956359
100015
666538646
167857297
100001
70956359
158812312
100001
621329118
100001
70956359
450780003
100005
750090571
100001
70956359
94227283
100001
648487226
100001
70956359
100001
796407558
100001
100001
70956359
570391770
100001
956899742
100001
70956359
902484461
652943678
568294616
100001
70956359
939906198
100006
100002
100001
70956359
307877854
100002
100001
100001
70956359
100001
818217975
83460899
100001
70956359
323565566
605016293
100001
100001
70956359
988727054
978997667
93658216
100001
70956359
100002
897565453
8919075
100001
70956359
214209004
100001
100001
100001
70956359
100001
173760423
100001
100001
70956359
348430240
734346835
532297887
100001
70956359
100025
559714382
137971831
100001
70956359
15398076
100001
288310459
100001
70956359
100031
100001
823725372
100001
70956359
439890379
400217218
125799260
100001
70956359
161214660
100005
692054910
100001
70956359
808873719
266064479
100001
100001
70956359
257348860
100001
161565827
100001
70956359
263970369
839633521
100002
100001
70956359
100001
100001
100001
100001
70956359
673455500
816040465
910889732
100001
70956359
400004976
629492844
581547110
100001
70956359
742169045
74617919
100001
100001
70956359
154768483
412779079
959878589
100001
70956359
33351724
100001
100021
100001
70956359
814090044
595337737
173699751
100001
70956359
936114003
100041
100001
100001
70956359
100001
61460648
233520384
100001
70956359
9456147
100001
612049490
100001
70956359
261024104
732249679
837727441
100001
70956359
97232574
100001
31494516
100001
70956359
263031715
100001
32543094
100001
70956359
646339914
866039883
398395645
100001
70956359
100001
100001
100001
100001
70956359
371744675
100002
671257245
100001
70956359
100001
915085245
37585561
100001
70956359
100002
866238016
100001
100001
70956359
100004
524845364
959878589
100001
70956359
47223175
100001
100007
100001
70956359
100003
977080408
100001
100001
70956359
100003
100005
222141411
100001
70956359
100001
766081391
100001
100001
70956359
100001
100001
308216996
100001
70956359
100002
100001
954289199
100001
70956359
100001
708250789
329914161
100001
70956359
169435040
276106831
100001
100001
70956359
100001
672437087
607882576
100001
70956359
968766934
809273488
749041990
100001
70956359
100001
884279648
820801218
100001
70956359
904662536
761231716
100003
100001
70956359
100001
947709818
268668850
100001
70956359
100001
601522231
720824532
100001
70956359
100001
100003
979916196
100001
70956359
100002
762905951
9456148
100001
70956359
100001
264081329
906564858
100001
70956359
101908102
100001
983687661
100001
70956359
918333492
100001
288032125
100001
70956359
100001
385272890
361275308
100001
70956359
97232574
284798454
100002
100001
70956359
730287324
368091058
677875924
100001
70956359
100002
100001
647842944
100001
70956359
263970367
215162120
100001
100001
70956359
100001
100003
730188603
100001
70956359
58373433
100001
637357171
100001
70956359
100002
619425669
967004733
100001
70956359
100001
567578708
100001
100001
70956359
673807182
294902057
100001
100001
70956359
963203636
961680095
100001
100001
70956359
100001
100003
100001
100001
70956359
963720943
759658849
338218496
100001
70956359
31793565
100001
178394654
100001
70956359
963526935
96728058
100001
100001
70956359
100221
100774
171695836
100001
70956359
586858807
262825620
100001
100001
70956359
100005
259290242
395625563
100001
70956359
100001
741808986
847408121
100001
70956359
100009
100001
37326488
100001
70956359
100001
357081000
100001
100001
70956359
905616209
100001
100001
100001
70956359
828869413
100001
96183998
100001
70956359
476958931
100002
100001
100001
70956359
125799260
100010
518733026
100001
70956359
532994724
239039481
100002
100001
70956359
100008
219915885
100001
100001
70956359
176805919
303159254
919179596
100001
70956359
100003
100001
475768190
100001
70956359
100001
166284432
100001
100001
70956359
100003
100017
263970367
100001
70956359
100001
710954872
147180552
100001
70956359
534200498
520446135
295860018
100001
70956359
100006
100001
100024
100001
70956359
971982170
175059330
100001
100001
70956359
100001
100006
466535211
100001
70956359
523854778
265018947
256066127
100001
70956359
100002
582292048
100001
100001
70956359
100024
282072736
100003
100001
70956359
272070504
924069536
100002
100001
70956359
983687664
274434551
301722402
100001
70956359
883755358
580502755
677769518
100001
70956359
100018
520179205
141117559
100001
70956359
100001
100007
100006
100001
70956359
100002
395266162
876176938
100001
70956359
57692301
100001
573648092
100001
70956359
64132145
878594648
100003
100001
70956359
100017
48271754
100002
100001
70956359
100001
100013
209360876
100001
70956359
100001
532297886
900554264
100001
70956359
573951086
164550980
971778301
100001
70956359
451162303
100001
649485644
100001
70956359
100001
51033394
100001
100001
70956359
141737557
736634565
497466561
100001
70956359
100001
604667964
322758356
100001
70956359
678698380
100001
100001
100001
70956359
610271419
100003
724936433
100001
70956359
100001
100001
100010
100001
70956359
901960173
148229128
663759545
100001
70956359
650685250
631216304
45126022
100001
70956359
100004
869819935
100004
100001
70956359
100001
451828579
393963081
100001
70956359
100004
100001
100004
100001
70956359
488719431
100002
100001
100001
70956359
776592443
654424863
100001
100001
70956359
263970367
455217884
83460899
100001
70956359
100001
100001
100001
100001
70956359
100003
169065816
100002
100001
70956359
100002
623122590
100001
100001
70956359
908897586
380944543
100064
100001
70956359
615195220
777446039
175583618
100001
70956359
100001
100004
818923137
100001
70956359
100002
100001
737609671
100001
70956359
167857297
613184137
100005
100001
70956359
265018947
100032
100001
100001
70956359
55227701
100001
100003
100001
70956359
452800706
775241334
195940448
100001
70956359
100001
966407631
821103925
100001
70956359
100001
100001
100001
100001
70956359
274436024
359123894
100002
100001
70956359
100003
476958930
369123235
100001
70956359
987927181
812524418
100001
100001
70956359
100001
100009
489874800
100001
70956359
977245751
523869341
100001
100001
70956359
100002
568627287
825886529
100001
70956359
561281033
100004
100003
100001
70956359
100003
100006
158703099
100001
70956359
898363815
821451728
118728291
100001
70956359
100001
100008
285098733
100001
70956359
160657803
100012
193181065
100001
70956359
44741934
174540381
716562239
100001
70956359
100001
100001
193421242
100001
70956359
100036
584761651
236584016
100001
70956359
421641364
100003
404179435
100001
70956359
100001
653264096
100001
100001
70956359
100001
816811700
100001
100001
70956359
100002
784309774
100001
100001
70956359
100001
290140772
881939838
100001
70956359
100001
444257015
100001
100001
70956359
732249680
420421393
100001
100001
70956359
100001
100001
774670416
100001
70956359
658680661
371761080
100001
100001
70956359
100001
285847030
100003
100001
70956359
448688430
100001
100001
100001
70956359
267370332
177722528
100005
100001
70956359
446418993
100001
100002
100001
70956359
959878589
703889975
45126021
100001
70956359
462950096
722147887
100008
100001
70956359
419750048
100001
425831061
100001
70956359
35164534
100001
629492844
100001
70956359
619868502
445395410
174453329
100001
70956359
605428873
901449420
100001
100001
70956359
100001
515233571
100002
100001
70956359
80214516
536951718
100006
100001
70956359
242377537
801650444
100001
100001
70956359
100003
100001
100666
100001
70956359
979217051
952416335
100001
100001
70956359
100001
100001
100001
100001
70956359
122289375
100001
100001
100001
70956359
650213185
659948827
22236006
100001
70956359
100001
175829172
716562238
100001
70956359
100010
845709698
916770703
100001
70956359
100001
215502733
100001
100001
70956359
535625911
536115655
647750572
100001
70956359
100022
100007
100001
100001
70956359
100001
53691503
338218496
100001
70956359
531923264
624551558
210407911
100001
70956359
799317624
100001
907936017
100001
70956359
179209389
100002
680591437
100001
70956359
619898022
100001
189200568
100001
70956359
174748334
122658875
100001
100001
70956359
604379209
100001
111728566
100001
70956359
100001
649824500
100001
100001
70956359
581103729
100002
571999789
100001
70956359
220044258
100002
273387448
100001
70956359
687603037
333223267
306304987
100001
70956359
439890382
122524587
100010
100001
70956359
100001
481379388
289883326
100001
70956359
962478358
100001
906034977
100001
70956359
196064655
100057
100001
100001
70956359
652943678
176845490
730188601
100001
70956359
100002
160248180
847408121
100001
70956359
214247182
100002
833444151
100001
70956359
100002
436832624
100005
100001
70956359
100022
383697664
100001
100001
70956359
100001
820579634
534834549
100001
70956359
975507544
905602366
151079043
100001
70956359
100003
401110427
545827300
100001
70956359
100001
100001
100002
100001
70956359
100001
353673124
100001
100001
70956359
983687664
100001
305485064
100001
70956359
935367064
645391270
88486202
100001
70956359
654424863
653306693
100001
100001
70956359
100001
8407568
100001
100001
70956359
100001
488719431
100012
100001
70956359
100001
100007
371744679
100001
70956359
100002
903072603
100001
100001
70956359
100001
442915672
100001
100001
70956359
100001
100001
100006
100001
70956359
639454326
476958930
815138622
100001
70956359
53130548
842964329
969818401
100001
70956359
810927280
100003
100011
100001
70956359
635260019
100005
100001
100001
70956359
682892686
906742624
100001
100001
70956359
100006
100001
762980498
100001
70956359
52081971
561378689
845958069
100001
70956359
100014
100001
236206296
100001
70956359
994480148
100001
67810626
100001
70956359
905464655
835718060
100002
100001
70956359
754955159
100002
100001
100001
70956359
856769955
100002
100001
100001
70956359
198730968
295686097
186595239
100001
70956359
100003
777314956
981066219
100001
70956359
185294768
451261360
100001
100001
70956359
100001
732249680
100001
100001
70956359
656370958
100002
100027
100001
70956359
538242429
100007
965145528
100001
70956359
688317559
100002
100001
100001
70956359
640461629
100001
637456468
100001
70956359
766852711
347037737
358375318
100001
70956359
100001
100001
944561186
100001
70956359
100001
100002
100001
100001
70956359
178810164
100002
726538811
100001
70956359
100001
100023
100001
100001
70956359
265018947
100002
910362328
100001
70956359
688317555
100002
630405474
100001
70956359
167801503
84801030
234109144
100001
70956359
127486060
514053921
147180552
100001
70956359
407980531
908265174
100001
100001
70956359
872502649
96853497
100001
100001
70956359
100001
100001
518273550
100001
70956359
100010
41980284
680390964
100001
70956359
100001
439276191
793217887
100001
70956359
101793804
447615052
816723798
100001
70956359
100004
791144130
821692223
100001
70956359
929045424
100004
100001
100001
70956359
100001
100001
274339478
100001
70956359
459804364
261873213
100001
100001
70956359
100001
100003
176693949
100001
70956359
100002
886376804
100002
100001
70956359
665139092
100001
100001
100001
70956359
914804619
512149787
39232872
100001
70956359
221867948
644555058
100046
100001
70956359
819214175
830298416
808204055
100001
70956359
941409466
100002
821012319
100001
70956359
100010
220061663
666033886
100001
70956359
100004
100001
876176939
100001
70956359
964773196
922907486
968774032
100001
70956359
856800824
905272874
740989394
100001
70956359
100002
100003
100001
100001
70956359
100001
100001
40003573
100001
70956359
980541930
100001
100001
100001
70956359
232779761
964102441
100001
100001
70956359
100045
535096696
830560565
100001
70956359
100001
100001
656370958
100001
70956359
633411791
887165574
675407278
100001
70956359
897344658
100007
910365441
100001
70956359
876696955
480068667
45614274
100001
70956359
100001
100001
100012
100001
70956359
832648050
647458049
581547110
100001
70956359
329239283
123693863
100007
100001
70956359
47223177
100002
771571315
100001
70956359
521018555
524602897
413913818
100001
70956359
100001
425831061
625664138
100001
70956359
845433780
832948636
349827294
100001
70956359
377254417
100001
358375316
100001
70956359
320945493
100001
100017
100001
70956359
100001
100001
100003
100001
70956359
353673125
970933591
531020566
100001
70956359
413827659
676196653
100001
100001
70956359
100001
100003
100001
100001
70956359
240590515
100001
244726574
100001
70956359
100002
100001
299770237
100001
70956359
889677366
100001
992874721
100001
70956359
849911836
100001
87872164
100001
70956359
760171358
607855184
506451743
100001
70956359
100001
261873214
100002
100001
70956359
877501987
100001
379895967
100001
70956359
881846351
100001
844262388
100001
70956359
100001
954504007
100001
100001
70956359
164711562
631216304
321571066
100001
70956359
100002
452779223
100015
100001
70956359
100002
164978591
100002
100001
70956359
100002
654879557
720154666
100001
70956359
100002
328017760
853508201
100001
70956359
100001
100008
573362716
100001
70956359
280167794
100002
570391770
100001
70956359
394618449
471466168
274574831
100001
70956359
978997662
452646269
100001
100001
70956359
868625979
100002
100001
100001
70956359
11331159
100070
887055925
100001
70956359
100001
100001
100013
100001
70956359
160514267
719216502
538148299
100001
70956359
717676359
402803410
586532276
100001
70956359
100003
951346645
100001
100001
70956359
134305435
897504176
886662706
100001
70956359
100002
70956358
69907780
100001
70956359
100003
382101184
100005
100001
70956359
100004
694699990
46295037
100001
70956359
100001
100011
100001
100001
70956359
955584471
775241337
841116656
100001
70956359
557092940
886793778
100001
100001
70956359
324338884
100001
891274527
100001
70956359
963826316
100001
100001
100001
70956359
11322286
100001
100002
100001
70956359
478385364
100001
732249680
100001
70956359
100001
100001
100001
100001
70956359
605428873
31793562
871895287
100001
70956359
123220911
974983253
33067382
100001
70956359
159199604
100001
100001
100001
70956359
43693357
908315489
378052546
100001
70956359
618965451
270163747
100025
100001
70956359
614792050
738469574
634460367
100001
70956359
100011
71509563
196032987
100001
70956359
317735375
54017715
100004
100001
70956359
130517854
100005
100002
100001
70956359
512531611
100001
100001
100001
70956359
823725372
829508395
100001
100001
70956359
100002
623912941
466855569
100001
70956359
100002
179053251
192720302
100001
70956359
443140252
100001
100004
100001
70956359
25153933
341992295
213284235
100001
70956359
782218110
877381396
404179435
100001
70956359
100002
496502923
100001
100001
70956359
100001
100006
40931708
100001
70956359
481939669
759876439
569571876
100001
70956359
937118919
415857588
903654704
100001
70956359
714953314
975560495
100001
100001
70956359
903613959
703830440
671358344
100001
70956359
100005
100031
797456135
100001
70956359
914149256
100001
100075
100001
70956359
100001
879561042
418114881
100001
70956359
100002
113249172
100001
100001
70956359
147180552
638999867
202618264
100001
70956359
557092941
100002
100002
100001
70956359
719278025
229914835
100002
100001
70956359
910365437
794837567
100001
100001
70956359
100001
100021
100001
100001
70956359
100002
264152725
416591127
100001
70956359
954099165
316790758
56571398
100001
70956359
688317559
520446135
340738102
100001
70956359
349610583
100001
100001
100001
70956359
608903760
654273800
413853147
100001
70956359
100002
193644515
982013352
100001
70956359
247779653
100001
100007
100001
70956359
100001
150030465
282439157
100001
70956359
736443988
969818401
793788991
100001
70956359
542010844
248064510
747382478
100001
70956359
63616320
543772493
305256409
100001
70956359
100003
486396124
100001
100001
70956359
219180967
776787586
309301111
100001
70956359
645391270
391013961
100001
100001
70956359
604756051
100004
100001
100001
70956359
100001
486243498
100001
100001
70956359
100004
353673123
465905764
100001
70956359
934302876
100001
974643683
100001
70956359
100001
100018
48707073
100001
70956359
918713178
261873212
100006
100001
70956359
845958069
375326263
40003575
100001
70956359
978915417
896277074
100001
100001
70956359
118744675
100001
54191121
100001
70956359
100002
832113986
100001
100001
70956359
702349732
504354591
263970367
100001
70956359
80835543
100001
100001
100001
70956359
100002
781498608
100001
100001
70956359
100002
100001
100002
100001
70956359
100001
52093967
989188166
100001
70956359
306797795
100004
776289916
100001
70956359
100001
135760738
100025
100001
70956359
808353821
112932131
100001
100001
70956359
100001
813476784
100001
100001
70956359
185807241
100006
100001
100001
70956359
702855766
100006
100001
100001
70956359
100013
556326035
100003
100001
70956359
586746160
233093069
294740033
100001
70956359
175857576
100002
480510394
100001
70956359
100001
100002
643083073
100001
70956359
808204053
579067573
100001
100001
70956359
100001
100002
59319851
100001
70956359
100005
65713473
958225892
100001
70956359
775241336
56571398
655219181
100001
70956359
100001
991899850
892896561
100001
70956359
45126020
931324813
52901379
100001
70956359
177430440
172363333
100002
100001
70956359
266064479
160248180
100003
100001
70956359
100001
923980537
791144126
100001
70956359
100028
100001
270241717
100001
70956359
378847390
49996815
465351962
100001
70956359
125959813
42757301
881939840
100001
70956359
180826503
100001
100001
100001
70956359
100003
100001
336226317
100001
70956359
100001
306097858
135760738
100001
70956359
735823932
100001
97232574
100001
70956359
100001
711802207
100001
100001
70956359
100001
100001
100001
100001
70956359
100001
100001
33967820
100001
70956359
100002
881190988
692114307
100001
70956359
652527275
100017
100001
100001
70956359
500059165
101793804
869440234
100001
70956359
100001
336032889
413760436
100001
70956359
881939842
100002
850140010
100001
70956359
78559715
100001
404825848
100001
70956359
100002
909626210
655403847
100001
70956359
159337600
100002
501848879
100001
70956359
881715279
100001
100004
100001
70956359
323082218
133080081
100001
100001
70956359
500938676
100001
100002
100001
70956359
717348677
906218334
715003004
100001
70956359
82412322
100001
100002
100001
70956359
840402981
661501275
74229162
100001
70956359
147423006
100130
688317559
100001
70956359
498515140
87158666
173138388
100001
70956359
100001
254273623
100001
100001
70956359
635771088
100001
48271754
100001
70956359
440439623
961365321
875708680
100001
70956359
74753453
49755651
100027
100001
70956359
97373016
100002
100001
100001
70956359
338889709
100002
100001
100001
70956359
130725232
100005
101567324
100001
70956359
819531058
839720124
100008
100001
70956359
100106
100003
100002
100001
70956359
266591811
723298025
100001
100001
70956359
31818388
130517854
550071900
100001
70956359
100001
100004
766852711
100001
70956359
100001
100002
255724706
100001
70956359
100002
59003026
538242428
100001
70956359
288032124
273001961
100003
100001
70956359
907952359
680977521
100002
100001
70956359
100001
100003
521912223
100001
70956359
100001
672406923
100005
100001
70956359
100359
100001
100001
100001
70956359
613743467
100002
100001
100001
70956359
172313752
740566729
100002
100001
70956359
395593845
659948828
420853671
100001
70956359
100001
100001
437094769
100001
70956359
569047587
821708424
100002
100001
70956359
100026
972264204
321304595
100001
70956359
540862267
904986892
676196653
100001
70956359
308482543
646092843
350296742
100001
70956359
784400633
100001
595328532
100001
70956359
42622131
646339913
100001
100001
70956359
100002
865423736
100001
100001
70956359
332339066
643648633
100002
100001
70956359
100001
740989394
100012
100001
70956359
100003
191052950
351547933
100001
70956359
100010
100001
100001
100001
70956359
100002
131370889
100001
100001
70956359
450780003
100001
659511646
100001
70956359
100001
692740605
718200652
100001
70956359
679746956
100001
656370959
100001
70956359
647458049
459489505
100002
100001
70956359
364556080
602135115
880757340
100001
70956359
219246503
100005
146043518
100001
70956359
100003
100002
100007
100001
70956359
307353563
418333363
100002
100001
70956359
169079620
147180551
603619383
100001
70956359
100001
100001
100001
100001
70956359
100001
100001
821805217
100001
70956359
147180552
304207832
173699751
100001
70956359
100001
100005
100001
100001
70956359
331042434
100001
100003
100001
70956359
324089855
534069424
100002
100001
70956359
956489268
688980036
817772381
100001
70956359
100013
100001
821103925
100001
70956359
482590551
293441015
234328072
100001
70956359
832166102
821371908
100005
100001
70956359
779462091
100001
100062
100001
70956359
491376865
635494133
42001511
100001
70956359
648044443
100002
818835197
100001
70956359
416906167
160248180
100001
100001
70956359
100004
403570033
46295039
100001
70956359
176720061
833041101
185807243
100001
70956359
91989690
501754217
100004
100001
70956359
172363331
132471720
74229642
100001
70956359
100001
100005
140098177
100001
70956359
100001
373317545
611774955
100001
70956359
100001
304438492
557022264
100001
70956359
661034882
100001
160922217
100001
70956359
645867007
356468098
182231991
100001
70956359
494845116
40672429
100003
100001
70956359
532415316
893486906
808494500
100001
70956359
918175057
100001
126239897
100001
70956359
883755357
239352029
520703497
100001
70956359
100003
100001
737492569
100001
70956359
100002
982639083
278009499
100001
70956359
352721587
100001
100001
100001
70956359
120530515
100002
100015
100001
70956359
172097364
100001
100001
100001
70956359
180826503
345877332
100001
100001
70956359
100001
701823540
636076392
100001
70956359
100001
962478358
100001
100001
70956359
822740799
986182655
801249758
100001
70956359
658249408
994710153
907936017
100001
70956359
268668852
373333949
396353514
100001
70956359
101567323
952416335
100008
100001
70956359
100001
100001
323565567
100001
70956359
615342728
263970371
753745505
100001
70956359
686424155
442915677
100001
100001
70956359
640260977
100013
459804366
100001
70956359
847814678
22498151
100001
100001
70956359
80255479
100004
100001
100001
70956359
100001
904490468
100001
100001
70956359
100001
100004
100007
100001
70956359
100006
741906972
48182785
100001
70956359
316343471
909201918
100001
100001
70956359
100518746
100001
244743322
100001
70956359
100001
100001
100001
100001
70956359
100001
84584145
758464098
100001
70956359
648484873
100002
707118238
100001
70956359
186595239
395050349
100001
100001
70956359
100002
3522039
100003
100001
70956359
261873214
100001
100001
100001
70956359
100001
100001
100002
100001
70956359
492888909
100001
609307991
100001
70956359
491376865
737323197
137138065
100001
70956359
100001
100011
100014
100001
70956359
935118000
649757169
414912409
100001
70956359
383833825
100021
410635668
100001
70956359
100001
100001
954753321
100001
70956359
100001
165491386
501934447
100001
70956359
814128867
100001
100002
100001
70956359
370917530
581486419
859488850
100001
70956359
968774032
100001
100008
100001
70956359
100001
59068567
100006
100001
70956359
938263736
211157230
631478449
100001
70956359
821805216
133024748
645291334
100001
70956359
100007
100001
634460367
100001
70956359
416906166
883755357
530372088
100001
70956359
100001
668339447
100001
100001
70956359
856601654
100003
148192229
100001
70956359
100001
302427838
100009
100001
70956359
100003
133663586
100002
100001
70956359
306622146
100001
34439832
100001
70956359
450613301
528206006
362831770
100001
70956359
771571315
100002
100001
100001
70956359
68815148
100001
452277966
100001
70956359
616230780
329501072
100001
100001
70956359
100001
65776852
941409466
100001
70956359
687603034
936594631
100001
100001
70956359
125172959
422685330
100001
100001
70956359
100001
100002
633740638
100001
70956359
934455793
615195219
100001
100001
70956359
747237272
659026313
865398519
100001
70956359
100005
567578707
88769832
100001
70956359
587886222
421636753
100001
100001
70956359
976119358
100001
100003
100001
70956359
169685374
270331743
256066062
100001
70956359
366928926
100001
100011
100001
70956359
100001
710954872
45126021
100001
70956359
948391146
347156871
100001
100001
70956359
100001
347037737
399879104
100001
70956359
673707806
100004
512142189
100001
70956359
968245533
655219182
284433494
100001
70956359
360096745
621329117
199856600
100001
70956359
94160437
100004
100001
100001
70956359
477971515
100001
100001
100001
70956359
108641438
100001
100002
100001
70956359
100001
100001
974643684
100001
70956359
159228289
700121502
100001
100001
70956359
586404653
490816589
100001
100001
70956359
579067573
670491754
100006
100001
70956359
100001
390862883
322758357
100001
70956359
333598445
322141531
229914835
100001
70956359
100015
386302427
651582799
100001
70956359
736443992
746232282
100005
100001
70956359
46295039
629492846
100002
100001
70956359
100001
45614274
100013
100001
70956359
605016293
100003
900892479
100001
70956359
128801696
100001
176906152
100001
70956359
100002
100002
214209003
100001
70956359
628262364
494111373
939568623
100001
70956359
100001
100001
975594273
100001
70956359
269064708
100001
11641058
100001
70956359
383557578
444519074
235682964
100001
70956359
301117115
100001
170733951
100001
70956359
165510200
922063603
61929814
100001
70956359
100001
100001
621353116
100001
70956359
100001
161558903
521190481
100001
70956359
887296649
100003
100001
100001
70956359
229914835
96728058
100001
100001
70956359
100004
100002
404179435
100001
70956359
276069731
100003
100001
100001
70956359
529047542
182174106
355229583
100001
70956359
100001
504937679
100004
100001
70956359
100002
100001
397333626
100001
70956359
100001
728246010
484865049
100001
70956359
286356031
371606137
395760759
100001
70956359
860995132
100001
896922697
100001
70956359
736710189
100001
531249310
100001
70956359
611483714
100001
100008
100001
70956359
628758698
100001
881419824
100001
70956359
586746160
100001
612049491
100001
70956359
148192229
100001
883755357
100001
70956359
714330718
923999995
100001
100001
70956359
100002
43988480
100001
100001
70956359
357444059
100004
173760423
100001
70956359
100011
901173739
55522822
100001
70956359
528206006
100020
883755359
100001
70956359
100002
100002
139020407
100001
70956359
433535662
100001
73705354
100001
70956359
185644637
100018
100002
100001
70956359
100002
770522734
107163208
100001
70956359
100001
100003
747237272
100001
70956359
100001
665851104
994173432
100001
70956359
731653821
602528332
100001
100001
70956359
79797280
198315978
130631793
100001
70956359
167561160
184770473
42804278
100001
70956359
81888030
263029665
100001
100001
70956359
968766934
656554789
954404819
100001
70956359
100002
100001
100001
100001
70956359
100002
844262388
100001
100001
70956359
893380404
21015225
100004
100001
70956359
100001
100002
490775208
100001
70956359
772856880
303159253
100002
100001
70956359
100001
100001
816010884
100001
70956359
100001
482463959
671358345
100001
70956359
100001
810825502
807137305
100001
70956359
265197087
604725507
937872705
100001
70956359
100001
100001
100009
100001
70956359
100001
606375234
570391770
100001
70956359
100004
100002
742178010
100001
70956359
100016
541945670
100006
100001
70956359
860995132
432662838
100001
100001
70956359
193421241
815138621
674571686
100001
70956359
385253849
475768190
404179433
100001
70956359
876176938
164711562
638621993
100001
70956359
381220701
100002
281617574
100001
70956359
100092
551317235
100001
100001
70956359
909364065
100054
100003
100001
70956359
860995130
386520173
62432488
100001
70956359
100001
234328069
100001
100001
70956359
100010
100002
966558334
100001
70956359
100001
616243798
588955960
100001
70956359
314744209
482427968
100001
100001
70956359
812660512
100011
939208548
100001
70956359
100001
443439967
100002
100001
70956359
234044673
64664897
216283338
100001
70956359
100001
100007
346925908
100001
70956359
57619975
215160825
563908688
100001
70956359
589459086
100003
100001
100001
70956359
100002
642145597
100001
100001
70956359
100001
100007
407133491
100001
70956359
697933923
100001
614792052
100001
70956359
100001
100002
100001
100001
70956359
776289914
100002
643635411
100001
70956359
900468230
100003
367404680
100001
70956359
39232870
774924967
100002
100001
70956359
100001
100004
705353697
100001
70956359
983323428
100005
100005
100001
70956359
100001
376975366
100002
100001
70956359
100001
513580189
481939669
100001
70956359
437426256
679706881
100001
100001
70956359
100001
741686877
674096556
100001
70956359
100001
322758355
892728338
100001
70956359
100025
720870480
54167947
100001
70956359
100001
446878464
489279709
100001
70956359
559714382
100001
614792048
100001
70956359
100001
100001
100001
100001
70956359
100002
100002
100002
100001
70956359
564957266
100003
572314139
100001
70956359
361201230
100001
933213987
100001
70956359
425886857
100001
413782742
100001
70956359
100002
221942269
45841201
100001
70956359
728901371
893380405
566445301
100001
70956359
100005
833473132
100006
100001
70956359
65355283
504981604
622074013
100001
70956359
175454229
630692014
100004
100001
70956359
757031818
632062908
100001
100001
70956359
122289375
100001
100001
100001
70956359
100004
100001
443470497
100001
70956359
100001
100001
491340877
100001
70956359
100008
356115089
331854054
100001
70956359
623122590
644242755
100001
100001
70956359
303159253
127486060
100001
100001
70956359
954522662
50385011
577187057
100001
70956359
100004
100001
100001
100001
70956359
100001
119943409
537097966
100001
70956359
661034883
100001
27300209
100001
70956359
638345462
100023
100054
100001
70956359
100002
953777675
329238642
100001
70956359
584387349
58373432
11372120
100001
70956359
633411790
815138622
100001
100001
70956359
614146643
867450540
561811535
100001
70956359
100001
793187901
280167792
100001
70956359
5600764
100001
354721702
100001
70956359
100001
897606805
100001
100001
70956359
770522736
993596041
245130055
100001
70956359
819873414
65713473
100002
100001
70956359
652746902
356032423
473829828
100001
70956359
775881741
539326251
146767009
100001
70956359
952350799
193421241
460852943
100001
70956359
100001
262596970
209360876
100001
70956359
776289916
63616320
70930011
100001
70956359
100003
100001
442915678
100001
70956359
100151
276594022
828892562
100001
70956359
100001
160579805
100001
100001
70956359
648251985
100001
525893940
100001
70956359
100006
979362280
210400651
100001
70956359
273001961
100002
423197625
100001
70956359
100001
235913843
347974486
100001
70956359
259627470
100002
964575513
100001
70956359
100001
100001
650320191
100001
70956359
249083366
100002
100001
100001
70956359
100003
100002
233060568
100001
70956359
307433966
993384427
301765874
100001
70956359
10797998
100001
100002
100001
70956359
792061636
187120789
100003
100001
70956359
100004
885609860
100215
100001
70956359
538973001
865189440
100001
100001
70956359
988657415
100001
147180551
100001
70956359
100002
100001
100001
100001
70956359
100001
618965451
100001
100001
70956359
627816909
100001
144601723
100001
70956359
100001
100002
64664897
100001
70956359
298847749
100001
679699891
100001
70956359
100009
100001
60541823
100001
70956359
994173432
173355393
41835697
100001
70956359
100001
400217219
100001
100001
70956359
146131974
605428871
100002
100001
70956359
100002
100001
100001
100001
70956359
476816766
123580913
984191147
100001
70956359
100001
100001
669511971
100001
70956359
100004
120333126
432662838
100001
70956359
100001
100001
100002
100001
70956359
266591811
772680544
809926688
100001
70956359
100001
100001
131566432
100001
70956359
814525362
78559715
733152419
100001
70956359
100001
642058397
100001
100001
70956359
451153637
956900209
658954587
100001
70956359
100067
100002
100001
100001
70956359
100001
198315978
785214582
100001
70956359
100018
8241174
173018697
100001
70956359
100010
560233538
742735453
100001
70956359
835279514
347090181
100035
100001
70956359
972919565
857097807
100001
100001
70956359
434146004
100001
915837080
100001
70956359
100001
100002
92382768
100001
70956359
969822950
746188694
100001
100001
70956359
100013
100005
781340840
100001
70956359
628023438
987677436
125172959
100001
70956359
100005
100001
300013524
100001
70956359
881133912
100001
100001
100001
70956359
100020
100004
100001
100001
70956359
377254417
521573983
100001
100001
70956359
100002
434735465
100001
100001
70956359
770522734
224721521
100018
100001
70956359
100004
573362717
721276602
100001
70956359
683210599
100001
100002
100001
70956359
603619386
100001
100001
100001
70956359
307860970
586837646
364556080
100001
70956359
100001
362831770
375326263
100001
70956359
100003
100001
877205592
100001
70956359
231708309
100001
938909458
100001
70956359
412925426
422362103
100003
100001
70956359
559119422
100001
942464032
100001
70956359
169850292
179209394
929045424
100001
70956359
945204729
994173432
582402355
100001
70956359
632954200
144641403
522148733
100001
70956359
164544776
100001
34439830
100001
70956359
771435322
503626955
98121329
100001
70956359
100002
155011220
27300208
100001
70956359
100001
100002
129507247
100001
70956359
987701945
100001
247327218
100001
70956359
859046548
100001
16118681
100001
70956359
900400842
60997397
100001
100001
70956359
100002
709165486
497228056
100001
70956359
100001
100001
100001
100001
70956359
100001
97418110
737085381
100001
70956359
100002
128225153
100002
100001
70956359
987374329
468229506
509471579
100001
70956359
492263136
893486906
100003
100001
70956359
80112432
169435040
647750570
100001
70956359
927581502
100001
100001
100001
70956359
220044258
100004
65713473
100001
70956359
100008
380676786
821246793
100001
70956359
650150390
100001
860500303
100001
70956359
100001
199464826
830560564
100001
70956359
61679150
100002
376975367
100001
70956359
397857917
644242755
888556638
100001
70956359
481379389
99366515
100001
100001
70956359
359834597
439890381
200380888
100001
70956359
100002
629492844
217585922
100001
70956359
702349732
100001
100001
100001
70956359
977080408
100002
64132147
100001
70956359
274012827
100001
934439404
100001
70956359
319862801
304962784
100001
100001
70956359
100001
100006
343907310
100001
70956359
97897305
100001
100004
100001
70956359
100001
943506618
100002
100001
70956359
100013
100001
635444580
100001
70956359
100001
388044996
870154
100001
70956359
100001
100004
100002
100001
70956359
100001
450024193
42304155
100001
70956359
149765093
977866841
100001
100001
70956359
823725371
100002
182725075
100001
70956359
100001
100002
100001
100001
70956359
478799490
100001
252840585
100001
70956359
100001
516025184
100001
100001
70956359
80231221
100005
100001
100001
70956359
571669032
31818388
775241336
100001
70956359
678240681
100013
371703964
100001
70956359
629100706
191052950
100001
100001
70956359
100001
266443217
881133912
100001
70956359
100001
744832606
277151084
100001
70956359
304000705
100001
167588217
100001
70956359
573959278
100003
100002
100001
70956359
349023062
100003
717789734
100001
70956359
613098067
817860277
100003
100001
70956359
100001
100003
484753861
100001
70956359
539497289
266591811
100001
100001
70956359
897606806
647458050
992600568
100001
70956359
100001
100001
100001
100001
70956359
799317624
100002
974983253
100001
70956359
891658490
62034993
100001
100001
70956359
100002
494250640
100001
100001
70956359
588319026
100002
909364065
100001
70956359
237168455
724674289
188169366
100001
70956359
908315489
567737408
100001
100001
70956359
790118974
100001
100003
100001
70956359
226492012
606367041
815573938
100001
70956359
157774480
100001
890725943
100001
70956359
100001
100001
765032809
100001
70956359
100002
532297886
782788936
100001
70956359
536639944
100002
100001
100001
70956359
911985506
100001
638999867
100001
70956359
77526825
100001
100002
100001
70956359
100003
100002
476816768
100001
70956359
52093967
607030601
100001
100001
70956359
100001
263970367
100001
100001
70956359
361157525
587702593
100005
100001
70956359
623912940
100001
346925908
100001
70956359
205754846
100001
171566157
100001
70956359
100002
344938052
100001
100001
70956359
100001
16905115
643375408
100001
70956359
100001
100001
100001
100001
70956359
1696249
741163708
188169365
100001
70956359
100001
100004
969298323
100001
70956359
100001
31494517
909626210
100001
70956359
54191123
464225698
208114142
100001
70956359
844398976
618965454
969818403
100001
70956359
41146401
100001
791691838
100001
70956359
100001
100004
38310266
100001
70956359
100001
995484152
870432325
100001
70956359
109515556
327669639
422856220
100001
70956359
100012
397002871
741615307
100001
70956359
287348656
100003
521883147
100001
70956359
100004
100001
100002
100001
70956359
6405626
574827740
100002
100001
70956359
100001
180888261
100004
100001
70956359
579039689
100001
100001
100001
70956359
100001
100027
392683370
100001
70956359
100025
129053016
100001
100001
70956359
689213461
100002
100001
100001
70956359
100001
791144129
100003
100001
70956359
630541422
642145599
271587495
100001
70956359
45390522
100001
703660453
100001
70956359
100001
499694792
100001
100001
70956359
100004
171642185
405752305
100001
70956359
185530545
100001
640227328
100001
70956359
100029
100036
134457876
100001
70956359
100001
100006
100001
100001
70956359
748810139
100027
100003
100001
70956359
3438015
8407569
100003
100001
70956359
65713473
332338039
501770331
100001
70956359
610409615
17792126
536966527
100001
70956359
100002
815138622
647305223
100001
70956359
687734878
527948280
100001
100001
70956359
100001
452891967
100002
100001
70956359
100679
514014427
42587653
100001
70956359
100001
164711758
100001
100001
70956359
100001
239218776
100002
100001
70956359
167781043
644555059
139484219
100001
70956359
100010
970933590
109515557
100001
70956359
253307391
166284432
645603635
100001
70956359
540376525
100002
100054
100001
70956359
100001
45037057
125799260
100001
70956359
881658202
791691838
987053995
100001
70956359
100002
941378765
683941267
100001
70956359
646339913
978500161
100001
100001
70956359
849911835
990009286
100001
100001
70956359
162964995
361226023
100003
100001
70956359
227069760
59422010
38310266
100001
70956359
168681178
606801705
481379389
100001
70956359
72558140
100001
100001
100001
70956359
883549228
137971830
52093967
100001
70956359
100001
100001
148981887
100001
70956359
238304405
30445940
548530026
100001
70956359
651316760
172633218
70423611
100001
70956359
892867340
892703760
988750525
100001
70956359
602023982
100001
611483714
100001
70956359
342503951
859488850
678698380
100001
70956359
783367812
100001
476816766
100001
70956359
146884733
100002
857915984
100001
70956359
432630070
354721702
100007
100001
70956359
93035619
842933736
100004
100001
70956359
161438559
100002
73180585
100001
70956359
818835197
459804366
927581502
100001
70956359
100002
129708383
196049371
100001
70956359
181856721
100001
647842943
100001
70956359
962478358
100001
100002
100001
70956359
451399733
69907781
550071900
100001
70956359
100001
100001
49320331
100001
70956359
756289506
821701601
100001
100001
70956359
100002
380252174
100002
100001
70956359
838063846
100001
722344497
100001
70956359
27937649
82146263
831861616
100001
70956359
100010
552810180
560823363
100001
70956359
867766804
100569967
542272989
100001
70956359
100001
992957405
100015
100001
70956359
415542543
881255162
67810626
100001
70956359
916770703
100001
388355185
100001
70956359
924323520
100003
100001
100001
70956359
100025
100001
100001
100001
70956359
100001
100001
100001
100001
70956359
100001
100015
100002
100001
70956359
742431189
904986891
100001
100001
70956359
537688523
878594649
662026356
100001
70956359
100001
357181915
271686098
100001
70956359
100002
100001
100001
100001
70956359
469268696
663385998
100002
100001
70956359
100004
100002
154421395
100001
70956359
100008
869709906
100001
100001
70956359
969036517
243426114
336032889
100001
70956359
60470586
347468185
100001
100001
70956359
100001
885609860
621273364
100001
70956359
100001
935118007
571440346
100001
70956359
905694045
100001
100001
100001
70956359
514976608
100005
100001
100001
70956359
100004
100001
100004
100001
70956359
969298323
198315978
647750571
100001
70956359
100001
100016
890293104
100001
70956359
976918070
63616320
84846291
100001
70956359
100002
100004
100001
100001
70956359
100001
606109108
100016
100001
70956359
52093967
449934415
873363965
100001
70956359
49996815
649535805
827919678
100001
70956359
425173762
100001
304700636
100001
70956359
100001
782218110
100001
100001
70956359
100002
100001
303389912
100001
70956359
100003
732512453
100001
100001
70956359
889677366
100001
626858775
100001
70956359
927581502
100001
60470587
100001
70956359
100003
100001
909000936
100001
70956359
100001
100001
100003
100001
70956359
100001
646339912
100002
100001
70956359
100007
563908688
909508886
100001
70956359
100011
379220500
100002
100001
70956359
450675617
100006
100002
100001
70956359
100001
100002
197065172
100001
70956359
704487532
962728672
612007346
100001
70956359
100001
100001
100002
100001
70956359
62876183
709100427
657987264
100001
70956359
477313988
100001
100001
100001
70956359
346926340
100001
60462128
100001
70956359
743742689
753484122
100001
100001
70956359
414809012
824837952
498908357
100001
70956359
100002
780641113
100001
100001
70956359
767765304
211089303
100001
100001
70956359
773144181
561281032
276172418
100001
70956359
552165484
100003
909364065
100001
70956359
100001
100001
100001
100001
70956359
100001
100002
56276277
100001
70956359
960700199
100011
996268516
100001
70956359
100016
288468474
100002
100001
70956359
869271586
370188214
100001
100001
70956359
450613301
40439640
976686879
100001
70956359
506771872
141117560
284443829
100001
70956359
100001
517954420
100020
100001
70956359
100002
100020
100002
100001
70956359
993224200
273357463
672442819
100001
70956359
100001
201145413
100001
100001
70956359
100009
395534308
323028164
100001
70956359
100001
943506618
84584147
100001
70956359
100001
45817036
311547872
100001
70956359
100001
655225222
291679258
100001
70956359
100001
702349729
632638575
100001
70956359
455024084
100003
234872847
100001
70956359
105069098
385253848
951346645
100001
70956359
100001
175764055
951627261
100001
70956359
804850974
520976712
199856600
100001
70956359
100001
687603036
899271512
100001
70956359
962753169
100002
613336449
100001
70956359
100003
738469575
100001
100001
70956359
100001
100007
654252050
100001
70956359
100001
100001
100005
100001
70956359
100001
989799102
100004
100001
70956359
495878632
466935200
883713073
100001
70956359
100013
50385011
145194142
100001
70956359
492158137
644214806
100001
100001
70956359
100013
100002
100001
100001
70956359
110554744
409114669
100001
100001
70956359
100290
274574827
162614405
100001
70956359
770889915
726902519
100001
100001
70956359
64966018
69907780
100043
100001
70956359
714953314
589459088
476816767
100001
70956359
94107412
892215368
100004
100001
70956359
859488850
266387643
100001
100001
70956359
100003
426804367
100001
100001
70956359
100001
100001
100001
100001
70956359
993576633
100001
648437067
100001
70956359
100001
100002
100002
100001
70956359
582266999
100002
351760259
100001
70956359
732249679
658680660
100001
100001
70956359
100001
962756968
100001
100001
70956359
340744248
100003
100001
100001
70956359
47899661
436770896
708681844
100001
70956359
784486568
100069
905694045
100001
70956359
874019325
920336342
78742301
100001
70956359
100001
501934446
883465255
100001
70956359
296348441
100001
164551351
100001
70956359
100003
873551226
100004
100001
70956359
955542275
100001
816010884
100001
70956359
100001
395050348
545663451
100001
70956359
100001
615195221
586910490
100001
70956359
100001
389202119
100001
100001
70956359
111603325
100001
100008
100001
70956359
134826100
816385318
100001
100001
70956359
391013961
100004
799544004
100001
70956359
100002
278769140
476816766
100001
70956359
100001
34513777
100004
100001
70956359
100001
823789375
465958175
100001
70956359
621793879
100001
21330964
100001
70956359
100001
100001
784876090
100001
70956359
869077529
100001
87511839
100001
70956359
379625411
100001
971045567
100001
70956359
881255162
100001
504354591
100001
70956359
100001
97232574
618199926
100001
70956359
100003
100001
176021977
100001
70956359
407790584
630692014
100001
100001
70956359
31818387
229914835
645603637
100001
70956359
370188214
100001
688317555
100001
70956359
905643728
274050537
227250697
100001
70956359
100004
100001
100015
100001
70956359
452276416
100001
841817279
100001
70956359
755318370
34063320
858432139
100001
70956359
100001
149665674
100006
100001
70956359
100001
100001
100005
100001
70956359
100002
100001
100001
100001
70956359
100001
100002
100001
100001
70956359
374998577
100001
113077121
100001
70956359
951346645
638102173
100004
100001
70956359
250802130
676118939
100003
100001
70956359
100001
772856880
100004
100001
70956359
304081700
58373433
305485064
100001
70956359
667902880
820743870
100002
100001
70956359
540175829
775241337
879120759
100001
70956359
100001
59717129
100002
100001
70956359
172097360
776289914
500983893
100001
70956359
100001
100014
521555466
100001
70956359
897922128
587794738
100012
100001
70956359
100002
100001
100010
100001
70956359
720538705
100002
100008
100001
70956359
785924667
100001
574296821
100001
70956359
100001
505068752
100002
100001
70956359
112324225
100001
100003
100001
70956359
100002
494111373
100004
100001
70956359
959563844
175574606
100002
100001
70956359
59953311
100007
871987704
100001
70956359
100001
100002
100001
100001
70956359
100001
624371327
978997659
100001
70956359
393922666
100005
100007
100001
70956359
687210590
274050537
870934049
100001
70956359
40003575
239352029
658680658
100001
70956359
100019
681311570
449715051
100001
70956359
100001
100003
100010
100001
70956359
100001
478385364
405752305
100001
70956359
100001
100009
501770330
100001
70956359
517592869
168681179
100001
100001
70956359
763566456
808756647
102007790
100001
70956359
100002
736822440
100001
100001
70956359
170926776
100001
886793778
100001
70956359
100003
92771119
314246315
100001
70956359
517692275
233093069
675148076
100001
70956359
683408725
100001
833024714
100001
70956359
677923424
100002
178479017
100001
70956359
100002
242497757
311547872
100001
70956359
24595306
411261811
271290294
100001
70956359
100001
923773452
91989688
100001
70956359
31494517
100001
951175226
100001
70956359
909771032
304207832
183604824
100001
70956359
100002
782470139
521988488
100001
70956359
834211139
100001
280337239
100001
70956359
100002
98082202
60249969
100001
70956359
645391270
639041979
100002
100001
70956359
100001
897606805
584387348
100001
70956359
677769518
583502177
100009
100001
70956359
813418100
100001
100001
100001
70956359
100001
100001
100007
100001
70956359
667993323
524845364
264870352
100001
70956359
682164304
100001
100002
100001
70956359
168230732
509769516
113077121
100001
70956359
100001
242482816
368558228
100001
70956359
89339898
283313527
170740884
100001
70956359
388647603
100002
100001
100001
70956359
535591367
996020877
799317626
100001
70956359
137198742
100003
100001
100001
70956359
351727491
100003
100001
100001
70956359
317654199
100002
100001
100001
70956359
43149307
100004
100002
100001
70956359
171642185
459804367
100004
100001
70956359
859488851
636967497
994493190
100001
70956359
520117112
100001
234109144
100001
70956359
29721235
193181065
100002
100001
70956359
526608018
799553288
100001
100001
70956359
386520172
271672766
481379389
100001
70956359
526418229
591908206
486299668
100001
70956359
100001
100001
309975006
100001
70956359
100001
137623081
909763573
100001
70956359
640461629
100001
100001
100001
70956359
21015225
100001
100009
100001
70956359
879381083
242482817
100001
100001
70956359
158812311
907629048
100027
100001
70956359
482918851
963200330
770889915
100001
70956359
100008
656059210
222794243
100001
70956359
586486577
263029665
887055925
100001
70956359
942464032
764755557
454653011
100001
70956359
100002
297686639
782319235
100001
70956359
100002
489900897
610959426
100001
70956359
100008
100001
100001
100001
70956359
475062122
170652486
100001
100001
70956359
74764486
971045567
894778011
100001
70956359
606367041
711802207
100001
100001
70956359
100002
355592364
707330470
100001
70956359
100001
100013
903808718
100001
70956359
100001
144559108
669556383
100001
70956359
476816767
989675439
386920951
100001
70956359
184862117
100045
100001
100001
70956359
100001
100001
920070071
100001
70956359
555520073
517592869
381595663
100001
70956359
222141411
824249661
111097119
100001
70956359
428581636
180549129
100001
100001
70956359
100016
643648633
100002
100001
70956359
804850974
46295039
980349383
100001
70956359
935118006
903072603
100001
100001
70956359
950321388
710445183
100001
100001
70956359
61519165
100001
100001
100001
70956359
100001
100001
100002
100001
70956359
100049
100001
944561186
100001
70956359
568693863
751204683
100003
100001
70956359
100001
300013524
232568781
100001
70956359
533412523
164550983
758038293
100001
70956359
978997662
943512608
853197391
100001
70956359
779435647
501934447
71607715
100001
70956359
891494649
100001
869540652
100001
70956359
433928909
100006
959878587
100001
70956359
40003576
100002
395712242
100001
70956359
862479824
311362728
100001
100001
70956359
790118974
100002
100009
100001
70956359
876939601
100001
295342629
100001
70956359
649533452
168469927
100001
100001
70956359
100001
100001
845433780
100001
70956359
313878734
876176938
10797998
100001
70956359
897847932
43705354
323565565
100001
70956359
280563290
808204053
100001
100001
70956359
665139092
443439968
100186
100001
70956359
987276024
167333009
475768190
100001
70956359
333935735
613098067
959563844
100001
70956359
899267246
100254035
100001
100001
70956359
268668852
959683015
100001
100001
70956359
100002
234880627
100001
100001
70956359
914324590
100002
100002
100001
70956359
100001
100008
100002
100001
70956359
43705356
100001
100002
100001
70956359
313005015
985260528
624853940
100001
70956359
782193035
29397363
100003
100001
70956359
629002401
847408121
280831140
100001
70956359
196218825
618965451
168230730
100001
70956359
793786115
100001
655890110
100001
70956359
100002
100001
100007
100001
70956359
415857588
40931708
100002
100001
70956359
77427668
986133495
100001
100001
70956359
488719431
987256233
674155274
100001
70956359
809806765
821435342
100001
100001
70956359
100103
38744333
535724804
100001
70956359
100001
987256233
538972999
100001
70956359
169321901
496774161
100001
100001
70956359
100742
100001
405752305
100001
70956359
100005
100004
715495968
100001
70956359
100001
100001
100033
100001
70956359
626862691
559714382
133802512
100001
70956359
100001
100001
100002
100001
70956359
637951290
904121180
341420880
100001
70956359
581547110
100001
981066219
100001
70956359
355592363
401189824
823872006
100001
70956359
618965454
100002
100001
100001
70956359
96107388
189200567
706016407
100001
70956359
100003
623912940
876176938
100001
70956359
100001
100003
100002
100001
70956359
100018
614111821
100001
100001
70956359
100002
631478450
624961520
100001
70956359
222269955
100004
645291334
100001
70956359
100002
819531057
100001
100001
70956359
566197464
100001
904462111
100001
70956359
368621196
100001
119446580
100001
70956359
100001
41191716
398051449
100001
70956359
100001
100001
122289375
100001
70956359
290350144
735920329
671358344
100001
70956359
271290295
100004
100002
100001
70956359
100001
100052
600473648
100001
70956359
605044143
538673936
601714953
100001
70956359
100001
100001
100002
100001
70956359
968766933
100001
100002
100001
70956359
816461653
259068120
100007
100001
70956359
100002
100001
100001
100001
70956359
100001
100005
100006
100001
70956359
446418992
716085794
382101184
100001
70956359
720640553
56571398
521282130
100001
70956359
962478358
232568778
526831222
100001
70956359
100003
668248606
866727964
100001
70956359
516025185
100001
821103925
100001
70956359
100001
723368603
100001
100001
70956359
188169366
879561042
100003
100001
70956359
100001
100002
100002
100001
70956359
778387071
954289199
41048093
100001
70956359
100003
969571006
379220500
100001
70956359
897517658
100001
100001
100001
70956359
645603635
100001
436022694
100001
70956359
302290164
411231706
100001
100001
70956359
100001
476774721
534112879
100001
70956359
100001
570620455
100001
100001
70956359
401302947
78742301
101354502
100001
70956359
107272111
628758699
73772101
100001
70956359
100013
100001
100001
100001
70956359
609233574
69907781
273815190
100001
70956359
813763878
100004
100001
100001
70956359
900711181
100001
806776565
100001
70956359
41580054
679746957
100002
100001
70956359
472197226
100001
100001
100001
70956359
943512609
100001
823789375
100001
70956359
294323585
100003
272734675
100001
70956359
100001
983729133
35998651
100001
70956359
100001
517592869
635968870
100001
70956359
100001
602135115
51002700
100001
70956359
991636417
404179435
570391770
100001
70956359
100001
100003
851332035
100001
70956359
100001
100002
713675357
100001
70956359
676601228
682892689
746239380
100001
70956359
100001
100004
100002
100001
70956359
335313176
112690466
100002
100001
70956359
8867874
100003
816187198
100001
70956359
726003199
100001
945670198
100001
70956359
450982991
322141530
100003
100001
70956359
967718355
177027278
139573889
100001
70956359
939830768
46295038
471104754
100001
70956359
100001
100003
196064655
100001
70956359
615342728
100004
542874818
100001
70956359
100004
919761754
942558421
100001
70956359
758038291
100005
394094155
100001
70956359
129972850
905694044
74585342
100001
70956359
100001
893333697
618965454
100001
70956359
781340840
991301856
100001
100001
70956359
100002
100002
100001
100001
70956359
271290294
236243585
100001
100001
70956359
899808469
169850292
100007
100001
70956359
842165235
100001
537048450
100001
70956359
979189909
100002
554194811
100001
70956359
234110099
904938804
534834550
100001
70956359
100004
988448522
419003319
100001
70956359
183342679
965618596
100001
100001
70956359
100001
100001
100001
100001
70956359
159860890
29721235
100001
100001
70956359
980541930
881133914
100001
100001
70956359
100003
900468230
183551395
100001
70956359
171556809
271290294
148261006
100001
70956359
671358343
790118973
608107958
100001
70956359
100001
100001
869885472
100001
70956359
100001
918333492
311846642
100001
70956359
191324086
100088
100001
100001
70956359
818742950
849512843
440324767
100001
70956359
100001
100001
100001
100001
70956359
100004
100002
48552755
100001
70956359
452555856
100002
100001
100001
70956359
100001
100002
593004563
100001
70956359
100001
719576102
100006
100001
70956359
881772188
801869818
100001
100001
70956359
820760257
100014
547593615
100001
70956359
372555932
225929355
100001
100001
70956359
200380888
722815948
959952985
100001
70956359
100003
100019
100002
100001
70956359
100001
701170079
38080341
100001
70956359
100002
692715622
100001
100001
70956359
100004
100001
957471039
100001
70956359
100001
100003
764755559
100001
70956359
100010
332808113
127372124
100001
70956359
815138622
537924419
74950922
100001
70956359
100001
100002
100003
100001
70956359
25248858
562920519
100001
100001
70956359
765032809
100002
100002
100001
70956359
977265124
100002
771959610
100001
70956359
283691115
346401620
724936433
100001
70956359
498646212
234750873
100015
100001
70956359
951376932
371744675
451812203
100001
70956359
354724123
100002
82412323
100001
70956359
100001
969818401
719346723
100001
70956359
927581502
49320331
160510324
100001
70956359
102494
100001
986472015
100001
70956359
242482817
100001
904348975
100001
70956359
767765304
333893889
758830218
100001
70956359
100003
702349732
919028382
100001
70956359
100001
986129080
100001
100001
70956359
100016
157071963
727691510
100001
70956359
100004
401110493
100004
100001
70956359
100001
100001
100001
100001
70956359
100001
386520173
100001
100001
70956359
100001
980964775
130322311
100001
70956359
70930012
651209540
114847364
100001
70956359
333935735
239039480
166593045
100001
70956359
100056
822295370
876176938
100001
70956359
662222965
100001
100001
100001
70956359
127372124
624853941
901782114
100001
70956359
100001
100001
626188426
100001
70956359
100001
100004
733152419
100001
70956359
876939601
645391270
100004
100001
70956359
100001
814525362
151079043
100001
70956359
100002
658881065
744761035
100001
70956359
420476505
54191120
65982643
100001
70956359
464595041
42504572
94354746
100001
70956359
100001
100001
679214418
100001
70956359
128005735
605428871
560823363
100001
70956359
535561050
168636798
100518746
100001
70956359
100001
100001
100017
100001
70956359
360108949
100001
172838040
100001
70956359
53949957
100002
336095244
100001
70956359
243531393
100001
100001
100001
70956359
350591660
100002
100001
100001
70956359
476816766
100001
476816767
100001
70956359
100002
100010
175722182
100001
70956359
100001
741644754
59003029
100001
70956359
100001
90089175
134305435
100001
70956359
636812970
556894891
987256233
100001
70956359
100003
866643708
229914834
100001
70956359
100001
909290267
260518328
100001
70956359
603605132
818923137
318198490
100001
70956359
100001
61679150
553422920
100001
70956359
100003
609865961
100001
100001
70956359
815689467
100001
768090023
100001
70956359
100001
962780432
531153687
100001
70956359
44197884
100002
100001
100001
70956359
100004
413760436
572314139
100001
70956359
472983661
169435040
919761754
100001
70956359
702841393
100001
100001
100001
70956359
100002
347560460
450282490
100001
70956359
100003
100001
615195220
100001
70956359
234328072
370188214
141639245
100001
70956359
574171439
601340566
100003
100001
70956359
388651204
101567324
799553288
100001
70956359
959563844
139484732
392289014
100001
70956359
966407627
645745786
100001
100001
70956359
834211140
129469278
148229128
100001
70956359
645603635
372268968
100001
100001
70956359
638654463
159860891
629166242
100001
70956359
620061320
100003
100003
100001
70956359
900451160
882706781
100001
100001
70956359
100001
100001
386695643
100001
70956359
261724622
406181121
870320163
100001
70956359
100002
100328
845709698
100001
70956359
642145599
100001
228299273
100001
70956359
148786297
100003
548038781
100001
70956359
416906167
680390964
970022073
100001
70956359
632638575
100001
100002
100001
70956359
100002
812398366
100001
100001
70956359
836701514
100001
100003
100001
70956359
34439830
100001
100049
100001
70956359
100001
171789461
266272591
100001
70956359
100010
444257015
248566091
100001
70956359
432683691
100007
31863197
100001
70956359
816461652
100001
100001
100001
70956359
100002
699637863
100002
100001
70956359
57619975
100001
100012
100001
70956359
179315395
196064656
516025184
100001
70956359
327807494
145311868
320273310
100001
70956359
100002
59319851
663919305
100001
70956359
175857576
100006
945668070
100001
70956359
742735454
730188600
100011
100001
70956359
350707756
425886857
100001
100001
70956359
365573755
100001
421387699
100001
70956359
706322543
502768793
742735454
100001
70956359
93693350
168636794
100002
100001
70956359
100001
100001
100001
100001
70956359
955815436
100001
100001
100001
70956359
544271402
100001
784048992
100001
70956359
449410125
151079043
320688865
100001
70956359
125799260
233060568
955440688
100001
70956359
184498086
154768483
959268166
100001
70956359
100001
683941266
100001
100001
70956359
586421040
170652489
100001
100001
70956359
885038185
100001
574296821
100001
70956359
100001
100001
97304886
100001
70956359
100001
570214887
346401620
100001
70956359
100001
701776671
100001
100001
70956359
463160415
100001
100001
100001
70956359
52081971
100002
380673993
100001
70956359
209885166
100001
588319026
100001
70956359
100002
148261003
100001
100001
70956359
337340430
100007
900612753
100001
70956359
965624089
736634565
219074504
100001
70956359
856800825
433105208
863300434
100001
70956359
908897586
676434124
535561049
100001
70956359
749566282
100002
100001
100001
70956359
742592969
21015228
818923137
100001
70956359
35858336
298735221
64664897
100001
70956359
768210201
150106753
100004
100001
70956359
100001
100001
636902713
100001
70956359
28986226
570391770
342504843
100001
70956359
322276039
100001
100003
100001
70956359
189200568
55522821
100002
100001
70956359
430498599
192346300
824396296
100001
70956359
638654463
100002
238304406
100001
70956359
100002
358623709
124444493
100001
70956359
761547620
659948828
563908688
100001
70956359
453742125
100001
772332589
100001
70956359
43693357
176758011
100002
100001
70956359
100002
100001
100001
100001
70956359
28348785
100001
733750976
100001
70956359
100015
883755357
100003
100001
70956359
356133338
545877588
100002
100001
70956359
637914800
100001
100007
100001
70956359
700411319
281390581
100001
100001
70956359
446616227
100002
169685374
100001
70956359
100001
100001
100001
100001
70956359
100001
821692223
722230207
100001
70956359
813991916
648487226
100394
100001
70956359
920336342
304207832
100010
100001
70956359
347169163
451828579
606768452
100001
70956359
655219182
100002
100001
100001
70956359
174841565
100001
100001
100001
70956359
100001
100001
100003
100001
70956359
100002
466535211
141117560
100001
70956359
145194142
100001
100001
100001
70956359
100001
679211119
100002
100001
70956359
396615658
100006
100001
100001
70956359
100001
861261008
100001
100001
70956359
100001
632150375
317839334
100001
70956359
310593994
623646878
100001
100001
70956359
610271419
983687661
144559108
100001
70956359
527948280
912346714
100001
100001
70956359
100002
168031044
100003
100001
70956359
100001
937872707
452646269
100001
70956359
100002
100023
537048448
100001
70956359
879036753
812398366
690909341
100001
70956359
100001
275900023
100001
100001
70956359
676282784
100005
100013
100001
70956359
985473717
981356969
414562481
100001
70956359
76379091
287135492
747382478
100001
70956359
452276418
124218151
100004
100001
70956359
100001
198722775
831048296
100001
70956359
75596567
314637705
100003
100001
70956359
100001
100001
824837952
100001
70956359
471580860
511884504
387913922
100001
70956359
100003
735395411
100005
100001
70956359
946989546
199888845
318050407
100001
70956359
100035
100001
147180552
100001
70956359
573365452
843687670
100001
100001
70956359
171441998
892990659
241560386
100001
70956359
23546730
683941267
625350818
100001
70956359
819267238
100001
264870352
100001
70956359
100001
100003
382977737
100001
70956359
100008
100001
184770473
100001
70956359
139295896
159860891
136627355
100001
70956359
100001
478799492
974446381
100001
70956359
927581502
100001
100001
100001
70956359
578884637
413913818
504034445
100001
70956359
727933356
100001
100003
100001
70956359
100014
46797453
100162
100001
70956359
723560174
100003
802298334
100001
70956359
906831167
100005
658680660
100001
70956359
100001
637091499
100001
100001
70956359
100001
688881679
100001
100001
70956359
100001
364041111
977080408
100001
70956359
100001
800559095
353511891
100001
70956359
513432792
46469771
511745176
100001
70956359
100001
100004
254273622
100001
70956359
966003948
593218929
797317594
100001
70956359
382002876
100028
601522230
100001
70956359
277945170
987177656
199888845
100001
70956359
970933592
266272591
426673292
100001
70956359
100004
100001
100001
100001
70956359
521284180
100011
152560647
100001
70956359
94354746
337759743
77405771
100001
70956359
100005
100001
545679904
100001
70956359
100002
962478358
815253114
100001
70956359
726902519
100002
100001
100001
70956359
47134209
732249679
737420997
100001
70956359
100002
281216371
847408122
100001
70956359
436081352
42001511
574589233
100001
70956359
100012
212636136
238550647
100001
70956359
100001
100011
931283853
100001
70956359
820381503
100001
968245531
100001
70956359
678698380
504354590
135040908
100001
70956359
100002
100001
20786924
100001
70956359
132209573
100009
100001
100001
70956359
100003
650320191
75951927
100001
70956359
728901372
901766693
100026
100001
70956359
826346813
100001
100001
100001
70956359
248934341
57561224
100001
100001
70956359
100002
737609670
100003
100001
70956359
100002
442915678
615195220
100001
70956359
452800706
452285815
100001
100001
70956359
100001
254273622
151941766
100001
70956359
883755359
100001
756906329
100001
70956359
851332034
34439832
646652215
100001
70956359
706281894
178526245
791691839
100001
70956359
100001
147180551
112067967
100001
70956359
936114003
281748647
41980284
100001
70956359
100001
100002
100004
100001
70956359
979521956
141639246
100001
100001
70956359
607030598
342123367
511368371
100001
70956359
959006022
745596064
100001
100001
70956359
100002
598790570
100002
100001
70956359
959846421
96183998
159104660
100001
70956359
100001
966407631
665139092
100001
70956359
820803266
100002
100001
100001
70956359
100002
410667494
445567651
100001
70956359
847662006
315742182
100001
100001
70956359
45802509
100001
978198262
100001
70956359
100001
100002
100003
100001
70956359
763254934
100001
155882597
100001
70956359
650320191
100011
545160377
100001
70956359
172187555
100001
628786652
100001
70956359
100001
938333437
100001
100001
70956359
314154368
797643726
100001
100001
70956359
117775556
656417383
600473648
100001
70956359
100036
100001
100002
100001
70956359
74921224
195671047
374366122
100001
70956359
608862273
806041978
100001
100001
70956359
100001
100007
914887854
100001
70956359
488377936
92920923
810970872
100001
70956359
195646468
100001
100001
100001
70956359
100001
100001
100001
100001
70956359
305256409
363880351
830665580
100001
70956359
648223372
100005
100001
100001
70956359
100001
49320331
853168400
100001
70956359
815138620
100001
100001
100001
70956359
365829394
100004
231141050
100001
70956359
429983707
113077121
160608859
100001
70956359
603545853
939318299
481939669
100001
70956359
671636769
742139595
100002
100001
70956359
100001
100002
895761065
100001
70956359
100002
955060180
505180114
100001
70956359
287990842
949279778
395050349
100001
70956359
55522822
594642966
733750978
100001
70956359
816811700
100001
814090044
100001
70956359
178130261
100001
100005
100001
70956359
741323256
375525924
986922921
100001
70956359
340763907
245130055
68604087
100001
70956359
100001
516025184
74617919
100001
70956359
100001
192625815
100001
100001
70956359
44601732
737085379
100001
100001
70956359
100002
53130548
992874721
100001
70956359
100009
723298029
43705354
100001
70956359
234868750
100005
175829592
100001
70956359
694157415
771571315
100006
100001
70956359
100001
257530312
638102076
100001
70956359
18386986
100002
678296117
100001
70956359
946484623
139020407
858488748
100001
70956359
307877854
100019
464070752
100001
70956359
100001
649208298
93306169
100001
70956359
154421395
482463959
100001
100001
70956359
993287766
100001
100006
100001
70956359
307353564
707330470
589459087
100001
70956359
100005
8254828
502971593
100001
70956359
100005
100001
100007
100001
70956359
100001
172225353
100014
100001
70956359
994173432
100004
100002
100001
70956359
199856600
522673023
655403846
100001
70956359
100001
178657323
25908304
100001
70956359
918713178
100002
687603035
100001
70956359
100003
100001
677649804
100001
70956359
433784518
395480660
100001
100001
70956359
753156950
809252631
952223803
100001
70956359
100046
259627469
162118897
100001
70956359
615892349
961365321
646409471
100001
70956359
560757826
100001
52081971
100001
70956359
100001
215162120
100003
100001
70956359
100002
100001
29721235
100001
70956359
100002
100001
100004
100001
70956359
100001
100023
100001
100001
70956359
809252631
100001
100001
100001
70956359
100032
618965451
60509054
100001
70956359
100001
634917743
100001
100001
70956359
100025
100002
460791045
100001
70956359
100001
100001
100001
100001
70956359
982061145
68859204
86823587
100001
70956359
762964114
453844353
100001
100001
70956359
288777280
135040912
100002
100001
70956359
808873720
100005
100001
100001
70956359
671519389
100001
476816768
100001
70956359
49755650
46295039
100002
100001
70956359
100003
776289916
825788386
100001
70956359
199888845
601522226
45710126
100001
70956359
636487933
184862116
751648353
100001
70956359
100002
100001
201668198
100001
70956359
872502649
100007
637350459
100001
70956359
16118681
100002
548267882
100001
70956359
623912940
160579805
433195763
100001
70956359
472086414
145836156
821232640
100001
70956359
100003
100001
100001
100001
70956359
100001
100001
502257432
100001
70956359
168325794
100001
426804368
100001
70956359
100001
100001
233060568
100001
70956359
904348975
892711953
100003
100001
70956359
59717129
100001
240737024
100001
70956359
100002
725228090
635260017
100001
70956359
100001
300013523
100005
100001
70956359
100004
100002
73724925
100001
70956359
853299475
790523474
100001
100001
70956359
100001
709119146
630692014
100001
70956359
100001
100001
30296949
100001
70956359
332338039
25203054
100001
100001
70956359
248064510
425341303
100010
100001
70956359
682892686
100001
100019
100001
70956359
100003
729425660
400217219
100001
70956359
100001
41194023
100001
100001
70956359
100008
100016
843860914
100001
70956359
100008
61679148
100001
100001
70956359
406715763
100002
100001
100001
70956359
100001
33391252
100006
100001
70956359
671016043
100004
847662009
100001
70956359
552701415
71618749
357080999
100001
70956359
100001
237141077
100004
100001
70956359
38310268
513932985
155529585
100001
70956359
100001
604514043
100001
100001
70956359
100001
639991864
815138622
100001
70956359
100030
267911236
100001
100001
70956359
732249675
100002
158812311
100001
70956359
100001
169687560
100004
100001
70956359
735983697
980832679
211157231
100001
70956359
169954450
25643883
706178923
100001
70956359
100001
649533452
100001
100001
70956359
41067882
100001
100001
100001
70956359
821232638
100017
774670418
100001
70956359
100001
409756092
135562084
100001
70956359
100002
561819976
815253114
100001
70956359
697933923
161558902
982013353
100001
70956359
68815148
775241336
439890384
100001
70956359
100003
436022694
100002
100001
70956359
100001
100002
100001
100001
70956359
100001
425744243
588319026
100001
70956359
359125145
526557171
87966922
100001
70956359
969294109
100003
168623675
100001
70956359
100002
100001
123111996
100001
70956359
100002
100001
100001
100001
70956359
100001
981012569
436832623
100001
70956359
100001
519097861
100001
100001
70956359
100003
904662536
198840267
100001
70956359
619881690
100001
100001
100001
70956359
548267882
331919591
395593843
100001
70956359
100001
876176936
818955908
100001
70956359
100001
100001
896277074
100001
70956359
9603927
100001
100001
100001
70956359
100001
100001
100001
100001
70956359
847408122
410899156
100001
100001
70956359
100002
100002
100001
100001
70956359
100001
659026313
450780003
100001
70956359
100002
962478358
451153637
100001
70956359
100002
183551395
226492012
100001
70956359
100001
100001
505953406
100001
70956359
824837952
110180724
100002
100001
70956359
100001
989617745
100004
100001
70956359
500197454
301765875
916560801
100001
70956359
934464703
100003
723035880
100001
70956359
437553453
100001
951346645
100001
70956359
100002
202454632
303159252
100001
70956359
780882314
898872585
100002
100001
70956359
872585962
100001
100002
100001
70956359
100004
538410443
258019543
100001
70956359
654079821
675145133
210407908
100001
70956359
582851830
655997733
426322087
100001
70956359
127874660
100001
820216828
100001
70956359
736634565
100009
100001
100001
70956359
663402382
980964774
45037057
100001
70956359
100001
680652917
775216179
100001
70956359
865426580
100015
100003
100001
70956359
468971623
100004
355229583
100001
70956359
100001
2281735
971915556
100001
70956359
531153687
100003
100002
100001
70956359
983416867
100005
53130548
100001
70956359
115240587
837957820
850313773
100001
70956359
780611977
176693949
100002
100001
70956359
100002
100001
354957053
100001
70956359
199048256
41150498
100001
100001
70956359
924111609
100002
100001
100001
70956359
100048
892823095
723431396
100001
70956359
284732768
100002
115240583
100001
70956359
995222008
100309
100003
100001
70956359
877840976
159224321
100001
100001
70956359
927581503
806106897
794837567
100001
70956359
898303689
458840275
100001
100001
70956359
921375470
695402197
398720366
100001
70956359
924323522
100001
100001
100001
70956359
100001
100001
644242755
100001
70956359
347156871
100009
991551991
100001
70956359
862841888
148578499
477971514
100001
70956359
381595663
298838811
275897975
100001
70956359
346401620
872346224
803112131
100001
70956359
215424264
804683795
100002
100001
70956359
952541092
213254385
870934050
100001
70956359
920286042
100001
976376218
100001
70956359
253161067
100001
100001
100001
70956359
100001
816187198
100004
100001
70956359
77689812
476958931
263161796
100001
70956359
100001
784876091
779435647
100001
70956359
444781304
47223177
701170079
100001
70956359
100001
100001
216283338
100001
70956359
100001
831048296
100001
100001
70956359
252840585
129583213
100001
100001
70956359
901291547
425869659
100004
100001
70956359
886376804
358037256
100001
100001
70956359
802229530
100001
838891249
100001
70956359
576721926
898570843
100001
100001
70956359
900508973
400217218
987256233
100001
70956359
562920519
100002
100001
100001
70956359
897567571
62745111
200096834
100001
70956359
100001
100001
359123896
100001
70956359
760534161
100001
809045280
100001
70956359
344971929
979521956
167015067
100001
70956359
100003
100001
134826101
100001
70956359
100001
296438190
746712984
100001
70956359
129583213
156389773
359584661
100001
70956359
100001
60462128
225196237
100001
70956359
170600434
100001
100001
100001
70956359
100003
100002
54191120
100001
70956359
853168400
535591367
906510562
100001
70956359
127486060
100001
498723721
100001
70956359
100002
100001
100001
100001
70956359
100002
100001
458231500
100001
70956359
100001
695529571
100004
100001
70956359
100002
511568733
100001
100001
70956359
849091431
274574829
766852711
100001
70956359
817860277
178168852
734346835
100001
70956359
959878587
162296469
100002
100001
70956359
100002
311541
100001
100001
70956359
629492845
100003
225196239
100001
70956359
100002
840895822
510906705
100001
70956359
404179435
100001
149833870
100001
70956359
141495039
809797778
978997662
100001
70956359
100011
994462913
100001
100001
70956359
100003
708681844
43449542
100001
70956359
100002
291218234
815138620
100001
70956359
706191226
100002
816187198
100001
70956359
47899662
599578188
943506618
100001
70956359
100001
543646848
312807257
100001
70956359
936114008
100001
745851569
100001
70956359
23403562
100001
100002
100001
70956359
444781303
146131974
100002
100001
70956359
905694044
100001
100001
100001
70956359
147180552
215162120
422685332
100001
70956359
187167846
100001
605428871
100001
70956359
120530515
100001
929650105
100001
70956359
858488748
320273310
100003
100001
70956359
945002465
58373433
100006
100001
70956359
100001
880609619
100001
100001
70956359
100001
96107388
40843789
100001
70956359
100002
517553374
100001
100001
70956359
100001
100001
162614404
100001
70956359
354105078
373998205
832885445
100001
70956359
100009
100002
326318093
100001
70956359
100001
506719065
100001
100001
70956359
10797998
100002
100001
100001
70956359
528193214
753735426
191446262
100001
70956359
175857576
100002
100001
100001
70956359
100004
100001
156398221
100001
70956359
100001
565148887
990624816
100001
70956359
539040307
980541930
653059757
100001
70956359
127700865
254273624
100002
100001
70956359
365622530
283313528
266412463
100001
70956359
141495040
738133960
498821193
100001
70956359
100001
671637282
600473649
100001
70956359
572979753
286367171
47899662
100001
70956359
100001
736443992
100001
100001
70956359
129156506
831589697
175798253
100001
70956359
25834923
100001
956282964
100001
70956359
803008084
100002
164551351
100001
70956359
148279701
915837079
100001
100001
70956359
344890355
840244413
100001
100001
70956359
100001
828443967
100007
100001
70956359
940366876
451359664
948334145
100001
70956359
100003
100004
647842946
100001
70956359
100001
860995132
100001
100001
70956359
100024
537718139
878850422
100001
70956359
430675757
294061440
156938836
100001
70956359
100001
68101682
451474367
100001
70956359
100003
983687662
128585849
100001
70956359
84767707
870320163
82146264
100001
70956359
100001
935118002
621942940
100001
70956359
284908942
100001
654949152
100001
70956359
283575672
100001
145063068
100001
70956359
252411793
750012146
100002
100001
70956359
100002
25203053
100001
100001
70956359
277151084
159860890
100001
100001
70956359
129469278
100002
201930342
100001
70956359
476816766
992312507
170652486
100001
70956359
100046
269283166
100001
100001
70956359
159693407
515003256
905272875
100001
70956359
100001
56276277
52842616
100001
70956359
573496525
100001
100001
100001
70956359
100002
653264096
905510688
100001
70956359
100001
184129115
476816766
100001
70956359
796407557
346494158
100002
100001
70956359
100003
299587191
742062392
100001
70956359
100001
350707756
100001
100001
70956359
100001
100001
603839055
100001
70956359
59422010
100001
100001
100001
70956359
264653955
141015688
486162251
100001
70956359
100001
100001
738541145
100001
70956359
579296275
372268968
100001
100001
70956359
100002
100003
100002
100001
70956359
100001
165491388
277485211
100001
70956359
100001
991380540
100001
100001
70956359
417115417
100001
964500294
100001
70956359
897518171
237141076
100001
100001
70956359
100001
33099594
100001
100001
70956359
100001
148261001
605038332
100001
70956359
797540284
925637176
422685330
100001
70956359
899271512
8716316
945317326
100001
70956359
100001
44601731
562134084
100001
70956359
100015
677744845
100001
100001
70956359
618965454
100001
100001
100001
70956359
100022
175239765
100001
100001
70956359
100001
141737553
100002
100001
70956359
100001
100001
100017
100001
70956359
264870352
169803597
358375319
100001
70956359
100002
615892349
567543569
100001
70956359
102803479
78559715
488719432
100001
70956359
707330471
733152419
654252050
100001
70956359
650846525
100002
391010501
100001
70956359
100001
717348675
575593677
100001
70956359
384991702
100001
100003
100001
70956359
100046
100001
905464655
100001
70956359
100002
100001
196668427
100001
70956359
100045
744832606
728598812
100001
70956359
100001
100001
354760441
100001
70956359
234109144
886793779
282439157
100001
70956359
100001
100002
100569973
100001
70956359
100001
100001
100002
100001
70956359
987053995
100001
790654547
100001
70956359
100002
405973959
232293920
100001
70956359
100002
714770855
608862273
100001
70956359
793788991
837245246
198840268
100001
70956359
22498151
447943792
33099596
100001
70956359
567578707
894946127
833276320
100001
70956359
484581941
100001
697560255
100001
70956359
356468098
100001
88451236
100001
70956359
766081391
100079
272070506
100001
70956359
63616318
100002
911985506
100001
70956359
100002
100001
618965454
100001
70956359
100002
120530514
136809314
100001
70956359
881658202
176845490
100004
100001
70956359
934069421
892867340
222141411
100001
70956359
476562177
100001
539040305
100001
70956359
647458050
844262388
489873766
100001
70956359
53130548
100016
100001
100001
70956359
538803659
979916194
100001
100001
70956359
53814825
100001
159162753
100001
70956359
959878590
100009
541748698
100001
70956359
100002
504354591
100001
100001
70956359
100001
100001
953502687
100001
70956359
357081000
100001
450780003
100001
70956359
340931979
100002
79894793
100001
70956359
100001
100001
169954450
100001
70956359
100001
868625979
232783475
100001
70956359
158289024
100001
390627813
100001
70956359
100001
173355393
361164874
100001
70956359
772856880
720955604
652222613
100001
70956359
100001
40825115
654252049
100001
70956359
539138612
645836354
226492012
100001
70956359
141117560
993643252
100006
100001
70956359
100001
100001
369123235
100001
70956359
94227283
741315014
100001
100001
70956359
100002
323266020
100018
100001
70956359
237254872
100001
100001
100001
70956359
100001
153639981
83460899
100001
70956359
100002
776289916
479546302
100001
70956359
100003
100002
100001
100001
70956359
100004
702611877
100010
100001
70956359
100002
954522662
753211123
100001
70956359
100001
899816029
100001
100001
70956359
272642568
663473762
100003
100001
70956359
436665261
100017
100006
100001
70956359
905265250
44601730
100036
100001
70956359
100002
100006
633411790
100001
70956359
743712459
675407277
100001
100001
70956359
399878581
100001
240219883
100001
70956359
70956358
454653011
580486371
100001
70956359
929877172
530372088
100012
100001
70956359
813592312
100005
679407731
100001
70956359
474719610
548055166
100001
100001
70956359
567645283
100001
100001
100001
70956359
652746902
100001
100002
100001
70956359
100001
100001
23419950
100001
70956359
100003
100002
100003
100001
70956359
100001
40985105
626856544
100001
70956359
100001
810825502
677744845
100001
70956359
100002
164699470
100002
100001
70956359
393700937
378171922
822232712
100001
70956359
47223175
100002
100011
100001
70956359
854108803
100001
625180048
100001
70956359
100001
100001
100213
100001
70956359
100001
658680661
170593857
100001
70956359
100003
100002
703660453
100001
70956359
533274632
100001
100002
100001
70956359
100003
859488851
100002
100001
70956359
100001
100001
100001
100001
70956359
100001
100001
404179434
100001
70956359
778387069
45761128
190249144
100001
70956359
468834703
559714382
482427970
100001
70956359
136627355
100001
679214418
100001
70956359
100001
100001
405742319
100001
70956359
801869818
780297323
100001
100001
70956359
35164534
29780761
71345571
100001
70956359
100021
100003
96156544
100001
70956359
895761065
100001
659026313
100001
70956359
745109824
452276416
520183987
100001
70956359
436070842
100001
100001
100001
70956359
100001
291398726
134826102
100001
70956359
93658216
100006
100001
100001
70956359
810825501
100083
673707790
100001
70956359
899419652
895883854
100001
100001
70956359
514976608
100001
100003
100001
70956359
584715104
572130862
100018
100001
70956359
100001
903598578
36972452
100001
70956359
896711302
100003
100001
100001
70956359
100001
100001
643111123
100001
70956359
371606139
100001
100001
100001
70956359
100001
100004
581103725
100001
70956359
782319233
100002
987256233
100001
70956359
100001
100004
264870352
100001
70956359
52081971
631038101
100003
100001
70956359
838798668
489768010
100001
100001
70956359
100002
100004
100008
100001
70956359
100518746
100001
100002
100001
70956359
100014
100001
521573983
100001
70956359
100104
500983893
100002
100001
70956359
100002
100003
134326801
100001
70956359
963465783
40071441
100032
100001
70956359
646409471
100001
806106896
100001
70956359
100001
865726203
100005
100001
70956359
100003
100005
266719949
100001
70956359
439890381
686190550
40439640
100001
70956359
246698307
210407909
158073322
100001
70956359
100002
100001
100004
100001
70956359
100003
375414698
48271754
100001
70956359
100001
99253763
54191120
100001
70956359
100001
758457880
100001
100001
70956359
100001
100001
147143653
100001
70956359
136555032
882249655
100004
100001
70956359
169687047
328017760
100008
100001
70956359
100001
100001
100002
100001
70956359
100004
100001
3589035
100001
70956359
100002
59850864
100024
100001
70956359
100021
976114072
439276191
100001
70956359
658094892
644242758
835308141
100001
70956359
100002
426322087
962780432
100001
70956359
100002
831767755
112932131
100001
70956359
484360895
942558422
783588872
100001
70956359
100001
149672348
637578334
100001
70956359
758464098
100006
172097362
100001
70956359
266443218
608903760
803083815
100001
70956359
100001
637951290
847408118
100001
70956359
100002
134568505
974643683
100001
70956359
954522662
100001
100002
100001
70956359
100001
792169311
623912941
100001
70956359
602135111
820579634
648487226
100001
70956359
139700762
3522039
225196236
100001
70956359
758872416
371744679
569675864
100001
70956359
774670416
815138622
590450030
100001
70956359
100001
622256265
127486060
100001
70956359
52241959
241590577
654170605
100001
70956359
84284184
46295038
309975006
100001
70956359
709689775
160608859
918333492
100001
70956359
413760436
100002
892749101
100001
70956359
853508203
902817744
41414940
100001
70956359
811379630
813705191
100004
100001
70956359
100007
482463959
100003
100001
70956359
266557752
582034724
534670801
100001
70956359
458840275
749881074
793178691
100001
70956359
100001
990849984
100001
100001
70956359
148361625
452276416
708903338
100001
70956359
100001
462619742
170090401
100001
70956359
315742179
100002
100010
100001
70956359
100003
100001
473829828
100001
70956359
100001
569047588
100001
100001
70956359
100001
557092940
164551347
100001
70956359
46535307
100001
100010
100001
70956359
148176680
59319851
644242758
100001
70956359
31494516
484298969
648306785
100001
70956359
337579517
100001
74229162
100001
70956359
221092834
100005
978352704
100001
70956359
820921990
100001
100007
100001
70956359
618965451
229033146
113077121
100001
70956359
94086844
100001
980832679
100001
70956359
100001
650846526
100005
100001
70956359
100002
535719378
100003
100001
70956359
100003
973084249
100001
100001
70956359
258019543
100001
100001
100001
70956359
100001
100002
966407630
100001
70956359
148261006
141639246
100001
100001
70956359
389349576
359584661
1327360
100001
70956359
923265837
74503421
112067967
100001
70956359
100001
100001
100002
100001
70956359
970609044
100002
233518750
100001
70956359
902817744
100003
91733302
100001
70956359
100002
100004
100001
100001
70956359
100001
100001
170652489
100001
70956359
812398366
100001
909364065
100001
70956359
529223293
100002
124452840
100001
70956359
100001
100001
42828444
100001
70956359
100001
835703675
100001
100001
70956359
172633218
9456148
100001
100001
70956359
100001
927319357
100002
100001
70956359
100002
100001
100002
100001
70956359
100003
763566456
130725104
100001
70956359
100001
608903760
862844835
100001
70956359
100001
377798813
100001
100001
70956359
398720366
100001
100013
100001
70956359
135219555
80839453
442656804
100001
70956359
867239363
100009
737609671
100001
70956359
942464028
100002
129469278
100001
70956359
421708484
831861614
904662536
100001
70956359
726902520
100002
100002
100001
70956359
583240032
100001
100001
100001
70956359
344234994
10797998
318887910
100001
70956359
469476727
581547110
100004
100001
70956359
778333230
612049491
274436024
100001
70956359
938263736
100005
578104550
100001
70956359
100004
100001
413827661
100001
70956359
100002
661034883
604913071
100001
70956359
100002
931588116
386520171
100001
70956359
604121134
194645961
609910849
100001
70956359
44753933
273387448
100001
100001
70956359
100004
527466813
856800824
100001
70956359
563392841
777478807
909000936
100001
70956359
705653923
828443967
735658184
100001
70956359
100002
100001
55522821
100001
70956359
611990958
100002
100001
100001
70956359
100009
906055251
100001
100001
70956359
100005
354560468
100005
100001
70956359
75343284
637357171
854108804
100001
70956359
100229
851332034
573362717
100001
70956359
100001
517592869
622864364
100001
70956359
329766794
159337600
100001
100001
70956359
100001
100001
46174599
100001
70956359
449271888
274050538
100001
100001
70956359
417550836
901782114
100001
100001
70956359
100001
508029786
437094770
100001
70956359
100001
100001
100015
100001
70956359
69907782
286983547
170652486
100001
70956359
381460426
100006
100007
100001
70956359
395760760
215614412
466935200
100001
70956359
433928909
100002
661727918
100001
70956359
100006
563917130
126244254
100001
70956359
564957266
100002
100002
100001
70956359
197014995
33099597
892800025
100001
70956359
396058598
476958931
634460367
100001
70956359
799553288
100002
100007
100001
70956359
647962937
529047542
100002
100001
70956359
959563844
217485810
100006
100001
70956359
100001
100004
603072558
100001
70956359
637951290
566197463
162820757
100001
70956359
831767755
678424683
842165235
100001
70956359
100002
396615658
172097362
100001
70956359
100001
100017
100001
100001
70956359
100001
869819936
100001
100001
70956359
551120477
100001
100001
100001
70956359
100001
100036
100004
100001
70956359
489279709
100001
283687008
100001
70956359
100004
542986057
449934415
100001
70956359
552849264
124488535
100001
100001
70956359
100001
92847192
751650749
100001
70956359
100008
227280404
141535771
100001
70956359
100001
100003
324352001
100001
70956359
100002
876894284
100001
100001
70956359
779871692
821130949
100003
100001
70956359
105211130
886376803
156877404
100001
70956359
198840268
968774032
387453963
100001
70956359
79786967
867576545
727699702
100001
70956359
131566433
936114005
207254920
100001
70956359
683941267
100001
327669639
100001
70956359
920336342
559714383
100001
100001
70956359
869885473
100003
860500947
100001
70956359
100003
830541120
100001
100001
70956359
171773507
666734511
506719063
100001
70956359
181692922
486243498
100001
100001
70956359
100001
176583345
568627284
100001
70956359
100002
100002
100001
100001
70956359
346925908
100001
100001
100001
70956359
100002
100002
741686877
100001
70956359
437307690
911985506
100001
100001
70956359
818923137
218010101
100001
100001
70956359
179157604
100003
100005
100001
70956359
150030465
100002
383768283
100001
70956359
100003
100001
409029108
100001
70956359
647092483
100001
100001
100001
70956359
100001
100001
947709414
100001
70956359
100002
48122003
100002
100001
70956359
100001
465047250
653264364
100001
70956359
904662536
56571398
645129126
100001
70956359
94227283
100020
100001
100001
70956359
633226638
302427838
100001
100001
70956359
126726642
562868553
100001
100001
70956359
61667670
100001
180056232
100001
70956359
100002
100001
100001
100001
70956359
917032847
100001
599578188
100001
70956359
100002
919152002
482463959
100001
70956359
828443967
100001
816909606
100001
70956359
402762690
100001
100004
100001
70956359
925473336
48122003
335426058
100001
70956359
100001
938263736
8407568
100001
70956359
55522821
100001
834735431
100001
70956359
100002
100002
100012
100001
70956359
392289013
100001
100001
100001
70956359
100001
378417160
100001
100001
70956359
960170927
100001
100005
100001
70956359
100005
452031567
100001
100001
70956359
452733168
808204053
264346280
100001
70956359
100001
100001
100001
100001
70956359
977692223
100004
978997665
100001
70956359
482427970
282264947
258578889
100001
70956359
863528401
665850994
100004
100001
70956359
83719131
100001
347151007
100001
70956359
345877331
100002
532297886
100001
70956359
100001
396353514
876176936
100001
70956359
100002
100001
100001
100001
70956359
745664406
63917440
93420126
100001
70956359
100001
100001
868335168
100001
70956359
100001
112282538
937118919
100001
70956359
758464098
178491938
100001
100001
70956359
100008
180826502
545845843
100001
70956359
707560608
476789697
92361814
100001
70956359
100001
284968117
100001
100001
70956359
758038291
100003
100002
100001
70956359
100004
797317594
100004
100001
70956359
100179
776243314
181774842
100001
70956359
570391770
100001
292850189
100001
70956359
135040911
100002
100001
100001
70956359
853990973
371761080
485912535
100001
70956359
474032239
110069026
695358671
100001
70956359
710954872
100046
100001
100001
70956359
808873720
100001
100002
100001
70956359
565052649
326580238
100001
100001
70956359
271672766
769862456
100002
100001
70956359
100001
309975007
100001
100001
70956359
100001
100001
51761272
100001
70956359
398692747
173548218
100001
100001
70956359
782246921
448685179
868815381
100001
70956359
96324439
262825620
100004
100001
70956359
100001
340808535
645603635
100001
70956359
100002
100001
41835697
100001
70956359
100001
195671436
100002
100001
70956359
100001
100004
100021
100001
70956359
241263423
715040183
441201105
100001
70956359
100055
100001
100001
100001
70956359
100001
446616227
100002
100001
70956359
100002
754955157
395505382
100001
70956359
100002
100001
286606523
100001
70956359
100001
787749668
300173746
100001
70956359
567246040
755968996
100001
100001
70956359
100001
760523103
100001
100001
70956359
119931886
100002
616416639
100001
70956359
611646313
100003
563444808
100001
70956359
3522038
630896995
100001
100001
70956359
100002
660679340
146884733
100001
70956359
43150526
100001
100001
100001
70956359
4718466
351776644
100005
100001
70956359
100001
974983253
725949946
100001
70956359
547973244
100001
501604008
100001
70956359
722230207
100001
633216347
100001
70956359
623912941
100003
16118679
100001
70956359
586334518
100001
100001
100001
70956359
100007
100002
100001
100001
70956359
521988486
100001
632062908
100001
70956359
100001
100001
732249673
100001
70956359
83460900
48250795
100001
100001
70956359
950668500
100001
584715104
100001
70956359
100002
559773695
100002
100001
70956359
523259406
494111150
313361377
100001
70956359
194645961
100011
872585962
100001
70956359
100002
127486060
143490203
100001
70956359
100001
100001
808353824
100001
70956359
100001
903654702
100003
100001
70956359
195933583
126221537
100001
100001
70956359
356328088
842865857
547463511
100001
70956359
100002
769691681
824249661
100001
70956359
476816766
100001
54179124
100001
70956359
615195220
100001
100002
100001
70956359
260149464
235047874
100002
100001
70956359
112323633
776289917
100001
100001
70956359
463455327
100001
100001
100001
70956359
100001
847408121
851332035
100001
70956359
100002
100001
634915406
100001
70956359
100001
100005
100002
100001
70956359
51033394
100007
309975007
100001
70956359
52093967
221942265
878269819
100001
70956359
100005
168681179
175974810
100001
70956359
880696104
399947631
686744691
100001
70956359
100009
100002
258578890
100001
70956359
265018947
100008
128420701
100001
70956359
458755788
154506336
100019
100001
70956359
726171330
606240829
420588175
100001
70956359
220044256
100001
100001
100001
70956359
332873649
100003
100001
100001
70956359
371761080
100013
100036
100001
70956359
968766934
100001
100002
100001
70956359
542272989
44601731
389128391
100001
70956359
100005
380011913
100002
100001
70956359
100001
195671438
177933644
100001
70956359
822448305
248821220
648891522
100001
70956359
100001
165933890
100001
100001
70956359
572979753
365984789
283313528
100001
70956359
100001
812428207
896060274
100001
70956359
100001
100001
100001
100001
70956359
100001
100001
225196239
100001
70956359
579595382
224471771
535561050
100001
70956359
144263292
100001
191052950
100001
70956359
100001
794837567
48686198
100001
70956359
100001
241958526
859046548
100001
70956359
100012
100001
100001
100001
70956359
860995130
100001
100002
100001
70956359
135101950
46265866
365469617
100001
70956359
60470587
636341149
643648634
100001
70956359
653059758
346401620
100002
100001
70956359
775241338
568035972
666364435
100001
70956359
69390522
261459887
100001
100001
70956359
915561793
100001
645391270
100001
70956359
100001
225196239
895466149
100001
70956359
54191121
8372589
100029
100001
70956359
100001
100002
388515934
100001
70956359
100001
100001
948909263
100001
70956359
97897305
100002
100002
100001
70956359
100001
100009
100002
100001
70956359
100002
100001
843860914
100001
70956359
100001
446418992
100002
100001
70956359
100001
100002
56276277
100001
70956359
394618446
57484841
510906705
100001
70956359
816581461
136809314
258508898
100001
70956359
100001
847662006
100007
100001
70956359
157557212
676601228
710445187
100001
70956359
64132145
100008
487670852
100001
70956359
239168499
100002
737492568
100001
70956359
439492253
172838040
458755788
100001
70956359
100001
94665594
100001
100001
70956359
100002
702349729
584773841
100001
70956359
312673450
100002
820192471
100001
70956359
41835697
100008
100002
100001
70956359
202880409
905381584
326444889
100001
70956359
949551046
829492544
100004
100001
70956359
100006
100002
394618448
100001
70956359
100001
47223176
100001
100001
70956359
134986360
646794366
101567324
100001
70956359
100021
100002
100002
100001
70956359
628415554
225196239
315742182
100001
70956359
100001
476675850
136555033
100001
70956359
100001
100001
213946857
100001
70956359
147180552
100001
644697210
100001
70956359
771435322
100001
422685330
100001
70956359
776289916
865189439
600473648
100001
70956359
100001
458755788
45037057
100001
70956359
100001
445395410
515718364
100001
70956359
100002
100004
486622275
100001
70956359
310052004
100001
778631377
100001
70956359
100003
454653011
73180585
100001
70956359
46295039
841116656
771571315
100001
70956359
100003
100001
167781042
100001
70956359
344110475
100002
100001
100001
70956359
100001
100004
100004
100001
70956359
405752304
100002
340901869
100001
70956359
414453992
100008
504354591
100001
70956359
100001
46085633
100001
100001
70956359
100001
176531127
186595239
100001
70956359
100001
100001
186595239
100001
70956359
183449509
13419438
741972510
100001
70956359
100001
100007
100001
100001
70956359
475258739
123580913
134207129
100001
70956359
648487226
68880684
100001
100001
70956359
297686639
823872006
54191123
100001
70956359
100001
312596448
100001
100001
70956359
100001
160985747
91733301
100001
70956359
821805217
911971593
677740792
100001
70956359
773259861
100054
160741983
100001
70956359
954522661
100001
632638575
100001
70956359
100001
644131649
49182346
100001
70956359
51033394
100004
100002
100001
70956359
99470170
784269559
652176646
100001
70956359
100001
100004
319620287
100001
70956359
225196239
596465266
150030464
100001
70956359
568035972
100002
369661857
100001
70956359
245083225
219845110
928202309
100001
70956359
232568781
422685332
899169550
100001
70956359
807155477
356857604
29721235
100001
70956359
100001
671358344
773144181
100001
70956359
391053286
859488850
100001
100001
70956359
730188601
67810626
59413552
100001
70956359
100001
100001
717676360
100001
70956359
172187554
891274529
100006
100001
70956359
100002
100001
100001
100001
70956359
100025
100001
640461629
100001
70956359
671747901
129273734
613743467
100001
70956359
562396230
100002
359584661
100001
70956359
100002
100001
950298068
100001
70956359
100001
997843448
100001
100001
70956359
100002
458755788
233093069
100001
70956359
236731541
100001
100001
100001
70956359
532415316
309975007
94845821
100001
70956359
288468473
488719431
386920952
100001
70956359
100001
150030466
74547991
100001
70956359
169703826
166490779
988448518
100001
70956359
191052950
815138620
488719431
100001
70956359
323082217
100001
44753933
100001
70956359
784048992
100001
100003
100001
70956359
751648353
991800260
812398366
100001
70956359
238550646
100099
880892587
100001
70956359
168386464
806256668
218883870
100001
70956359
40632137
890293103
605428871
100001
70956359
100003
100001
100001
100001
70956359
100001
29721235
100002
100001
70956359
100002
507243353
100001
100001
70956359
604121134
514954100
78919205
100001
70956359
100001
100001
100001
100001
70956359
521452628
401189824
583830280
100001
70956359
100001
100005
963777250
100001
70956359
100001
100002
100003
100001
70956359
737354253
100003
47899662
100001
70956359
770738246
100048
227280407
100001
70956359
476958932
100003
100002
100001
70956359
100001
100001
214853397
100001
70956359
291398726
355983069
316790758
100001
70956359
100003
822676793
100001
100001
70956359
67810627
56276279
27937649
100001
70956359
381198281
133090287
10383821
100001
70956359
70956359
342503951
970933591
100001
70956359
217769758
124947015
608128338
100001
70956359
158703099
100001
807445923
100001
70956359
420421393
650079491
100001
100001
70956359
44601731
307382725
100001
100001
70956359
100002
281216371
100001
100001
70956359
676258929
60346528
353673123
100001
70956359
576973938
197999680
100010
100001
70956359
64664897
607685967
100001
100001
70956359
100001
100002
100001
100001
70956359
485725406
482427970
520379256
100001
70956359
100001
67810626
100001
100001
70956359
100001
586582807
647458050
100001
70956359
122325563
42394674
100003
100001
70956359
100001
100002
980964775
100001
70956359
100003
312175409
100001
100001
70956359
100001
184498086
78412253
100001
70956359
100010
198427857
634133855
100001
70956359
282072736
100008
3793401
100001
70956359
613743467
100001
100001
100001
70956359
831589697
147432985
100001
100001
70956359
151941767
100003
656370959
100001
70956359
100001
699113571
100010
100001
70956359
164711562
100005
100001
100001
70956359
100029
808756648
100001
100001
70956359
286059071
404094321
601522227
100001
70956359
100004
45126021
100002
100001
70956359
665055627
100003
100001
100001
70956359
630971903
100013
100001
100001
70956359
309479879
100001
504018438
100001
70956359
100001
529047542
821140165
100001
70956359
100001
307453158
100005
100001
70956359
100017
100001
102031377
100001
70956359
202454632
707371119
100003
100001
70956359
111685980
399744360
215160824
100001
70956359
44601730
100001
433339053
100001
70956359
838584944
100001
566005842
100001
70956359
100003
100001
989675439
100001
70956359
100002
136103066
380642422
100001
70956359
645391271
100001
545139162
100001
70956359
100001
528404089
331919592
100001
70956359
100007
100001
372268968
100001
70956359
100002
266391742
985260528
100001
70956359
100002
4841978
122265654
100001
70956359
100002
365796624
416998877
100001
70956359
100001
41477222
100002
100001
70956359
119761701
100001
100002
100001
70956359
979032643
42100731
190249146
100001
70956359
60619093
705126178
977261651
100001
70956359
100001
820579634
100008
100001
70956359
100001
47134209
100021
100001
70956359
568821363
100022
100004
100001
70956359
943512608
100001
100001
100001
70956359
100001
100001
176295244
100001
70956359
100001
100001
89759025
100001
70956359
213385459
143366812
100001
100001
70956359
400217218
968822880
210407911
100001
70956359
654170605
100008
100001
100001
70956359
100002
100001
897567571
100001
70956359
73180585
170652489
50385011
100001
70956359
100007
52093967
100001
100001
70956359
815777407
950298069
100001
100001
70956359
100001
432662838
515838689
100001
70956359
100001
486588880
988750523
100001
70956359
743336151
100001
301117115
100001
70956359
955584471
100001
100002
100001
70956359
842165235
100012
168636794
100001
70956359
100001
271672766
100001
100001
70956359
100002
132094510
354777466
100001
70956359
557092941
288556414
100005
100001
70956359
117834950
100006
100007
100001
70956359
100001
916831139
238550646
100001
70956359
100002
100001
100001
100001
70956359
195901912
100001
387818511
100001
70956359
550158377
100003
100005
100001
70956359
231028372
857097805
378052544
100001
70956359
821708424
916616024
100001
100001
70956359
727933356
319862801
100084
100001
70956359
854108804
47899662
988750526
100001
70956359
123744477
100001
149964944
100001
70956359
100001
31494516
100001
100001
70956359
506719064
342970205
274698170
100001
70956359
100001
950126083
245083227
100001
70956359
806125590
985082871
601522227
100001
70956359
33099595
897979595
674096556
100001
70956359
52081971
977995334
514053921
100001
70956359
100002
690106872
100001
100001
70956359
635260017
854983156
100016
100001
70956359
894487409
58373431
927581504
100001
70956359
27937649
100001
100001
100001
70956359
849911836
307453158
100001
100001
70956359
100001
741686877
827919678
100001
70956359
264847856
422149049
42001510
100001
70956359
489279708
336032889
101567324
100001
70956359
55522822
25839533
100003
100001
70956359
283313527
100001
681504886
100001
70956359
100002
100001
220819371
100001
70956359
592411707
819531056
692097919
100001
70956359
519097861
100001
288556414
100001
70956359
571596461
965624089
303159255
100001
70956359
974983253
3589035
100001
100001
70956359
383828740
495893695
11640285
100001
70956359
929438647
988750523
709317809
100001
70956359
572314139
100001
100005
100001
70956359
251649079
209876361
920594359
100001
70956359
100001
100002
182406493
100001
70956359
100001
751650749
389928049
100001
70956359
618965454
130631792
40003579
100001
70956359
741644757
318085549
100001
100001
70956359
980721402
218883873
742735454
100001
70956359
100002
100002
100001
100001
70956359
271672765
100001
539073076
100001
70956359
100017
735585986
100002
100001
70956359
915839706
172313752
28010214
100001
70956359
100002
100001
100001
100001
70956359
100002
100001
293984550
100001
70956359
781506801
327301138
494845117
100001
70956359
620160168
100001
646409471
100001
70956359
642145598
100001
897606805
100001
70956359
100034
174748331
100002
100001
70956359
179176615
329766795
821708424
100001
70956359
880661231
100002
819611268
100001
70956359
100004
727459576
179326297
100001
70956359
206026139
129469278
202618262
100001
70956359
41980284
873031204
778333358
100001
70956359
541162959
100001
100001
100001
70956359
100002
959952986
650534222
100001
70956359
202454632
100001
253161067
100001
70956359
155529585
808204053
100004
100001
70956359
100030
100003
825886528
100001
70956359
280009559
100002
782400036
100001
70956359
377003966
769474156
452690719
100001
70956359
483443140
40690790
208827784
100001
70956359
717676359
100001
51033394
100001
70956359
747237272
415018251
294323586
100001
70956359
625612962
100001
100001
100001
70956359
100002
100001
43505157
100001
70956359
548343516
298847746
100001
100001
70956359
963829008
893465360
421636753
100001
70956359
100001
544893456
100001
100001
70956359
100001
113077121
471672936
100001
70956359
598615027
100002
100001
100001
70956359
124444496
551457560
193181065
100001
70956359
170652484
100003
379642170
100001
70956359
100001
669511972
9456146
100001
70956359
432662838
100001
100001
100001
70956359
100001
174982086
793788991
100001
70956359
900451160
757415522
395570774
100001
70956359
327669637
100001
100011
100001
70956359
174535041
330911361
100001
100001
70956359
672406924
100001
808353824
100001
70956359
100002
100001
155535510
100001
70956359
285847030
623122590
395404884
100001
70956359
968172597
100003
948334145
100001
70956359
100001
260676046
368558228
100001
70956359
100001
100001
100001
100001
70956359
655225222
193597384
75968312
100001
70956359
185807242
100019
568167046
100001
70956359
640461628
100003
815806243
100001
70956359
311547872
433838792
100001
100001
70956359
937215159
71147157
100005
100001
70956359
384991702
111641890
100001
100001
70956359
100001
283487733
870163379
100001
70956359
876495112
100001
100001
100001
70956359
152560647
164348157
100001
100001
70956359
817458793
262508464
100002
100001
70956359
242497757
974643683
100001
100001
70956359
100002
627761290
100001
100001
70956359
100002
100001
304081700
100001
70956359
100008
232011988
414562482
100001
70956359
293616207
100002
810714283
100001
70956359
152194173
33989989
184210244
100001
70956359
100001
234880627
100001
100001
70956359
100001
938061133
233093069
100001
70956359
855227959
100045
764515194
100001
70956359
935370397
107272111
644242758
100001
70956359
100001
732249675
100003
100001
70956359
968766934
284536309
407849458
100001
70956359
538973001
100001
30769811
100001
70956359
100004
413913818
476816768
100001
70956359
401189824
100002
100001
100001
70956359
177409356
100001
100001
100001
70956359
383828740
100001
88451236
100001
70956359
100001
111167563
579296275
100001
70956359
100003
694153731
872502649
100001
70956359
739443891
100001
100004
100001
70956359
168681179
857097805
374756769
100001
70956359
100001
646652215
611483714
100001
70956359
30769811
115240587
100002
100001
70956359
100001
526426099
100001
100001
70956359
100001
100001
100010
100001
70956359
552693343
816187198
100001
100001
70956359
636076392
100001
312228357
100001
70956359
495369407
100001
351760259
100001
70956359
100064
100001
100040
100001
70956359
613743467
478793941
654055100
100001
70956359
708943992
996794872
100001
100001
70956359
226935671
711622238
552142499
100001
70956359
176128187
895883856
100001
100001
70956359
100022
100001
575029681
100001
70956359
678957273
100001
100001
100001
70956359
100001
352624546
497466562
100001
70956359
672406924
100020
100007
100001
70956359
283313526
909290267
646339912
100001
70956359
100001
311547872
100001
100001
70956359
100002
32619506
181488988
100001
70956359
100001
261873214
100001
100001
70956359
100001
150030465
340764421
100001
70956359
732249675
100001
100001
100001
70956359
100001
579296275
178134033
100001
70956359
864121269
680453233
100001
100001
70956359
647842945
100001
100002
100001
70956359
436068794
100004
674204431
100001
70956359
465138387
100001
808204055
100001
70956359
100001
100005
568980583
100001
70956359
100001
191577239
904662536
100001
70956359
537795118
974508310
953181656
100001
70956359
451153637
651419384
828443967
100001
70956359
548005737
245083226
100001
100001
70956359
395050349
518273550
379895967
100001
70956359
150961503
100001
132139006
100001
70956359
386877586
281216371
100001
100001
70956359
100002
100001
100001
100001
70956359
329766795
100001
100002
100001
70956359
681187157
100001
903808718
100001
70956359
100004
261329217
768813880
100001
70956359
209876361
759354511
742139595
100001
70956359
163728951
100007
100002
100001
70956359
303843772
676601228
100001
100001
70956359
386387803
100002
490292301
100001
70956359
521988488
312784905
642062547
100001
70956359
130374563
311028529
767901288
100001
70956359
300013524
295714266
100027
100001
70956359
100001
90613466
987701947
100001
70956359
100001
504354591
545476542
100001
70956359
100002
100001
100001
100001
70956359
100002
100001
100001
100001
70956359
115859416
832113986
111728566
100001
70956359
720758994
100001
111509441
100001
70956359
288032126
790523474
723343374
100001
70956359
100001
584679662
170652488
100001
70956359
521284180
100001
100013
100001
70956359
100003
566197463
100038
100001
70956359
838251730
574865841
100002
100001
70956359
100001
100001
100005
100001
70956359
100001
322526963
100001
100001
70956359
100001
129273735
100001
100001
70956359
486195658
373317544
258578890
100001
70956359
703889976
100001
121820060
100001
70956359
786141029
100003
100001
100001
70956359
651106317
891173135
100001
100001
70956359
859046547
100001
100002
100001
70956359
100002
368074658
100012
100001
70956359
100029
451711937
914930117
100001
70956359
263031714
345877331
100001
100001
70956359
100001
100002
100001
100001
70956359
532881414
100001
100001
100001
70956359
957349170
508548895
483443140
100001
70956359
864786864
320265116
744713543
100001
70956359
100001
790118974
490292301
100001
70956359
100002
100001
100001
100001
70956359
593904934
100002
170593857
100001
70956359
420421393
43553149
63099055
100001
70956359
953530447
815806242
100002
100001
70956359
350183468
100004
100001
100001
70956359
897071788
38604631
129252257
100001
70956359
114373019
100001
910249558
100001
70956359
173355393
140068983
100001
100001
70956359
100001
100001
359834597
100001
70956359
134986359
552142498
100001
100001
70956359
280167792
788721670
100001
100001
70956359
534200498
100002
111621409
100001
70956359
343107016
119381044
65713473
100001
70956359
100001
153372818
34115958
100001
70956359
100001
100002
178731619
100001
70956359
963498632
186579125
100001
100001
70956359
111728569
283575672
100004
100001
70956359
436403117
688317557
100006
100001
70956359
100001
100001
315742179
100001
70956359
561718667
100001
100001
100001
70956359
520179205
100001
41067881
100001
70956359
739443891
100002
100007
100001
70956359
128005735
654252049
100001
100001
70956359
372481867
585264780
831858929
100001
70956359
860500688
731579554
451828579
100001
70956359
512617311
100001
98082202
100001
70956359
100001
537193851
331718568
100001
70956359
969294109
148981887
144760176
100001
70956359
84584146
398395645
565148887
100001
70956359
171348502
705233318
353673125
100001
70956359
100001
851332033
487947435
100001
70956359
465842911
100001
263970367
100001
70956359
3522039
954522662
359549885
100001
70956359
100001
426343501
100001
100001
70956359
100001
59319851
49096229
100001
70956359
835784007
84584146
100004
100001
70956359
100004
706494122
148261003
100001
70956359
100002
837750090
975507541
100001
70956359
977856070
976478494
964529492
100001
70956359
45126020
245785418
100003
100001
70956359
154506336
488292819
177594844
100001
70956359
100007
100002
261873215
100001
70956359
5357050
959563844
678296118
100001
70956359
100001
449410125
379625411
100001
70956359
317915530
677769518
100004
100001
70956359
537193850
100002
292882958
100001
70956359
831589696
100011
832055840
100001
70956359
489202343
561871940
100002
100001
70956359
100002
621942941
253677913
100001
70956359
899816031
284732768
463998673
100001
70956359
886376804
274050537
100001
100001
70956359
100002
344322528
359834597
100001
70956359
100001
148140670
100001
100001
70956359
988102571
100001
100001
100001
70956359
133992331
195613699
439890384
100001
70956359
170652484
100002
644232219
100001
70956359
821896198
100001
865777738
100001
70956359
51033394
100001
100008
100001
70956359
717265446
477313988
100002
100001
70956359
953796668
100002
948231202
100001
70956359
100001
100001
394841628
100001
70956359
980754170
100007
100001
100001
70956359
100001
466954343
100001
100001
70956359
100001
274050537
170331712
100001
70956359
100017
16118681
647750571
100001
70956359
891384581
682164304
936561863
100001
70956359
931843254
826074685
100569
100001
70956359
540538674
100002
176693952
100001
70956359
100001
100001
566197463
100001
70956359
100003
175857576
100003
100001
70956359
100004
602570807
173138388
100001
70956359
696537386
450875445
897565451
100001
70956359
100001
561819976
521231228
100001
70956359
697585963
742735454
854913522
100001
70956359
311028529
100001
100001
100001
70956359
359322516
176906152
100001
100001
70956359
369139637
261873212
669166119
100001
70956359
100001
324863174
100001
100001
70956359
993596041
373444751
344971929
100001
70956359
215160825
437094771
806106897
100001
70956359
760171355
857097806
667976936
100001
70956359
170065742
451153637
100001
100001
70956359
822993080
100002
354957052
100001
70956359
948291640
340690003
683408723
100001
70956359
962151754
100005
100001
100001
70956359
810301212
100001
635260019
100001
70956359
100003
792751700
100001
100001
70956359
399878581
524845364
31818387
100001
70956359
100002
481379389
100003
100001
70956359
49320331
90260785
100001
100001
70956359
100001
201145413
240909947
100001
70956359
343290384
100001
273001961
100001
70956359
100002
868815381
344970820
100001
70956359
100002
808118066
100017
100001
70956359
350877510
526488714
100002
100001
70956359
100002
100001
184498086
100001
70956359
281793389
386520172
316343471
100001
70956359
100003
469476728
899226204
100001
70956359
100002
122532335
100001
100001
70956359
167857298
118776194
637951291
100001
70956359
649485644
151079043
100015
100001
70956359
100001
100015
100005
100001
70956359
869819936
642145600
365469617
100001
70956359
154423686
100001
127270114
100001
70956359
130724788
100002
178225823
100001
70956359
312823642
11057117
100001
100001
70956359
100001
8438701
100001
100001
70956359
573300400
100001
159035992
100001
70956359
882305104
920810331
100002
100001
70956359
100001
100001
100001
100001
70956359
100004
980721402
100001
100001
70956359
35488409
59930477
100003
100001
70956359
100001
100001
471105268
100001
70956359
229098682
759134561
100001
100001
70956359
661346664
100004
344971929
100001
70956359
100001
436878254
100010
100001
70956359
100001
356575407
100001
100001
70956359
100001
918015896
709165487
100001
70956359
100001
100001
652222613
100001
70956359
91733301
602919135
100001
100001
70956359
100001
501269189
100003
100001
70956359
100001
57484841
791691839
100001
70956359
815689468
744439018
596336792
100001
70956359
699637862
100001
100001
100001
70956359
100001
325125322
100001
100001
70956359
360633237
100005
220044258
100001
70956359
976119358
897183549
100004
100001
70956359
797643726
44753933
787334193
100001
70956359
100010
100005
356654154
100001
70956359
255724706
100001
610147471
100001
70956359
683941266
89390968
979426888
100001
70956359
647750573
980541930
905694045
100001
70956359
633411790
972919565
100001
100001
70956359
100001
60470586
625902519
100001
70956359
100001
60470587
847408121
100001
70956359
100007
33931221
100002
100001
70956359
100001
100001
65982643
100001
70956359
100003
563484012
553741920
100001
70956359
412280282
982061145
195671438
100001
70956359
628023438
100005
578215117
100001
70956359
100001
994200768
574589233
100001
70956359
910365437
482918851
100001
100001
70956359
816187198
100001
100001
100001
70956359
100001
6939133
656370959
100001
70956359
572524081
685505877
113077121
100001
70956359
671540332
609223331
100001
100001
70956359
899816031
347090181
100001
100001
70956359
100005
797643726
176976562
100001
70956359
646339911
100004
373998205
100001
70956359
100002
604725507
538017226
100001
70956359
908152405
981057566
985082870
100001
70956359
100001
458755788
901801113
100001
70956359
100001
362831771
100002
100001
70956359
100002
100002
100001
100001
70956359
100003
100001
291586031
100001
70956359
608107958
100029
293242025
100001
70956359
100001
859488850
100003
100001
70956359
173760423
741025999
100002
100001
70956359
100022
530842231
601522227
100001
70956359
100010
100001
260673752
100001
70956359
172134939
311547872
100001
100001
70956359
87078989
100001
750552820
100001
70956359
806106897
792061636
359161752
100001
70956359
664989395
531944956
799900349
100001
70956359
100001
32619506
580909639
100001
70956359
782391843
100002
375963805
100001
70956359
60470589
920286042
917036355
100001
70956359
53130548
100001
30769811
100001
70956359
986487293
100013
247327216
100001
70956359
100001
452031567
100001
100001
70956359
100004
621273365
726538811
100001
70956359
908132132
33411902
645391270
100001
70956359
100001
551644767
521293322
100001
70956359
100001
611483714
100002
100001
70956359
100001
41870386
100001
100001
70956359
100012
685505878
526418234
100001
70956359
100001
100001
100001
100001
70956359
612049491
559714383
100001
100001
70956359
501681616
848863257
100001
100001
70956359
100023
926658945
769862456
100001
70956359
100002
100003
64300592
100001
70956359
776289916
116164480
100004
100001
70956359
34148174
773144181
452272486
100001
70956359
893195463
100002
100001
100001
70956359
982114795
100001
613184137
100001
70956359
348199585
100001
100018
100001
70956359
100001
58373433
100037
100001
70956359
100001
883547177
490306740
100001
70956359
100001
279293429
187159652
100001
70956359
100001
703664227
302427838
100001
70956359
672406923
100003
100001
100001
70956359
100001
651237696
700121503
100001
70956359
631609522
100005
100001
100001
70956359
644242758
100001
120006223
100001
70956359
100001
742735453
100001
100001
70956359
922686198
836531068
100001
100001
70956359
629492846
683592511
100001
100001
70956359
736635905
47223175
66014595
100001
70956359
100001
588813127
133024748
100001
70956359
100009
658156363
862863791
100001
70956359
731129532
63616317
51630199
100001
70956359
880609621
100002
100001
100001
70956359
173236135
100001
452263561
100001
70956359
742735453
797980424
183449508
100001
70956359
179315395
100009
683606102
100001
70956359
35212217
100001
100001
100001
70956359
100001
587830069
40003579
100001
70956359
405416901
100003
964672372
100001
70956359
100001
841763760
869271586
100001
70956359
232568778
43693357
206026139
100001
70956359
10504724
100002
253177454
100001
70956359
470624360
122278820
920286043
100001
70956359
753745505
262825620
949382721
100001
70956359
100001
100001
672406922
100001
70956359
898303689
170652486
662252209
100001
70956359
939915416
776787585
100001
100001
70956359
724674289
270166458
665315856
100001
70956359
146131974
878594651
607855184
100001
70956359
171642185
144263292
6543399
100001
70956359
559714382
475910353
100021
100001
70956359
100001
100001
652222612
100001
70956359
100001
552825708
35488409
100001
70956359
505068753
43711687
159860890
100001
70956359
100001
887165574
857915984
100001
70956359
100001
100001
180381178
100001
70956359
241001274
100006
742062392
100001
70956359
638405747
281548446
336095244
100001
70956359
55522822
232568781
100001
100001
70956359
100003
623646878
100001
100001
70956359
100001
368558228
100001
100001
70956359
100005
175365854
21015226
100001
70956359
630541422
740989394
426059943
100001
70956359
610409615
100001
100002
100001
70956359
44601730
977938856
180826501
100001
70956359
819267238
100036
100001
100001
70956359
100001
100005
100002
100001
70956359
907324721
655171172
521666146
100001
70956359
109515556
638654463
732512453
100001
70956359
100001
945635299
100002
100001
70956359
678698380
100006
100001
100001
70956359
418446662
994581698
100002
100001
70956359
393776026
50085548
622112655
100001
70956359
706306579
100001
100002
100001
70956359
100001
169878198
537436614
100001
70956359
847408122
100002
442247903
100001
70956359
746526220
100002
836924287
100001
70956359
399216759
316605618
828443967
100001
70956359
184503646
835633200
292276799
100001
70956359
265018947
249113086
771435322
100001
70956359
526430070
100001
100011
100001
70956359
602135114
100003
574827740
100001
70956359
100001
365796624
223645652
100001
70956359
866250491
909246742
100001
100001
70956359
268688964
484753861
652943678
100001
70956359
100002
64664897
192394629
100001
70956359
100046
3522039
100002
100001
70956359
135040908
100001
100001
100001
70956359
92257590
100001
399744360
100001
70956359
100003
173699751
280342005
100001
70956359
100003
680795533
59719240
100001
70956359
908132132
49320331
90280737
100001
70956359
100002
100001
100002
100001
70956359
8024423
862479824
100005
100001
70956359
517787137
665055627
792169311
100001
70956359
100003
587794738
100001
100001
70956359
232568778
100001
871953005
100001
70956359
100002
945911170
100003
100001
70956359
100006
341730148
100003
100001
70956359
975065496
701136044
172187555
100001
70956359
100002
671452
100001
100001
70956359
503495881
736533788
720850891
100001
70956359
100001
66229301
642145599
100001
70956359
604913071
749050378
100001
100001
70956359
699658892
100001
806661037
100001
70956359
100001
878856795
608903760
100001
70956359
288556415
281390581
100001
100001
70956359
100001
569675864
98121329
100001
70956359
650079492
100001
681179706
100001
70956359
736443992
134826101
75277746
100001
70956359
100001
418333362
954916397
100001
70956359
100001
100001
100003
100001
70956359
100001
100002
357605288
100001
70956359
964798936
34148174
100052
100001
70956359
451474367
100001
513432792
100001
70956359
100002
100001
100002
100001
70956359
295229740
918713178
649485643
100001
70956359
743467224
100001
212801524
100001
70956359
100001
100003
100002
100001
70956359
806256663
465351961
871266803
100001
70956359
100001
111603324
72720495
100001
70956359
100002
186172837
822222135
100001
70956359
100001
100004
869709906
100001
70956359
986472015
277563876
935118005
100001
70956359
100001
100001
100088
100001
70956359
769862456
100007
733582918
100001
70956359
626891545
452926931
753484121
100001
70956359
100001
387585035
100004
100001
70956359
100085
176808409
37585561
100001
70956359
758348125
100001
44741934
100001
70956359
285847031
181936837
542912327
100001
70956359
946288013
100003
100001
100001
70956359
980247500
884565552
100024
100001
70956359
100002
486588880
100001
100001
70956359
676270284
776289916
420474037
100001
70956359
383304446
100001
169442410
100001
70956359
309792906
41490218
100001
100001
70956359
368074658
100002
364928928
100001
70956359
925637176
336836370
986487293
100001
70956359
711697143
76848936
791013052
100001
70956359
469476727
100002
943506618
100001
70956359
675292587
542272989
130631793
100001
70956359
140225050
44601730
654937177
100001
70956359
100001
100001
687793267
100001
70956359
100024
263970367
100021
100001
70956359
100001
100001
100001
100001
70956359
100004
100001
450872232
100001
70956359
100001
100001
796407558
100001
70956359
100017
100001
100001
100001
70956359
100001
100001
100001
100001
70956359
150030465
100004
167857297
100001
70956359
944561186
897578062
100002
100001
70956359
100001
250161663
155011220
100001
70956359
782370334
100007
50122867
100001
70956359
152560647
100001
968245533
100001
70956359
100232
422685331
397333627
100001
70956359
365469617
544517203
100001
100001
70956359
569675863
616416638
654055100
100001
70956359
374366122
100002
100001
100001
70956359
100001
100001
604667964
100001
70956359
100002
100006
100001
100001
70956359
47134209
96810599
100001
100001
70956359
100020
808873720
588120704
100001
70956359
667164601
148261003
815515263
100001
70956359
100005
100003
100001
100001
70956359
629492844
813763878
419087032
100001
70956359
100001
100002
100013
100001
70956359
100001
100006
433601199
100001
70956359
776289916
647962937
665802891
100001
70956359
100001
977866841
27300208
100001
70956359
100001
100001
647750572
100001
70956359
551305712
233832051
910118787
100001
70956359
100001
260514231
646131268
100001
70956359
100001
785214582
859488849
100001
70956359
100005
100019
369123235
100001
70956359
806125590
537664045
100002
100001
70956359
100003
100002
100021
100001
70956359
100001
950578685
176531639
100001
70956359
277199546
100001
689897545
100001
70956359
747993414
356328088
100001
100001
70956359
100003
100020
100001
100001
70956359
100001
100001
223056389
100001
70956359
144444164
484298969
978434624
100001
70956359
100002
988569168
951376932
100001
70956359
494845117
631038098
100001
100001
70956359
100019
100008
472983660
100001
70956359
100002
150631043
74956555
100001
70956359
542272989
486396124
900873010
100001
70956359
652943678
100002
951376932
100001
70956359
638328174
186578005
100001
100001
70956359
60470589
144813438
100001
100001
70956359
700115497
321555824
241590577
100001
70956359
71509559
320746099
100001
100001
70956359
100006
100002
709689775
100001
70956359
347037737
266567363
112002428
100001
70956359
943506619
100001
134502969
100001
70956359
100001
100008
164978591
100001
70956359
19422041
668373657
100007
100001
70956359
100004
654055100
959991060
100001
70956359
100002
100001
100001
100001
70956359
100001
954530779
100002
100001
70956359
100002
100001
606806607
100001
70956359
294323588
59057706
901766690
100001
70956359
100001
100002
100002
100001
70956359
722147887
621755107
822676794
100001
70956359
52081971
100001
100002
100001
70956359
100003
100001
606950810
100001
70956359
100039
649009467
100001
100001
70956359
100001
100002
100001
100001
70956359
711802207
977866841
100001
100001
70956359
406468000
100001
216997129
100001
70956359
100003
132697067
100002
100001
70956359
100001
100001
967709413
100001
70956359
550071900
647458049
141691649
100001
70956359
100007
100001
168223420
100001
70956359
147143653
58373433
761351010
100001
70956359
210407908
100001
100001
100001
70956359
100001
869084734
420051897
100001
70956359
421708484
100001
207851998
100001
70956359
100004
100001
613718920
100001
70956359
345615187
100001
100001
100001
70956359
100012
100001
40003576
100001
70956359
471987083
261873214
100001
100001
70956359
100001
100001
100001
100001
70956359
100002
387818512
174711254
100001
70956359
793786115
100001
464070752
100001
70956359
972264204
100001
100001
100001
70956359
683210599
100001
301198110
100001
70956359
481939669
381821149
264281782
100001
70956359
886793779
551087859
100001
100001
70956359
100001
100001
976740836
100001
70956359
100001
100001
113077121
100001
70956359
497228056
597040415
100020
100001
70956359
435600299
867612752
100001
100001
70956359
100001
800034806
100001
100001
70956359
350183467
100006
407101008
100001
70956359
100002
448524823
100005
100001
70956359
100003
690909341
351547933
100001
70956359
100002
962478358
100001
100001
70956359
234880627
46295039
629858447
100001
70956359
784690293
702841396
100001
100001
70956359
180826502
193597384
589827437
100001
70956359
41835697
588319026
445829887
100001
70956359
70956358
58216591
100001
100001
70956359
100001
849911835
100001
100001
70956359
100001
112145697
306309931
100001
70956359
717789734
100004
317839334
100001
70956359
100001
100001
440152528
100001
70956359
100001
100027
917753750
100001
70956359
100003
100001
743336150
100001
70956359
100001
359322512
598790572
100001
70956359
100002
568035971
744832606
100001
70956359
835703675
213284236
688317556
100001
70956359
988406258
100007
982993916
100001
70956359
229914834
100005
274574831
100001
70956359
148981887
435292623
796741229
100001
70956359
100001
404094321
803079361
100001
70956359
223563730
983687664
47223177
100001
70956359
100001
802174734
147432985
100001
70956359
100002
433514808
234750870
100001
70956359
100001
100025
100005
100001
70956359
100001
149964944
100001
100001
70956359
824249661
220819369
100001
100001
70956359
100001
65713473
100002
100001
70956359
100002
956585991
100002
100001
70956359
968245531
167801503
937118919
100001
70956359
100001
540700117
100001
100001
70956359
100002
261873214
978008158
100001
70956359
100010
100012
74617919
100001
70956359
100001
100001
992600568
100001
70956359
100001
561950078
100001
100001
70956359
302193430
173548218
489202342
100001
70956359
100002
833162562
374653085
100001
70956359
242377537
100002
747382478
100001
70956359
357181915
809922296
561819976
100001
70956359
565148887
394094158
100001
100001
70956359
809273489
442421920
989675438
100001
70956359
744832606
358312118
100001
100001
70956359
479433940
165823588
340690004
100001
70956359
100001
100001
385272890
100001
70956359
978997658
100001
897578062
100001
70956359
962838888
860500945
561698181
100001
70956359
860501642
100004
941509838
100001
70956359
721680722
447840497
963526934
100001
70956359
100001
793788991
100001
100001
70956359
100001
866381564
49320331
100001
70956359
100001
100004
301353397
100001
70956359
43169068
259068119
991800260
100001
70956359
100005
100001
898347733
100001
70956359
824837952
100002
587794736
100001
70956359
121784890
172313750
50385011
100001
70956359
100001
464070752
129273734
100001
70956359
195671436
100001
719306018
100001
70956359
100001
168681179
223629268
100001
70956359
802778943
100001
555520073
100001
70956359
449190763
100001
301379260
100001
70956359
654252049
100001
100001
100001
70956359
100004
922063603
921283878
100001
70956359
100001
100001
40003579
100001
70956359
63616320
189200568
76719818
100001
70956359
504354591
100001
94354746
100001
70956359
486243498
679746957
466954343
100001
70956359
100001
225196239
506451743
100001
70956359
100001
100001
806106899
100001
70956359
904662536
100002
100003
100001
70956359
100004
100005
750003922
100001
70956359
100001
902553129
100001
100001
70956359
835390886
223965106
100001
100001
70956359
783367811
678424683
28986227
100001
70956359
189002154
880891261
100001
100001
70956359
100003
100001
100001
100001
70956359
259100888
675423662
100001
100001
70956359
242303071
65713473
317654200
100001
70956359
203526621
100006
916505657
100001
70956359
100001
100002
100004
100001
70956359
100002
258578890
581743721
100001
70956359
651209540
100001
100001
100001
70956359
100007
100005
305256410
100001
70956359
100005
164704631
170327613
100001
70956359
509597471
100001
369139637
100001
70956359
100002
751204687
163662984
100001
70956359
711802207
318198492
225196239
100001
70956359
466449122
869885473
100001
100001
70956359
100001
100001
879532363
100001
70956359
100001
100004
100002
100001
70956359
944680441
100001
100001
100001
70956359
916616025
100002
833162562
100001
70956359
100001
100001
100002
100001
70956359
236584016
100001
299240965
100001
70956359
779959935
535561050
100007
100001
70956359
87158666
800034806
623912941
100001
70956359
955368329
537688523
100002
100001
70956359
100018
980051576
675107009
100001
70956359
726538811
100005
100001
100001
70956359
100003
100001
211125840
100001
70956359
100001
100001
648891522
100001
70956359
711566070
100001
100004
100001
70956359
445829887
324338885
815138622
100001
70956359
857097811
360751018
100046
100001
70956359
135040908
659948827
100001
100001
70956359
100001
880101980
100002
100001
70956359
100002
124488537
758693654
100001
70956359
641551481
100001
329766796
100001
70956359
100004
774924969
100001
100001
70956359
100008
60541823
100006
100001
70956359
100007
45613668
100001
100001
70956359
687086995
100001
100002
100001
70956359
262074198
793187901
536951718
100001
70956359
100001
99253763
100003
100001
70956359
43711687
100001
100001
100001
70956359
584387343
627972261
100001
100001
70956359
761219936
504354591
897567571
100001
70956359
870934050
31818387
644555058
100001
70956359
384611787
385949332
469051495
100001
70956359
100001
263970367
100003
100001
70956359
100003
100001
100002
100001
70956359
100003
682892687
6210477
100001
70956359
439890382
413202969
106161402
100001
70956359
116164479
100002
100001
100001
70956359
100001
427716775
100031
100001
70956359
100001
741615305
37342872
100001
70956359
100001
535986949
149831899
100001
70956359
920810331
904662536
222794243
100001
70956359
111641890
239168499
717429781
100001
70956359
100003
100001
799900349
100001
70956359
100007
100002
100001
100001
70956359
100007
100002
100002
100001
70956359
357081000
180065962
100084
100001
70956359
100003
100002
218883873
100001
70956359
215727933
897565452
736634565
100001
70956359
656417383
812543736
844262389
100001
70956359
158812312
100001
905834661
100001
70956359
139295895
711802207
965991700
100001
70956359
100001
180440409
100001
100001
70956359
100002
100001
681179706
100001
70956359
901635616
100001
819883774
100001
70956359
528581763
100001
154768483
100001
70956359
891480379
218380490
100001
100001
70956359
100004
416955408
445829886
100001
70956359
100007
812543736
59422010
100001
70956359
422362103
100001
100002
100001
70956359
100001
100001
745957209
100001
70956359
100001
100001
945597945
100001
70956359
904662536
842331851
147180551
100001
70956359
100001
268668852
100001
100001
70956359
100001
100001
159162753
100001
70956359
100001
895958508
100003
100001
70956359
479330738
100001
100003
100001
70956359
58373433
162753273
898303689
100001
70956359
100001
867134211
171773507
100001
70956359
100001
662026357
100001
100001
70956359
966407627
482463959
16118681
100001
70956359
27675501
737609671
100001
100001
70956359
100001
124488537
100001
100001
70956359
100001
711802207
100001
100001
70956359
695527520
100001
102138862
100001
70956359
100001
159035992
100001
100001
70956359
100001
100001
745957209
100001
70956359
584092427
758830219
687603037
100001
70956359
50122867
602570807
100001
100001
70956359
100001
100001
759876439
100001
70956359
100002
943512608
821371908
100001
70956359
100001
650160961
100001
100001
70956359
100001
879842685
100001
100001
70956359
38310263
633411790
31494516
100001
70956359
47899662
464670967
478385364
100001
70956359
450282490
100002
302650615
100001
70956359
953721218
144757226
100001
100001
70956359
734609608
100001
100004
100001
70956359
100012
100001
945994302
100001
70956359
100001
100012
995760642
100001
70956359
100001
100005
553422920
100001
70956359
955715544
100001
100020
100001
70956359
848863257
100001
677070139
100001
70956359
100003
615368060
327755615
100001
70956359
935118006
957171010
881939838
100001
70956359
413913818
73724926
100001
100001
70956359
100001
846613430
100002
100001
70956359
835279773
720440398
937215159
100001
70956359
638233402
372285368
100002
100001
70956359
234880628
100011
100001
100001
70956359
252411794
18223825
936114003
100001
70956359
168681179
320985062
26251632
100001
70956359
145194142
100001
237045286
100001
70956359
415163868
100002
876495112
100001
70956359
645603635
178491938
965368766
100001
70956359
100001
812543736
18386986
100001
70956359
719790565
404179434
652679182
100001
70956359
551317236
100003
100002
100001
70956359
682950737
747524563
169435040
100001
70956359
146908694
605428871
321586370
100001
70956359
646794366
797029043
39495017
100001
70956359
100007
986487293
100001
100001
70956359
100002
100004
100001
100001
70956359
535724804
100001
100001
100001
70956359
100001
51433588
100001
100001
70956359
100001
100001
741182504
100001
70956359
136923254
587932791
454106497
100001
70956359
100008
528635586
100002
100001
70956359
811379629
346401620
100004
100001
70956359
686543150
935118007
100007
100001
70956359
872502649
654424863
100001
100001
70956359
786373405
157852032
100030
100001
70956359
100001
100002
347165067
100001
70956359
100001
802229530
797430724
100001
70956359
100001
100001
472983660
100001
70956359
676723252
535625911
509471579
100001
70956359
876939599
896277074
100009
100001
70956359
227037211
100002
113077121
100001
70956359
491376865
878269819
707330470
100001
70956359
100001
955804419
100027
100001
70956359
481379390
100001
910889732
100001
70956359
911971592
82670552
100001
100001
70956359
295705554
601522231
150961503
100001
70956359
792061640
100002
929045424
100001
70956359
100001
82837350
892867340
100001
70956359
100001
57316398
100001
100001
70956359
166497343
100007
100001
100001
70956359
100001
100002
418333363
100001
70956359
100001
100003
386046584
100001
70956359
100001
120574796
877225517
100001
70956359
100001
100001
261873214
100001
70956359
175050059
100001
100001
100001
70956359
73453765
100001
584092429
100001
70956359
472291736
605192253
100001
100001
70956359
482952258
849911835
100001
100001
70956359
100001
100001
809922296
100001
70956359
643111123
100006
100014
100001
70956359
672406923
959878592
504981604
100001
70956359
100001
100001
100003
100001
70956359
100004
177430441
442421920
100001
70956359
100001
985604789
959220367
100001
70956359
100001
458755788
769474479
100001
70956359
671540333
100001
100001
100001
70956359
100008
100002
462423129
100001
70956359
127486060
100002
948490342
100001
70956359
898380430
23403560
535591367
100001
70956359
100001
841116656
306074893
100001
70956359
420051897
524445926
980721402
100001
70956359
173760423
44601731
874019326
100001
70956359
136923254
100001
806776564
100001
70956359
100003
509471579
100001
100001
70956359
446418993
100011
840768701
100001
70956359
776153196
440152528
706191226
100001
70956359
45443850
276691636
100002
100001
70956359
848863257
552701415
100001
100001
70956359
688317556
859488850
74634499
100001
70956359
100005
100002
229475871
100001
70956359
609024866
100021
100008
100001
70956359
100001
923841684
100002
100001
70956359
766852711
764755559
659948828
100001
70956359
401237411
313189795
100001
100001
70956359
409852064
607289407
87872164
100001
70956359
100001
295229740
711433970
100001
70956359
134826102
534670801
221092834
100001
70956359
708903340
534200498
521494711
100001
70956359
100001
63099055
13825212
100001
70956359
100001
964575513
897565452
100001
70956359
432662838
844262388
346401620
100001
70956359
319378143
359161752
506771872
100001
70956359
77747794
100065
100003
100001
70956359
100013
272013970
100001
100001
70956359
31083383
615195219
147947297
100001
70956359
763254936
450548481
152324242
100001
70956359
191052950
814090044
100001
100001
70956359
100001
100004
131370890
100001
70956359
79264235
819883773
100002
100001
70956359
99470170
52182704
319378144
100001
70956359
271290295
100001
854913522
100001
70956359
100002
198315978
8232981
100001
70956359
234110099
100005
418733476
100001
70956359
100002
100001
869271586
100001
70956359
174788172
537466317
100001
100001
70956359
52081971
111658067
156389770
100001
70956359
823789375
100011
100001
100001
70956359
100002
215162120
939411312
100001
70956359
100001
362831770
100002
100001
70956359
108466978
100001
100001
100001
70956359
301353397
100001
500059165
100001
70956359
147212424
750003922
638999867
100001
70956359
716562239
100002
146698878
100001
70956359
887391000
737492569
645603635
100001
70956359
100001
100001
100002
100001
70956359
828443967
100001
100001
100001
70956359
100001
173018697
185784177
100001
70956359
303159255
100144
276374674
100001
70956359
100001
100001
100001
100001
70956359
53130548
194994108
84584146
100001
70956359
100001
100001
91788072
100001
70956359
870488810
100001
100001
100001
70956359
156136077
100002
100001
100001
70956359
666364436
100001
711348091
100001
70956359
100001
100001
906034977
100001
70956359
100001
157655525
100002
100001
70956359
615840628
52093967
100001
100001
70956359
975507541
100001
721401440
100001
70956359
100001
100003
100001
100001
70956359
127700865
383828736
100002
100001
70956359
100001
100001
646734314
100001
70956359
100001
404179433
810301212
100001
70956359
959878589
100002
342504843
100001
70956359
541468483
100003
100005
100001
70956359
623912940
142166138
9050148
100001
70956359
100002
179053250
701170079
100001
70956359
354161780
955720203
100002
100001
70956359
100002
100002
100001
100001
70956359
100002
100001
100001
100001
70956359
705946125
137730116
605562620
100001
70956359
459662495
100006
100001
100001
70956359
216472841
140098177
100002
100001
70956359
100005
556044364
956875166
100001
70956359
295430937
545684667
187888748
100001
70956359
100001
100001
227110836
100001
70956359
45366948
420699565
100002
100001
70956359
6414844
277943117
862732717
100001
70956359
100002
100001
100004
100001
70956359
100004
683013989
53130547
100001
70956359
14873788
267930694
100001
100001
70956359
100002
100001
41039900
100001
70956359
100003
48817271
100001
100001
70956359
108335906
100003
100002
100001
70956359
100001
959846421
100001
100001
70956359
100001
100001
100002
100001
70956359
870488810
277151084
157102451
100001
70956359
954916397
100009
255846750
100001
70956359
345053850
100001
898747221
100001
70956359
560233536
759616656
143490202
100001
70956359
949078073
46295039
646339915
100001
70956359
735477032
741686877
100001
100001
70956359
100002
100007
212422870
100001
70956359
100001
100001
603052622
100001
70956359
100001
100002
100013
100001
70956359
972181910
100001
583240032
100001
70956359
100001
100006
100002
100001
70956359
390103521
139700762
176808410
100001
70956359
100001
256371041
100001
100001
70956359
100001
614458577
100002
100001
70956359
797029556
100006
804796174
100001
70956359
100001
100020
100005
100001
70956359
709165486
690114010
100009
100001
70956359
947243063
611483714
441606694
100001
70956359
541748697
647842946
100001
100001
70956359
100002
100003
540638670
100001
70956359
784812585
881658202
357444059
100001
70956359
821184134
100001
100001
100001
70956359
100001
587830070
100001
100001
70956359
412280282
100002
810714283
100001
70956359
573362717
989825424
100079
100001
70956359
100001
808866344
100001
100001
70956359
100001
650846525
100001
100001
70956359
248912077
251260885
893635405
100001
70956359
100001
763722088
100001
100001
70956359
100009
421577412
219422675
100001
70956359
451441594
185294768
601936093
100001
70956359
773144181
100002
100004
100001
70956359
100001
100001
638999867
100001
70956359
451502944
100002
628023435
100001
70956359
743641545
100001
912346712
100001
70956359
538319406
857097810
100001
100001
70956359
281617574
980964774
100001
100001
70956359
939679092
946206088
100006
100001
70956359
267640387
992600568
941509838
100001
70956359
344938051
611646313
570391770
100001
70956359
5698736
611483714
100001
100001
70956359
155996553
312248756
100001
100001
70956359
100002
100001
100002
100001
70956359
100001
100001
786146145
100001
70956359
992600568
100001
44601727
100001
70956359
100021
72422594
100002
100001
70956359
881190987
910365436
62574764
100001
70956359
100001
233518753
559714383
100001
70956359
280831139
942464031
100002
100001
70956359
100001
100001
100001
100001
70956359
334901769
100003
686543151
100001
70956359
100003
340684209
136923254
100001
70956359
100002
100002
137669170
100001
70956359
526418230
65912343
221942265
100001
70956359
100001
680915061
738657458
100001
70956359
100004
441201105
100001
100001
70956359
141015688
564072324
170652486
100001
70956359
141015688
100005
263970371
100001
70956359
69907782
100001
100002
100001
70956359
100372825
100001
561811535
100001
70956359
100093
550071900
100001
100001
70956359
298847741
303174911
100002
100001
70956359
827919678
100001
882041596
100001
70956359
100003
100018
100001
100001
70956359
100002
100001
800034806
100001
70956359
232568781
100002
761058450
100001
70956359
100001
100002
783367811
100001
70956359
100001
341420880
100001
100001
70956359
232568781
535625911
311547872
100001
70956359
69907781
630971901
546000830
100001
70956359
60630572
100001
100001
100001
70956359
332649823
100002
695402328
100001
70956359
496544012
100002
302008760
100001
70956359
396832765
515363709
148578499
100001
70956359
294382353
100006
311547872
100001
70956359
100001
100001
100012
100001
70956359
882184119
702611877
100001
100001
70956359
100002
100005
124182348
100001
70956359
870934049
954505039
100001
100001
70956359
608862273
100001
100005
100001
70956359
100002
237337688
100001
100001
70956359
100002
100001
326444889
100001
70956359
268668850
689504327
312175409
100001
70956359
887055925
627761290
100001
100001
70956359
373441032
100003
326907921
100001
70956359
864140861
100002
100001
100001
70956359
611646315
100001
100049
100001
70956359
165289015
100002
278769140
100001
70956359
311362728
470624360
65713473
100001
70956359
795315039
925211189
100001
100001
70956359
100002
100002
113077121
100001
70956359
100020
442421920
201145411
100001
70956359
416751374
900400842
100016
100001
70956359
100002
862913705
573241897
100001
70956359
100009
100001
271290295
100001
70956359
132667953
974983253
734609608
100001
70956359
629492846
349827294
536145272
100001
70956359
100003
929045422
735249573
100001
70956359
601522228
132667953
33990246
100001
70956359
312437554
34439830
324745221
100001
70956359
97305399
100001
477838277
100001
70956359
649796246
293951782
606806607
100001
70956359
100003
615342728
100001
100001
70956359
100002
782389416
162614403
100001
70956359
100001
242482816
100018
100001
70956359
661507297
680748468
9456147
100001
70956359
31494516
520649026
344110476
100001
70956359
666330015
863528401
100001
100001
70956359
567737408
100002
100004
100001
70956359
100001
584092427
968766934
100001
70956359
113077121
129273734
187120788
100001
70956359
560823363
100001
798982076
100001
70956359
100001
100001
100009
100001
70956359
909626210
212661776
170090401
100001
70956359
716562239
100001
951699515
100001
70956359
100070
906086513
100004
100001
70956359
100001
176906152
54179124
100001
70956359
44601731
901782114
506903761
100001
70956359
75288775
244055682
865101265
100001
70956359
173355393
100001
425869659
100001
70956359
100001
536969995
100001
100001
70956359
100001
600239925
702611877
100001
70956359
100002
100001
100003
100001
70956359
100001
977757818
100001
100001
70956359
100001
100001
747685603
100001
70956359
237337685
172313750
100002
100001
70956359
148261002
100001
100001
100001
70956359
100001
100003
137198739
100001
70956359
100001
100001
899136779
100001
70956359
738657457
806041978
100001
100001
70956359
100002
100001
100003
100001
70956359
352737975
100003
167857297
100001
70956359
100004
71472188
950578685
100001
70956359
898085126
100001
100001
100001
70956359
100003
276671985
100005
100001
70956359
100367
24875401
698919461
100001
70956359
978997665
100008
285286439
100001
70956359
100001
758205447
100001
100001
70956359
318084907
308482543
100001
100001
70956359
745109824
767901288
620061321
100001
70956359
100001
509471579
781340840
100001
70956359
100003
35164534
100001
100001
70956359
100001
568983323
43312234
100001
70956359
100001
100001
100001
100001
70956359
668373657
100003
840653119
100001
70956359
38310268
600473649
966873659
100001
70956359
835417515
100001
24875400
100001
70956359
100001
482055385
379371679
100001
70956359
100001
265018947
732249679
100001
70956359
100001
586240812
190249144
100001
70956359
775241333
100001
100001
100001
70956359
897043282
100001
264870352
100001
70956359
100001
100089
659511647
100001
70956359
100001
340668940
100001
100001
70956359
100580
860503490
768210201
100001
70956359
386844818
100055
100001
100001
70956359
837245246
436308331
319974615
100001
70956359
100001
100001
100002
100001
70956359
100001
881419824
100003
100001
70956359
100001
546170726
100004
100001
70956359
100003
760171355
100004
100001
70956359
909206517
100002
386520172
100001
70956359
100001
655890110
658881065
100001
70956359
719100454
100001
561811535
100001
70956359
365977505
100002
713806429
100001
70956359
211157230
100009
289844470
100001
70956359
100013
428319491
100001
100001
70956359
762980498
129972850
100001
100001
70956359
124218151
100007
100002
100001
70956359
100001
355983069
100004
100001
70956359
601552044
831638123
428581635
100001
70956359
100002
988214528
819531057
100001
70956359
100001
100001
100001
100001
70956359
23307409
100001
4549573
100001
70956359
793824897
100001
100005
100001
70956359
100001
605774083
100002
100001
70956359
100001
244743323
909927419
100001
70956359
100001
100001
100002
100001
70956359
471104738
509000916
144339579
100001
70956359
100002
100001
100001
100001
70956359
45126020
865777737
100001
100001
70956359
8384883
814090044
100001
100001
70956359
21259697
835415466
756146146
100001
70956359
901291546
100002
130112418
100001
70956359
100001
100001
100001
100001
70956359
957061133
61460648
990503413
100001
70956359
100003
100001
100001
100001
70956359
732628131
100001
939312313
100001
70956359
100007
890145260
100002
100001
70956359
100001
332574956
100001
100001
70956359
100001
537048450
741801171
100001
70956359
64664896
100001
100001
100001
70956359
100001
100001
226935679
100001
70956359
189200567
322033638
767975329
100001
70956359
371761080
920336342
100002
100001
70956359
232994460
552701415
100001
100001
70956359
100001
615195220
315742179
100001
70956359
401997168
924323520
100001
100001
70956359
815253114
763214242
60346528
100001
70956359
100001
100002
100013
100001
70956359
100001
100001
387127486
100001
70956359
815138622
100003
735926337
100001
70956359
185644638
218904779
452777341
100001
70956359
769998444
100002
100001
100001
70956359
761609826
813592313
181624745
100001
70956359
100001
100002
364854232
100001
70956359
52081971
100001
100001
100001
70956359
100004
100006
100001
100001
70956359
100001
482463959
645391270
100001
70956359
731653821
100001
801083384
100001
70956359
981029465
782782860
498908356
100001
70956359
547463511
65776853
100001
100001
70956359
942464031
100001
100006
100001
70956359
100001
438967964
978997662
100001
70956359
332783403
100001
472197227
100001
70956359
40919569
689897545
100001
100001
70956359
769474155
100001
396615658
100001
70956359
349827294
54863401
274339479
100001
70956359
208827784
100006
100018
100001
70956359
100001
512617309
100577
100001
70956359
775241333
100007
100003
100001
70956359
262508463
100003
306097858
100001
70956359
100001
229033146
618965451
100001
70956359
100002
100043
100002
100001
70956359
961001562
147062554
973021555
100001
70956359
100001
591344550
307762664
100001
70956359
127250930
396320744
233551522
100001
70956359
100002
206026139
484298969
100001
70956359
315742179
785535147
290612291
100001
70956359
100001
955907600
595328532
100001
70956359
466148765
100001
100001
100001
70956359
732249680
100025
100004
100001
70956359
794775136
100001
695342726
100001
70956359
177409356
836358094
796625841
100001
70956359
700560598
100001
635444579
100001
70956359
881658203
100001
105633709
100001
70956359
166277496
976458010
953474085
100001
70956359
724674289
100001
100007
100001
70956359
687793267
100001
100001
100001
70956359
563217637
100003
100001
100001
70956359
100004
105069098
69907781
100001
70956359
100003
659948828
897567573
100001
70956359
291679259
545663451
100001
100001
70956359
655743470
100001
100006
100001
70956359
775216179
359593183
655866659
100001
70956359
741644757
11553300
847662011
100001
70956359
548792170
380011913
566297842
100001
70956359
808353824
100001
954916397
100001
70956359
235881075
100002
100004
100001
70956359
100001
100001
186605490
100001
70956359
324352001
13728575
100001
100001
70956359
100001
637592020
100001
100001
70956359
217331914
100001
112526722
100001
70956359
849911835
184480113
154014077
100001
70956359
767975330
100001
719688552
100001
70956359
100002
542272989
100001
100001
70956359
349827294
60619093
307877854
100001
70956359
100017
51033392
476816767
100001
70956359
100001
734609608
265650968
100001
70956359
100002
486658268
340690003
100001
70956359
100016
100001
100003
100001
70956359
100005
918713178
889244527
100001
70956359
64600974
100006
100001
100001
70956359
100001
100001
100001
100001
70956359
65713473
451359664
100005
100001
70956359
318087597
342970206
100004
100001
70956359
234708884
922907486
100003
100001
70956359
82669602
587830069
695381205
100001
70956359
100001
327170065
222794244
100001
70956359
100004
615195220
507288720
100001
70956359
100001
909508886
100006
100001
70956359
100001
241459500
58396332
100001
70956359
808873720
862043708
100001
100001
70956359
770911033
868335171
625205277
100001
70956359
25894307
100003
876927055
100001
70956359
100001
100001
100001
100001
70956359
100002
100003
119943409
100001
70956359
100002
958515266
100003
100001
70956359
100001
905694045
100003
100001
70956359
100001
316813633
802229530
100001
70956359
959222417
294323588
100002
100001
70956359
487947435
100002
499010583
100001
70956359
100001
69404973
900885304
100001
70956359
797456135
100001
637357171
100001
70956359
438287279
100001
100001
100001
70956359
100002
782400035
100001
100001
70956359
59057706
100001
671358345
100001
70956359
100001
707371119
54191122
100001
70956359
956282964
520446134
100001
100001
70956359
130322311
993923298
100007
100001
70956359
168230730
100001
880891261
100001
70956359
45744743
100008
338130044
100001
70956359
874534981
100003
83985189
100001
70956359
100001
100001
496548561
100001
70956359
451153637
473900326
100003
100001
70956359
148192229
100046
100002
100001
70956359
100001
454653011
100001
100001
70956359
100002
323082218
64664897
100001
70956359
100001
292948496
64132147
100001
70956359
100006
100027
100001
100001
70956359
227035157
221942264
911849921
100001
70956359
281022046
914887855
100001
100001
70956359
355199142
100003
648484874
100001
70956359
100001
100001
954099164
100001
70956359
265836070
357066929
658680661
100001
70956359
128225153
100001
596336792
100001
70956359
100001
100001
100001
100001
70956359
100001
454506114
617705475
100001
70956359
274574831
404179435
139295896
100001
70956359
100001
100003
303159252
100001
70956359
802166310
70956358
100001
100001
70956359
100001
100001
63099055
100001
70956359
100001
835415466
395760761
100001
70956359
144339579
100005
100002
100001
70956359
90875612
178075856
822448307
100001
70956359
100002
405752302
900184754
100001
70956359
799553288
100004
989617745
100001
70956359
100045
667658773
718834721
100001
70956359
803278109
710954872
464070752
100001
70956359
100001
186562143
677245229
100001
70956359
647699081
122524587
100001
100001
70956359
572524082
418848527
867612751
100001
70956359
781008511
100001
288777280
100001
70956359
832254834
100001
100001
100001
70956359
832113986
100001
440152528
100001
70956359
100006
939830768
100013
100001
70956359
959846420
340698196
737323197
100001
70956359
517073762
237070145
100002
100001
70956359
735920330
550841716
141560576
100001
70956359
223632417
859357845
100001
100001
70956359
966214991
579296275
100001
100001
70956359
100001
100003
100001
100001
70956359
100002
100003
903070478
100001
70956359
210407908
48182785
40524037
100001
70956359
100001
100001
100001
100001
70956359
468834703
211944889
100001
100001
70956359
88516309
814288166
900612753
100001
70956359
582280253
790118973
100001
100001
70956359
100109
100002
242497757
100001
70956359
5298696
100001
100001
100001
70956359
446418992
414453992
132996010
100001
70956359
100001
150751376
100001
100001
70956359
100003
159860890
831589696
100001
70956359
726579171
100001
100001
100001
70956359
100018
100001
86110718
100001
70956359
605842749
451399733
100016
100001
70956359
100002
100001
44601731
100001
70956359
358375316
59057706
806776564
100001
70956359
100001
100001
596516127
100001
70956359
100005
439018308
440324767
100001
70956359
100001
749479634
779435647
100001
70956359
100001
743641545
100001
100001
70956359
584761653
675606631
181692922
100001
70956359
873036282
100001
241263422
100001
70956359
442657504
100001
735395411
100001
70956359
100001
761165752
100001
100001
70956359
100002
38310265
496417985
100001
70956359
100001
100001
155269712
100001
70956359
100001
474032239
386520170
100001
70956359
611483714
100002
100001
100001
70956359
571203242
142064478
100001
100001
70956359
782370334
100001
176753913
100001
70956359
100001
100002
100002
100001
70956359
100001
266541817
747237272
100001
70956359
100006
753615195
100001
100001
70956359
60344179
100003
100002
100001
70956359
59914086
174596795
261873215
100001
70956359
570391770
33636564
685375577
100001
70956359
177332698
380944543
100001
100001
70956359
979189909
100001
772835401
100001
70956359
355229583
963526937
717868220
100001
70956359
100001
100001
100055
100001
70956359
100001
757415522
819006766
100001
70956359
100001
198840267
161640651
100001
70956359
1724673
100001
100005
100001
70956359
704487532
282439157
54191121
100001
70956359
357578504
100001
100001
100001
70956359
732512453
60619094
776289916
100001
70956359
100001
100198
879846958
100001
70956359
501604008
488719432
100001
100001
70956359
627761290
100001
929045422
100001
70956359
100001
911373142
100003
100001
70956359
100001
900904775
100001
100001
70956359
847408118
100016
176531639
100001
70956359
100001
100001
768949866
100001
70956359
379980940
636951110
428581636
100001
70956359
100001
100010
100002
100001
70956359
848060512
65776852
967196954
100001
70956359
100001
213985038
181624745
100001
70956359
266543865
789368639
837625614
100001
70956359
342503952
100001
744206842
100001
70956359
100001
791691838
671636256
100001
70956359
960631515
194332647
221942264
100001
70956359
100001
703660453
880609619
100001
70956359
100002
331788518
654055100
100001
70956359
439890384
513432795
100004
100001
70956359
100001
100002
423197625
100001
70956359
100069
100004
100001
100001
70956359
100001
100001
700411319
100001
70956359
964890503
841116657
148279702
100001
70956359
856769957
658680660
388520132
100001
70956359
939915416
646794366
100001
100001
70956359
676413856
505068752
697760155
100001
70956359
130517854
274012826
869885473
100001
70956359
637222573
100001
992874721
100001
70956359
769658913
100001
100003
100001
70956359
98278811
100001
100006
100001
70956359
100001
43433158
100001
100001
70956359
764755559
100001
45126020
100001
70956359
100001
963526934
352072222
100001
70956359
100001
814525361
100001
100001
70956359
814090044
305256408
980541930
100001
70956359
646083386
57484841
404094321
100001
70956359
100001
365993905
100001
100001
70956359
372555932
100001
508150
100001
70956359
100001
642145597
808353824
100001
70956359
568627287
100015
847067467
100001
70956359
100001
118284671
63083569
100001
70956359
100001
100007
100002
100001
70956359
100001
100001
100001
100001
70956359
100001
186595239
164633933
100001
70956359
100001
100003
100001
100001
70956359
100001
267227057
92257590
100001
70956359
382977738
801249756
100002
100001
70956359
100001
322758356
31494517
100001
70956359
744135129
929907586
228300432
100001
70956359
700121502
100014
100002
100001
70956359
70296994
100001
100001
100001
70956359
100002
100001
889677366
100001
70956359
503495881
100001
759512674
100001
70956359
496531721
304000704
943512608
100001
70956359
572130862
910249558
921735923
100001
70956359
963829008
397040648
542010843
100001
70956359
274698170
113077121
860995132
100001
70956359
626858594
289802656
100001
100001
70956359
100002
100001
100002
100001
70956359
808873720
100040
28986227
100001
70956359
883755357
899095132
100002
100001
70956359
342123369
368621196
100001
100001
70956359
389752930
964514359
542272989
100001
70956359
100003
195646467
421636752
100001
70956359
985159081
663759542
544636089
100001
70956359
733750977
100001
40726810
100001
70956359
988750525
903808718
100001
100001
70956359
38310266
101106
100002
100001
70956359
100001
100001
786973245
100001
70956359
509597472
100006
100001
100001
70956359
687603034
241958525
271063694
100001
70956359
100001
439890381
471672936
100001
70956359
865426580
438227613
100004
100001
70956359
584715104
682892686
849911834
100001
70956359
810970872
72525511
391663530
100001
70956359
100001
100001
195671437
100001
70956359
701776671
277365217
100006
100001
70956359
74617919
424487078
100001
100001
70956359
664989395
652746902
100001
100001
70956359
100005
951376931
809273488
100001
70956359
100001
33466266
451711937
100001
70956359
773210709
47134209
76228491
100001
70956359
100015
100001
100001
100001
70956359
15398076
235798637
100001
100001
70956359
61929814
717462549
74503421
100001
70956359
100001
100007
663344570
100001
70956359
648487226
722815948
100001
100001
70956359
56276277
269989531
100007
100001
70956359
100004
44753933
438967964
100001
70956359
93658219
100017
644683781
100001
70956359
177343820
812543736
360571885
100001
70956359
956282964
100001
100001
100001
70956359
752974163
100001
211982321
100001
70956359
782869342
753745506
67277882
100001
70956359
100054
282439157
15398076
100001
70956359
281216371
305485062
911331846
100001
70956359
353903663
773144181
100001
100001
70956359
100001
810093856
671871269
100001
70956359
48707073
136923254
134207129
100001
70956359
346401620
100001
100030
100001
70956359
293504174
100001
100002
100001
70956359
100001
49182346
676723252
100001
70956359
629310943
100002
100001
100001
70956359
100001
129469278
834735430
100001
70956359
886376804
100001
977080408
100001
70956359
100001
253185649
446616227
100001
70956359
100521
825298237
100001
100001
70956359
100001
880371247
100001
100001
70956359
501591712
959268166
420476505
100001
70956359
35488409
602135116
604121134
100001
70956359
67810626
100001
863528401
100001
70956359
100002
100001
239041529
100001
70956359
100001
100001
817786620
100001
70956359
870934050
734609608
451828579
100001
70956359
400927680
100001
100001
100001
70956359
709689775
58373434
5174448
100001
70956359
812428206
283575672
100002
100001
70956359
405973962
316353730
100016
100001
70956359
149831899
100001
646339913
100001
70956359
100001
100001
562396230
100001
70956359
377123345
282439157
528785398
100001
70956359
836940671
100001
140068983
100001
70956359
100001
100001
11322286
100001
70956359
41006098
100001
775241333
100001
70956359
4745096
10797998
437173166
100001
70956359
100001
841439551
680453233
100001
70956359
650166775
109515556
100002
100001
70956359
813418102
907629048
939568623
100001
70956359
671257244
100002
100001
100001
70956359
169636515
904462111
61929814
100001
70956359
761809764
735395412
458856660
100001
70956359
681179707
897967305
100003
100001
70956359
100001
782782860
100008
100001
70956359
773331957
100005
100001
100001
70956359
100001
125099857
399761386
100001
70956359
721615185
282255237
100001
100001
70956359
100001
261873213
931843254
100001
70956359
333500140
100002
866685460
100001
70956359
100001
618573701
132667952
100001
70956359
100001
100004
955496531
100001
70956359
100001
100002
100001
100001
70956359
177472336
100007
292465700
100001
70956359
100001
100001
100001
100001
70956359
460133537
100011
100002
100001
70956359
724674289
100002
274050538
100001
70956359
100001
100001
814128867
100001
70956359
168681178
100001
979032646
100001
70956359
977999963
92804184
100001
100001
70956359
847662017
100001
100001
100001
70956359
100001
100002
94160436
100001
70956359
100003
730188603
481379389
100001
70956359
100001
981242122
100006
100001
70956359
880101980
620422312
49320332
100001
70956359
280167793
100001
80112433
100001
70956359
728091447
955440688
184862116
100001
70956359
920810333
35506117
100001
100001
70956359
905227568
100001
172187556
100001
70956359
621274281
100002
100001
100001
70956359
395050349
100001
100001
100001
70956359
333935735
415163867
953705945
100001
70956359
100001
100001
100006
100001
70956359
416906167
100003
920336342
100001
70956359
100001
100001
100001
100001
70956359
100001
100001
736710189
100001
70956359
644242758
100001
100001
100001
70956359
336032889
100003
100001
100001
70956359
572524081
742663883
100002
100001
70956359
300013524
578360345
545254449
100001
70956359
33067382
100012
100001
100001
70956359
682892687
100001
666738608
100001
70956359
986487294
100012
100001
100001
70956359
158283895
100001
732249678
100001
70956359
370188214
100001
851332035
100001
70956359
128251498
631589999
260673752
100001
70956359
100001
100002
277485211
100001
70956359
100001
895208273
100002
100001
70956359
100008
522486067
100004
100001
70956359
100013
444781306
452779226
100001
70956359
100001
331816880
784486568
100001
70956359
100006
829459241
640260979
100001
70956359
978997662
100013
100002
100001
70956359
46295038
100011
100003
100001
70956359
327669639
100001
100001
100001
70956359
993000637
100001
40595737
100001
70956359
959878592
847408122
413064692
100001
70956359
520446135
59717129
978198262
100001
70956359
640227328
356278162
100023
100001
70956359
100001
186595239
753615194
100001
70956359
100001
225969679
100001
100001
70956359
43705355
782193035
25248858
100001
70956359
169803597
476789698
100002
100001
70956359
359584661
100001
100001
100001
70956359
354721702
587298169
199856600
100001
70956359
918382644
113077121
100001
100001
70956359
100002
977856066
627761290
100001
70956359
957334829
847661394
100002
100001
70956359
100003
354161523
604496619
100001
70956359
576944689
100001
544271402
100001
70956359
387074198
100001
868094754
100001
70956359
820579634
100001
356133338
100001
70956359
100001
857097806
342123369
100001
70956359
100007
100030
177070554
100001
70956359
100007
706067039
860995131
100001
70956359
100001
618965454
888104501
100001
70956359
197599520
100002
451153637
100001
70956359
420588175
100001
550071900
100001
70956359
195901913
169435040
100004
100001
70956359
100001
318814224
387254431
100001
70956359
888327257
100004
172838040
100001
70956359
906055252
636308595
100001
100001
70956359
482427969
100054
100002
100001
70956359
212636137
730895957
100001
100001
70956359
170090401
100004
49755650
100001
70956359
100001
273815190
100004
100001
70956359
562426560
100001
76426318
100001
70956359
612007346
100001
162614406
100001
70956359
411231706
560953346
745661606
100001
70956359
354721701
100003
327825426
100001
70956359
100010
913330051
182376931
100001
70956359
52081971
437094768
282439157
100001
70956359
390627813
654055100
633892802
100001
70956359
100004
108166037
753680741
100001
70956359
100001
116164480
100001
100001
70956359
784400632
100001
100001
100001
70956359
898222933
881133911
100001
100001
70956359
100004
454653011
452710727
100001
70956359
349023062
100001
100001
100001
70956359
100001
100001
675905782
100001
70956359
584761652
891658490
100002
100001
70956359
100001
100001
146062783
100001
70956359
295714267
524845364
910118782
100001
70956359
843860914
114902888
100013
100001
70956359
100001
50385011
110572830
100001
70956359
100087
87984289
475080815
100001
70956359
158812311
100003
741615307
100001
70956359
100001
97418112
100001
100001
70956359
100016
197267402
100002
100001
70956359
936114005
100001
100003
100001
70956359
493418246
984372147
100001
100001
70956359
100003
425886857
100001
100001
70956359
100001
100001
849911834
100001
70956359
100002
100001
871987704
100001
70956359
264805507
414809012
490716341
100001
70956359
100001
100001
128585849
100001
70956359
451153637
100002
44601729
100001
70956359
100002
838480371
739518152
100001
70956359
50144806
100001
100008
100001
70956359
877972048
189200566
352885526
100001
70956359
849911833
746185896
217128201
100001
70956359
95727724
100019
842165235
100001
70956359
653896249
615892349
323082217
100001
70956359
413258453
100044
155011220
100001
70956359
100001
880661228
98213275
100001
70956359
100001
847662006
100001
100001
70956359
100001
529223293
615342728
100001
70956359
320945493
100001
573362717
100001
70956359
576194100
184498086
382977737
100001
70956359
873031203
407980532
249083366
100001
70956359
606240829
100012
100001
100001
70956359
100005
249113086
254355311
100001
70956359
170652489
43429059
100001
100001
70956359
100020
278769140
100001
100001
70956359
635510518
100001
306072000
100001
70956359
333730036
118776194
38644644
100001
70956359
100003
989879889
100001
100001
70956359
100001
100002
100001
100001
70956359
100001
242377537
100011
100001
70956359
329797156
48182785
365391247
100001
70956359
100001
40464659
100001
100001
70956359
100001
696105966
62876183
100001
70956359
100001
580909639
949279778
100001
70956359
232863384
100005
100001
100001
70956359
100001
466535211
796216938
100001
70956359
100001
100001
477971514
100001
70956359
582261820
833024715
598629366
100001
70956359
100001
100001
100001
100001
70956359
544379177
876176939
100006
100001
70956359
781008511
100002
159337600
100001
70956359
375414699
100001
260673752
100001
70956359
458840275
623912940
963526934
100001
70956359
289883326
100001
100002
100001
70956359
942558421
443447273
974820119
100001
70956359
703660453
100004
100002
100001
70956359
100001
100025
5174448
100001
70956359
100001
100001
100001
100001
70956359
637951291
693130762
211125840
100001
70956359
100001
387818511
100002
100001
70956359
100001
318373075
100001
100001
70956359
823872006
623912940
287349432
100001
70956359
669475744
420051897
100001
100001
70956359
761809764
970933592
652943678
100001
70956359
628496551
100002
100001
100001
70956359
938065229
451828580
100027
100001
70956359
100009
38310266
100001
100001
70956359
895728256
674161775
641551481
100001
70956359
100001
100002
967447269
100001
70956359
100001
904224298
241557805
100001
70956359
100001
496417984
557585072
100001
70956359
100010
100001
127270114
100001
70956359
306508023
100002
950418042
100001
70956359
825536383
659478878
100019
100001
70956359
100032
897606806
577760372
100001
70956359
100001
59581996
100001
100001
70956359
836701514
64966018
100001
100001
70956359
193506457
936114008
160461458
100001
70956359
100001
100001
100001
100001
70956359
100003
539497289
979916195
100001
70956359
164704631
100002
102459412
100001
70956359
209885165
654841532
100002
100001
70956359
293984552
942814590
978997662
100001
70956359
100001
100002
905035870
100001
70956359
100002
100002
658680661
100001
70956359
608128338
685375578
546208956
100001
70956359
185028792
100002
100001
100001
70956359
532415316
100001
100001
100001
70956359
100001
100001
951376933
100001
70956359
389621858
217128201
656059208
100001
70956359
100002
959563844
100002
100001
70956359
100009
450782115
100008
100001
70956359
327669639
653059758
100001
100001
70956359
365739025
214247182
100001
100001
70956359
678698380
766852711
49096230
100001
70956359
427068192
129166748
100001
100001
70956359
100047
843914433
216437230
100001
70956359
382002875
476816766
726579171
100001
70956359
100002
574441777
100001
100001
70956359
905510688
180076952
100001
100001
70956359
904462111
100002
100001
100001
70956359
621206208
100001
769474156
100001
70956359
100003
100001
148229128
100001
70956359
68880684
100569973
458758998
100001
70956359
100002
100002
100001
100001
70956359
100001
100001
139573887
100001
70956359
938263736
608107958
100001
100001
70956359
272734675
100005
100001
100001
70956359
111621408
938691783
100003
100001
70956359
909771030
100001
466148764
100001
70956359
794775136
881939841
100001
100001
70956359
100002
361164871
225196236
100001
70956359
815138620
100002
807825141
100001
70956359
211157231
107151782
340668938
100001
70956359
963526934
181875080
876176936
100001
70956359
889913823
113077121
730549472
100001
70956359
100001
701596230
231708309
100001
70956359
161565827
100001
100003
100001
70956359
111648846
100001
616243798
100001
70956359
100001
100001
449731425
100001
70956359
886793778
961680095
100188
100001
70956359
371604088
731129532
965991700
100001
70956359
612049490
424746770
351547933
100001
70956359
63616317
100001
249017830
100001
70956359
100001
100002
100001
100001
70956359
100001
35488409
137138065
100001
70956359
100005
305256408
100005
100001
70956359
637796715
70963386
100001
100001
70956359
100001
100001
100001
100001
70956359
706179955
222794244
475733776
100001
70956359
293616207
485912535
207954040
100001
70956359
506012192
100001
100002
100001
70956359
356032423
100004
834735431
100001
70956359
100001
100001
125799260
100001
70956359
100001
805702203
100002
100001
70956359
100001
536145272
100001
100001
70956359
447616078
543525156
359584660
100001
70956359
856867407
34439830
450024193
100001
70956359
100001
100001
100001
100001
70956359
100001
59717129
706067035
100001
70956359
86184735
420588175
100001
100001
70956359
622074013
743336150
100001
100001
70956359
100004
642145600
100008
100001
70956359
100002
737492569
100003
100001
70956359
100004
100001
100002
100001
70956359
529957530
235224323
100001
100001
70956359
100005
852805809
516025184
100001
70956359
439890383
100001
100003
100001
70956359
100001
636586134
40207003
100001
70956359
100001
100001
100001
100001
70956359
725591793
100001
100001
100001
70956359
100001
100001
319862801
100001
70956359
949040259
476816766
100020
100001
70956359
100002
100001
794119776
100001
70956359
812398366
100001
909404957
100001
70956359
100002
100011
31494516
100001
70956359
405752303
170652486
416955408
100001
70956359
43203743
879318396
100001
100001
70956359
589452350
100002
100004
100001
70956359
238547299
645391270
882489063
100001
70956359
892888875
100001
787333740
100001
70956359
100003
100001
100002
100001
70956359
175857576
799553288
53130547
100001
70956359
987053994
259100888
100002
100001
70956359
129469278
115240583
807798304
100001
70956359
100003
967718356
261873214
100001
70956359
967918928
100001
12514488
100001
70956359
573362717
5636493
784876091
100001
70956359
127270114
86084099
820381503
100001
70956359
100003
207751269
347037737
100001
70956359
100005
915828372
100002
100001
70956359
100001
52093967
838584944
100001
70956359
100004
219180967
915043158
100001
70956359
100002
830560565
381333519
100001
70956359
834735430
100001
569047587
100001
70956359
100001
89339898
100001
100001
70956359
100001
828239213
44753933
100001
70956359
834159757
783982090
703664227
100001
70956359
846805989
232779761
509597472
100001
70956359
531288856
100001
528515389
100001
70956359
738541148
589459086
607030598
100001
70956359
52901379
100006
801249756
100001
70956359
100019
100001
736634565
100001
70956359
295430937
100001
100003
100001
70956359
100010
100001
812398366
100001
70956359
100001
100001
43150525
100001
70956359
100004
690880611
261873214
100001
70956359
801249757
656370956
509769516
100001
70956359
100035
100002
100003
100001
70956359
100002
100023
100001
100001
70956359
100001
420421393
521624445
100001
70956359
100001
51761272
848939355
100001
70956359
263970367
450875445
100001
100001
70956359
100001
694157416
100002
100001
70956359
100001
819006763
100001
100001
70956359
75592657
766440337
100009
100001
70956359
100001
100011
230270588
100001
70956359
175583619
331788518
115174277
100001
70956359
558665806
100001
148361626
100001
70956359
903145424
77323848
100001
100001
70956359
6178385
995540827
100005
100001
70956359
167112583
41477222
396615658
100001
70956359
246753624
793786115
940139020
100001
70956359
78690788
931283853
895732561
100001
70956359
100002
509471579
901766693
100001
70956359
541912447
418333362
168681179
100001
70956359
100001
55522821
464670967
100001
70956359
136923254
100003
54423779
100001
70956359
100001
100001
901819693
100001
70956359
100001
563444808
231534267
100001
70956359
100010
100001
320985062
100001
70956359
537688521
35605433
100003
100001
70956359
100001
100005
801869816
100001
70956359
100002
780641113
100001
100001
70956359
100001
612049491
487670852
100001
70956359
881089321
655225222
100001
100001
70956359
100004
828501358
100002
100001
70956359
659179061
212277236
120341319
100001
70956359
602023981
40049837
807141402
100001
70956359
100001
100002
741244111
100001
70956359
100001
550071900
134712162
100001
70956359
614792050
781686152
100004
100001
70956359
449190763
100002
175583618
100001
70956359
100004
100001
537658203
100001
70956359
332873649
851602434
100138
100001
70956359
210407910
404703725
100002
100001
70956359
54191120
100001
336226318
100001
70956359
416906165
915043158
100003
100001
70956359
261873214
100001
631478449
100001
70956359
100031
393559952
184498086
100001
70956359
783437992
100001
589459087
100001
70956359
100001
448975616
298847743
100001
70956359
100001
171302619
100002
100001
70956359
100001
100003
100001
100001
70956359
100001
100005
799553288
100001
70956359
419003320
100003
100002
100001
70956359
742735454
362831769
475768187
100001
70956359
100002
465905764
682892686
100001
70956359
933213987
100001
100002
100001
70956359
978997667
100002
304892348
100001
70956359
324745221
100001
100001
100001
70956359
261459887
654841532
287192836
100001
70956359
185066172
100001
425535655
100001
70956359
159228289
955440687
489155417
100001
70956359
100001
100004
146516324
100001
70956359
240589982
80227124
450548481
100001
70956359
224583074
703176809
100001
100001
70956359
900091095
100004
277485211
100001
70956359
490775208
907296996
100040
100001
70956359
731725384
759442572
100001
100001
70956359
954413497
215234761
447989432
100001
70956359
305485067
537664045
153432432
100001
70956359
100001
100001
157655524
100001
70956359
259475857
100001
656370959
100001
70956359
443446660
433453827
100002
100001
70956359
45366947
100001
100001
100001
70956359
425603447
100001
100001
100001
70956359
281548446
758464098
784876090
100001
70956359
309302385
415542543
268688963
100001
70956359
100005
404179433
100001
100001
70956359
160510324
90684725
297176568
100001
70956359
100001
100001
100001
100001
70956359
16905116
167857298
100002
100001
70956359
100001
100001
809252631
100001
70956359
988750524
100002
782319233
100001
70956359
100003
100001
576553893
100001
70956359
537081219
849911836
100008
100001
70956359
309975007
283121314
881658204
100001
70956359
314154368
119894563
100002
100001
70956359
100001
384349642
626320872
100001
70956359
816007690
509761324
100001
100001
70956359
833162562
100001
100001
100001
70956359
897587796
549023324
658807130
100001
70956359
953502688
980541930
148192229
100001
70956359
100002
943506618
882988419
100001
70956359
837203153
100001
744832606
100001
70956359
167857297
100001
242497757
100001
70956359
869440234
100001
100004
100001
70956359
100013
893781140
412280282
100001
70956359
686744690
439890384
301746614
100001
70956359
59717129
496222196
794837567
100001
70956359
100001
809045279
743567253
100001
70956359
501770331
100001
100001
100001
70956359
254355967
678296118
178821166
100001
70956359
62034993
79894794
100001
100001
70956359
100002
287069951
100001
100001
70956359
100031
337081466
536322088
100001
70956359
100004
5174448
218153076
100001
70956359
517592869
100001
794313813
100001
70956359
44299782
100004
60470587
100001
70956359
905399118
100001
646339912
100001
70956359
100002
465120755
151941766
100001
70956359
100002
987520592
100001
100001
70956359
501681454
437307690
959268166
100001
70956359
534834551
100002
609910849
100001
70956359
903654702
324352001
233832051
100001
70956359
100002
100001
100001
100001
70956359
421636751
133802512
899402584
100001
70956359
311247439
298735217
178690092
100001
70956359
100001
68859204
606129953
100001
70956359
958515266
100001
47134209
100001
70956359
250663249
60674209
303159253
100001
70956359
100001
100003
50871980
100001
70956359
100001
100001
100003
100001
70956359
302270904
100001
105578120
100001
70956359
77405770
150030464
552701415
100001
70956359
521231228
226492011
179850585
100001
70956359
25203053
8407569
57619975
100001
70956359
100002
944561186
573362716
100001
70956359
100001
100001
100002
100001
70956359
100001
220044256
100003
100001
70956359
100001
154358149
128005735
100001
70956359
100003
100001
609373529
100001
70956359
548530026
100005
100003
100001
70956359
699017765
307877854
904904826
100001
70956359
210400651
810825502
6178385
100001
70956359
657987264
100002
733152419
100001
70956359
100001
316605617
145063070
100001
70956359
882894931
100001
758872415
100001
70956359
475080815
537593566
632638575
100001
70956359
100001
248041799
100001
100001
70956359
230389394
100003
52318328
100001
70956359
269815844
388282085
305256408
100001
70956359
100002
100002
87229125
100001
70956359
100001
346925908
624853941
100001
70956359
954404819
100006
100004
100001
70956359
100003
100001
847408121
100001
70956359
100003
983551759
100002
100001
70956359
100034
100001
100001
100001
70956359
100001
141737557
66762050
100001
70956359
566530131
100001
100007
100001
70956359
117168289
352656051
100001
100001
70956359
592239599
631609522
100001
100001
70956359
100013
386520170
100001
100001
70956359
935154846
100001
815138622
100001
70956359
100004
171433691
64664896
100001
70956359
31494516
100001
127270114
100001
70956359
688317555
100001
869952222
100001
70956359
176808410
40003578
556044364
100001
70956359
100001
170440120
535852411
100001
70956359
100001
562396230
542010844
100001
70956359
100001
178475554
2473462
100001
70956359
100004
100001
528515389
100001
70956359
100019
819531057
100002
100001
70956359
947243062
100001
129583213
100001
70956359
450782115
566197463
624853940
100001
70956359
418848527
209885165
100004
100001
70956359
979223491
1638632
100001
100001
70956359
491371704
133663586
100003
100001
70956359
100001
100002
621273364
100001
70956359
100001
100001
100001
100001
70956359
38310268
100005
227540589
100001
70956359
47887663
439890382
100018
100001
70956359
888104501
646262340
574585389
100001
70956359
671358344
650534223
148981887
100001
70956359
100002
649824500
532835795
100001
70956359
732249677
100003
176906152
100001
70956359
100002
652150622
45802509
100001
70956359
92361814
96369532
100003
100001
70956359
564957266
281216370
605428873
100001
70956359
638386428
959268168
113077121
100001
70956359
711425114
514954100
305256408
100001
70956359
716653815
126221537
100001
100001
70956359
332574956
478799490
278009499
100001
70956359
906742624
100002
962478358
100001
70956359
100003
476816768
302427840
100001
70956359
100001
100008
100001
100001
70956359
768210201
100002
208179678
100001
70956359
859488849
100006
462423129
100001
70956359
100001
884565552
825298237
100001
70956359
355229579
100004
743471422
100001
70956359
100002
615195220
972807369
100001
70956359
100012
155030627
536052485
100001
70956359
907952360
100307820
790118974
100001
70956359
412280282
859684410
439890383
100001
70956359
100003
100001
386530653
100001
70956359
909403958
941363115
135760738
100001
70956359
238550647
581663283
100002
100001
70956359
635260017
100001
100009
100001
70956359
903884256
100006
532297886
100001
70956359
100001
100001
615195220
100001
70956359
100001
475733776
100005
100001
70956359
100001
100001
589459086
100001
70956359
233060565
348271128
450462621
100001
70956359
100002
201831829
613745601
100001
70956359
767901288
120357703
750946036
100001
70956359
100001
100001
100001
100001
70956359
607289406
277485211
100011
100001
70956359
100001
100002
218904779
100001
70956359
285847031
356032423
154506336
100001
70956359
34439829
257722464
202718278
100001
70956359
323565567
791013052
336772598
100001
70956359
968245533
63616320
100004
100001
70956359
420175274
148261003
100002
100001
70956359
64664896
750442490
527466813
100001
70956359
439890382
311547872
100001
100001
70956359
100001
818217975
100001
100001
70956359
100002
639454325
54179124
100001
70956359
147432986
100002
100001
100001
70956359
114902888
328017760
100001
100001
70956359
172187556
207254920
100001
100001
70956359
801869818
100001
100003
100001
70956359
333935735
34532209
134986360
100001
70956359
587933305
200628439
462070868
100001
70956359
126353035
125799260
100001
100001
70956359
100001
226492012
942464032
100001
70956359
100001
577770519
100001
100001
70956359
638786993
682996728
129273735
100001
70956359
215901976
413760436
158681239
100001
70956359
100004
438294618
100001
100001
70956359
598881713
146908694
100001
100001
70956359
139020407
100008
100001
100001
70956359
100001
100001
414809012
100001
70956359
100001
464225461
170833339
100001
70956359
100001
100001
992600567
100001
70956359
736634565
100002
100001
100001
70956359
217086373
774924968
274339479
100001
70956359
333697266
425535654
869885472
100001
70956359
100009
895963510
100008
100001
70956359
366928927
100002
100001
100001
70956359
100001
100001
795299427
100001
70956359
890488095
137198742
976688928
100001
70956359
842165236
3522039
100001
100001
70956359
900885304
314573435
819531056
100001
70956359
100002
558141517
645291334
100001
70956359
311547871
490044593
486898859
100001
70956359
173236134
100001
676196653
100001
70956359
100034
450548481
809813421
100001
70956359
44741934
97304886
100001
100001
70956359
478624709
742586680
6834701
100001
70956359
166284433
718113989
100001
100001
70956359
100001
544271402
100001
100001
70956359
100002
298540510
977581683
100001
70956359
52081971
136296712
100005
100001
70956359
100017
699637859
561300977
100001
70956359
100001
100002
100001
100001
70956359
671257244
538017226
927210048
100001
70956359
100002
218884031
464857186
100001
70956359
100002
250736591
637951291
100001
70956359
100003
100011
100005
100001
70956359
100001
641551481
913330052
100001
70956359
741644754
100001
526569076
100001
70956359
100001
100001
100001
100001
70956359
100086
100001
937118919
100001
70956359
100002
100002
100001
100001
70956359
100006
897567570
100001
100001
70956359
309463884
100001
100005
100001
70956359
588751172
100001
368558228
100001
70956359
100001
962478357
100001
100001
70956359
962478358
100006
100001
100001
70956359
34439829
100001
765819245
100001
70956359
100001
100003
100011
100001
70956359
646409471
100001
100001
100001
70956359
300173746
100002
636076392
100001
70956359
100065
100002
646339912
100001
70956359
100001
100001
309975007
100001
70956359
747382477
100001
459804364
100001
70956359
100001
954161890
656370958
100001
70956359
325726436
323082218
795430504
100001
70956359
100003
444781303
100003
100001
70956359
27300209
228427290
955396861
100001
70956359
100001
811379630
182275421
100001
70956359
100001
100001
849091434
100001
70956359
100001
730287324
100001
100001
70956359
100001
100001
847814678
100001
70956359
100001
75343284
313645024
100001
70956359
659581001
17338407
584092425
100001
70956359
100008
100002
42587653
100001
70956359
100005
699637862
808873720
100001
70956359
157622753
919761754
100001
100001
70956359
100002
100001
274574831
100001
70956359
100002
100001
319378144
100001
70956359
169161086
860995132
100001
100001
70956359
100013
100001
263514474
100001
70956359
773210709
100021
339883402
100001
70956359
100001
897856592
148143909
100001
70956359
100001
100001
840357209
100001
70956359
100002
505953406
100004
100001
70956359
100005
996851553
354957053
100001
70956359
100004
760119383
100001
100001
70956359
100004
100001
100001
100001
70956359
963777250
100001
174640987
100001
70956359
881658202
813592312
927581502
100001
70956359
100002
100001
876176938
100001
70956359
349827293
743784030
100001
100001
70956359
328202510
38604631
100002
100001
70956359
87737643
88884522
100007
100001
70956359
100001
262508463
100002
100001
70956359
92847195
100003
241958526
100001
70956359
100001
770522736
100001
100001
70956359
100003
597040415
254413450
100001
70956359
656059208
185530545
553422920
100001
70956359
326187021
62050474
288556414
100001
70956359
357706205
93441148
659026313
100001
70956359
100003
5535167
777306762
100001
70956359
100001
508554075
8438701
100001
70956359
212004992
847661396
524446023
100001
70956359
100001
100001
534200498
100001
70956359
100001
100001
100001
100001
70956359
100002
375064114
380676786
100001
70956359
113077121
144263292
492158139
100001
70956359
674161775
129469278
74622666
100001
70956359
100004
638999867
154614348
100001
70956359
897606803
100001
144263292
100001
70956359
100001
570620455
275623408
100001
70956359
100013
748810140
666711959
100001
70956359
620014030
602169623
723298025
100001
70956359
35605433
321555824
781340840
100001
70956359
857097808
904299821
819883774
100001
70956359
100002
100001
100001
100001
70956359
100001
100002
100001
100001
70956359
605409512
345877332
100001
100001
70956359
923999994
521282130
218904779
100001
70956359
788508676
521452628
100001
100001
70956359
259627470
182231927
90875612
100001
70956359
100001
218883870
44197884
100001
70956359
646339912
51193382
100001
100001
70956359
311547871
100004
100001
100001
70956359
100001
100005
309455661
100001
70956359
79264237
763166312
520179205
100001
70956359
186595239
290314236
274574831
100001
70956359
267620273
100010
719312163
100001
70956359
100002
100003
827919678
100001
70956359
971448688
432302389
100001
100001
70956359
825995137
636812970
678924502
100001
70956359
107534257
46295039
100001
100001
70956359
100001
709165486
100001
100001
70956359
100001
193181065
979053503
100001
70956359
630896995
623912940
501269188
100001
70956359
573362716
160723341
375414698
100001
70956359
322033639
425831061
38634137
100001
70956359
100001
615342728
100001
100001
70956359
100001
64132145
808756648
100001
70956359
100001
100001
633687152
100001
70956359
100001
100002
100001
100001
70956359
742374618
784486568
586746160
100001
70956359
570620455
100001
170258312
100001
70956359
100001
732249679
111728568
100001
70956359
545827302
838480370
100001
100001
70956359
55911977
195671437
639281980
100001
70956359
100001
100004
762658403
100001
70956359
466449120
176906152
100002
100001
70956359
336226317
642062547
938263736
100001
70956359
100001
666102288
808204055
100001
70956359
139034036
177637453
196588947
100001
70956359
57619976
100001
100001
100001
70956359
617882209
379101123
401189824
100001
70956359
909987710
100001
681504886
100001
70956359
524845364
451399733
100001
100001
70956359
894778011
100001
881133910
100001
70956359
900752537
100004
638013113
100001
70956359
677740792
976642850
815777408
100001
70956359
982061145
100002
673490340
100001
70956359
521883147
100001
369690028
100001
70956359
66753591
516025185
100002
100001
70956359
979916195
100001
542912327
100001
70956359
202618264
100003
100005
100001
70956359
540505904
665446928
64132145
100001
70956359
101908103
100002
100001
100001
70956359
100004
528581764
906034976
100001
70956359
322141531
100001
100001
100001
70956359
100013
545684667
652222613
100001
70956359
100001
858635833
100001
100001
70956359
983963329
100002
100001
100001
70956359
166982466
373444751
100001
100001
70956359
100001
324745221
100005
100001
70956359
100002
100003
990849984
100001
70956359
127486060
100002
100010
100001
70956359
251187537
108166037
111673687
100001
70956359
100001
100001
100001
100001
70956359
448682849
100001
724674289
100001
70956359
248064510
100005
663971589
100001
70956359
743784030
521621003
425294777
100001
70956359
979916192
100013
100019
100001
70956359
254273622
735658184
388355184
100001
70956359
180888261
306381986
636341149
100001
70956359
689369109
100001
100001
100001
70956359
577049611
100002
869709906
100001
70956359
727687408
172134938
100001
100001
70956359
508029786
100003
100001
100001
70956359
100001
935120070
40333585
100001
70956359
480248249
739181747
100001
100001
70956359
100002
100001
449410125
100001
70956359
181610744
100006
325190859
100001
70956359
620422312
122120998
100001
100001
70956359
753745505
100002
100001
100001
70956359
100001
100002
195933583
100001
70956359
854736369
522210830
630541422
100001
70956359
687086995
865423727
100001
100001
70956359
100001
100001
172838040
100001
70956359
502801564
439890383
100001
100001
70956359
185807243
450548481
170652486
100001
70956359
905052431
705355916
969818403
100001
70956359
980964775
100001
100001
100001
70956359
100005
395534307
100002
100001
70956359
148176680
100002
100002
100001
70956359
100002
100002
54191120
100001
70956359
100001
968766933
100002
100001
70956359
484586042
949382721
444257015
100001
70956359
100001
100002
100002
100001
70956359
100001
100002
29721235
100001
70956359
100002
666380987
788142884
100001
70956359
100008
356278162
100001
100001
70956359
100001
347019934
394315886
100001
70956359
341730147
100002
100001
100001
70956359
100002
100001
630541422
100001
70956359
100001
305256409
63616320
100001
70956359
100001
13677616
100003
100001
70956359
100002
100045
589696365
100001
70956359
100005
102091612
100001
100001
70956359
353673122
100002
100001
100001
70956359
452926931
100001
900873010
100001
70956359
676717998
100001
507235076
100001
70956359
907103828
736443992
635771088
100001
70956359
100001
100001
100001
100001
70956359
417261023
531420664
579345842
100001
70956359
449206352
469476727
100001
100001
70956359
100001
254827991
955989531
100001
70956359
974983253
100001
100001
100001
70956359
872020735
100001
242497757
100001
70956359
960612641
100001
100001
100001
70956359
100001
100010
100002
100001
70956359
160889443
815777408
100001
100001
70956359
100001
100004
214309232
100001
70956359
100001
100001
38985178
100001
70956359
602135116
100001
100001
100001
70956359
442915679
100002
100001
100001
70956359
100001
816730326
136923254
100001
70956359
176531639
842341569
526418229
100001
70956359
539815295
786030428
344971929
100001
70956359
800601865
822823430
990456763
100001
70956359
732249675
100001
903594766
100001
70956359
206206343
394618448
229914835
100001
70956359
388647603
501604009
169878196
100001
70956359
891486663
161034643
100001
100001
70956359
795886145
100025
936114005
100001
70956359
72525512
100001
867612748
100001
70956359
100009
100001
100001
100001
70956359
100003
100001
997843450
100001
70956359
264477353
111621408
624853941
100001
70956359
100001
100003
530711159
100001
70956359
693891584
165305400
100002
100001
70956359
100002
122120998
400217219
100001
70956359
632062908
966214991
100001
100001
70956359
100005
24542263
644242758
100001
70956359
165299947
100005
283313527
100001
70956359
100001
551644767
514276571
100001
70956359
100001
100002
834159757
100001
70956359
100001
100001
100001
100001
70956359
288777279
670491754
100001
100001
70956359
100001
895011698
100002
100001
70956359
100003
149240805
111673687
100001
70956359
100001
324745221
4912302
100001
70956359
151941767
867580641
730188603
100001
70956359
100003
100001
100007
100001
70956359
449271888
511368371
100002
100001
70956359
100001
393784674
100001
100001
70956359
572314139
798504712
100002
100001
70956359
100001
100002
40843789
100001
70956359
612049491
472983660
142588767
100001
70956359
986791844
100001
605169714
100001
70956359
670822693
100001
485912535
100001
70956359
648012719
881772188
100002
100001
70956359
436935672
100001
874019325
100001
70956359
100003
212636137
345877331
100001
70956359
100203
100024
620247770
100001
70956359
100003
114373020
648353801
100001
70956359
526430069
100001
471672936
100001
70956359
100001
100001
959563844
100001
70956359
278402716
905694045
729140024
100001
70956359
947243062
932695227
100001
100001
70956359
100002
532415316
900250899
100001
70956359
904986891
100015
481379389
100001
70956359
100001
874019325
140225051
100001
70956359
100014
828239213
100012
100001
70956359
880371248
100003
446509010
100001
70956359
100002
134502969
791691838
100001
70956359
141117560
295714267
100001
100001
70956359
100004
100008
100001
100001
70956359
100001
170652486
533883503
100001
70956359
378417159
100001
160889443
100001
70956359
982061145
449731426
100053
100001
70956359
679214418
100001
146884733
100001
70956359
43705356
379489412
100001
100001
70956359
100001
879801066
100001
100001
70956359
100001
100010
100001
100001
70956359
100001
299587191
545877588
100001
70956359
221867948
479020091
100001
100001
70956359
100001
100044
100001
100001
70956359
100001
662730632
100018
100001
70956359
586391872
867766804
281216371
100001
70956359
490292301
353673123
184973096
100001
70956359
100001
100001
100002
100001
70956359
100001
100002
143490202
100001
70956359
791703123
584715104
100001
100001
70956359
100001
100001
100001
100001
70956359
100002
253321589
100002
100001
70956359
100001
100003
706322543
100001
70956359
100001
727459576
535561049
100001
70956359
100001
100001
100002
100001
70956359
579039691
976688928
91989689
100001
70956359
897315918
100001
673455500
100001
70956359
80231220
286475449
737257659
100001
70956359
100002
510906708
100001
100001
70956359
100001
169566112
100007
100001
70956359
73453766
100002
178075857
100001
70956359
100001
100002
868335168
100001
70956359
100001
100001
159167064
100001
70956359
740989394
100004
100001
100001
70956359
100001
100003
100001
100001
70956359
100001
100001
514184993
100001
70956359
44601729
100002
933213987
100001
70956359
647458050
100002
100003
100001
70956359
100001
100001
100002
100001
70956359
100001
655928135
254140731
100001
70956359
100007
126239897
740638301
100001
70956359
38310266
479297970
501269188
100001
70956359
100002
252105044
742087198
100001
70956359
543772493
598652921
100005
100001
70956359
527212533
760523102
100001
100001
70956359
100001
38604631
625185681
100001
70956359
100001
380944543
23307409
100001
70956359
100002
822016608
741808988
100001
70956359
100001
153372819
100002
100001
70956359
50122867
100003
100001
100001
70956359
637456467
100001
579854013
100001
70956359
172187555
535561047
517592869
100001
70956359
870488810
443140252
100001
100001
70956359
62034993
912331536
511884504
100001
70956359
100015
333935735
100281
100001
70956359
100002
100002
415542539
100001
70956359
100003
100001
100002
100001
70956359
139295895
175050059
172225353
100001
70956359
100001
247507449
100001
100001
70956359
179315396
526418233
446616227
100001
70956359
968915645
311547872
100001
100001
70956359
573496525
100001
850140010
100001
70956359
993000637
100004
787942560
100001
70956359
100001
420994477
100001
100001
70956359
100001
100001
100001
100001
70956359
150030464
682950740
900508972
100001
70956359
343290384
100001
169475644
100001
70956359
54167949
77689813
828867408
100001
70956359
167857297
806025593
607030603
100001
70956359
581131289
797317594
879532363
100001
70956359
100015
100001
67970610
100001
70956359
312596448
100004
100001
100001
70956359
304081700
100001
100002
100001
70956359
100006
994173432
100012
100001
70956359
100001
726538811
100004
100001
70956359
100003
100003
905510688
100001
70956359
131054198
100004
100010
100001
70956359
631014331
786973244
100001
100001
70956359
942034129
561819976
867239363
100001
70956359
711540403
880171810
33062192
100001
70956359
699158827
100027
856769957
100001
70956359
100001
160922217
176753914
100001
70956359
124488537
100001
638916819
100001
70956359
172134939
100001
777166047
100001
70956359
347451796
100002
100001
100001
70956359
678356081
154454038
697170331
100001
70956359
100001
654273800
413359986
100001
70956359
100001
491154503
100001
100001
70956359
100002
100001
100001
100001
70956359
100002
963814733
100001
100001
70956359
303557412
465905763
343518034
100001
70956359
849911834
47134209
100001
100001
70956359
100001
996116101
100001
100001
70956359
829508395
100001
695342726
100001
70956359
100001
618965453
203928986
100001
70956359
405973961
266591811
100001
100001
70956359
83985190
738657459
870889235
100001
70956359
100001
100002
100001
100001
70956359
677744847
100001
185530545
100001
70956359
267370328
344338962
655225222
100001
70956359
345877331
59717129
945670198
100001
70956359
579067575
192372662
348430240
100001
70956359
486898859
100001
716562238
100001
70956359
41067882
100002
305256410
100001
70956359
839285750
100001
480068667
100001
70956359
100001
100001
100056
100001
70956359
194351080
100001
100001
100001
70956359
100001
100001
529957530
100001
70956359
333485412
343739391
421641364
100001
70956359
100002
145756874
100001
100001
70956359
100002
100001
913330054
100001
70956359
618476133
100093
570620452
100001
70956359
784876090
100001
47223175
100001
70956359
479297970
914996390
100003
100001
70956359
100001
943506618
131566432
100001
70956359
100094
100001
100001
100001
70956359
211089302
100006
586335665
100001
70956359
100001
248041803
100001
100001
70956359
100055
612049491
535096696
100001
70956359
521555466
449431225
100050
100001
70956359
980964774
35488409
100016
100001
70956359
100001
100001
100002
100001
70956359
432302389
100005
100002
100001
70956359
100001
171642185
100001
100001
70956359
662514358
44741934
589419577
100001
70956359
250802130
469476727
862863792
100001
70956359
847662008
100001
732628131
100001
70956359
294906647
68326459
986133495
100001
70956359
100001
346401620
588838403
100001
70956359
839342399
936114003
100001
100001
70956359
100010
920810332
100001
100001
70956359
132615010
15865830
614792050
100001
70956359
100001
719773518
163728951
100001
70956359
736822440
100002
289802656
100001
70956359
100001
9360481
505199007
100001
70956359
100002
114673501
100001
100001
70956359
969036517
100034
100002
100001
70956359
151079042
818923137
100001
100001
70956359
100001
100001
859488850
100001
70956359
916831141
100002
306097858
100001
70956359
100001
98213274
281390581
100001
70956359
218904779
536287789
100004
100001
70956359
710738352
942464032
137971830
100001
70956359
301765873
100001
327669637
100001
70956359
441201105
100001
238639872
100001
70956359
167421106
531139228
652222612
100001
70956359
905694044
100001
100001
100001
70956359
664352657
46295039
100001
100001
70956359
452228734
491155016
296762843
100001
70956359
904462111
220044258
100002
100001
70956359
100005
416998877
962478358
100001
70956359
100001
100002
887055925
100001
70956359
100002
6939133
100001
100001
70956359
59068568
977080408
100002
100001
70956359
421636753
100003
781340840
100001
70956359
126323548
557092941
100002
100001
70956359
100002
183337439
671358344
100001
70956359
478385364
742586682
286004901
100001
70956359
810093859
537892239
169620914
100001
70956359
359584661
980308390
426212427
100001
70956359
975507541
263970367
100006
100001
70956359
322033638
100003
380655783
100001
70956359
873007145
100001
43693358
100001
70956359
100001
824717182
155269714
100001
70956359
100001
100001
906073258
100001
70956359
537406917
323051254
325125320
100001
70956359
860995130
233060568
747237272
100001
70956359
100003
100003
525893940
100001
70956359
100001
869863965
172838040
100001
70956359
293242026
100001
577760372
100001
70956359
372285368
100001
414912153
100001
70956359
486243498
3589035
490292301
100001
70956359
380673990
100001
100001
100001
70956359
100001
799553288
100001
100001
70956359
100003
100001
100002
100001
70956359
100001
100001
100005
100001
70956359
100001
265210939
100001
100001
70956359
906034978
55522821
100004
100001
70956359
100004
126315303
201145413
100001
70956359
170652488
100003
451153637
100001
70956359
40439640
452891967
100001
100001
70956359
100002
100001
415163867
100001
70956359
539651541
374366122
308431303
100001
70956359
365977505
476816768
169435040
100001
70956359
601522226
100002
634658146
100001
70956359
100003
100001
100001
100001
70956359
677963185
1563227
175386760
100001
70956359
842592953
100002
820921990
100001
70956359
100009
323082217
109515555
100001
70956359
100001
100006
100001
100001
70956359
100001
927581503
261873214
100001
70956359
543902801
993653495
536707848
100001
70956359
100003
56276278
100001
100001
70956359
100001
100024
981476020
100001
70956359
100001
100001
906245762
100001
70956359
100001
176693949
341730148
100001
70956359
567904898
801650443
803883212
100001
70956359
847408119
100118
100003
100001
70956359
112276487
911781796
100002
100001
70956359
173760423
100001
100001
100001
70956359
361164874
894368409
100001
100001
70956359
100001
400741509
322141531
100001
70956359
507690195
100004
346925908
100001
70956359
73180585
100001
337340430
100001
70956359
207851998
100032
100002
100001
70956359
654273803
613335808
100125
100001
70956359
609910850
608107958
303159253
100001
70956359
100001
421636753
100001
100001
70956359
100002
100001
100042
100001
70956359
770522739
100001
100001
100001
70956359
783437992
603619384
100002
100001
70956359
100001
100002
100027
100001
70956359
100002
147404415
735249572
100001
70956359
942814590
100001
797572103
100001
70956359
822152503
612049490
100001
100001
70956359
359593183
636308595
113077121
100001
70956359
783982090
126221537
539497289
100001
70956359
100005
150631043
100001
100001
70956359
100001
534828544
770522734
100001
70956359
677438896
100001
100005
100001
70956359
794775136
226873
100003
100001
70956359
311547872
100001
652943678
100001
70956359
178023722
100001
75968312
100001
70956359
763984233
100002
100003
100001
70956359
285426871
961715808
229113454
100001
70956359
77418062
100001
279293429
100001
70956359
100001
417926461
525249771
100001
70956359
882268970
949078073
438967964
100001
70956359
591344550
383304446
253677911
100001
70956359
68859204
150030466
911877221
100001
70956359
850283457
100001
613098067
100001
70956359
100001
996794872
455086812
100001
70956359
509471579
842165236
100002
100001
70956359
100001
100001
100012
100001
70956359
100021
644555059
508548895
100001
70956359
654055100
5174448
100006
100001
70956359
342503951
477971515
867501785
100001
70956359
100001
100001
100010
100001
70956359
145836156
915864680
511957091
100001
70956359
100001
32233108
763728800
100001
70956359
100001
100001
443139512
100001
70956359
841116656
100001
70956358
100001
70956359
100001
736533788
31494517
100001
70956359
347435410
374653085
688625413
100001
70956359
100001
499010583
100001
100001
70956359
615342727
100001
57619975
100001
70956359
100001
100003
300173746
100001
70956359
100001
295430937
489898611
100001
70956359
100001
965624089
100003
100001
70956359
828443967
100004
100006
100001
70956359
484298969
100004
709574319
100001
70956359
371744680
215146984
784876091
100001
70956359
901291547
100002
346401620
100001
70956359
100001
679214418
785951575
100001
70956359
100001
100001
100001
100001
70956359
963526935
63616317
442026136
100001
70956359
674096554
100003
100002
100001
70956359
100001
100001
100003
100001
70956359
100006
945317326
826074685
100001
70956359
100002
100001
817772381
100001
70956359
46295037
336174581
784048992
100001
70956359
414115291
100001
839633521
100001
70956359
100001
100002
95286848
100001
70956359
100001
605192253
100001
100001
70956359
100001
100001
64664896
100001
70956359
33947605
100004
842165235
100001
70956359
100004
189200567
100096
100001
70956359
100001
100001
100003
100001
70956359
605038331
966349371
983551760
100001
70956359
300013523
100001
849911835
100001
70956359
100001
635231987
100009
100001
70956359
100013
100001
100002
100001
70956359
100001
517592869
514223668
100001
70956359
100001
235047874
123220912
100001
70956359
100001
63917440
576007389
100001
70956359
195901914
100002
100001
100001
70956359
345877332
100002
111728569
100001
70956359
65180724
100001
100037
100001
70956359
387219933
647388491
100002
100001
70956359
683408725
174748329
893897550
100001
70956359
100002
676258929
100001
100001
70956359
689432964
100003
819006766
100001
70956359
143214714
100002
982524597
100001
70956359
307877854
749173062
499010583
100001
70956359
422685330
100009
395550292
100001
70956359
100005
100004
100002
100001
70956359
100001
501770326
305256409
100001
70956359
891831596
167801503
160922217
100001
70956359
559714382
332873652
695468138
100001
70956359
542342607
836720955
241001275
100001
70956359
619425669
100039
760171358
100001
70956359
963526934
101567323
176164171
100001
70956359
100002
100005
857915984
100001
70956359
499694792
263096070
914149256
100001
70956359
428581636
100001
100008
100001
70956359
100049
51033392
10797998
100001
70956359
100002
100001
145836156
100001
70956359
401997168
386520170
132615010
100001
70956359
172838040
100005
263970367
100001
70956359
415163867
100001
100002
100001
70956359
481379389
796407558
323082217
100001
70956359
615342727
303310263
9456147
100001
70956359
81884119
825929600
100001
100001
70956359
100001
100001
634211440
100001
70956359
100001
100001
100004
100001
70956359
100001
705536111
343518033
100001
70956359
100001
603811123
100059
100001
70956359
100001
100001
100001
100001
70956359
322758357
193513442
100001
100001
70956359
146122262
221867948
46295037
100001
70956359
100010
27675501
100013
100001
70956359
100001
100003
343290384
100001
70956359
947938769
320945493
189200568
100001
70956359
100010
100001
210400651
100001
70956359
901173740
700115497
654252047
100001
70956359
610959426
144263292
100002
100001
70956359
100004
610147471
100006
100001
70956359
100001
100002
213784941
100001
70956359
951346645
100002
100001
100001
70956359
100010
329766795
348271127
100001
70956359
100001
33099597
363896752
100001
70956359
100001
100001
535561049
100001
70956359
656370956
100001
610147471
100001
70956359
245530623
189074361
100001
100001
70956359
832971982
100010
100005
100001
70956359
561698181
915837079
100001
100001
70956359
100005
100001
100001
100001
70956359
100002
615342728
94543246
100001
70956359
744832606
668854818
742586680
100001
70956359
100001
123670113
100001
100001
70956359
808866345
545385521
904662536
100001
70956359
59717130
572314139
175175701
100001
70956359
501770335
100001
9456148
100001
70956359
100001
228299273
100001
100001
70956359
776289914
100001
100001
100001
70956359
100003
6405626
100001
100001
70956359
941386268
100005
827919678
100001
70956359
100001
568035972
640227328
100001
70956359
100057
100001
192477374
100001
70956359
100001
968766934
100016
100001
70956359
60541823
476709185
100001
100001
70956359
100004
671713909
100001
100001
70956359
567475296
100002
856800825
100001
70956359
905620305
100002
40207003
100001
70956359
723343374
676413856
963529103
100001
70956359
100001
353853147
149451391
100001
70956359
196450
233107453
586334518
100001
70956359
113077121
100003
260407732
100001
70956359
324338885
100001
209360876
100001
70956359
186920640
740989394
100001
100001
70956359
100001
921375470
390889957
100001
70956359
865515591
452031567
100001
100001
70956359
182698394
100001
100005
100001
70956359
690909341
100002
100001
100001
70956359
100001
100006
250663249
100001
70956359
55522822
579039691
100009
100001
70956359
100004
283313528
100002
100001
70956359
211089303
735368425
462950096
100001
70956359
100001
100003
865189440
100001
70956359
706178923
904904826
100001
100001
70956359
100003
685018837
97304886
100001
70956359
646794366
382459147
100002
100001
70956359
100093
175857576
100001
100001
70956359
100001
496509178
100002
100001
70956359
100001
132471720
100001
100001
70956359
202478043
682892687
100001
100001
70956359
49096229
650320190
353759455
100001
70956359
100001
100001
274160285
100001
70956359
356278161
100014
207972735
100001
70956359
813763878
100003
100002
100001
70956359
100001
100002
894843551
100001
70956359
209098732
100012
720349254
100001
70956359
46415527
100001
150030466
100001
70956359
100001
530842231
100001
100001
70956359
449410125
122849851
963465783
100001
70956359
323082218
815777407
100001
100001
70956359
100001
444488545
43150525
100001
70956359
373832205
676601228
100001
100001
70956359
608903760
115017581
614921273
100001
70956359
100002
734346835
100001
100001
70956359
644242758
221942268
862043708
100001
70956359
808204055
100001
141117560
100001
70956359
100001
100003
100004
100001
70956359
100002
621273364
612049490
100001
70956359
770522736
183032302
301765873
100001
70956359
100001
446509010
100015
100001
70956359
847408122
586837645
419897104
100001
70956359
755232212
77418062
100001
100001
70956359
916765677
100001
801083384
100001
70956359
449410125
605842749
100008
100001
70956359
990849980
794837567
964575513
100001
70956359
414453994
644242753
100001
100001
70956359
100001
333935735
100001
100001
70956359
100001
683941267
289671584
100001
70956359
100001
504034445
100021
100001
70956359
561811535
100005
100001
100001
70956359
100001
320945493
100001
100001
70956359
100002
574296822
43169068
100001
70956359
100002
100001
56571398
100001
70956359
93699881
548530026
100002
100001
70956359
100003
100006
649485644
100001
70956359
905694045
395505381
876939600
100001
70956359
735526959
100034
100001
100001
70956359
699158828
100009
100002
100001
70956359
100001
100001
100008
100001
70956359
537658203
719278025
100001
100001
70956359
447904575
100003
603839055
100001
70956359
350499357
988448518
100001
100001
70956359
579296277
929646280
293242025
100001
70956359
565757756
100004
100007
100001
70956359
4841978
100001
824064968
100001
70956359
829492544
193421241
100005
100001
70956359
100001
992476349
100001
100001
70956359
100003
309635205
100001
100001
70956359
831654594
100017
56276278
100001
70956359
234110099
410618497
100001
100001
70956359
100001
100002
100001
100001
70956359
360210328
100001
147377787
100001
70956359
100001
100001
100001
100001
70956359
311547872
817772378
968774032
100001
70956359
100005
296967645
707787776
100001
70956359
741104927
306508022
100001
100001
70956359
100001
127270114
206206343
100001
70956359
186595239
768785069
100001
100001
70956359
611859885
100001
741615307
100001
70956359
97557913
135760738
914804619
100001
70956359
533363371
677875922
658680660
100001
70956359
707787777
100002
601872967
100001
70956359
100001
100006
100002
100001
70956359
100002
100082
442249681
100001
70956359
818217975
100004
612049490
100001
70956359
238377726
898970709
100001
100001
70956359
398120065
225196236
100042
100001
70956359
100001
200380889
622864364
100001
70956359
100004
331718569
900612754
100001
70956359
472377760
460852943
985473717
100001
70956359
100001
100001
100002
100001
70956359
100001
432302389
100001
100001
70956359
100001
100001
191052950
100001
70956359
97232574
100001
583167628
100001
70956359
970599929
702611877
100021
100001
70956359
170090401
647750573
131566433
100001
70956359
100001
712626780
528404088
100001
70956359
537269643
100001
100002
100001
70956359
100001
100002
100003
100001
70956359
344669279
100001
90613466
100001
70956359
100001
876289354
502736024
100001
70956359
575794289
402989784
346925908
100001
70956359
465120754
100001
100001
100001
70956359
531944955
100004
60619093
100001
70956359
100001
224471779
100001
100001
70956359
108532891
897527717
321717443
100001
70956359
877501984
45126020
666406319
100001
70956359
295425956
100001
974983253
100001
70956359
100012
274574827
100001
100001
70956359
837727441
723298028
570620455
100001
70956359
100001
100039
100001
100001
70956359
248041801
178004673
446418992
100001
70956359
897344658
299770237
390332386
100001
70956359
649534098
100001
100001
100001
70956359
100003
100001
100001
100001
70956359
43553150
895531647
15398076
100001
70956359
100001
100001
100007
100001
70956359
675148076
184129115
100030
100001
70956359
642145597
666341292
252105043
100001
70956359
100001
847662006
843860913
100001
70956359
100001
100001
530554877
100001
70956359
893111116
736443992
100004
100001
70956359
439890383
899808469
100001
100001
70956359
937118919
589459086
134617786
100001
70956359
459804365
251326421
586582807
100001
70956359
903634473
100001
781270656
100001
70956359
100001
97897305
520446135
100001
70956359
686554458
29721235
761219936
100001
70956359
283313528
416955408
100002
100001
70956359
100001
100003
53130548
100001
70956359
100001
100004
100002
100001
70956359
451828579
880696103
100001
100001
70956359
810927280
328718216
100001
100001
70956359
234109144
602570807
141117560
100001
70956359
100002
633411791
100003
100001
70956359
100001
100003
100001
100001
70956359
963526935
747237272
51033393
100001
70956359
100002
100003
100001
100001
70956359
100008
170478739
100003
100001
70956359
100001
100001
690017122
100001
70956359
45790511
133777523
100002
100001
70956359
365679511
100001
100001
100001
70956359
144559108
21015226
352884861
100001
70956359
904662536
673367881
371703964
100001
70956359
127270114
876176936
349827294
100001
70956359
100001
100002
100042
100001
70956359
914324590
496417985
566197464
100001
70956359
744746313
490816589
632587197
100001
70956359
100001
100001
100002
100001
70956359
975507541
645291334
767975329
100001
70956359
100001
995802974
100001
100001
70956359
399168642
100001
344566610
100001
70956359
617050782
100001
513432795
100001
70956359
100001
100001
100002
100001
70956359
959846421
810970872
100001
100001
70956359
723298026
988569168
211613591
100001
70956359
100004
100002
759512674
100001
70956359
651209540
413827657
100001
100001
70956359
100003
100001
880422446
100001
70956359
100001
193597384
934069421
100001
70956359
700560598
100001
612049490
100001
70956359
166982466
671257245
100001
100001
70956359
100002
100001
895011698
100001
70956359
100001
100001
100001
100001
70956359
100001
678356081
426773277
100001
70956359
100001
988448518
682026097
100001
70956359
100001
100001
114673503
100001
70956359
64664897
132615010
100007
100001
70956359
558141517
682940260
100001
100001
70956359
492888909
100002
100004
100001
70956359
100001
989991134
100002
100001
70956359
884071767
100009
100001
100001
70956359
100002
671358344
500983893
100001
70956359
776140411
638070294
869709906
100001
70956359
573536812
675107010
100001
100001
70956359
100001
100002
462950097
100001
70956359
722295744
100001
273001961
100001
70956359
856800825
325190858
311547872
100001
70956359
978997662
238377724
386705549
100001
70956359
100001
100001
100001
100001
70956359
451828579
130322311
125099857
100001
70956359
100001
91989690
209098732
100001
70956359
100001
100001
100002
100001
70956359
100006
191324086
100001
100001
70956359
100001
776788611
963526936
100001
70956359
100001
516020003
100008
100001
70956359
583167628
113077121
568294617
100001
70956359
898347204
100001
842592953
100001
70956359
171789461
920856503
100001
100001
70956359
46295039
100001
207978872
100001
70956359
100001
543787301
637243960
100001
70956359
463152222
100002
165490873
100001
70956359
785535146
100006
100002
100001
70956359
100001
100005
929045424
100001
70956359
422685331
100001
854108804
100001
70956359
954844039
100001
100001
100001
70956359
897344658
100003
100001
100001
70956359
341431139
100003
6405626
100001
70956359
939881757
100003
100001
100001
70956359
560167998
830560565
296206456
100001
70956359
100001
72525512
643635411
100001
70956359
244952152
423197625
345877331
100001
70956359
100001
160608859
100001
100001
70956359
100007
100002
303159255
100001
70956359
100001
100003
100001
100001
70956359
935117999
462950095
62050472
100001
70956359
378413566
490292300
141495040
100001
70956359
100001
100007
100006
100001
70956359
394053740
606633396
454016907
100001
70956359
287573381
603839055
234497923
100001
70956359
100002
900873010
100001
100001
70956359
897565451
761713810
100001
100001
70956359
100007
715495968
312832870
100001
70956359
810861744
100001
958515266
100001
70956359
101828621
906034976
770104348
100001
70956359
514921331
157102451
100001
100001
70956359
174748332
100001
728091447
100001
70956359
100001
100001
100002
100001
70956359
100001
100001
100001
100001
70956359
191324086
100008
238303451
100001
70956359
234880627
100001
507375376
100001
70956359
605428871
100001
42100731
100001
70956359
977581683
100001
974983253
100001
70956359
143668904
129273734
352885536
100001
70956359
962838888
300013524
16496270
100001
70956359
877749805
127250930
100003
100001
70956359
100001
308431303
100006
100001
70956359
422108597
100001
100002
100001
70956359
100001
186709079
100003
100001
70956359
870934050
100001
100001
100001
70956359
132615010
100001
115734480
100001
70956359
100003
100001
190249144
100001
70956359
974820114
100002
981704450
100001
70956359
33099595
100004
384991702
100001
70956359
878965706
100001
184623144
100001
70956359
911373142
980964774
657322375
100001
70956359
142588767
263514474
100010
100001
70956359
837203153
905510688
100003
100001
70956359
535561049
35983187
496353411
100001
70956359
732702398
101908101
985607159
100001
70956359
822823430
342970206
100001
100001
70956359
358623709
492636995
736896709
100001
70956359
404892613
231617841
100004
100001
70956359
53949957
100001
100001
100001
70956359
4113324
947180279
100001
100001
70956359
100002
100001
100001
100001
70956359
521883149
517692275
100001
100001
70956359
182275421
100003
100001
100001
70956359
100001
361783193
100002
100001
70956359
236520996
983416867
100007
100001
70956359
616416639
100001
100001
100001
70956359
100001
637951291
605278440
100001
70956359
100001
100001
100001
100001
70956359
268234588
100005
124182348
100001
70956359
100001
334901769
100001
100001
70956359
100001
464621813
954099165
100001
70956359
977080408
364928928
752449873
100001
70956359
546208956
161673421
100001
100001
70956359
880609621
147180552
100001
100001
70956359
100021
100001
356857604
100001
70956359
923999994
100006
176354327
100001
70956359
100002
256371041
715772518
100001
70956359
346116909
100001
950578685
100001
70956359
707854760
592873491
604543506
100001
70956359
100001
822516990
629492844
100001
70956359
41067883
8407569
219296405
100001
70956359
100001
100010
107534257
100001
70956359
588955960
163662984
100001
100001
70956359
36972452
100021
613305440
100001
70956359
100001
100001
356278162
100001
70956359
100001
848677209
115574646
100001
70956359
241001275
100002
100001
100001
70956359
100001
100003
100001
100001
70956359
100001
499010583
100001
100001
70956359
100003
444781304
100002
100001
70956359
100004
100001
43705354
100001
70956359
100038
868335168
100001
100001
70956359
100001
100002
602570807
100001
70956359
739443891
629020843
100001
100001
70956359
440152528
100001
153432433
100001
70956359
100010
100001
963498632
100001
70956359
100001
252258652
100001
100001
70956359
100001
100001
651340326
100001
70956359
228300432
100003
9360480
100001
70956359
962723874
769474156
915085244
100001
70956359
100002
447878256
100001
100001
70956359
100001
100001
767901287
100001
70956359
772835400
858342823
399879102
100001
70956359
100001
100003
100001
100001
70956359
100001
562417531
678924502
100001
70956359
100001
899750493
100001
100001
70956359
962478357
100001
100001
100001
70956359
100002
100001
195933583
100001
70956359
100001
100002
869819936
100001
70956359
60470587
100001
100003
100001
70956359
100001
100001
336452970
100001
70956359
967718356
100001
100002
100001
70956359
30445940
133802512
100002
100001
70956359
100001
244730517
763166312
100001
70956359
262074200
746813763
870934049
100001
70956359
27300208
604251899
100001
100001
70956359
100002
100092
100002
100001
70956359
223628916
160461459
100036
100001
70956359
55522822
264477353
100001
100001
70956359
517592869
741413318
122675259
100001
70956359
221942270
100005
720870480
100001
70956359
133663586
100007
100001
100001
70956359
866039883
783719945
518208009
100001
70956359
52901379
637951290
311547872
100001
70956359
578884635
274339478
51033392
100001
70956359
645603636
249113086
359287739
100001
70956359
923837758
366198932
927581503
100001
70956359
100009
178731618
100001
100001
70956359
100001
100004
986309104
100001
70956359
100001
100001
100002
100001
70956359
100001
778360558
935118002
100001
70956359
137748040
100001
193421241
100001
70956359
577770517
100002
986472016
100001
70956359
530372088
100002
34439832
100001
70956359
903613960
793788991
100006
100001
70956359
466442138
100001
100002
100001
70956359
438227613
945668070
100007
100001
70956359
100002
640227328
455086812
100001
70956359
100001
100002
100001
100001
70956359
813418100
100001
482463959
100001
70956359
100001
806757779
171340452
100001
70956359
433035401
100001
474719610
100001
70956359
169803597
935118002
100002
100001
70956359
977080408
717659213
181196434
100001
70956359
211944888
100001
615195219
100001
70956359
100001
7987709
100001
100001
70956359
905510688
100002
538410443
100001
70956359
959563844
100001
272734675
100001
70956359
100001
100002
658680660
100001
70956359
622864364
100001
720248870
100001
70956359
567578708
868335171
981476020
100001
70956359
100006
615195221
123111996
100001
70956359
708903340
495725584
889677366
100001
70956359
940092913
100001
100004
100001
70956359
294316817
964353296
100002
100001
70956359
100003
404703725
928422828
100001
70956359
476816767
676196653
100001
100001
70956359
100001
100001
100001
100001
70956359
991487036
572130865
100012
100001
70956359
975507541
100001
399093976
100001
70956359
675107010
747382478
206156053
100001
70956359
100001
100003
172313751
100001
70956359
100001
573420818
561281031
100001
70956359
449564724
672526635
100035
100001
70956359
423698193
100002
100001
100001
70956359
100002
772835400
100001
100001
70956359
744504555
100001
348211601
100001
70956359
100001
880101980
640461629
100001
70956359
100002
100001
952416335
100001
70956359
100006
939312313
100003
100001
70956359
861027530
100001
100002
100001
70956359
100001
100001
622256265
100001
70956359
113077121
100003
100001
100001
70956359
100003
221373370
63616320
100001
70956359
277151084
314606203
169065303
100001
70956359
100010
437173166
846053765
100001
70956359
100001
452407662
974446381
100001
70956359
100001
234328069
100004
100001
70956359
126221536
816187198
100002
100001
70956359
100002
164704631
45126020
100001
70956359
646914359
436403117
100001
100001
70956359
643898738
100001
820868804
100001
70956359
100015
900508972
9456148
100001
70956359
450782115
100001
100001
100001
70956359
387044463
680390964
100001
100001
70956359
100007
100001
170740884
100001
70956359
100002
100001
271672766
100001
70956359
100001
816187199
536395820
100001
70956359
955758675
100010
100001
100001
70956359
100001
892800025
100002
100001
70956359
747524564
682026097
100009
100001
70956359
573274667
651209540
854108804
100001
70956359
100001
652746902
49755650
100001
70956359
78002644
252841570
319936486
100001
70956359
100001
449731426
100001
100001
70956359
100001
731653821
226062259
100001
70956359
794119776
100001
100004
100001
70956359
560823363
673872721
100001
100001
70956359
717086528
294323586
302427840
100001
70956359
100002
303159255
100001
100001
70956359
100001
465047250
963526935
100001
70956359
847408122
703889976
84668453
100001
70956359
100001
990849980
38310268
100001
70956359
100002
100001
100001
100001
70956359
626304488
416906165
100001
100001
70956359
681844110
100022
687793267
100001
70956359
619330975
100001
61519165
100001
70956359
100008
100001
182275421
100001
70956359
911935193
237233993
897587796
100001
70956359
489202343
100002
100001
100001
70956359
100005
892728338
936114007
100001
70956359
867249611
769998444
815138622
100001
70956359
100002
248041803
100003
100001
70956359
476816768
168223420
299846065
100001
70956359
449410125
100001
361783193
100001
70956359
753745505
661727918
323565565
100001
70956359
100077
600473649
100001
100001
70956359
620014030
100002
100001
100001
70956359
100001
100001
113256282
100001
70956359
425831063
100007
756536634
100001
70956359
806776564
842165235
630978648
100001
70956359
100003
933680762
637868242
100001
70956359
567578708
61929814
339883402
100001
70956359
613184137
815689468
16118681
100001
70956359
387913924
831718603
521293322
100001
70956359
968766933
100003
58373433
100001
70956359
667902880
59413552
100001
100001
70956359
179209394
855227959
100003
100001
70956359
191324086
386957787
100005
100001
70956359
69907781
100001
55227701
100001
70956359
991380540
455086812
466535211
100001
70956359
145607684
545679904
926206170
100001
70956359
100001
729326050
100001
100001
70956359
442915673
100004
326318094
100001
70956359
371761080
100001
651128069
100001
70956359
634460367
100001
969818401
100001
70956359
101567322
100001
747459026
100001
70956359
162614405
100001
981300078
100001
70956359
868335168
100001
100003
100001
70956359
233060568
120357703
100001
100001
70956359
881658202
100002
100006
100001
70956359
889677366
569675864
100001
100001
70956359
579346872
219246503
136089488
100001
70956359
295557071
100001
127700865
100001
70956359
753743619
631478449
130322311
100001
70956359
198315978
100001
827919678
100001
70956359
100001
679706881
570620456
100001
70956359
344110475
100001
783045004
100001
70956359
197468442
565148887
312939473
100001
70956359
100001
100001
100001
100001
70956359
638770606
404825848
100001
100001
70956359
346401620
511548563
507308809
100001
70956359
100001
100002
100001
100001
70956359
100001
100002
93473918
100001
70956359
9456148
100001
100015
100001
70956359
100023
100001
427270914
100001
70956359
100001
954447955
863528401
100001
70956359
226492011
100001
100006
100001
70956359
199888845
34410319
567646202
100001
70956359
100001
100001
166284433
100001
70956359
982993918
912593680
100001
100001
70956359
100001
753743619
100002
100001
70956359
607263886
801869818
735524654
100001
70956359
249090380
100001
100001
100001
70956359
100001
65713473
100001
100001
70956359
766852711
40931708
75353300
100001
70956359
208827785
100001
478824081
100001
70956359
404094321
329766796
413913818
100001
70956359
654947421
836924286
108641439
100001
70956359
100001
100007
584715104
100001
70956359
173662678
100001
100038
100001
70956359
100005
100003
270331743
100001
70956359
304000704
878850423
100004
100001
70956359
109515558
646339913
438967963
100001
70956359
397179412
194645961
100003
100001
70956359
100001
870488810
100002
100001
70956359
100004
100001
100001
100001
70956359
480772541
397594826
40003572
100001
70956359
100015
100001
635231988
100001
70956359
414290149
501269189
34934608
100001
70956359
936114003
100001
115174273
100001
70956359
800296951
100011
100001
100001
70956359
48707073
975507541
100001
100001
70956359
125172959
824586109
100001
100001
70956359
67277882
676413856
762484876
100001
70956359
100002
100007
587830070
100001
70956359
100001
39495017
100002
100001
70956359
306797795
237502069
100001
100001
70956359
100001
588319026
100001
100001
70956359
100001
540700117
175365855
100001
70956359
651209540
849911835
398399744
100001
70956359
100001
100004
583450931
100001
70956359
537688521
100001
100005
100001
70956359
100009
100001
612172277
100001
70956359
100001
100001
234393609
100001
70956359
870627091
40003579
100001
100001
70956359
768745384
640461629
329766796
100001
70956359
100001
168681179
383828738
100001
70956359
100001
100001
100002
100001
70956359
100001
141117560
890357023
100001
70956359
509769516
100001
100001
100001
70956359
291702143
112833544
546340030
100001
70956359
966346063
100001
82670552
100001
70956359
100001
100001
910189565
100001
70956359
170090401
100001
100001
100001
70956359
581131290
940518547
100001
100001
70956359
100001
825929600
100005
100001
70956359
951346645
100001
360108949
100001
70956359
61827600
532971844
100001
100001
70956359
124009700
76379091
100001
100001
70956359
220044258
509597472
100002
100001
70956359
827919678
442854112
943506618
100001
70956359
992955939
841116656
100002
100001
70956359
904986892
100001
948490342
100001
70956359
100004
21317547
25203053
100001
70956359
425535655
150030464
100001
100001
70956359
100001
100001
100001
100001
70956359
652943678
977581683
940092913
100001
70956359
92812376
173355393
539815295
100001
70956359
605409512
238550646
100005
100001
70956359
492158139
746935705
430266520
100001
70956359
856800825
100003
100001
100001
70956359
100001
100001
100001
100001
70956359
526494603
700429524
178296486
100001
70956359
45681867
987520592
388768653
100001
70956359
100001
724084463
100004
100001
70956359
770075887
61929814
186595239
100001
70956359
294061439
479000970
929842050
100001
70956359
821701601
605428871
100001
100001
70956359
100001
100003
135040912
100001
70956359
100001
646794366
199048256
100001
70956359
100001
737556566
100002
100001
70956359
580301023
659948827
874019326
100001
70956359
43693357
31494516
100006
100001
70956359
61519165
100002
100027
100001
70956359
100004
679082553
100001
100001
70956359
673455500
100001
809922296
100001
70956359
526569077
836088124
75596567
100001
70956359
803924173
100010
382645257
100001
70956359
100003
614792052
988727054
100001
70956359
100001
100001
100001
100001
70956359
782782860
587936995
487706844
100001
70956359
100001
831871286
122782784
100001
70956359
43297986
954872631
100004
100001
70956359
100001
100001
100015
100001
70956359
873036284
624968566
844262388
100001
70956359
205623773
541468483
100001
100001
70956359
834390441
280167792
454506114
100001
70956359
489941469
100004
537658203
100001
70956359
761713810
148279702
100001
100001
70956359
144559108
552701414
100001
100001
70956359
633411791
279293429
100001
100001
70956359
197267402
993632747
338130044
100001
70956359
100006
306309931
100001
100001
70956359
54474245
100004
100004
100001
70956359
100002
399879102
100001
100001
70956359
100001
603676926
886662706
100001
70956359
100002
100020
220044258
100001
70956359
407725047
761174150
100002
100001
70956359
553422920
299770237
100007
100001
70956359
218380490
100001
948815929
100001
70956359
100001
100002
100003
100001
70956359
100001
100001
318260025
100001
70956359
100001
363896752
100001
100001
70956359
336032889
45790511
64664896
100001
70956359
134986360
576498626
645745786
100001
70956359
912511339
176693949
941378766
100001
70956359
100001
100001
303843771
100001
70956359
552140446
100001
100021
100001
70956359
737609671
858342822
31494516
100001
70956359
942464031
400845714
898895364
100001
70956359
391023826
606367041
939318299
100001
70956359
100001
6405626
501754217
100001
70956359
176906152
100001
730530974
100001
70956359
100002
100001
100002
100001
70956359
831861616
569952740
100001
100001
70956359
413760436
716937764
711802207
100001
70956359
100002
733493326
874599802
100001
70956359
100001
303319483
100002
100001
70956359
100001
720382024
281617574
100001
70956359
97897305
920810331
437094771
100001
70956359
399879104
859488850
537081219
100001
70956359
233488643
171177397
38310268
100001
70956359
947938769
100003
45126020
100001
70956359
100003
100001
100003
100001
70956359
231141050
100004
722082349
100001
70956359
47899662
900903750
644423985
100001
70956359
574348979
100001
100002
100001
70956359
43705355
47223175
720308547
100001
70956359
869709906
506771871
645309949
100001
70956359
819531057
100001
280167792
100001
70956359
52081971
33381170
477971515
100001
70956359
100034
100001
169686450
100001
70956359
333223267
607263886
100001
100001
70956359
295950653
100001
70690501
100001
70956359
100005
742735454
154038922
100001
70956359
100001
674096556
100001
100001
70956359
750348588
100001
851103059
100001
70956359
100003
161558903
775241336
100001
70956359
473671032
382152719
100001
100001
70956359
133802512
723348501
898284171
100001
70956359
347746839
540829496
100002
100001
70956359
82837351
100016
59718980
100001
70956359
761163950
100001
879557737
100001
70956359
943512608
100003
779435647
100001
70956359
100001
847408121
377003966
100001
70956359
100001
100001
413202970
100001
70956359
164187272
100007
465352076
100001
70956359
100001
100001
40581644
100001
70956359
33391252
399879102
100005
100001
70956359
100001
954522661
454506114
100001
70956359
47899662
100001
637592020
100001
70956359
47223176
100051
534670801
100001
70956359
353673123
100001
162614403
100001
70956359
100033
100003
914871466
100001
70956359
147143653
895400612
83460900
100001
70956359
100003
306071999
618965453
100001
70956359
240590515
100001
773144181
100001
70956359
726003198
100001
716037948
100001
70956359
100001
629002401
100001
100001
70956359
655219182
890488095
100007
100001
70956359
100001
765032809
100002
100001
70956359
100001
100001
100001
100001
70956359
451565330
172651174
782345054
100001
70956359
100003
100001
100026
100001
70956359
100003
100001
100002
100001
70956359
611646313
411947732
100002
100001
70956359
300013524
183449508
428581635
100001
70956359
832113986
393559952
100015
100001
70956359
100001
865515592
782319233
100001
70956359
285847031
569571876
259627470
100001
70956359
134986360
436832624
100001
100001
70956359
579039691
723414433
688317555
100001
70956359
100006
459804364
253153621
100001
70956359
100001
609952337
442915679
100001
70956359
100013
100001
100001
100001
70956359
100006
959991060
100006
100001
70956359
586837645
433383736
100001
100001
70956359
100001
261331334
100014
100001
70956359
100003
100001
100001
100001
70956359
100001
646734315
305256409
100001
70956359
642145597
172225353
992239189
100001
70956359
989991134
100006
900250899
100001
70956359
100002
356739247
100001
100001
70956359
100001
100001
298323449
100001
70956359
652176646
692306824
496905234
100001
70956359
100001
274574830
144339579
100001
70956359
100003
100004
354560469
100001
70956359
262508464
33334312
823725370
100001
70956359
647388491
249032649
100001
100001
70956359
100293
901782114
47223177
100001
70956359
503495882
100002
100005
100001
70956359
284536309
100001
100003
100001
70956359
100003
380673993
100001
100001
70956359
212277236
747454048
54191121
100001
70956359
100002
100002
100001
100001
70956359
100001
100001
100001
100001
70956359
451828580
100001
100001
100001
70956359
770522736
100001
394880595
100001
70956359
301353397
100002
935117999
100001
70956359
133663586
178396703
71472188
100001
70956359
638654464
501595811
100001
100001
70956359
954413498
90875611
528635586
100001
70956359
100089
468185187
269283166
100001
70956359
136627355
147551875
352884861
100001
70956359
681504886
474719610
280337239
100001
70956359
100001
826346813
100005
100001
70956359
100001
511629410
100001
100001
70956359
963526935
535591367
100001
100001
70956359
100002
611990958
100001
100001
70956359
615195221
100001
791691839
100001
70956359
436582470
100001
100002
100001
70956359
100001
153252488
100001
100001
70956359
100007
100001
100001
100001
70956359
904662536
44197884
100002
100001
70956359
259100888
100002
100002
100001
70956359
100001
521494711
454653011
100001
70956359
100051
100001
380940302
100001
70956359
100001
828443967
73191616
100001
70956359
56276278
86943444
207254920
100001
70956359
952416335
194349031
177680773
100001
70956359
150751376
353370700
882820765
100001
70956359
475029354
739443891
100001
100001
70956359
802962001
492272355
100003
100001
70956359
100002
171177397
869819936
100001
70956359
73328756
100018
261724624
100001
70956359
100002
100001
100001
100001
70956359
174748334
100001
881133911
100001
70956359
100001
458231500
100001
100001
70956359
707330470
318050407
100001
100001
70956359
722278959
100001
100002
100001
70956359
100001
729140024
100001
100001
70956359
100001
100001
100009
100001
70956359
739589725
881939838
371761080
100001
70956359
927061286
100001
100001
100001
70956359
100001
628496550
422108597
100001
70956359
785738872
898284171
100001
100001
70956359
322758356
170740884
412921329
100001
70956359
100001
78738391
810093856
100001
70956359
68859204
966873659
100002
100001
70956359
100001
918333492
160919746
100001
70956359
96350319
100001
100008
100001
70956359
100002
100013
100001
100001
70956359
361275308
100002
133534173
100001
70956359
266588877
884036996
100001
100001
70956359
877749806
374915229
100001
100001
70956359
482463959
100002
729328425
100001
70956359
780641113
867476270
100006
100001
70956359
75353298
876939601
100057
100001
70956359
613743467
286728235
100001
100001
70956359
100001
100001
100001
100001
70956359
100001
762980498
959563844
100001
70956359
100001
100001
100004
100001
70956359
257722464
687086995
100001
100001
70956359
317654197
100001
750091288
100001
70956359
262508464
959220367
347151007
100001
70956359
929266976
579854013
980964774
100001
70956359
656059208
856800825
964890503
100001
70956359
100001
59413552
100001
100001
70956359
285420737
100001
580908613
100001
70956359
100002
557585072
120006225
100001
70956359
100001
100002
607671706
100001
70956359
727691509
100001
832962700
100001
70956359
821701601
100012
735395412
100001
70956359
884131486
100001
1197563
100001
70956359
600473649
100007
337602574
100001
70956359
100001
928455236
782345054
100001
70956359
100001
211089303
100001
100001
70956359
990659635
241263422
100007
100001
70956359
539073076
266591811
671540333
100001
70956359
100001
130322311
100001
100001
70956359
193181065
100001
665139092
100001
70956359
484753863
100001
400217218
100001
70956359
422685331
298290680
100001
100001
70956359
100001
940002505
100003
100001
70956359
174748334
303159253
6834701
100001
70956359
100002
253321589
100001
100001
70956359
558070844
146242720
122849852
100001
70956359
100001
201145413
100001
100001
70956359
977657649
333935735
806423838
100001
70956359
662222965
63917440
445395410
100001
70956359
100001
100001
755428825
100001
70956359
100002
942464032
376582145
100001
70956359
825788386
25203053
100001
100001
70956359
722147887
807155477
100001
100001
70956359
100001
792740415
100001
100001
70956359
100006
100001
827395390
100001
70956359
333893885
100001
573779164
100001
70956359
100003
100001
100001
100001
70956359
100001
100008
100001
100001
70956359
100002
100004
994173432
100001
70956359
100001
229803551
100001
100001
70956359
100002
100008
100001
100001
70956359
250663249
540829496
645391270
100001
70956359
393922666
707854760
100001
100001
70956359
100001
340931085
924323520
100001
70956359
100001
797278135
884279648
100001
70956359
422685331
100001
804850974
100001
70956359
27300209
837245246
899267246
100001
70956359
100002
100001
100002
100001
70956359
229541407
987677436
505736018
100001
70956359
68604087
132992011
49096229
100001
70956359
100004
100001
100001
100001
70956359
357571524
413760436
100001
100001
70956359
100001
100012
697585963
100001
70956359
142441625
100002
501269186
100001
70956359
538673936
31494516
100011
100001
70956359
792061635
879506153
195252315
100001
70956359
124488537
870476510
722278959
100001
70956359
172225353
127270114
100001
100001
70956359
835048312
732628131
100001
100001
70956359
100002
100031
546208956
100001
70956359
859757664
916783161
100001
100001
70956359
884279648
100005
100019
100001
70956359
440031563
100001
100001
100001
70956359
415857588
353673124
735658184
100001
70956359
672406923
100001
100001
100001
70956359
710745838
100002
183990057
100001
70956359
260935599
100001
100001
100001
70956359
449731425
61929814
451359665
100001
70956359
100001
322526961
100001
100001
70956359
100001
934595776
100001
100001
70956359
100001
222007807
814525362
100001
70956359
485725406
935118007
445395410
100001
70956359
237233993
987177656
904662536
100001
70956359
100001
422685331
785924667
100001
70956359
821402567
170926776
48182785
100001
70956359
42001511
100002
34549620
100001
70956359
994494357
236206296
100001
100001
70956359
566197464
178285871
317654203
100001
70956359
100001
125099856
908995353
100001
70956359
906055251
55522822
100012
100001
70956359
100002
983687661
531944958
100001
70956359
100001
676938146
371459351
100001
70956359
100015
424746769
675145133
100001
70956359
386520170
100001
876495112
100001
70956359
797430724
169144806
397333626
100001
70956359
843860912
895466149
360571883
100001
70956359
100002
377123345
100002
100001
70956359
979521956
475662994
100002
100001
70956359
100001
75596572
481379388
100001
70956359
407725047
876939599
826346813
100001
70956359
170652489
172220125
100018
100001
70956359
715040183
100002
100001
100001
70956359
100003
629492846
867441321
100001
70956359
100001
129469278
752999135
100001
70956359
100001
506771872
129473960
100001
70956359
242986346
100005
452272486
100001
70956359
941809495
100001
221001931
100001
70956359
944561186
794837567
637456209
100001
70956359
946917477
849911834
234109144
100001
70956359
89360387
878463573
743991513
100001
70956359
816187198
100001
45126021
100001
70956359
100106
150030464
642324482
100001
70956359
100001
141117560
100001
100001
70956359
100001
490775208
282439157
100001
70956359
804796176
588120704
353673125
100001
70956359
100005
189200566
847408119
100001
70956359
571737643
100001
100005
100001
70956359
59068569
898570842
100001
100001
70956359
100036
93694374
614146643
100001
70956359
100001
100001
100001
100001
70956359
100001
100022
100001
100001
70956359
526418233
100001
100012
100001
70956359
897567572
814525362
100001
100001
70956359
605428872
815777407
225969679
100001
70956359
893101869
100008
433203956
100001
70956359
805719361
100001
489155417
100001
70956359
42673205
815253116
318373075
100001
70956359
100001
52009539
903808718
100001
70956359
100003
100002
455024083
100001
70956359
197543115
136627356
699158828
100001
70956359
100014
690946121
100001
100001
70956359
849911835
680390966
876176938
100001
70956359
100001
644242758
966003948
100001
70956359
100002
100003
942464032
100001
70956359
100003
100001
660679340
100001
70956359
100007
393857948
100001
100001
70956359
644242758
140199501
496544012
100001
70956359
100003
100001
676601228
100001
70956359
967447269
446418992
218904779
100001
70956359
396353514
100002
160391559
100001
70956359
100001
100001
815138622
100001
70956359
576944689
100001
942464030
100001
70956359
966873659
100001
202192488
100001
70956359
100001
100001
100001
100001
70956359
100001
53891195
658156364
100001
70956359
100006
967004733
100001
100001
70956359
100001
100001
291194050
100001
70956359
100028
115574646
100001
100001
70956359
322033638
915719611
100001
100001
70956359
396098926
758348125
682892686
100001
70956359
100001
897235594
553422920
100001
70956359
995484152
100001
100001
100001
70956359
900009142
100001
100001
100001
70956359
727691508
240385657
808204053
100001
70956359
100001
819873414
503626955
100001
70956359
100001
100001
53142544
100001
70956359
307015675
502831520
897606806
100001
70956359
556325970
84808474
358037256
100001
70956359
901449420
907952359
100003
100001
70956359
459804364
549940919
64664897
100001
70956359
100001
129448561
203928986
100001
70956359
504981606
100001
584715104
100001
70956359
347110362
100001
589459088
100001
70956359
481939670
100001
100001
100001
70956359
189200568
100002
100003
100001
70956359
803053661
589419577
526468232
100001
70956359
100001
901782114
101820128
100001
70956359
100002
567578708
100003
100001
70956359
8407569
100001
100003
100001
70956359
3522039
100001
100012
100001
70956359
504354590
625902519
486195655
100001
70956359
100002
100001
689711413
100001
70956359
266443216
100003
100001
100001
70956359
513005345
622256265
384991702
100001
70956359
422685332
891774519
100003
100001
70956359
717659213
740638301
395266162
100001
70956359
148261002
909364065
100001
100001
70956359
100001
869709906
54179124
100001
70956359
232556064
100001
684130390
100001
70956359
128420702
100001
806106899
100001
70956359
700115497
100001
152036357
100001
70956359
100001
100001
100001
100001
70956359
741801171
882762495
659045169
100001
70956359
343907310
100001
100039
100001
70956359
100001
100001
100082
100001
70956359
636467451
425603447
974492433
100001
70956359
985159081
631589999
449206352
100001
70956359
743784030
36758684
100001
100001
70956359
742735453
979916196
762484878
100001
70956359
450364315
43988480
100001
100001
70956359
100005
329583520
100001
100001
70956359
700411319
100003
612049490
100001
70956359
631478449
38604631
678356081
100001
70956359
271290295
878594648
100005
100001
70956359
100015
100001
100001
100001
70956359
257190243
100001
100002
100001
70956359
291679260
100001
100001
100001
70956359
100002
594302249
100001
100001
70956359
683408724
78690788
100001
100001
70956359
100001
100001
54191120
100001
70956359
759512674
791691839
100002
100001
70956359
100001
305256409
67810626
100001
70956359
289616483
962780432
674161777
100001
70956359
100001
263970367
910249558
100001
70956359
100001
792061641
830665580
100001
70956359
741686877
100002
100001
100001
70956359
963526936
643915122
258246754
100001
70956359
304207832
100001
147553443
100001
70956359
611646313
100005
370328626
100001
70956359
908152405
51433588
100001
100001
70956359
100015
934069421
100001
100001
70956359
132615009
254273621
173760423
100001
70956359
100001
782713857
250867667
100001
70956359
100002
942464032
100001
100001
70956359
100003
97418112
865777737
100001
70956359
100001
100001
100002
100001
70956359
647458050
161673421
100003
100001
70956359
100001
97232574
553422920
100001
70956359
395050349
453473604
100002
100001
70956359
100002
690099763
100001
100001
70956359
100001
100001
100055
100001
70956359
107272111
883755359
860995132
100001
70956359
723393075
100001
100002
100001
70956359
100001
100002
980754170
100001
70956359
415163867
529695386
229914835
100001
70956359
100326
100008
436582470
100001
70956359
100002
100001
834211138
100001
70956359
165933890
248934342
897043282
100001
70956359
301379262
100002
535561050
100001
70956359
537718140
725228090
464857187
100001
70956359
100001
60470587
100001
100001
70956359
903072602
100003
506719064
100001
70956359
501377109
100310
63917440
100001
70956359
920631155
824396296
743808228
100001
70956359
100001
364928927
658156363
100001
70956359
653225222
100001
69486894
100001
70956359
100001
159038046
399879104
100001
70956359
152036357
100001
352973022
100001
70956359
176021976
270331744
100001
100001
70956359
301379260
860995131
100001
100001
70956359
880982577
100001
688881676
100001
70956359
280009559
881415550
482427968
100001
70956359
351547933
218904779
100003
100001
70956359
890515074
100003
100001
100001
70956359
35488409
395050349
815689465
100001
70956359
100002
100001
100003
100001
70956359
100001
404892613
284536309
100001
70956359
100001
183721897
100002
100001
70956359
784375310
7987709
100001
100001
70956359
100001
746712984
100002
100001
70956359
91733302
876939599
528404089
100001
70956359
776289916
586294705
100003
100001
70956359
100031
381595663
167857297
100001
70956359
100002
100007
609024871
100001
70956359
977929798
839741841
808873720
100001
70956359
828568426
100001
100002
100001
70956359
955758675
859488851
100006
100001
70956359
990659637
100001
100001
100001
70956359
938263736
355229580
741686877
100001
70956359
100002
492888909
11372120
100001
70956359
159337600
100002
646339914
100001
70956359
416582970
294323586
100001
100001
70956359
100002
815777407
100001
100001
70956359
232568778
143357456
100001
100001
70956359
888104502
348086313
100001
100001
70956359
100001
100001
367850772
100001
70956359
129469278
100003
100003
100001
70956359
45037057
937872705
100001
100001
70956359
100006
815777408
261873214
100001
70956359
489754145
100013
221694044
100001
70956359
100001
100004
100002
100001
70956359
663471201
100001
100001
100001
70956359
857097810
261873214
978997659
100001
70956359
629199011
100001
616416639
100001
70956359
100002
100002
206206343
100001
70956359
803223310
433454595
742735454
100001
70956359
100003
730188601
783607436
100001
70956359
489279709
609024869
100002
100001
70956359
288468473
292653476
814000108
100001
70956359
100001
100001
375955390
100001
70956359
146131974
100001
659600961
100001
70956359
100003
100001
584715104
100001
70956359
357838919
42001512
115532152
100001
70956359
345877331
100004
869709906
100001
70956359
222141411
100005
100001
100001
70956359
225196239
100002
100001
100001
70956359
909725566
148981888
217331914
100001
70956359
644242758
742586680
244726574
100001
70956359
350707756
100004
355229580
100001
70956359
100001
220819370
350368283
100001
70956359
100002
894122552
556044362
100001
70956359
126221537
517592869
100001
100001
70956359
100001
885609860
822295370
100001
70956359
175059330
764755557
250663249
100001
70956359
994581700
638246644
383828736
100001
70956359
643635411
300013523
833473132
100001
70956359
100002
100001
170926777
100001
70956359
348199585
100001
100001
100001
70956359
783367812
278009499
508548895
100001
70956359
934464704
394979573
804290578
100001
70956359
100001
114373020
100001
100001
70956359
189072306
524845364
100001
100001
70956359
100001
889677366
717884604
100001
70956359
225196239
100001
407849458
100001
70956359
226586547
100007
645291334
100001
70956359
858635833
347037737
100088
100001
70956359
35488409
603839055
100001
100001
70956359
100001
202454632
706281894
100001
70956359
242377537
995746296
544636089
100001
70956359
490292301
476958931
782723818
100001
70956359
476709184
721127756
100001
100001
70956359
587989632
100013
100005
100001
70956359
100001
100001
411230249
100001
70956359
580447288
44627466
100001
100001
70956359
100001
561952127
668373656
100001
70956359
563460455
100002
100001
100001
70956359
100004
356804784
50085548
100001
70956359
673050924
100001
531944955
100001
70956359
235216914
645603637
348417913
100001
70956359
100003
514970485
100002
100001
70956359
113077121
814090044
330815374
100001
70956359
989991133
536277031
100015
100001
70956359
100001
855227959
771571315
100001
70956359
100001
54153340
642145597
100001
70956359
296225793
44741934
371744677
100001
70956359
152560647
153639982
579067573
100001
70956359
100003
988582546
100001
100001
70956359
100001
563265770
100001
100001
70956359
45147244
45775662
100002
100001
70956359
58373433
759512674
588120705
100001
70956359
100001
100003
719688554
100001
70956359
861703420
119889441
114373020
100001
70956359
895728256
100001
909890050
100001
70956359
100004
100001
684989843
100001
70956359
437173166
816385318
100004
100001
70956359
656895248
809806765
814466680
100001
70956359
68101682
465905765
100001
100001
70956359
100002
100001
372268968
100001
70956359
127372124
182174106
52842617
100001
70956359
100002
100001
718949285
100001
70956359
100001
616416639
936514593
100001
70956359
611483714
100001
100001
100001
70956359
100002
814466680
100003
100001
70956359
428581636
100001
655866659
100001
70956359
160788673
703889975
323565566
100001
70956359
31494516
782218110
100001
100001
70956359
259776060
802952743
779959935
100001
70956359
312832871
776289915
842165234
100001
70956359
214833523
863528400
100001
100001
70956359
100003
8962990
823891513
100001
70956359
684654680
185807242
100002
100001
70956359
715215458
227817681
100001
100001
70956359
242482817
100001
100015
100001
70956359
879318396
94665594
100002
100001
70956359
100001
100001
294092317
100001
70956359
860995131
100002
100024
100001
70956359
851487361
100053
259627470
100001
70956359
325007365
615368060
100004
100001
70956359
250161663
100001
100002
100001
70956359
100008
50144806
100001
100001
70956359
910365437
181125528
100001
100001
70956359
100001
100002
514053921
100001
70956359
84284183
100001
558665806
100001
70956359
780641113
482427968
100002
100001
70956359
605428871
100006
443470497
100001
70956359
100001
100012
841817278
100001
70956359
896711301
945670197
100001
100001
70956359
481774813
100001
666734511
100001
70956359
100001
100001
100003
100001
70956359
100002
100001
100001
100001
70956359
792061638
100001
233060568
100001
70956359
100001
849911834
559714383
100001
70956359
100002
100001
100002
100001
70956359
574585389
100001
100002
100001
70956359
100001
615195221
100001
100001
70956359
104053323
100001
508548895
100001
70956359
167801499
389236831
369207073
100001
70956359
449410125
100001
100001
100001
70956359
216437230
687793267
100001
100001
70956359
958515266
574847535
530554876
100001
70956359
802962001
413913818
100002
100001
70956359
478793941
30769811
591671974
100001
70956359
597040415
764755559
100001
100001
70956359
758464098
96324439
579854013
100001
70956359
100006
345877331
100001
100001
70956359
100011
100006
416474589
100001
70956359
100001
100001
990849980
100001
70956359
327669639
100002
100001
100001
70956359
171337097
100003
100001
100001
70956359
100015
590203956
100138
100001
70956359
100001
100001
78853668
100001
70956359
100002
75596569
100002
100001
70956359
828443967
100001
795430504
100001
70956359
100001
100001
934529521
100001
70956359
196218825
960631515
100005
100001
70956359
100013
100001
404179434
100001
70956359
700420781
100003
5535167
100001
70956359
993653494
100001
100001
100001
70956359
601556559
100002
659642723
100001
70956359
666439088
603443425
57619975
100001
70956359
985159081
100001
100001
100001
70956359
100003
100003
100001
100001
70956359
100001
849911835
972181910
100001
70956359
100001
847662008
100005
100001
70956359
100001
974170005
619339168
100001
70956359
100014
514053921
147432986
100001
70956359
344971929
542912327
167333009
100001
70956359
991551990
562868553
488719431
100001
70956359
25926643
315742179
153902126
100001
70956359
380944544
59003026
101103
100001
70956359
95853975
100001
794119776
100001
70956359
100001
148981887
100001
100001
70956359
611483714
906777078
674096555
100001
70956359
100006
886793781
100001
100001
70956359
100001
100002
100001
100001
70956359
100001
236014207
24875401
100001
70956359
745851312
323082216
618965454
100001
70956359
869885473
777446039
100002
100001
70956359
91733301
100001
100001
100001
70956359
100001
100066
749304134
100001
70956359
100008
301379260
311547872
100001
70956359
315742178
135040907
829354860
100001
70956359
758038291
306507799
671358344
100001
70956359
385418470
388520132
647842945
100001
70956359
100001
68859204
732249679
100001
70956359
639522371
69907781
906086512
100001
70956359
394053740
100001
100002
100001
70956359
46939816
100001
100001
100001
70956359
97232574
362831771
100001
100001
70956359
100001
295430935
100001
100001
70956359
25922024
54474245
100005
100001
70956359
859488852
100001
375414699
100001
70956359
263559848
100001
100009
100001
70956359
111167563
100001
71509559
100001
70956359
100003
100001
332783532
100001
70956359
61679151
149831899
100007
100001
70956359
659318857
100002
225196236
100001
70956359
413064692
573274667
105069098
100001
70956359
247779652
100002
100001
100001
70956359
100001
197014996
645603638
100001
70956359
849911835
100001
501681453
100001
70956359
713806429
100001
100004
100001
70956359
446837588
276440216
395480660
100001
70956359
486658268
100006
100001
100001
70956359
100001
744713544
781008511
100001
70956359
472291736
100001
100024
100001
70956359
100001
503626955
240782917
100001
70956359
775216179
35164534
504981605
100001
70956359
634658144
924794357
936498205
100001
70956359
100049
573362717
629199013
100001
70956359
341992295
100001
360751020
100001
70956359
311375768
963281508
100004
100001
70956359
384991702
609024868
100001
100001
70956359
512539865
720308547
100001
100001
70956359
100001
100001
671698986
100001
70956359
100002
396615658
100001
100001
70956359
197999680
100085
100001
100001
70956359
876176936
199856600
318085549
100001
70956359
100001
669511971
100003
100001
70956359
100006
880328145
995540827
100001
70956359
100002
100001
100001
100001
70956359
71739078
100001
885120343
100001
70956359
37261687
957512422
100005
100001
70956359
897606806
100001
100002
100001
70956359
936114007
100001
320945493
100001
70956359
524321076
920336342
988750526
100001
70956359
322758356
355084758
100001
100001
70956359
100001
288032124
100002
100001
70956359
824837952
100074
603619384
100001
70956359
905510688
437179037
495893695
100001
70956359
100003
723393075
615368061
100001
70956359
100003
100001
876176938
100001
70956359
881658202
100015
100002
100001
70956359
100004
100001
100002
100001
70956359
100002
749479632
556320268
100001
70956359
242691837
59319851
530948096
100001
70956359
783700367
100023
100001
100001
70956359
100002
689643884
889677366
100001
70956359
100002
696537386
100001
100001
70956359
389928051
47223177
35605433
100001
70956359
631530052
277750941
100001
100001
70956359
93694374
381993120
708419697
100001
70956359
100001
45126022
261873215
100001
70956359
612049490
63895741
621588359
100001
70956359
100001
343290384
964910986
100001
70956359
672438176
48707073
655219182
100001
70956359
287192836
100003
924291837
100001
70956359
100002
387913922
100007
100001
70956359
897587796
521709156
360547764
100001
70956359
982114795
903808718
982013353
100001
70956359
900250899
100001
735920330
100001
70956359
898085125
126323548
442915676
100001
70956359
912855824
100001
451878355
100001
70956359
749566282
100005
100001
100001
70956359
100003
100001
100001
100001
70956359
148261003
100002
435257803
100001
70956359
100002
100002
100001
100001
70956359
545139162
100001
100003
100001
70956359
100001
56276277
584807615
100001
70956359
100002
947709753
95982146
100001
70956359
445537121
100001
959433999
100001
70956359
161214659
100005
100002
100001
70956359
100001
909290266
794837569
100001
70956359
239688448
962478358
100001
100001
70956359
44601729
540175829
100001
100001
70956359
100001
565148887
100001
100001
70956359
303319481
913592199
524570126
100001
70956359
100001
325190860
160579806
100001
70956359
24017970
100001
276594022
100001
70956359
977243236
75068369
311547872
100001
70956359
127372124
261873214
100002
100001
70956359
100001
100005
100003
100001
70956359
577901592
100006
912331536
100001
70956359
654841532
100001
100015
100001
70956359
907083556
404703725
100001
100001
70956359
718646184
636308595
100001
100001
70956359
100003
730188600
203582376
100001
70956359
55522822
100004
100001
100001
70956359
654937177
100001
351461251
100001
70956359
100001
644555059
700560598
100001
70956359
724674289
100005
121230232
100001
70956359
735395411
828239214
897882748
100001
70956359
186973275
100001
100002
100001
70956359
644242752
602528332
425831061
100001
70956359
100001
743336150
27300208
100001
70956359
602570807
100001
388093039
100001
70956359
665332411
846359541
178130261
100001
70956359
100001
865777738
835504967
100001
70956359
100002
444257015
100001
100001
70956359
100002
58216591
407099984
100001
70956359
888556638
118284671
100003
100001
70956359
942558421
186595239
299621856
100001
70956359
634946495
528515389
719600679
100001
70956359
51920557
100001
648487226
100001
70956359
100003
100002
612049491
100001
70956359
797661136
674096556
100001
100001
70956359
100002
64132147
100001
100001
70956359
100001
831867381
100001
100001
70956359
344971929
100001
449969044
100001
70956359
815138621
771571315
47899661
100001
70956359
524321076
671519389
158681239
100001
70956359
100001
100001
100001
100001
70956359
100001
772856880
450780003
100001
70956359
689766472
164709710
696537386
100001
70956359
762817812
100001
458840275
100001
70956359
676601228
100002
100001
100001
70956359
508150
147432985
100003
100001
70956359
100001
985423439
100001
100001
70956359
100001
100005
100002
100001
70956359
645391270
100001
460852943
100001
70956359
698919461
195597314
742735454
100001
70956359
860995131
154768483
323082218
100001
70956359
517592869
900468230
100003
100001
70956359
749479634
944680441
85894867
100001
70956359
723033178
232568781
202478043
100001
70956359
100004
147180552
47217458
100001
70956359
136627355
672406923
100025
100001
70956359
100001
100001
372555932
100001
70956359
148192229
43149307
235929204
100001
70956359
177430441
100002
100002
100001
70956359
815138622
271587498
100015
100001
70956359
53949957
898222933
100001
100001
70956359
100001
629002401
100011
100001
70956359
100004
584715104
100002
100001
70956359
161565826
745949017
100002
100001
70956359
701430447
100150
100007
100001
70956359
100001
978997667
356468098
100001
70956359
66229302
336174582
233060568
100001
70956359
615342727
763706981
121274153
100001
70956359
812543736
439890379
358899608
100001
70956359
127270114
100001
953696028
100001
70956359
929940355
100001
100001
100001
70956359
100001
36758684
100004
100001
70956359
859488851
743567253
355827956
100001
70956359
100001
100001
100001
100001
70956359
100001
983687662
100001
100001
70956359
100001
828239213
100002
100001
70956359
100001
172363333
166593045
100001
70956359
287990844
638378232
692212614
100001
70956359
707854760
271672765
100001
100001
70956359
100001
100004
100001
100001
70956359
229622974
135040912
405752305
100001
70956359
266443216
100001
484581941
100001
70956359
299372037
121784890
100001
100001
70956359
834218532
100001
100001
100001
70956359
977766012
303159252
100002
100001
70956359
159035992
100002
688317557
100001
70956359
100005
134462071
500983893
100001
70956359
675606631
100002
265018947
100001
70956359
100001
368074658
867612749
100001
70956359
100001
100001
100001
100001
70956359
903072602
100001
100003
100001
70956359
100001
487947438
195933583
100001
70956359
141117559
77427668
501591712
100001
70956359
886662706
275623408
202880409
100001
70956359
350499357
100006
100002
100001
70956359
851332034
444781303
900361495
100001
70956359
759369146
531401374
906055251
100001
70956359
881511269
738541146
759616656
100001
70956359
490292300
100002
100002
100001
70956359
123580912
814577890
100001
100001
70956359
100003
880891261
100001
100001
70956359
532835795
100002
147553443
100001
70956359
100004
100004
73191620
100001
70956359
650846525
100003
100001
100001
70956359
100004
40003578
526831222
100001
70956359
791013052
912411131
100002
100001
70956359
209885165
712384096
127645277
100001
70956359
739443891
271290295
422685330
100001
70956359
100001
971873960
879036753
100001
70956359
923956062
100001
100001
100001
70956359
78292683
459804364
620160168
100001
70956359
146131974
125099857
987520592
100001
70956359
605192253
847662017
236206296
100001
70956359
285033655
100002
100001
100001
70956359
3589036
317821023
100004
100001
70956359
100001
100001
100001
100001
70956359
100002
100009
100001
100001
70956359
370917530
680748468
416591128
100001
70956359
48707073
100005
407725047
100001
70956359
564157344
100001
100002
100001
70956359
34439830
913330051
100002
100001
70956359
517342438
988406258
795883268
100001
70956359
100039
100001
100001
100001
70956359
100001
986472015
483103961
100001
70956359
942321140
261873214
100001
100001
70956359
452213094
100001
100001
100001
70956359
294902057
100001
814288166
100001
70956359
815138622
876495112
347175901
100001
70956359
970609045
354331163
228299273
100001
70956359
909771030
100001
516025185
100001
70956359
100002
100001
517073761
100001
70956359
100001
100002
100005
100001
70956359
951376932
965624089
568035971
100001
70956359
661046354
100004
315930634
100001
70956359
287069955
100001
379220500
100001
70956359
601522227
64664896
100010
100001
70956359
130617645
100014
803033686
100001
70956359
100003
645391270
159038046
100001
70956359
72525511
448688429
486133577
100001
70956359
758464098
242674771
100001
100001
70956359
993384427
537406917
100001
100001
70956359
92257590
646409471
147947296
100001
70956359
225196239
646409471
100003
100001
70956359
631014331
100053
186579125
100001
70956359
893080608
115174278
577236084
100001
70956359
100002
274339481
814757666
100001
70956359
45366948
498908356
100001
100001
70956359
275916408
764547963
100002
100001
70956359
100001
513005345
142584347
100001
70956359
394618449
100001
893101869
100001
70956359
100001
492636995
26251632
100001
70956359
100001
737814656
683941267
100001
70956359
24801672
100001
100005
100001
70956359
740566729
100001
100010
100001
70956359
100012
973084249
579595381
100001
70956359
276440216
100001
584715104
100001
70956359
593218929
881911888
911985506
100001
70956359
100001
628496551
400140729
100001
70956359
476816766
100001
331519788
100001
70956359
100028
16118681
935375038
100001
70956359
988750526
552514566
679336557
100001
70956359
953796669
100001
100001
100001
70956359
100002
983376565
265197087
100001
70956359
90739494
271672765
521500250
100001
70956359
303159253
100002
545476542
100001
70956359
586837645
100001
100001
100001
70956359
494152719
100003
630359519
100001
70956359
958699537
872578181
628758698
100001
70956359
773144180
185530545
311547872
100001
70956359
100001
100096
400293230
100001
70956359
100001
677923424
833024714
100001
70956359
100001
100004
100001
100001
70956359
891384581
100001
644242755
100001
70956359
61929814
100001
300173746
100001
70956359
100001
100001
914930117
100001
70956359
100002
285847031
812398366
100001
70956359
100001
100001
150762575
100001
70956359
792740415
71618751
379641017
100001
70956359
100001
371606137
386520174
100001
70956359
67810626
897043282
848863255
100001
70956359
100001
100004
100002
100001
70956359
100001
100001
681179706
100001
70956359
655622010
100001
100001
100001
70956359
100001
100001
100002
100001
70956359
806776564
45037057
769998445
100001
70956359
119761701
75596567
360580079
100001
70956359
100001
100001
331816878
100001
70956359
629492846
692715622
446418992
100001
70956359
129273734
100001
100001
100001
70956359
671747900
42065075
550071900
100001
70956359
145194142
566544188
728246009
100001
70956359
195933583
128225153
100001
100001
70956359
100001
183449508
504354587
100001
70956359
458755788
100001
311547872
100001
70956359
100001
883755357
541162959
100001
70956359
100003
445395410
881939840
100001
70956359
100015
65713473
141117560
100001
70956359
487670854
100001
233060568
100001
70956359
100001
358623709
100001
100001
70956359
100004
61460647
651113663
100001
70956359
100001
100001
100015
100001
70956359
615342727
567646202
100001
100001
70956359
100005
100001
680390966
100001
70956359
29397364
252783103
978313701
100001
70956359
903072602
333935735
187103413
100001
70956359
312297932
100004
100001
100001
70956359
100028
270241717
162614405
100001
70956359
603811123
985159081
793988701
100001
70956359
298928559
100001
100001
100001
70956359
323028164
40531477
100001
100001
70956359
612049491
881133912
532971844
100001
70956359
100002
100010
100001
100001
70956359
629100706
271290295
220819370
100001
70956359
250161225
988811485
100002
100001
70956359
53290536
100002
453143861
100001
70956359
100001
451153637
154423686
100001
70956359
667789849
646339915
100001
100001
70956359
100002
892749101
47889647
100001
70956359
520379256
775241333
772835401
100001
70956359
100001
100001
400293231
100001
70956359
100003
369690028
79786967
100001
70956359
904662536
909626210
100001
100001
70956359
51002696
100001
100001
100001
70956359
675209994
100001
169107941
100001
70956359
100001
980832679
985473717
100001
70956359
633226638
100001
920856503
100001
70956359
77427668
537593566
100009
100001
70956359
100001
100001
100001
100001
70956359
100001
100002
864559805
100001
70956359
71607715
100003
267370328
100001
70956359
628758698
280167793
100002
100001
70956359
100009
100001
534018497
100001
70956359
100001
635771088
315742179
100001
70956359
3370883
241129994
100001
100001
70956359
669556384
425242993
656370959
100001
70956359
221701928
615195219
774670416
100001
70956359
636341149
47223176
3793401
100001
70956359
512539865
108166037
758457880
100001
70956359
247327219
416906165
820347900
100001
70956359
150030464
59719238
897759883
100001
70956359
963040572
100002
100001
100001
70956359
100001
776289916
678293806
100001
70956359
985963004
62574767
112895832
100001
70956359
100001
194077404
100001
100001
70956359
901973709
105633709
100001
100001
70956359
759302999
881939842
224104969
100001
70956359
367026082
289535725
100001
100001
70956359
404179435
100003
49320331
100001
70956359
808494502
100001
100001
100001
70956359
793159377
584761652
100001
100001
70956359
741686877
100002
100001
100001
70956359
235981430
818136704
100002
100001
70956359
100001
722278959
100001
100001
70956359
100001
61526184
100002
100001
70956359
806256669
533413547
574585389
100001
70956359
901819693
287192836
100019
100001
70956359
100002
638605609
661727918
100001
70956359
51033394
100001
629492844
100001
70956359
294323585
181842057
987053994
100001
70956359
100001
100001
907952358
100001
70956359
100001
441589408
151079043
100001
70956359
67277881
561272172
797456135
100001
70956359
677744847
642324482
404179435
100001
70956359
100001
100001
251649079
100001
70956359
206026139
945043425
100001
100001
70956359
74994703
637796715
175978521
100001
70956359
925048571
100001
916616024
100001
70956359
737609671
682892690
100007
100001
70956359
677875924
684654680
100003
100001
70956359
100001
292727845
99470170
100001
70956359
500721744
100001
646650505
100001
70956359
992600568
417261022
3793401
100001
70956359
100001
653992257
727691508
100001
70956359
100001
100003
855818831
100001
70956359
100001
270241717
100001
100001
70956359
100001
100030
100015
100001
70956359
489279709
831589697
100001
100001
70956359
340690003
786116451
963526934
100001
70956359
100004
100001
100002
100001
70956359
100001
100001
126353035
100001
70956359
100002
840402981
100004
100001
70956359
12514488
911915457
100001
100001
70956359
100002
577973477
276960923
100001
70956359
87200348
921375464
34115958
100001
70956359
449731426
100001
777338493
100001
70956359
100004
100001
210407909
100001
70956359
100001
4823613
100002
100001
70956359
295976411
100001
163662984
100001
70956359
198315978
923837756
984184870
100001
70956359
40003577
73453764
100002
100001
70956359
967447269
715739749
100001
100001
70956359
49755651
662252210
100001
100001
70956359
100008
59057706
100001
100001
70956359
100002
139020407
100008
100001
70956359
100001
650582028
100004
100001
70956359
821708424
100001
357906184
100001
70956359
419003320
100004
812715300
100001
70956359
818482471
355777258
837727441
100001
70956359
451399733
46851085
656370959
100001
70956359
100001
939885713
100001
100001
70956359
962728673
640227328
100003
100001
70956359
100001
100002
732249680
100001
70956359
100001
141117560
644697210
100001
70956359
100001
794837569
648484873
100001
70956359
100001
301353396
100001
100001
70956359
51033392
100001
707330470
100001
70956359
697585963
43433157
162614405
100001
70956359
399613287
100001
374366122
100001
70956359
812369522
186595239
100001
100001
70956359
695468138
100019
859684410
100001
70956359
100002
144339579
131484794
100001
70956359
100001
748204554
507440912
100001
70956359
898361879
100001
100001
100001
70956359
100001
100001
809922296
100001
70956359
327669637
344103918
212039112
100001
70956359
425242992
955758675
105003562
100001
70956359
488719432
100002
351547933
100001
70956359
813592313
551644767
577236084
100001
70956359
983059455
100001
100001
100001
70956359
100006
100001
355793647
100001
70956359
193597384
387457932
100007
100001
70956359
615342727
100003
101203462
100001
70956359
100001
253307391
100003
100001
70956359
965991700
362831770
182800856
100001
70956359
100001
100002
984801691
100001
70956359
186595239
61679148
954522662
100001
70956359
100003
98082201
100001
100001
70956359
615342727
100001
867434190
100001
70956359
847408121
100001
100212
100001
70956359
768949866
100001
100002
100001
70956359
100002
61526184
135040908
100001
70956359
126323548
851332035
847662006
100001
70956359
838798666
100001
100001
100001
70956359
259627470
645745788
100001
100001
70956359
509000918
794837567
100010
100001
70956359
927319357
100009
336226317
100001
70956359
559119422
100001
635231987
100001
70956359
702251597
474032238
977949082
100001
70956359
782319233
96107388
100001
100001
70956359
100001
84846291
503626955
100001
70956359
100001
307453159
100004
100001
70956359
44601731
100001
211942840
100001
70956359
154768483
100001
100001
100001
70956359
942558421
860995130
810301212
100001
70956359
608903760
652943678
708943992
100001
70956359
100006
274050538
100001
100001
70956359
439492253
100001
208050155
100001
70956359
724834871
761609826
964943124
100001
70956359
100007
100008
100001
100001
70956359
857915983
100002
581131288
100001
70956359
857097805
100001
92257590
100001
70956359
100001
924177145
147180551
100001
70956359
100002
877749806
502234187
100001
70956359
100002
100012
160510324
100001
70956359
100001
682164304
100001
100001
70956359
100001
100002
100001
100001
70956359
787194722
233832051
100001
100001
70956359
100001
100002
611646313
100001
70956359
41473830
521293322
524845364
100001
70956359
607289406
100001
100003
100001
70956359
693108838
100001
100002
100001
70956359
100003
268566659
100001
100001
70956359
216459034
988811485
100001
100001
70956359
728091448
100001
542912327
100001
70956359
120810277
100002
900091095
100001
70956359
179577540
747459026
100001
100001
70956359
809806765
100002
748810140
100001
70956359
100001
100002
426769181
100001
70956359
100001
821430079
415542541
100001
70956359
634658146
100002
111641890
100001
70956359
191822012
100004
100013
100001
70956359
681115727
100004
100001
100001
70956359
780816552
735920331
100002
100001
70956359
662252210
528515389
100002
100001
70956359
985423438
841817278
404179435
100001
70956359
183094038
550368081
176452270
100001
70956359
100002
100011
857915983
100001
70956359
100001
410243796
100002
100001
70956359
195597314
100001
40049837
100001
70956359
803049471
100001
100001
100001
70956359
904662536
58373433
672588911
100001
70956359
534618131
342037086
56276278
100001
70956359
911783844
100001
180381178
100001
70956359
957957443
100001
58216591
100001
70956359
638999867
100001
610959426
100001
70956359
173662677
100008
745949017
100001
70956359
708812918
100001
822993083
100001
70956359
100002
716037948
135506453
100001
70956359
215502734
100001
64664897
100001
70956359
776289916
852904900
648223372
100001
70956359
833162562
100002
100001
100001
70956359
214853400
100001
100008
100001
70956359
837962167
100001
671358345
100001
70956359
735920328
9456146
676601228
100001
70956359
100001
569675863
37585561
100001
70956359
100001
100001
565148887
100001
70956359
100001
220044256
142613244
100001
70956359
190249145
910886617
100006
100001
70956359
57488907
100068
962478358
100001
70956359
55227701
251326421
100001
100001
70956359
869885473
100004
100003
100001
70956359
100001
910886617
100001
100001
70956359
147377784
168031044
897709136
100001
70956359
97232574
100004
250399314
100001
70956359
358375316
100001
100007
100001
70956359
223529303
933809341
100001
100001
70956359
322758356
225196239
100001
100001
70956359
100001
100001
100001
100001
70956359
923999995
945670198
671358344
100001
70956359
100002
389928051
787159843
100001
70956359
30769811
100001
100002
100001
70956359
41414940
100001
176193726
100001
70956359
439492253
100001
100001
100001
70956359
433383736
132824072
100084
100001
70956359
100007
100001
763566456
100001
70956359
414562481
985260528
539815294
100001
70956359
100001
100001
747600197
100001
70956359
627522860
215160825
100005
100001
70956359
734346835
100002
100001
100001
70956359
100001
663385998
847814678
100001
70956359
818955908
100001
100001
100001
70956359
185294765
100004
398313594
100001
70956359
100046
503495881
34439830
100001
70956359
100013
129469278
521081005
100001
70956359
197475392
976478496
636967498
100001
70956359
261459887
100001
45037057
100001
70956359
100001
100001
100004
100001
70956359
201569685
453604434
720308549
100001
70956359
886376801
78690788
100001
100001
70956359
100003
178731618
857449097
100001
70956359
100001
100001
552140446
100001
70956359
710738352
57484841
588955960
100001
70956359
528515389
100002
100002
100001
70956359
100001
100001
978997665
100001
70956359
100001
322758355
100001
100001
70956359
100001
838480370
362831769
100001
70956359
100002
370712502
718724940
100001
70956359
100001
112359796
623912941
100001
70956359
197599520
347065298
100001
100001
70956359
900468230
100003
100119
100001
70956359
527088225
28348785
100004
100001
70956359
458840275
100001
100001
100001
70956359
100001
100001
100002
100001
70956359
481379392
378417159
565203137
100001
70956359
100001
868815381
100004
100001
70956359
100003
952416335
100001
100001
70956359
100001
50871980
821430079
100001
70956359
73574090
891341680
100001
100001
70956359
100001
100005
588862285
100001
70956359
70690501
568294617
100001
100001
70956359
100001
100002
901449420
100001
70956359
100002
140225050
538909233
100001
70956359
176693950
100001
139483961
100001
70956359
646339912
341455373
100009
100001
70956359
954870255
159560283
100001
100001
70956359
925473336
820216828
146122262
100001
70956359
905510688
100001
909725566
100001
70956359
176805919
96853499
100002
100001
70956359
456981686
417261022
420421393
100001
70956359
946484623
100001
100009
100001
70956359
100001
100011
135665174
100001
70956359
100001
421636753
814525361
100001
70956359
711815310
100002
974338482
100001
70956359
232494745
614792048
59719238
100001
70956359
760038908
100001
100001
100001
70956359
100001
100001
100038
100001
70956359
100001
451227840
100001
100001
70956359
100001
96645239
551120477
100001
70956359
240737024
176693952
100001
100001
70956359
100001
909626210
135760738
100001
70956359
100001
100010
54191120
100001
70956359
963525306
345615187
148361626
100001
70956359
40894285
100002
949485508
100001
70956359
100002
58216591
100001
100001
70956359
436308331
809252631
735395412
100001
70956359
453981826
54191123
924213723
100001
70956359
880455214
100001
185644637
100001
70956359
100001
935117999
100006
100001
70956359
53949957
741644756
100001
100001
70956359
327755616
100003
506719063
100001
70956359
990659636
100008
100001
100001
70956359
958205177
663254923
201145413
100001
70956359
481379389
795883268
100001
100001
70956359
108231573
100001
43553150
100001
70956359
442915672
100010
909626210
100001
70956359
771228710
688885778
393857947
100001
70956359
100001
100002
354928192
100001
70956359
718949285
964353296
100004
100001
70956359
100001
100002
814000109
100001
70956359
425831063
100002
843860914
100001
70956359
854108804
100002
96759929
100001
70956359
651174036
993838779
225196236
100001
70956359
100002
489202340
575593677
100001
70956359
646339915
692715622
60470586
100001
70956359
100001
78816973
100001
100001
70956359
618965451
100002
57324855
100001
70956359
100002
803112131
654947420
100001
70956359
644214806
100001
962478358
100001
70956359
307353563
100001
847408121
100001
70956359
100003
414351954
100009
100001
70956359
100003
913488322
100092
100001
70956359
176128187
100002
100001
100001
70956359
100001
100004
884565552
100001
70956359
100004
787333868
923956062
100001
70956359
100014
496417984
602135114
100001
70956359
178004673
100002
206803422
100001
70956359
100001
871967994
737609671
100001
70956359
374382525
310504240
465905764
100001
70956359
832648050
283313528
296902108
100001
70956359
100001
164550980
951965268
100001
70956359
857097806
100001
626858775
100001
70956359
876156495
654424863
927581503
100001
70956359
100004
995802974
242986346
100001
70956359
495893695
100001
728246009
100001
70956359
269007807
100001
100003
100001
70956359
942464032
100001
303159254
100001
70956359
758169366
586302897
100006
100001
70956359
100006
100001
100004
100001
70956359
426212427
712074324
566282044
100001
70956359
662078020
125099857
405361384
100001
70956359
451828579
100004
234130368
100001
70956359
476816766
4841978
841116656
100001
70956359
224721521
100001
882820765
100001
70956359
100001
448525080
458755788
100001
70956359
145718431
834211140
100001
100001
70956359
250401103
100006
701776671
100001
70956359
100001
295133253
649374529
100001
70956359
115240587
100004
100003
100001
70956359
637951290
859488850
100002
100001
70956359
804421651
859175840
719278025
100001
70956359
420421393
60619093
416474589
100001
70956359
76195530
100001
975507541
100001
70956359
450780003
100002
112879448
100001
70956359
100001
100001
100001
100001
70956359
100003
100001
100001
100001
70956359
357081000
100002
15398076
100001
70956359
100002
171348502
100001
100001
70956359
100001
969822950
634460367
100001
70956359
424782485
100001
445395410
100001
70956359
359322516
100001
240909947
100001
70956359
100001
100003
100002
100001
70956359
100008
629072014
729140024
100001
70956359
966407631
100001
655866659
100001
70956359
43643169
100001
100001
100001
70956359
629310941
100001
824396296
100001
70956359
262074198
358037258
207908980
100001
70956359
100005
186595239
836574391
100001
70956359
100001
916217153
652176646
100001
70956359
100001
100001
161565827
100001
70956359
939830768
100001
395233392
100001
70956359
518733025
186595239
156922509
100001
70956359
763566456
32543094
46415527
100001
70956359
283313527
451441596
378052545
100001
70956359
100001
522210830
100001
100001
70956359
375414698
23546730
671540333
100001
70956359
100004
425831063
100004
100001
70956359
100003
100001
583413902
100001
70956359
299372038
61519165
97373015
100001
70956359
8407567
100001
100001
100001
70956359
757954909
156716159
67810626
100001
70956359
959878592
386520171
673807182
100001
70956359
432630070
100002
100003
100001
70956359
100002
100001
296771036
100001
70956359
658680660
100001
167337887
100001
70956359
776289916
100001
581547110
100001
70956359
100002
737084585
100006
100001
70956359
100004
100001
100001
100001
70956359
637569114
426212428
692114307
100001
70956359
745661606
271060377
635771089
100001
70956359
226492012
577187060
100002
100001
70956359
985423439
100002
100001
100001
70956359
100003
100001
100001
100001
70956359
100003
100001
355084759
100001
70956359
677092670
963526937
100001
100001
70956359
321542392
223099084
701627020
100001
70956359
100001
100001
100023
100001
70956359
100002
123693863
414998671
100001
70956359
652176646
810422209
100001
100001
70956359
100002
850553854
100002
100001
70956359
100001
100001
100001
100001
70956359
211157232
100002
359322516
100001
70956359
674155274
436046187
100002
100001
70956359
100002
336174580
673872721
100001
70956359
100001
100001
48182785
100001
70956359
910362328
100002
147180552
100001
70956359
841116656
100001
100001
100001
70956359
359584661
941386268
172313750
100001
70956359
100001
222007808
100002
100001
70956359
100002
368091058
630692014
100001
70956359
100001
52081971
252841570
100001
70956359
959563844
880609621
710444415
100001
70956359
91788074
100001
100002
100001
70956359
100040
100001
939568623
100001
70956359
305288453
446418992
471763991
100001
70956359
449934414
591254178
895531647
100001
70956359
855227959
977866841
285426871
100001
70956359
290350144
143490203
100001
100001
70956359
906073259
100002
100001
100001
70956359
54191121
100001
80230901
100001
70956359
100001
170090401
100001
100001
70956359
406498251
390725605
61929814
100001
70956359
100001
586746160
100001
100001
70956359
63616320
171789462
100001
100001
70956359
100001
217331914
100075
100001
70956359
854253675
347560460
344413763
100001
70956359
100001
100001
701364911
100001
70956359
386520171
100001
100001
100001
70956359
616296316
707581367
475080815
100001
70956359
100001
100001
848863256
100001
70956359
100002
100001
324863174
100001
70956359
100011
100001
823725372
100001
70956359
773180403
302110676
887165574
100001
70956359
816499223
305616139
803112132
100001
70956359
100002
617525125
153905158
100001
70956359
113077121
100001
27675501
100001
70956359
100002
676118939
302193430
100001
70956359
144339579
100001
100001
100001
70956359
100002
100001
100002
100001
70956359
100001
359702442
714832304
100001
70956359
100001
143133443
100001
100001
70956359
100001
336032889
180374873
100001
70956359
100001
100001
801083384
100001
70956359
100001
140163715
667902880
100001
70956359
396353514
515838689
822502410
100001
70956359
131054197
930399110
41039900
100001
70956359
955715544
954844040
870432324
100001
70956359
820579634
100001
995484152
100001
70956359
495725584
100007
100003
100001
70956359
847662017
876176938
514053921
100001
70956359
520706940
130631793
100001
100001
70956359
481379388
100001
561281032
100001
70956359
100001
643083073
136923254
100001
70956359
100008
100002
250161663
100001
70956359
447840467
73180585
791691838
100001
70956359
903613960
302193430
751650749
100001
70956359
100006
100001
797789142
100001
70956359
646794366
150097018
790118974
100001
70956359
100002
229622974
100002
100001
70956359
100032
202454632
100005
100001
70956359
100002
298847744
100001
100001
70956359
718113985
100001
149665674
100001
70956359
100001
958515264
632638575
100001
70956359
82891324
100004
100002
100001
70956359
841116658
738541146
743991513
100001
70956359
100001
206279134
100001
100001
70956359
277226649
100001
100001
100001
70956359
154038921
545160377
100001
100001
70956359
100001
47899662
413913818
100001
70956359
100014
272070505
100005
100001
70956359
705856010
954868206
100001
100001
70956359
653051563
100006
836983102
100001
70956359
927581504
852904900
677963185
100001
70956359
567772946
633226638
100002
100001
70956359
475910353
100002
100005
100001
70956359
369702083
914275493
442915678
100001
70956359
100007
586837645
100007
100001
70956359
993384427
100001
168681178
100001
70956359
324089855
769228719
100001
100001
70956359
520446135
823789375
945448399
100001
70956359
623912941
100001
858868203
100001
70956359
645148425
880892587
100001
100001
70956359
100006
553422920
823789375
100001
70956359
100002
100002
78712877
100001
70956359
100002
100001
981476020
100001
70956359
242497757
100001
747382478
100001
70956359
503626955
309975007
742735453
100001
70956359
144339579
100001
100001
100001
70956359
741413318
963829008
974983253
100001
70956359
956807252
332808113
100001
100001
70956359
100002
201831829
941382068
100001
70956359
195006552
849512843
107062525
100001
70956359
575029681
672588911
835309515
100001
70956359
128015264
838281931
100001
100001
70956359
223965106
100009
803053661
100001
70956359
847408122
96810599
775241333
100001
70956359
100010
100001
583240031
100001
70956359
100003
284503227
100008
100001
70956359
716653815
100001
952223803
100001
70956359
100002
826346813
472983662
100001
70956359
100001
542020716
100002
100001
70956359
100001
100001
100001
100001
70956359
646339911
758210568
178479017
100001
70956359
100005
100001
249837033
100001
70956359
25894049
100002
987053994
100001
70956359
129448561
604121134
100002
100001
70956359
235308579
440540830
651582799
100001
70956359
100005
100004
220044256
100001
70956359
267640387
100204
261873215
100001
70956359
306097858
24595306
100001
100001
70956359
310422740
100002
100001
100001
70956359
712299960
349827293
152560649
100001
70956359
528859756
939830768
444781303
100001
70956359
576787465
100001
812543736
100001
70956359
876176938
8962990
185644637
100001
70956359
813592312
916616025
100001
100001
70956359
603705570
100002
132336642
100001
70956359
901766693
100001
308431303
100001
70956359
879663435
127486060
620014030
100001
70956359
420307154
239861369
100001
100001
70956359
810266945
100001
863528401
100001
70956359
632638575
100004
707083947
100001
70956359
100002
100001
800601865
100001
70956359
73191616
100002
100001
100001
70956359
700121501
659026313
95591829
100001
70956359
696909934
773144181
811574396
100001
70956359
327825426
100008
814288166
100001
70956359
100001
932363930
100004
100001
70956359
100001
666734512
100004
100001
70956359
100002
100001
100001
100001
70956359
54191120
100001
100001
100001
70956359
638999867
666380987
439890383
100001
70956359
576325174
373500426
100001
100001
70956359
100001
100001
100001
100001
70956359
100006
913619395
719773518
100001
70956359
100003
100001
100003
100001
70956359
845433780
100002
881715279
100001
70956359
66014595
100011
52241959
100001
70956359
100001
232783474
100003
100001
70956359
497772617
100001
242167903
100001
70956359
100002
100001
100005
100001
70956359
100001
100001
100001
100001
70956359
765294956
100001
444519074
100001
70956359
100002
100001
312175409
100001
70956359
484984396
134826100
401189824
100001
70956359
350296741
100001
514921331
100001
70956359
256371041
987256233
897567570
100001
70956359
249113086
636918348
100001
100001
70956359
100001
100005
533875311
100001
70956359
496513915
608128338
100001
100001
70956359
212015090
100019
630965475
100001
70956359
100001
100001
285420737
100001
70956359
907952360
100001
100002
100001
70956359
100005
471466168
446855995
100001
70956359
100001
338218496
100001
100001
70956359
647842945
100001
952416335
100001
70956359
258578890
100001
100012
100001
70956359
100001
100001
100003
100001
70956359
128005735
100002
496417985
100001
70956359
804796174
100004
100001
100001
70956359
895761063
100001
105578120
100001
70956359
100001
100001
100001
100001
70956359
185570909
100002
100003
100001
70956359
614792050
459804367
100001
100001
70956359
100001
100001
142347011
100001
70956359
3594753
304700636
615342728
100001
70956359
828239213
146145900
100001
100001
70956359
396833790
740598972
100002
100001
70956359
31818387
945670198
100001
100001
70956359
100001
615342727
100001
100001
70956359
894256280
555033348
923771403
100001
70956359
841763760
972181910
979493352
100001
70956359
308431303
684654679
747237272
100001
70956359
178264099
100015
100015
100001
70956359
428581636
658958404
161565826
100001
70956359
100001
100004
160788673
100001
70956359
100004
897495294
100005
100001
70956359
905694044
484980300
650534223
100001
70956359
737492569
100001
100001
100001
70956359
266043994
268688963
983862257
100001
70956359
100034
100001
100002
100001
70956359
100001
100001
334041346
100001
70956359
100001
356657626
100001
100001
70956359
333935735
954161892
259627469
100001
70956359
100001
659138098
100008
100001
70956359
794834692
100001
100001
100001
70956359
184623144
100001
818111943
100001
70956359
776592443
100014
100001
100001
70956359
197475392
417402173
759442571
100001
70956359
100001
714752420
42888380
100001
70956359
521362300
100001
790705846
100001
70956359
980977376
419003319
67875484
100001
70956359
963281508
945670198
100001
100001
70956359
442026135
100003
869885473
100001
70956359
905834661
100001
542874902
100001
70956359
636967497
14873788
737085381
100001
70956359
877501985
100002
100001
100001
70956359
100001
747300013
389928051
100001
70956359
702349730
60984204
100001
100001
70956359
3739922
630626478
100001
100001
70956359
100008
100002
100018
100001
70956359
183342677
100001
147180551
100001
70956359
422389926
584761652
100001
100001
70956359
100002
490306740
723393075
100001
70956359
507308807
100001
100004
100001
70956359
168325794
300173746
602140948
100001
70956359
53130548
557092941
302193430
100001
70956359
100001
105633709
45790510
100001
70956359
898839637
100001
100024
100001
70956359
100004
948291640
100001
100001
70956359
100001
100001
159038046
100001
70956359
989824878
38604629
267179209
100001
70956359
792169311
568969844
459555042
100001
70956359
360108949
298323449
100011
100001
70956359
100001
57619976
608862273
100001
70956359
163724855
100003
600473648
100001
70956359
381460426
905510688
129252258
100001
70956359
327669637
100002
100001
100001
70956359
100001
738657458
100004
100001
70956359
100001
100001
884279647
100001
70956359
587989632
616243798
280167792
100001
70956359
773354718
688317559
100001
100001
70956359
100001
742663883
178821166
100001
70956359
211981754
100047
100015
100001
70956359
100007
100001
46469771
100001
70956359
651209540
100006
851602433
100001
70956359
100006
100001
100001
100001
70956359
847408118
270241717
100004
100001
70956359
978997658
909626210
221352889
100001
70956359
395050349
100001
808866344
100001
70956359
100002
98082202
312832871
100001
70956359
100005
939312313
100006
100001
70956359
856800825
469972687
615333713
100001
70956359
801869818
112145697
100002
100001
70956359
630896995
100018
937215159
100001
70956359
59319851
897922128
100002
100001
70956359
100109
322033638
688317557
100001
70956359
604121134
869427934
100001
100001
70956359
100001
700639791
732512453
100001
70956359
100001
753680741
100002
100001
70956359
583167628
572421150
354560470
100001
70956359
815777407
801424069
996268516
100001
70956359
327669637
360571882
74617919
100001
70956359
307877854
100004
391796934
100001
70956359
690618464
100002
579296277
100001
70956359
100002
100001
992230585
100001
70956359
361164871
100001
100001
100001
70956359
30769811
29510516
745664406
100001
70956359
666980987
100001
100003
100001
70956359
545827301
100002
768333533
100001
70956359
100001
331519790
611073448
100001
70956359
100001
100004
156938836
100001
70956359
100362
196588945
100001
100001
70956359
43693357
100001
40003579
100001
70956359
847814678
100015
100001
100001
70956359
100001
100003
100012
100001
70956359
513432792
161565827
100001
100001
70956359
881133911
663254923
100002
100001
70956359
100001
100076
100006
100001
70956359
579296277
53130548
208827784
100001
70956359
442026137
100001
100009
100001
70956359
100006
100001
100002
100001
70956359
100012
100001
100004
100001
70956359
267640387
100007
828867408
100001
70956359
100001
836983101
722340802
100001
70956359
528404087
873031205
100001
100001
70956359
702841396
659026313
451828579
100001
70956359
201145411
100002
100001
100001
70956359
980832679
100006
100001
100001
70956359
100001
100001
100001
100001
70956359
770522736
100001
100001
100001
70956359
100001
920286043
100001
100001
70956359
100015
100001
645254925
100001
70956359
394618447
520183987
100001
100001
70956359
734346835
916115341
689187123
100001
70956359
475874359
512127793
687086995
100001
70956359
953682050
914275493
365637007
100001
70956359
926022543
759512674
373317545
100001
70956359
573362717
54191120
573362717
100001
70956359
101828621
100002
100012
100001
70956359
702349732
100001
449431225
100001
70956359
433514808
100002
100002
100001
70956359
100001
933556616
64601442
100001
70956359
100016
986487294
100001
100001
70956359
100002
100001
100001
100001
70956359
100001
743336151
637951290
100001
70956359
333935735
629492844
100010
100001
70956359
100003
855818831
123111996
100001
70956359
971915556
818660992
125266727
100001
70956359
100002
343739383
100001
100001
70956359
897043282
240663045
100004
100001
70956359
267640387
100090
706281894
100001
70956359
100002
269970586
100001
100001
70956359
742735454
413202646
985159081
100001
70956359
100003
100008
100001
100001
70956359
520446134
100001
517553374
100001
70956359
176362519
638233402
397857917
100001
70956359
100001
100002
100002
100001
70956359
148140670
100006
649374529
100001
70956359
100001
640461628
568980583
100001
70956359
395550292
100004
434291649
100001
70956359
100001
870488810
900873010
100001
70956359
748204554
935118002
901973709
100001
70956359
181875080
737823105
619491206
100001
70956359
100001
166493245
757415522
100001
70956359
52901379
100005
100009
100001
70956359
40439640
100001
100001
100001
70956359
100005
100001
20050847
100001
70956359
226492012
526418234
648012718
100001
70956359
100008
831048296
100002
100001
70956359
158681239
100001
650534223
100001
70956359
230422163
377003966
101567324
100001
70956359
9456146
369139637
100001
100001
70956359
349827293
100004
100002
100001
70956359
100003
980387406
11055066
100001
70956359
100001
100004
100001
100001
70956359
835308141
244202276
100002
100001
70956359
588319026
36758683
859771544
100001
70956359
161565827
100001
166284430
100001
70956359
100001
962478358
924786802
100001
70956359
100001
186562143
100002
100001
70956359
100001
100003
703660453
100001
70956359
100005
100001
100002
100001
70956359
100001
100001
883503784
100001
70956359
100015
100001
33099595
100001
70956359
100001
100001
776289917
100001
70956359
305616139
911676166
279293429
100001
70956359
100039
73191616
100001
100001
70956359
682950740
445395410
311471472
100001
70956359
100001
178479017
810093856
100001
70956359
100001
738657458
100001
100001
70956359
202718278
586404653
377003966
100001
70956359
673837152
100001
966407629
100001
70956359
233093069
749479633
809252631
100001
70956359
100001
741937608
963526934
100001
70956359
844262388
316790758
823725372
100001
70956359
19370031
677744845
100003
100001
70956359
747365550
621273365
274574831
100001
70956359
989631125
100001
357605288
100001
70956359
990323390
796407557
176808410
100001
70956359
57561223
100001
100001
100001
70956359
617085506
84767707
100002
100001
70956359
917753750
100002
100002
100001
70956359
821103925
274050538
100003
100001
70956359
64934066
621274281
100001
100001
70956359
201145414
100005
100002
100001
70956359
311547872
747980517
100006
100001
70956359
100001
175978522
100001
100001
70956359
771571315
100001
100005
100001
70956359
154168328
490044593
100002
100001
70956359
287135492
84668453
100001
100001
70956359
384349642
100001
486396124
100001
70956359
100001
134826100
100006
100001
70956359
100003
357706204
561215494
100001
70956359
907936018
706322543
44741934
100001
70956359
100004
100003
100001
100001
70956359
100001
533678406
905694045
100001
70956359
575896111
678698380
269367854
100001
70956359
524570127
234880627
907952359
100001
70956359
290014399
304000704
100001
100001
70956359
648484874
100001
100001
100001
70956359
75596569
872502649
911938313
100001
70956359
436080198
100002
736443992
100001
70956359
799401041
100001
131370890
100001
70956359
416906165
302427840
322010455
100001
70956359
166593045
134826100
100015
100001
70956359
100001
976515163
176906152
100001
70956359
350183468
65713473
100001
100001
70956359
100001
47223176
882268970
100001
70956359
124488538
399761388
100001
100001
70956359
100001
100004
100001
100001
70956359
356499980
609024865
489768012
100001
70956359
100001
890293103
100001
100001
70956359
399168642
47223177
100002
100001
70956359
100001
100001
100001
100001
70956359
100001
100016
321717442
100001
70956359
100001
100001
458755788
100001
70956359
100001
584715104
840357209
100001
70956359
556044361
149240805
100001
100001
70956359
100001
264870352
100001
100001
70956359
100004
281058141
450880428
100001
70956359
100001
290350144
56571398
100001
70956359
100004
645603636
471672936
100001
70956359
648012718
909000937
531923265
100001
70956359
42622131
141117559
45802509
100001
70956359
409114669
96006521
59319851
100001
70956359
682892687
100002
100002
100001
70956359
976114072
63616320
100001
100001
70956359
100003
100001
155535510
100001
70956359
100001
100001
407200758
100001
70956359
745661606
637456209
100001
100001
70956359
389621857
43705355
774670417
100001
70956359
683408725
274698170
394618449
100001
70956359
146884733
359254971
100001
100001
70956359
100001
786615197
388651204
100001
70956359
629858447
157102451
100001
100001
70956359
100001
797317594
501934447
100001
70956359
40207003
100002
100001
100001
70956359
739443891
982061145
909200982
100001
70956359
100001
847408122
100001
100001
70956359
580112603
323082218
897567573
100001
70956359
134457875
100003
521624445
100001
70956359
387913922
100003
576138463
100001
70956359
566530131
916770702
100001
100001
70956359
392736097
244952152
100007
100001
70956359
380673989
27937649
452779226
100001
70956359
627761290
100001
100003
100001
70956359
69390522
303159252
100085
100001
70956359
100001
100001
483443140
100001
70956359
100001
100015
130077346
100001
70956359
100001
832055841
823789375
100001
70956359
100001
703136165
100001
100001
70956359
100010
87984290
100001
100001
70956359
331919591
100001
100001
100001
70956359
585264781
955584471
765032809
100001
70956359
100001
100001
100026
100001
70956359
756932853
127270114
100001
100001
70956359
100012
818934443
100057
100001
70956359
273387448
763722088
100009
100001
70956359
827919678
736443992
576793824
100001
70956359
100001
828903834
100001
100001
70956359
100001
100002
100001
100001
70956359
100004
615368061
100004
100001
70956359
100003
354560468
553017033
100001
70956359
100002
810825502
100002
100001
70956359
318260026
414115291
100001
100001
70956359
100002
165933890
167857298
100001
70956359
100001
652631376
100001
100001
70956359
100003
100001
17953694
100001
70956359
156922509
912511496
100001
100001
70956359
100001
881415549
463160415
100001
70956359
100001
131991742
100002
100001
70956359
870163379
82837351
100003
100001
70956359
717507661
949382722
668323061
100001
70956359
32234297
415857588
847408124
100001
70956359
100002
329804584
100002
100001
70956359
145718431
490328288
141737553
100001
70956359
100001
100001
40207003
100001
70956359
416751372
100001
100001
100001
70956359
385253849
403534595
498908356
100001
70956359
387254431
61519165
654140242
100001
70956359
526831222
100001
723343374
100001
70956359
100001
38310268
637357171
100001
70956359
172187556
100001
38310268
100001
70956359
100001
100100
600473649
100001
70956359
100001
100001
741644757
100001
70956359
505245651
100002
478813832
100001
70956359
85070618
100001
836701512
100001
70956359
100002
100004
100124
100001
70956359
100001
772201510
100001
100001
70956359
100001
100008
100001
100001
70956359
100003
100003
905694045
100001
70956359
976119358
100001
581131287
100001
70956359
72722544
513965753
100003
100001
70956359
100003
629965754
475768190
100001
70956359
100001
703660453
469476727
100001
70956359
505199007
768252586
881658202
100001
70956359
94227285
147180551
103687885
100001
70956359
296348441
616416639
471672937
100001
70956359
776289914
537688521
815033888
100001
70956359
29780761
957061133
877749806
100001
70956359
100004
806256669
100010
100001
70956359
732512453
100002
100003
100001
70956359
202718278
100090
100002
100001
70956359
260518328
100001
168636798
100001
70956359
501770326
100002
100001
100001
70956359
100001
271672765
674204428
100001
70956359
665332411
100001
33391253
100001
70956359
100007
100001
100001
100001
70956359
100015
100004
776289916
100001
70956359
100001
699789967
100004
100001
70956359
100001
100003
100013
100001
70956359
100001
271063694
232568781
100001
70956359
54179124
100001
176230590
100001
70956359
609233574
100003
355229583
100001
70956359
100001
537466317
55911977
100001
70956359
668339447
100001
100004
100001
70956359
938247502
390103521
9456145
100001
70956359
100001
100001
171086357
100001
70956359
100002
100013
437173166
100001
70956359
100001
100001
100035
100001
70956359
90673956
942464032
485347547
100001
70956359
531944958
471697403
947243062
100001
70956359
100002
39495017
100005
100001
70956359
100001
981356968
100006
100001
70956359
100002
707371119
154038921
100001
70956359
100002
574296822
212968178
100001
70956359
100001
752449873
443470497
100001
70956359
916115342
100002
184862117
100001
70956359
100007
646794366
100002
100001
70956359
174841565
891831593
100001
100001
70956359
58373433
451399733
100003
100001
70956359
454506114
655928135
720440397
100001
70956359
584092821
44601732
156716159
100001
70956359
315930634
624853940
222269953
100001
70956359
876176936
100001
380677174
100001
70956359
100001
910676482
774192757
100001
70956359
737556566
875468873
797317594
100001
70956359
903808718
100002
100001
100001
70956359
844262388
100003
100002
100001
70956359
987357682
687734878
742735454
100001
70956359
359834598
995484152
100003
100001
70956359
395760760
217485810
100001
100001
70956359
100001
100001
672588911
100001
70956359
881939838
326187021
100002
100001
70956359
100063
352624546
100001
100001
70956359
103745493
100001
100005
100001
70956359
100001
100001
100001
100001
70956359
100001
100001
100001
100001
70956359
100002
59422010
359322516
100001
70956359
100001
440152528
100004
100001
70956359
100002
100014
910189563
100001
70956359
161001875
680977521
100001
100001
70956359
347156873
868121069
489202344
100001
70956359
100001
735920328
294323586
100001
70956359
813418104
100001
642145599
100001
70956359
100001
100001
236813393
100001
70956359
60936357
100001
849911835
100001
70956359
100014
100001
100001
100001
70956359
100001
544893457
191822012
100001
70956359
496431242
724674289
695402326
100001
70956359
100001
572421153
336808300
100001
70956359
838584944
100001
842165236
100001
70956359
100001
420307154
100001
100001
70956359
304438492
100005
100002
100001
70956359
516025184
991551991
263970368
100001
70956359
664989395
100001
602570807
100001
70956359
100003
663759545
100001
100001
70956359
100001
100003
764900230
100001
70956359
588319026
100001
100576
100001
70956359
971982170
282072736
177999187
100001
70956359
935118007
100001
737492569
100001
70956359
100002
171547393
774670416
100001
70956359
88769832
260673454
93473918
100001
70956359
12601880
100002
640461629
100001
70956359
100001
100001
607289406
100001
70956359
248821220
799553288
847662008
100001
70956359
183631909
873031205
565148887
100001
70956359
100002
818820958
100002
100001
70956359
100001
553422920
892390257
100001
70956359
737777277
41052155
518117158
100001
70956359
100001
100001
100003
100001
70956359
160854415
100010
100001
100001
70956359
100001
35164534
306797796
100001
70956359
909200982
602135116
955440688
100001
70956359
100001
100003
340755515
100001
70956359
100002
918713178
265018947
100001
70956359
100009
100002
987177656
100001
70956359
442656810
844262388
613743468
100001
70956359
97232574
100001
100002
100001
70956359
647458050
100003
570724443
100001
70956359
637091499
100001
272538258
100001
70956359
384533261
100001
100001
100001
70956359
842927459
776289917
487670852
100001
70956359
178075855
180888261
349023062
100001
70956359
100002
458757685
175583619
100001
70956359
399529833
100004
100001
100001
70956359
42804278
819883774
100001
100001
70956359
100007
775241334
299634182
100001
70956359
234497924
100002
100002
100001
70956359
303159252
100001
100042
100001
70956359
31494516
325900973
119889441
100001
70956359
718077024
139573887
100001
100001
70956359
58668553
977265125
505180113
100001
70956359
100004
962478358
100042
100001
70956359
583830280
228823561
125537115
100001
70956359
100002
709165486
100001
100001
70956359
181624745
269009603
100001
100001
70956359
100001
98082202
950668500
100001
70956359
539815294
64664897
100020
100001
70956359
100002
386520170
61667670
100001
70956359
345877332
836701512
390163547
100001
70956359
636902714
487947437
144339579
100001
70956359
100001
100002
556823207
100001
70956359
807996702
132996010
100001
100001
70956359
445829888
592239599
847408122
100001
70956359
828443967
605428871
365469616
100001
70956359
942464032
809273488
280167794
100001
70956359
100001
100001
267370328
100001
70956359
532415316
371744675
75596572
100001
70956359
100002
601522228
303159253
100001
70956359
301353397
100001
100008
100001
70956359
452031567
868815382
686543150
100001
70956359
100001
100003
647388491
100001
70956359
100001
436665261
100001
100001
70956359
842308353
100001
127486060
100001
70956359
393784674
454653011
75488471
100001
70956359
909626210
916616022
100001
100001
70956359
559714382
460852943
100001
100001
70956359
100001
512102368
100010
100001
70956359
648044283
100001
522486067
100001
70956359
100006
790365873
100001
100001
70956359
514976608
100098
100001
100001
70956359
100001
542142279
906510562
100001
70956359
100001
823179459
100001
100001
70956359
100001
100001
100002
100001
70956359
313346509
100001
392025205
100001
70956359
100003
100001
822157572
100001
70956359
100010
923956062
100001
100001
70956359
100007
505068753
100001
100001
70956359
167337887
920810333
687793267
100001
70956359
234130369
100001
100001
100001
70956359
100003
100001
100001
100001
70956359
100002
609223331
314246315
100001
70956359
67385973
100001
624968567
100001
70956359
674951267
100005
100002
100001
70956359
100003
100001
96728058
100001
70956359
963106108
173760423
477313988
100001
70956359
45366947
430465728
318887910
100001
70956359
100003
356595460
628758699
100001
70956359
321606370
100007
395404884
100001
70956359
254413450
125799260
888104502
100001
70956359
100001
100002
228823561
100001
70956359
821430079
481327270
100001
100001
70956359
263970369
100001
100003
100001
70956359
892703760
100001
126240025
100001
70956359
367466031
666318741
737367182
100001
70956359
100001
100349
100001
100001
70956359
51920557
100008
100006
100001
70956359
100002
100001
531944956
100001
70956359
169719220
100002
100001
100001
70956359
329055694
316790758
712037816
100001
70956359
100043
100001
949318868
100001
70956359
898970709
100005
769474156
100001
70956359
100001
193412248
100001
100001
70956359
100002
100002
100001
100001
70956359
963724618
688317559
100001
100001
70956359
51033392
100001
491376867
100001
70956359
100104
100001
100002
100001
70956359
878463575
815138622
106763037
100001
70956359
100001
100001
150489232
100001
70956359
100001
58668553
639454327
100001
70956359
134826101
100003
199888845
100001
70956359
100009
272734675
100032
100001
70956359
646339911
825503615
100004
100001
70956359
53290536
100001
781008511
100001
70956359
100001
348450681
820216826
100001
70956359
988448521
497228056
511884503
100001
70956359
100001
53949957
976478496
100001
70956359
422149049
100001
775241333
100001
70956359
831886845
974446382
100011
100001
70956359
741163002
126973531
451828580
100001
70956359
100002
100001
195933583
100001
70956359
100003
137971830
100003
100001
70956359
451828579
100001
571596461
100001
70956359
837245246
100001
708807845
100001
70956359
100001
100001
954288173
100001
70956359
963702511
869271586
100001
100001
70956359
384566029
100003
100001
100001
70956359
476816767
100001
570391770
100001
70956359
100002
100001
100001
100001
70956359
100001
100001
585285942
100001
70956359
100003
990503413
100003
100001
70956359
130617645
100001
100003
100001
70956359
845895431
341431135
100001
100001
70956359
615195220
881089321
100009
100001
70956359
100001
500983893
294323588
100001
70956359
100004
100003
442656803
100001
70956359
55522822
44561926
562541399
100001
70956359
165289015
341730148
763984233
100001
70956359
100003
539497289
422685332
100001
70956359
100001
808873720
100002
100001
70956359
100001
100001
624968566
100001
70956359
543525156
44006601
659026313
100001
70956359
100002
100001
745926550
100001
70956359
203937854
100001
882820765
100001
70956359
939306478
767901288
100001
100001
70956359
48271754
881133912
644242758
100001
70956359
608107958
925211189
369123235
100001
70956359
370817652
100004
100001
100001
70956359
66762050
560757827
150751376
100001
70956359
60249969
169685374
671540332
100001
70956359
100003
100001
231534267
100001
70956359
338218496
526418234
100001
100001
70956359
100002
369123235
100001
100001
70956359
908152405
976827472
166943370
100001
70956359
498908356
100001
100001
100001
70956359
749551201
23403562
588319026
100001
70956359
835703676
266018897
608862273
100001
70956359
100001
100001
765032809
100001
70956359
936561863
99470170
61519165
100001
70956359
963915901
535266045
100003
100001
70956359
100007
100001
129469278
100001
70956359
776665207
100002
762517880
100001
70956359
100001
100005
392736097
100001
70956359
219258831
100001
100013
100001
70956359
938263736
161565827
990503413
100001
70956359
100001
258578889
171348501
100001
70956359
267370332
100002
100001
100001
70956359
333223267
73734282
100001
100001
70956359
655622010
294323586
100001
100001
70956359
100001
66922033
207796325
100001
70956359
407849457
651209540
100001
100001
70956359
816499223
100001
652679182
100001
70956359
100002
65355283
134326801
100001
70956359
100001
100001
100001
100001
70956359
636308595
259624878
100002
100001
70956359
132615010
100002
687603037
100001
70956359
950340085
202454632
391796777
100001
70956359
100001
100001
100003
100001
70956359
275742050
420421393
100001
100001
70956359
865625554
875128360
100001
100001
70956359
100002
901973709
100001
100001
70956359
112932129
100001
725162554
100001
70956359
100005
298847743
561241186
100001
70956359
176531639
154716190
100001
100001
70956359
114373020
365469617
100001
100001
70956359
100001
100001
100001
100001
70956359
100001
59717129
100001
100001
70956359
712037816
100006
678162539
100001
70956359
990849984
813763878
954166889
100001
70956359
672406922
314693600
100002
100001
70956359
671540332
229098683
100003
100001
70956359
100001
930743181
110360540
100001
70956359
100003
304700636
680453233
100001
70956359
95460756
816187198
100001
100001
70956359
814288166
323082218
65180724
100001
70956359
869440233
100001
100002
100001
70956359
811379630
263970367
100002
100001
70956359
100001
100002
144994940
100001
70956359
100220
100003
161214659
100001
70956359
100002
100002
189200568
100001
70956359
464654582
621353115
838692344
100001
70956359
100001
516025185
100002
100001
70956359
511957091
37342872
231617073
100001
70956359
898655385
465047250
542866895
100001
70956359
498515140
849091431
175583619
100001
70956359
832940444
726579171
100010
100001
70956359
100001
100002
100001
100001
70956359
779435647
496417985
157102451
100001
70956359
562396230
639146562
706404492
100001
70956359
100004
100002
716562239
100001
70956359
746494427
195933583
709165486
100001
70956359
341861223
100001
910365437
100001
70956359
382002875
468242169
182698394
100001
70956359
568298118
112526722
118252706
100001
70956359
475062122
100003
853990973
100001
70956359
100001
546926168
253376070
100001
70956359
977866841
907952360
877225517
100001
70956359
100001
100001
100011
100001
70956359
100002
100001
443445501
100001
70956359
100001
698110251
650534223
100001
70956359
621722336
647458050
635870970
100001
70956359
100010
100001
100001
100001
70956359
171975354
860839487
621274281
100001
70956359
100001
859488850
218010101
100001
70956359
100002
100002
645855275
100001
70956359
100001
100001
100030
100001
70956359
100001
164551351
100001
100001
70956359
100002
100001
179795460
100001
70956359
676723252
100001
100001
100001
70956359
488719432
100001
683005797
100001
70956359
914871466
100002
100002
100001
70956359
100001
378171921
100001
100001
70956359
100001
651106317
100001
100001
70956359
268550275
100001
100001
100001
70956359
290474400
100003
742663883
100001
70956359
675148076
128225153
43433156
100001
70956359
753745505
100003
100179
100001
70956359
100001
266443218
857097805
100001
70956359
100203
518117157
389095622
100001
70956359
993384427
100001
100001
100001
70956359
43988480
484298969
100005
100001
70956359
100012
584761652
952223803
100001
70956359
39656619
100001
100001
100001
70956359
587830070
100001
100002
100001
70956359
100002
100001
100001
100001
70956359
41039900
100003
100019
100001
70956359
100001
339883402
13825210
100001
70956359
100001
267179209
100002
100001
70956359
518733026
346925908
100001
100001
70956359
100001
100001
851103059
100001
70956359
666102288
624354940
247327219
100001
70956359
100001
909927419
100001
100001
70956359
100437
652222612
569047588
100001
70956359
100002
181610744
100001
100001
70956359
167543196
298735221
66229302
100001
70956359
100001
100001
626712714
100001
70956359
906055252
440152528
842165235
100001
70956359
100002
624853940
827919679
100001
70956359
682892690
293681743
100003
100001
70956359
155529585
595560709
434649775
100001
70956359
940002505
676601228
100002
100001
70956359
343367719
100003
982013352
100001
70956359
100001
100001
100001
100001
70956359
100001
100001
601348679
100001
70956359
719755990
150030464
100001
100001
70956359
148261002
100001
183449508
100001
70956359
381993120
771435322
613098067
100001
70956359
135040908
963760778
813763878
100001
70956359
629492844
100001
100001
100001
70956359
100001
563917130
100001
100001
70956359
100001
100001
402465488
100001
70956359
336174581
451359664
61519165
100001
70956359
213946858
100002
462950096
100001
70956359
548298640
45390520
100002
100001
70956359
100015
100001
920637534
100001
70956359
100001
542874856
100001
100001
70956359
950578685
601872967
910365437
100001
70956359
100002
60470587
100002
100001
70956359
100001
280831140
990849983
100001
70956359
100003
100001
40931708
100001
70956359
97232574
100001
100001
100001
70956359
100003
706067039
912346712
100001
70956359
100001
100002
100001
100001
70956359
258578890
232863384
100002
100001
70956359
853710872
651582800
100001
100001
70956359
935973913
192372663
676413857
100001
70956359
568983323
951302222
806106899
100001
70956359
100001
160510324
687603037
100001
70956359
741323256
134986360
100001
100001
70956359
223656918
100002
58396330
100001
70956359
773144181
100001
100001
100001
70956359
294664785
118728291
100007
100001
70956359
277204158
272734675
100010
100001
70956359
100001
100001
406181121
100001
70956359
816187198
327692219
614792050
100001
70956359
100001
100001
528404088
100001
70956359
179111079
333935735
100001
100001
70956359
100001
904752614
169803596
100001
70956359
762280295
633411791
100001
100001
70956359
612007346
695468138
459804367
100001
70956359
100001
277750941
100013
100001
70956359
100031
100003
437307690
100001
70956359
769474156
86943444
127486060
100001
70956359
458231500
333935735
100001
100001
70956359
541821071
500743369
329376442
100001
70956359
100001
703660453
100001
100001
70956359
100003
758235659
100001
100001
70956359
658502024
100002
100001
100001
70956359
940617202
881939841
100001
100001
70956359
100050
100001
74617919
100001
70956359
620749993
100001
150030466
100001
70956359
100001
100002
100007
100001
70956359
955758675
418464435
100001
100001
70956359
100004
757415522
806256666
100001
70956359
100037
834211139
100002
100001
70956359
494845116
303310263
642058397
100001
70956359
742735454
100004
100001
100001
70956359
563969097
735658184
59319851
100001
70956359
914381939
100006
977280756
100001
70956359
561811535
100001
489941402
100001
70956359
43505157
100002
170652486
100001
70956359
100001
721987302
100003
100001
70956359
405973961
452779226
78292683
100001
70956359
100006
987177656
647458049
100001
70956359
100003
100001
770170053
100001
70956359
127250931
40003575
536609627
100001
70956359
907936018
376975366
647458050
100001
70956359
100001
118776194
573274667
100001
70956359
752974163
59068571
528436860
100001
70956359
100001
100001
342970206
100001
70956359
325190859
100003
100001
100001
70956359
100795
100001
959878589
100001
70956359
306097858
261459887
166277496
100001
70956359
401347350
137971830
100001
100001
70956359
100001
100002
221001931
100001
70956359
55227701
850963073
242482817
100001
70956359
880827177
633892804
271672765
100001
70956359
775241336
905694044
307762662
100001
70956359
100001
118284671
100002
100001
70956359
100001
100002
929125817
100001
70956359
904662536
100002
100010
100001
70956359
900150361
100181
564111741
100001
70956359
101830670
905824359
982114795
100001
70956359
475768190
569690593
94543246
100001
70956359
100001
824536181
183449508
100001
70956359
573362716
100002
100007
100001
70956359
100005
100001
177316
100001
70956359
572314139
100144
505068753
100001
70956359
469575783
678924502
100001
100001
70956359
375416366
100001
100001
100001
70956359
100007
942845431
132615009
100001
70956359
8407568
111621409
762517880
100001
70956359
356278161
386920952
531923264
100001
70956359
302650616
100002
197999680
100001
70956359
100001
809813421
100001
100001
70956359
100001
100002
100001
100001
70956359
100001
31818388
569675864
100001
70956359
574212417
488908875
413913818
100001
70956359
163724855
615195220
232011987
100001
70956359
573834803
959878589
100005
100001
70956359
100001
573362716
100002
100001
70956359
659085661
325138440
100001
100001
70956359
476816767
100002
809797779
100001
70956359
100001
100010
100001
100001
70956359
681403831
324863175
449410125
100001
70956359
948291641
731579552
100001
100001
70956359
100001
32178468
994462913
100001
70956359
678698380
100009
792169310
100001
70956359
193597384
100067
100001
100001
70956359
686554458
326707035
191577239
100001
70956359
100015
145756876
100001
100001
70956359
921375469
100001
156716159
100001
70956359
100001
468834703
317856354
100001
70956359
583167628
477331887
100004
100001
70956359
100002
100001
969036517
100001
70956359
100001
100001
812543736
100001
70956359
935154846
806125590
35164534
100001
70956359
425173762
100001
100001
100001
70956359
100001
100001
662091893
100001
70956359
249637210
333935735
100001
100001
70956359
100001
881939841
100001
100001
70956359
742735453
100001
820579634
100001
70956359
914787377
100003
151079043
100001
70956359
100002
100001
59003024
100001
70956359
100001
100007
144263291
100001
70956359
376975366
130631793
333861111
100001
70956359
625162376
356575407
677769518
100001
70956359
100009
719819149
321027414
100001
70956359
38310266
100005
100001
100001
70956359
481296831
979521956
133080081
100001
70956359
100002
100001
790118974
100001
70956359
791013052
784876090
554823598
100001
70956359
578202566
100001
746579114
100001
70956359
46469771
100001
909364065
100001
70956359
100005
100001
158812311
100001
70956359
100002
122120998
100001
100001
70956359
954099165
100001
904986892
100001
70956359
41048092
273958894
197069269
100001
70956359
100001
897675547
100001
100001
70956359
84584144
100022
137685560
100001
70956359
942464028
100003
100001
100001
70956359
694697909
939830768
100002
100001
70956359
437094770
213684713
613184137
100001
70956359
909508886
144339579
100001
100001
70956359
100001
100001
451828579
100001
70956359
100003
973084247
355428518
100001
70956359
100002
607337599
100001
100001
70956359
100001
588319026
100001
100001
70956359
858432139
100004
654140242
100001
70956359
644683782
534618131
620061321
100001
70956359
100001
942464032
100001
100001
70956359
100003
969956537
100001
100001
70956359
100004
234110099
100001
100001
70956359
100002
713595422
100001
100001
70956359
100001
100004
658991172
100001
70956359
301379260
100001
520183987
100001
70956359
100001
718200652
868815381
100001
70956359
696537386
100001
884565552
100001
70956359
733152419
54179124
181125528
100001
70956359
206279134
100001
100002
100001
70956359
100001
100001
395625563
100001
70956359
897606807
124105201
23307409
100001
70956359
85155816
736443992
518191625
100001
70956359
451828579
170733951
644242753
100001
70956359
589297157
100001
100002
100001
70956359
269744655
695355597
171789462
100001
70956359
220044258
628023438
142584347
100001
70956359
100001
842066616
991413308
100001
70956359
901766693
52093967
100002
100001
70956359
135557987
100017
861353180
100001
70956359
791144129
34115958
222050508
100001
70956359
100001
100001
100001
100001
70956359
100001
100001
68815148
100001
70956359
283383458
100001
341431139
100001
70956359
476816766
617151350
537193849
100001
70956359
154980742
624337046
781270656
100001
70956359
100002
100001
686554455
100001
70956359
100001
100002
781008511
100001
70956359
796691379
471672938
782152574
100001
70956359
100001
100001
575593677
100001
70956359
100004
112276486
388166139
100001
70956359
631038101
173138388
45790510
100001
70956359
980977100
100001
425603447
100001
70956359
671358344
648012718
100002
100001
70956359
100001
502257433
100001
100001
70956359
660679340
100001
100002
100001
70956359
100001
299977137
51033392
100001
70956359
797278135
945670198
100001
100001
70956359
100001
677744847
301984548
100001
70956359
100001
100001
147180552
100001
70956359
100003
848863257
174809000
100001
70956359
100001
100001
100014
100001
70956359
100001
100001
413782742
100001
70956359
100001
100001
329766796
100001
70956359
55227701
100001
100001
100001
70956359
776289916
930562954
302427839
100001
70956359
144601723
100001
100002
100001
70956359
623912940
562868552
170733951
100001
70956359
100002
931450037
100001
100001
70956359
135760738
969734847
935118005
100001
70956359
59422010
100007
47223177
100001
70956359
100003
371744678
186394773
100001
70956359
100005
656417382
100001
100001
70956359
73191617
56276277
100001
100001
70956359
100004
475768190
100001
100001
70956359
783367812
534834550
100002
100001
70956359
584387346
63917441
100001
100001
70956359
686424155
619868502
815689467
100001
70956359
100001
650553893
59717129
100001
70956359
675082340
100002
100002
100001
70956359
100001
100001
100002
100001
70956359
100001
100001
100001
100001
70956359
53949957
694697812
515718364
100001
70956359
290817201
539815295
100004
100001
70956359
100001
961365322
100001
100001
70956359
100006
100003
100001
100001
70956359
100003
100002
54191120
100001
70956359
936114006
782727027
977689148
100001
70956359
996905448
100015
319620287
100001
70956359
183473751
100003
100002
100001
70956359
835784007
100001
950431298
100001
70956359
58373431
312297932
100001
100001
70956359
100001
987340917
100001
100001
70956359
100001
671358344
100001
100001
70956359
792751700
274698170
873551226
100001
70956359
100164
100001
616889206
100001
70956359
43553150
680390963
584141980
100001
70956359
100001
100002
100004
100001
70956359
527212533
955715545
100001
100001
70956359
822823430
149665674
433035381
100001
70956359
610147471
824396296
100001
100001
70956359
100001
100003
70956359
100001
70956359
100002
100001
645603635
100001
70956359
6341549
977080408
100001
100001
70956359
906520196
737492569
100004
100001
70956359
100009
172363333
375955390
100001
70956359
100001
943506618
4841978
100001
70956359
100004
225196239
587240580
100001
70956359
354461978
466840531
592247794
100001
70956359
100003
405752304
100001
100001
70956359
100001
737084585
40003578
100001
70956359
964416142
100001
975065496
100001
70956359
746411416
100002
650299642
100001
70956359
555520073
821692223
606806607
100001
70956359
386656396
100001
164987274
100001
70956359
420421393
332121912
100001
100001
70956359
360588725
100001
808353824
100001
70956359
32543094
100002
675107010
100001
70956359
746232282
642145599
210407909
100001
70956359
100001
453742191
100001
100001
70956359
176693953
952223803
100001
100001
70956359
100003
100001
100002
100001
70956359
348527266
605562622
100002
100001
70956359
126323548
647388491
830560565
100001
70956359
603705570
100001
514053921
100001
70956359
100006
900150361
100001
100001
70956359
839633521
100001
100005
100001
70956359
437491800
100001
956489268
100001
70956359
658094892
100008
157852032
100001
70956359
100001
1696249
100002
100001
70956359
763753461
100001
274436024
100001
70956359
986487294
972181910
100001
100001
70956359
570391770
54191120
675148076
100001
70956359
100001
100003
100001
100001
70956359
160248180
568294616
769862456
100001
70956359
195901914
648891522
759512674
100001
70956359
915085243
100001
824249661
100001
70956359
100002
44197884
234044672
100001
70956359
100013
343290385
176845489
100001
70956359
100004
219230868
100001
100001
70956359
443439968
791691839
197999680
100001
70956359
734369540
114373020
100001
100001
70956359
586334518
100001
100001
100001
70956359
100001
223529301
775216179
100001
70956359
100001
525893940
100001
100001
70956359
100003
100001
100003
100001
70956359
79262679
43988480
277151083
100001
70956359
100002
100001
100001
100001
70956359
649534100
905035869
172187555
100001
70956359
100001
819531056
503495881
100001
70956359
100001
100001
100001
100001
70956359
100001
100002
57196259
100001
70956359
880891261
954447955
266420721
100001
70956359
834211139
100001
790118973
100001
70956359
702349729
100004
100001
100001
70956359
100002
849911835
47223177
100001
70956359
628758698
100001
764597117
100001
70956359
141737557
100001
55522821
100001
70956359
252684369
100001
100002
100001
70956359
444488545
100002
41052155
100001
70956359
100001
741808988
970609045
100001
70956359
100001
100001
100001
100001
70956359
100005
100035
263052776
100001
70956359
935118000
100002
825886531
100001
70956359
100002
450548481
100002
100001
70956359
135103231
910365438
46295037
100001
70956359
100001
100001
100013
100001
70956359
100003
755396054
40368374
100001
70956359
877225516
100019
100001
100001
70956359
542020716
100001
100001
100001
70956359
100002
498886732
784113165
100001
70956359
324042077
932695227
556044363
100001
70956359
729140024
100003
100001
100001
70956359
100001
819531056
764755557
100001
70956359
577504822
100014
100332
100001
70956359
43169068
100003
471672936
100001
70956359
100001
100004
529047542
100001
70956359
646409471
167333009
140143646
100001
70956359
561347651
259475857
445567651
100001
70956359
100003
252684369
38310263
100001
70956359
969818403
100003
100001
100001
70956359
100002
100001
75980611
100001
70956359
865777737
100004
459990176
100001
70956359
635968871
100002
983687661
100001
70956359
100001
100001
100001
100001
70956359
100005
100001
100001
100001
70956359
280009559
644242755
100003
100001
70956359
100002
100003
148192229
100001
70956359
309975007
100001
413760436
100001
70956359
738541146
300013524
496351359
100001
70956359
815336742
100024
753484121
100001
70956359
172187555
100009
100001
100001
70956359
439890384
68859204
687086995
100001
70956359
100001
115734479
897495294
100001
70956359
100001
42504572
100002
100001
70956359
100326
954844040
885614129
100001
70956359
100001
947243063
96481397
100001
70956359
100003
632587197
623912940
100001
70956359
100001
100002
630405475
100001
70956359
707371119
100005
100001
100001
70956359
569675865
714330718
274050538
100001
70956359
997160494
100001
703725108
100001
70956359
679746957
100001
44601727
100001
70956359
44601731
340030757
784400632
100001
70956359
735920328
404179435
100001
100001
70956359
717265445
100002
962478358
100001
70956359
814090044
100001
100002
100001
70956359
100001
100001
100004
100001
70956359
100001
100001
840653119
100001
70956359
100002
70423611
500874441
100001
70956359
454653011
741323256
959563844
100001
70956359
451828579
496905234
602135116
100001
70956359
185530545
100001
100001
100001
70956359
841817279
123707871
876176938
100001
70956359
397595049
959878589
100056
100001
70956359
43553151
920336342
100002
100001
70956359
866760734
711348091
881415549
100001
70956359
232568778
796407558
910365441
100001
70956359
100002
100001
6182484
100001
70956359
637357171
327825430
164550983
100001
70956359
100001
100001
782319233
100001
70956359
162820758
100001
303159255
100001
70956359
100001
546208956
100036
100001
70956359
100001
100001
584774865
100001
70956359
96415859
100001
100001
100001
70956359
100056
264677014
432630070
100001
70956359
100004
100001
100003
100001
70956359
182275421
895728294
81888030
100001
70956359
178004673
100002
100001
100001
70956359
100001
570391770
814288166
100001
70956359
100001
650223823
100001
100001
70956359
100001
701136044
968915645
100001
70956359
100002
646339914
809252633
100001
70956359
100002
47889647
100001
100001
70956359
100001
100001
526129549
100001
70956359
100001
100002
100001
100001
70956359
100005
645603638
100005
100001
70956359
399879104
660679341
63361201
100001
70956359
812660512
270241717
252258652
100001
70956359
625350818
742586682
685505878
100001
70956359
621886179
669475744
896277074
100001
70956359
504354591
307015675
100002
100001
70956359
100001
831654593
437426257
100001
70956359
100002
486436825
720349254
100001
70956359
566297842
52093967
100003
100001
70956359
315960513
100004
122120998
100001
70956359
732249677
100001
859488850
100001
70956359
281548446
168325793
716037948
100001
70956359
642145599
100001
100002
100001
70956359
436403117
100021
100001
100001
70956359
186595239
181875080
100001
100001
70956359
346925908
139034292
100001
100001
70956359
100001
364928927
636812970
100001
70956359
607030598
907103828
100001
100001
70956359
848863255
100002
100327
100001
70956359
197267402
185439835
100002
100001
70956359
100001
46085633
100001
100001
70956359
83535568
100003
100002
100001
70956359
988230913
100003
8438701
100001
70956359
419003320
281617575
100001
100001
70956359
71487675
100001
100002
100001
70956359
844262388
816765466
393205625
100001
70956359
352596510
624853940
914887855
100001
70956359
819006767
100001
100001
100001
70956359
327755615
608521558
819883774
100001
70956359
100002
100001
100001
100001
70956359
100002
900468230
70963386
100001
70956359
535561049
100001
100005
100001
70956359
214434035
40003574
100002
100001
70956359
327669638
100006
253307391
100001
70956359
377003966
100001
100003
100001
70956359
100005
226492012
100001
100001
70956359
100004
491376864
100002
100001
70956359
100001
904462111
422685332
100001
70956359
69907781
458755788
100001
100001
70956359
632062908
635771089
100001
100001
70956359
562920519
100001
100001
100001
70956359
100004
897518689
802374343
100001
70956359
100001
100002
650320191
100001
70956359
365469616
100001
100009
100001
70956359
33099597
15594391
264870352
100001
70956359
933246756
100001
100011
100001
70956359
100001
893380402
100003
100001
70956359
100001
746710187
506117329
100001
70956359
100004
100001
708367086
100001
70956359
268688963
609952337
388044996
100001
70956359
261548392
989617745
808494502
100001
70956359
100569972
100001
49320331
100001
70956359
100001
881220394
100003
100001
70956359
43705354
47899662
195671437
100001
70956359
100002
100077
30769811
100001
70956359
637470807
841116656
100022
100001
70956359
935362968
100001
500197454
100001
70956359
474032238
175454232
615342727
100001
70956359
100001
833473132
100057
100001
70956359
100001
100002
654055100
100001
70956359
312882121
882044850
935118005
100001
70956359
100001
315930638
100001
100001
70956359
100001
491376865
379620487
100001
70956359
452555855
677744846
100001
100001
70956359
100001
100001
5174448
100001
70956359
249113086
955679238
100001
100001
70956359
108163988
100001
234596231
100001
70956359
100005
976740836
25895975
100001
70956359
904662536
410671860
980705326
100001
70956359
100002
100001
675082343
100001
70956359
100001
732249680
100002
100001
70956359
144994940
100001
400293231
100001
70956359
980832679
970609045
730188602
100001
70956359
100001
60470586
660679340
100001
70956359
610147471
441604644
184862117
100001
70956359
90875611
240880212
678296117
100001
70956359
100001
100001
100002
100001
70956359
506804986
821103925
645603635
100001
70956359
100002
942464030
100049
100001
70956359
100001
836531068
758333966
100001
70956359
768024487
250270028
160919746
100001
70956359
849911835
100001
406159098
100001
70956359
703660453
100001
644242758
100001
70956359
100001
985159081
918015896
100001
70956359
669556385
823789375
570391770
100001
70956359
92257590
604667964
100002
100001
70956359
234643339
548267882
100001
100001
70956359
100001
475258739
897606802
100001
70956359
100015
126221538
100001
100001
70956359
100007
647458050
735585986
100001
70956359
130631792
183449509
100003
100001
70956359
937215159
100001
100001
100001
70956359
175239765
100001
100001
100001
70956359
860995132
100002
167041674
100001
70956359
814288166
100001
632954200
100001
70956359
25203053
124947012
100003
100001
70956359
100025
100003
600473648
100001
70956359
100001
965300794
759387586
100001
70956359
547954808
614461669
651209540
100001
70956359
880609621
445537121
611646315
100001
70956359
100001
213946858
40003575
100001
70956359
306304987
100001
168636794
100001
70956359
632142180
100001
114804581
100001
70956359
3739920
100001
100002
100001
70956359
606806607
475768190
100001
100001
70956359
100002
422823447
100001
100001
70956359
31793565
100002
824249661
100001
70956359
214636535
179053250
60470587
100001
70956359
100001
100005
465047250
100001
70956359
28348785
100001
100002
100001
70956359
535561049
730530974
100001
100001
70956359
100020
100001
269588946
100001
70956359
100004
100003
453152056
100001
70956359
168636794
122782784
100001
100001
70956359
825788386
100001
372285368
100001
70956359
964565830
618965454
100001
100001
70956359
581131287
959878589
100009
100001
70956359
649734385
100001
163329823
100001
70956359
100001
760119383
100001
100001
70956359
344532495
100002
168681178
100001
70956359
100003
570620454
100017
100001
70956359
100007
797400689
100007
100001
70956359
100013
100003
100001
100001
70956359
212277234
618965454
710577887
100001
70956359
639454325
100001
119169415
100001
70956359
535561048
100004
647388491
100001
70956359
309252944
100001
53130548
100001
70956359
64934066
100001
563392841
100001
70956359
349827293
58373433
100001
100001
70956359
100002
900867890
100001
100001
70956359
336032889
417402171
287573251
100001
70956359
100003
386520174
100001
100001
70956359
910886617
100007
100001
100001
70956359
903669712
980541931
72730738
100001
70956359
540376525
770075887
100001
100001
70956359
100002
100003
521100480
100001
70956359
100001
239688448
100001
100001
70956359
374366121
100002
775881741
100001
70956359
553138012
942464028
100001
100001
70956359
100001
100001
84767707
100001
70956359
665139092
100012
100001
100001
70956359
245130055
100003
604363343
100001
70956359
718191714
690880608
517592869
100001
70956359
100001
100009
621273364
100001
70956359
911935193
814525361
678185568
100001
70956359
100001
165228919
892728338
100001
70956359
168681179
983518991
879801066
100001
70956359
100001
168223419
325190859
100001
70956359
100050
127270114
100001
100001
70956359
857915984
100002
100001
100001
70956359
679214418
174378841
645603637
100001
70956359
100001
537688522
256371042
100001
70956359
356608175
35267167
577049610
100001
70956359
412280282
841116657
100004
100001
70956359
100001
978997659
449271888
100001
70956359
100001
100001
881939840
100001
70956359
468834703
100001
100001
100001
70956359
827919678
100001
326512870
100001
70956359
100001
202618263
100001
100001
70956359
100002
100001
100005
100001
70956359
666711959
536287789
575593677
100001
70956359
100002
100001
100001
100001
70956359
415426012
618965453
352973023
100001
70956359
100001
646339912
364421040
100001
70956359
100003
212497803
100002
100001
70956359
100001
436308331
915043158
100001
70956359
100001
100001
100003
100001
70956359
476816766
959952985
721615185
100001
70956359
100006
845958069
937215159
100001
70956359
425324916
666869687
827919679
100001
70956359
100001
10941622
329093577
100001
70956359
100002
100003
892896561
100001
70956359
100001
100001
903613960
100001
70956359
630692014
57559608
394094158
100001
70956359
741184875
100003
100001
100001
70956359
578360345
640461628
100001
100001
70956359
100222
823725371
100001
100001
70956359
43169069
477971514
100001
100001
70956359
100001
100001
404179434
100001
70956359
100002
100002
100001
100001
70956359
169344572
100004
100004
100001
70956359
931390350
100008
153372819
100001
70956359
100002
100002
250401102
100001
70956359
458755788
127486060
100001
100001
70956359
100020
63616318
173355393
100001
70956359
717348677
677683623
100002
100001
70956359
295554140
66229301
369606807
100001
70956359
773078001
208179678
100001
100001
70956359
100001
169566112
100002
100001
70956359
354721701
644242758
471105268
100001
70956359
897255111
100004
100002
100001
70956359
454172035
100001
650160961
100001
70956359
43705355
100005
100001
100001
70956359
100012
168905874
209876361
100001
70956359
100003
192477374
61519165
100001
70956359
306797795
419003320
100001
100001
70956359
100003
100001
100001
100001
70956359
100001
534834550
927734337
100001
70956359
40003573
533762382
873072682
100001
70956359
100002
182174106
100001
100001
70956359
541912447
100002
444488545
100001
70956359
768187050
100001
100001
100001
70956359
605044143
100001
100001
100001
70956359
100001
373317545
100001
100001
70956359
194994106
586240812
913994582
100001
70956359
871790356
100004
100001
100001
70956359
317435088
735920329
100001
100001
70956359
260673454
189017793
212636137
100001
70956359
663402382
47899662
733152419
100001
70956359
979521956
100001
100001
100001
70956359
100002
100044
469575783
100001
70956359
258578889
132549640
141117560
100001
70956359
618965451
67277881
261873215
100001
70956359
830141292
100001
100001
100001
70956359
529187440
100001
440152529
100001
70956359
100001
738657457
426673292
100001
70956359
304700636
65713473
947708281
100001
70956359
280342005
868335171
100004
100001
70956359
769640371
772856880
956282964
100001
70956359
100002
617102147
349827293
100001
70956359
54474245
697585963
100001
100001
70956359
717872214
473918921
154358149
100001
70956359
561340472
122409897
381595663
100001
70956359
100009
100008
234880627
100001
70956359
437205934
823652429
84284182
100001
70956359
488412755
234110099
100001
100001
70956359
100003
777478807
100001
100001
70956359
710989240
54474245
303557412
100001
70956359
100001
100001
100001
100001
70956359
940788940
577678274
675148076
100001
70956359
100001
327624540
238639871
100001
70956359
100001
507308807
366418967
100001
70956359
437094771
100005
680977521
100001
70956359
100001
100001
100001
100001
70956359
100001
638950255
100002
100001
70956359
100001
100001
100001
100001
70956359
434291649
91989688
823789375
100001
70956359
574296821
249032648
100001
100001
70956359
231708309
977080408
158979393
100001
70956359
11372121
100001
611859885
100001
70956359
135760738
131222650
687086995
100001
70956359
124488535
965455302
100001
100001
70956359
951175226
100002
100004
100001
70956359
100001
100002
454506114
100001
70956359
475768190
412280282
597040415
100001
70956359
797317594
226492012
100001
100001
70956359
959846420
100001
616416639
100001
70956359
34148173
100001
824837952
100001
70956359
700121502
419003320
434146004
100001
70956359
100001
985260528
323051253
100001
70956359
833735276
44601732
221092834
100001
70956359
893101871
175059330
357820486
100001
70956359
100001
165491917
281617574
100001
70956359
542010842
100001
755133903
100001
70956359
980964775
157039194
100002
100001
70956359
100001
866727964
888327257
100001
70956359
100002
100001
790619825
100001
70956359
100002
3449590
829516588
100001
70956359
532469246
100001
875774639
100001
70956359
100001
208179678
100005
100001
70956359
698110251
307877854
100001
100001
70956359
100001
391010501
662026356
100001
70956359
100002
100002
100001
100001
70956359
100001
100001
835267108
100001
70956359
100001
988727054
100006
100001
70956359
100001
36972452
100004
100001
70956359
831638124
359322516
630965091
100001
70956359
100002
100001
100001
100001
70956359
100069
971915556
753367379
100001
70956359
421577409
904662536
212277234
100001
70956359
100001
344110475
809045280
100001
70956359
753745505
439890381
359584661
100001
70956359
100002
100001
17953694
100001
70956359
834159757
349827294
845958069
100001
70956359
61827600
645291334
621271749
100001
70956359
747454048
113077121
100002
100001
70956359
100001
100001
700121502
100001
70956359
323082217
166407618
100002
100001
70956359
964575513
699158827
803278109
100001
70956359
109515555
100001
100001
100001
70956359
173760423
96369532
131370890
100001
70956359
100001
597040415
100002
100001
70956359
997843449
872049374
930562954
100001
70956359
100005
582402355
563484012
100001
70956359
733298259
100002
994173432
100001
70956359
724703798
100001
100002
100001
70956359
100001
964248906
31818387
100001
70956359
100004
100001
13825212
100001
70956359
666033886
100002
100001
100001
70956359
266018897
100001
433451777
100001
70956359
662026356
842592955
284956325
100001
70956359
100010
100003
100001
100001
70956359
615195220
100004
100001
100001
70956359
231708309
100001
89035553
100001
70956359
100001
987407099
100001
100001
70956359
100001
100001
100001
100001
70956359
713760921
111704802
136923254
100001
70956359
100001
59057706
150030465
100001
70956359
518835713
552693343
100001
100001
70956359
834735431
849911835
316353732
100001
70956359
706494122
348417913
66337397
100001
70956359
100001
100001
991551991
100001
70956359
100001
401189824
738541146
100001
70956359
100002
327825426
100001
100001
70956359
146720531
235682964
933556616
100001
70956359
145311868
909364065
100001
100001
70956359
503856252
59413552
913488322
100001
70956359
100001
309348470
100024
100001
70956359
100002
100001
100001
100001
70956359
335323422
177156484
100001
100001
70956359
538410443
445395410
618965452
100001
70956359
18119128
47223175
930694026
100001
70956359
100001
100001
276960923
100001
70956359
592411195
64132145
100001
100001
70956359
112690467
648484874
587794738
100001
70956359
876176938
635771088
395760761
100001
70956359
100002
498515140
796407558
100001
70956359
100007
672406923
842165235
100001
70956359
100005
100001
442637985
100001
70956359
100001
248296928
207254920
100001
70956359
466449124
100001
100002
100001
70956359
100001
93695143
100001
100001
70956359
824837952
100003
945344612
100001
70956359
130112419
100001
286895607
100001
70956359
172313751
674242585
100002
100001
70956359
100002
10797998
100001
100001
70956359
147377785
63616320
369139637
100001
70956359
395659381
171975354
908132132
100001
70956359
100001
897606806
100001
100001
70956359
100001
100001
100041
100001
70956359
100001
643083073
100001
100001
70956359
899947106
979392169
100002
100001
70956359
934595776
135040912
49096229
100001
70956359
100001
303159255
100001
100001
70956359
872774137
878956874
100001
100001
70956359
114847364
977546865
100015
100001
70956359
53130548
969822950
982126344
100001
70956359
891917063
100004
332799020
100001
70956359
100002
948334145
100001
100001
70956359
66229302
163329823
100002
100001
70956359
568627284
627836486
683081813
100001
70956359
100001
933680762
100001
100001
70956359
100002
100001
646270532
100001
70956359
840653119
100001
147143653
100001
70956359
888104501
100004
100004
100001
70956359
100001
335313176
302193430
100001
70956359
625350818
986129080
435799420
100001
70956359
100001
38310264
381333349
100001
70956359
592427840
100001
100001
100001
70956359
100004
44601732
568980583
100001
70956359
100003
100002
100001
100001
70956359
560757827
100002
972444055
100001
70956359
100001
484581941
824837952
100001
70956359
100004
181624745
136923254
100001
70956359
100001
40464659
100006
100001
70956359
934071487
100001
100016
100001
70956359
178285871
558141518
100009
100001
70956359
27300209
532297887
100015
100001
70956359
100002
100002
155269718
100001
70956359
651209540
100001
834735429
100001
70956359
100027
75951927
371220387
100001
70956359
100001
848060850
369606807
100001
70956359
100006
858718129
100015
100001
70956359
900183130
100008
871135731
100001
70956359
656554789
663254923
100001
100001
70956359
379948172
100002
100004
100001
70956359
100002
100006
428205708
100001
70956359
390922213
450356120
100001
100001
70956359
390627813
668373657
100054
100001
70956359
467786127
349134891
923999995
100001
70956359
439890382
201668198
964529492
100001
70956359
100006
100001
100001
100001
70956359
613927488
100002
33391253
100001
70956359
236206296
233060568
942464032
100001
70956359
648437067
249113086
527612516
100001
70956359
181125528
100001
100002
100001
70956359
631038097
301353397
62050475
100001
70956359
100003
100001
759392195
100001
70956359
344103918
514240962
100004
100001
70956359
436046187
195940448
100002
100001
70956359
100001
100001
172225353
100001
70956359
745881183
584774865
421053120
100001
70956359
115240587
303159253
743567253
100001
70956359
47899662
862479824
951346645
100001
70956359
336032888
100036
198840267
100001
70956359
100001
598785443
818482473
100001
70956359
100001
93693350
991551990
100001
70956359
43705356
928324162
538647088
100001
70956359
100001
486898859
100002
100001
70956359
851602433
827919678
983059455
100001
70956359
100001
100001
253153621
100001
70956359
44601727
100007
930793162
100001
70956359
409870792
916616024
100003
100001
70956359
16118681
479000970
113846108
100001
70956359
452555856
100001
100010
100001
70956359
492242656
100011
662091893
100001
70956359
100002
100007
100005
100001
70956359
100001
537193850
534834551
100001
70956359
380673990
950681564
732628131
100001
70956359
100007
371744676
895728256
100001
70956359
692045691
100001
100009
100001
70956359
100001
785738871
100001
100001
70956359
100010
721308761
897413403
100001
70956359
521469012
677769518
224604650
100001
70956359
44753933
100001
395266162
100001
70956359
509000916
742663883
100001
100001
70956359
722090930
413782744
288468473
100001
70956359
100001
100001
100015
100001
70956359
100003
100001
909763573
100001
70956359
100002
100003
100002
100001
70956359
743336150
595054846
100002
100001
70956359
100003
579787983
100001
100001
70956359
100002
425535655
781763216
100001
70956359
183942652
88380193
100003
100001
70956359
100003
76426318
980964774
100001
70956359
628023435
156878598
806106897
100001
70956359
254355967
711348091
100001
100001
70956359
100001
100001
100002
100001
70956359
100001
336174581
835627055
100001
70956359
759354512
183449508
100003
100001
70956359
847662006
64966018
100001
100001
70956359
100001
16118681
922907486
100001
70956359
748261130
858342822
909364065
100001
70956359
100003
804271886
100002
100001
70956359
100001
100001
825298237
100001
70956359
100002
775241333
150030466
100001
70956359
100003
662252207
100012
100001
70956359
657987264
459804364
100003
100001
70956359
100001
938167495
701698226
100001
70956359
100001
100011
100002
100001
70956359
570411498
232568781
618965453
100001
70956359
100001
100001
100001
100001
70956359
386520174
100005
985260528
100001
70956359
368558228
100001
650223823
100001
70956359
100010
100001
123854667
100001
70956359
100001
704487532
100002
100001
70956359
100002
386520170
100001
100001
70956359
100001
462950096
180826504
100001
70956359
644697210
100006
100001
100001
70956359
100001
8407567
100001
100001
70956359
100002
100001
100001
100001
70956359
100001
976376218
969818401
100001
70956359
316081326
10389421
234130368
100001
70956359
900451160
101062
100001
100001
70956359
100001
100002
692045691
100001
70956359
636812970
625263938
100003
100001
70956359
958926086
100001
100001
100001
70956359
459804367
89333428
792740415
100001
70956359
100001
500059165
712384094
100001
70956359
100002
100001
100002
100001
70956359
242482816
481823966
281022045
100001
70956359
197508297
339883402
100001
100001
70956359
544013347
100002
274574831
100001
70956359
624853941
966407627
759512674
100001
70956359
100002
100002
100001
100001
70956359
75343284
100002
604293441
100001
70956359
100001
100001
100005
100001
70956359
377003968
209098732
442421920
100001
70956359
271672765
435259753
73180585
100001
70956359
409870791
100001
71607715
100001
70956359
178518629
100002
775241333
100001
70956359
126221536
100001
521494711
100001
70956359
100004
475597458
966214991
100001
70956359
100001
100001
100001
100001
70956359
303389914
100001
100001
100001
70956359
366584859
100002
100001
100001
70956359
281611870
638654464
274339478
100001
70956359
100002
100001
100001
100001
70956359
39940368
563908688
100003
100001
70956359
718949285
837727441
211449227
100001
70956359
178654549
100003
881133914
100001
70956359
100001
269367850
229098683
100001
70956359
100001
100003
69907781
100001
70956359
954288173
920628283
100001
100001
70956359
937169955
443433476
476816766
100001
70956359
398313594
480248250
877840976
100001
70956359
954844039
767901288
227280403
100001
70956359
100001
100135
100003
100001
70956359
223632033
917664602
180206180
100001
70956359
100001
100002
506771871
100001
70956359
354560467
209876361
416751372
100001
70956359
646046521
95133071
100002
100001
70956359
374366122
100002
648223374
100001
70956359
359640213
100001
100006
100001
70956359
100068
100001
476795206
100001
70956359
897856592
224754683
413782742
100001
70956359
167337887
862227709
444781303
100001
70956359
100001
45710126
37326467
100001
70956359
968766932
100001
125799260
100001
70956359
946496976
100002
567904898
100001
70956359
100004
362468246
100326
100001
70956359
136103066
100005
100001
100001
70956359
358099421
594659350
100003
100001
70956359
283575672
214309231
839285749
100001
70956359
311707058
100002
737556566
100001
70956359
872049374
57619975
850313773
100001
70956359
126248357
100039
100002
100001
70956359
313189795
726580196
100007
100001
70956359
772576722
100001
420421393
100001
70956359
266178481
444488545
100002
100001
70956359
724674289
957525059
940002505
100001
70956359
114673502
100001
893635405
100001
70956359
100001
190249146
100001
100001
70956359
636390649
773144180
100002
100001
70956359
347222547
100001
605428873
100001
70956359
100002
100002
746232282
100001
70956359
141535771
100011
158283765
100001
70956359
100001
409029108
466410909
100001
70956359
310422738
410631313
711098033
100001
70956359
100001
657341224
100001
100001
70956359
100002
100001
918382644
100001
70956359
100001
500983893
100001
100001
70956359
149964944
805702203
100001
100001
70956359
100003
100002
100017
100001
70956359
824396296
120357703
825929600
100001
70956359
100001
683081812
625810197
100001
70956359
100001
100001
734346835
100001
70956359
100002
100001
166284430
100001
70956359
265018947
600473648
100002
100001
70956359
231534267
915493942
135040912
100001
70956359
382641159
654055100
741686877
100001
70956359
561726859
934071487
100001
100001
70956359
601444249
845433780
33379122
100001
70956359
631038101
347069400
401189824
100001
70956359
100002
854983156
977724993
100001
70956359
100003
234880627
106494523
100001
70956359
100018
605428871
100001
100001
70956359
100001
238750346
100001
100001
70956359
100003
302110676
686038419
100001
70956359
100001
835703678
100005
100001
70956359
42304155
776289916
222007808
100001
70956359
100002
100002
494152719
100001
70956359
100001
150030464
359702442
100001
70956359
100001
414115291
222794244
100001
70956359
100001
941409466
592412221
100001
70956359
981066219
220893687
100001
100001
70956359
790118974
100001
100001
100001
70956359
100010
100001
984736154
100001
70956359
100001
237233993
100004
100001
70956359
311547872
100005
211195886
100001
70956359
917688213
425173762
946908667
100001
70956359
866639630
890580610
837203153
100001
70956359
847408118
100001
981596407
100001
70956359
416474589
100003
444488545
100001
70956359
100001
83460899
271063692
100001
70956359
100001
690115572
100001
100001
70956359
936514593
62161651
100001
100001
70956359
134326801
100075
21015228
100001
70956359
100007
964776504
808494501
100001
70956359
100001
100001
100002
100001
70956359
833169955
826148835
644555059
100001
70956359
100001
721689130
381460426
100001
70956359
982013353
908132132
993838780
100001
70956359
226586547
100002
682026097
100001
70956359
841116656
100001
768384936
100001
70956359
100001
251210239
100003
100001
70956359
100001
100001
185061561
100001
70956359
308144941
979916194
100006
100001
70956359
388651204
150030466
321304595
100001
70956359
100001
126323548
100001
100001
70956359
100003
407001512
732249675
100001
70956359
100001
100001
141560576
100001
70956359
100001
910886617
34148174
100001
70956359
100003
664455886
665332411
100001
70956359
581663283
39232872
306074893
100001
70956359
100001
719346724
608903760
100001
70956359
80793182
100001
801083384
100001
70956359
100001
613927483
821701601
100001
70956359
679214418
291941410
485573699
100001
70956359
100001
84284183
864140861
100001
70956359
561411457
100004
570391770
100001
70956359
791691838
91989689
561726859
100001
70956359
94160437
869819936
100007
100001
70956359
362323885
935117998
57299079
100001
70956359
100003
269989532
607813695
100001
70956359
100004
52081971
909364065
100001
70956359
269737541
100002
100005
100001
70956359
595253304
651582799
100005
100001
70956359
870934050
505801554
467166868
100001
70956359
100002
652746902
100001
100001
70956359
100001
100004
100001
100001
70956359
531944958
256403810
643556262
100001
70956359
100010
100001
100001
100001
70956359
100001
532415316
100003
100001
70956359
100001
100002
100007
100001
70956359
529223293
782152574
342123367
100001
70956359
100001
100001
100001
100001
70956359
100001
815138621
100001
100001
70956359
100001
609910849
100001
100001
70956359
295430937
624968566
968774032
100001
70956359
980283845
100001
717880410
100001
70956359
100001
100001
156136077
100001
70956359
100001
100007
100002
100001
70956359
100001
221942264
903072602
100001
70956359
575794288
859764840
100001
100001
70956359
100001
970609044
100001
100001
70956359
100001
861027530
100001
100001
70956359
273001961
174711254
100001
100001
70956359
985473717
719666215
100001
100001
70956359
100006
698919461
100002
100001
70956359
100001
100006
350183467
100001
70956359
545877588
471105268
987340917
100001
70956359
69907781
878594648
605221304
100001
70956359
100002
100012
227280403
100001
70956359
100001
607030602
378052545
100001
70956359
63917440
638654464
524445699
100001
70956359
100001
498412565
806256662
100001
70956359
634658144
135040912
770522734
100001
70956359
367509652
948490342
989617745
100001
70956359
588120705
100005
814525361
100001
70956359
100004
341455373
1696249
100001
70956359
324338886
315742179
100001
100001
70956359
100002
990849980
722312281
100001
70956359
100005
717388301
476816768
100001
70956359
100001
100005
605169714
100001
70956359
100001
100002
877988177
100001
70956359
492158137
359935125
176693949
100001
70956359
518117158
226756115
33391253
100001
70956359
814525362
100001
229622974
100001
70956359
100008
844262388
100001
100001
70956359
793786115
100001
86943444
100001
70956359
100004
100001
147180551
100001
70956359
569343194
348271127
100001
100001
70956359
100067
100001
703136165
100001
70956359
970609043
174748329
362730390
100001
70956359
100015
100001
637914800
100001
70956359
100001
100001
698919461
100001
70956359
739923276
100002
415542542
100001
70956359
755968996
708943992
114373020
100001
70956359
100001
261724622
100006
100001
70956359
618199926
584092425
169687560
100001
70956359
100002
802713883
623912940
100001
70956359
100001
100007
100001
100001
70956359
372268968
100001
855818831
100001
70956359
947021265
100001
923081078
100001
70956359
528595564
90089177
444488545
100001
70956359
100001
100002
605278438
100001
70956359
100001
100005
197541066
100001
70956359
897565451
418201566
647750573
100001
70956359
725853940
651209540
521555466
100001
70956359
818398848
100001
135040908
100001
70956359
100002
642145599
100001
100001
70956359
732249675
974983253
358653866
100001
70956359
633226638
127486060
985260528
100001
70956359
100001
482427970
589459087
100001
70956359
84584144
100002
100001
100001
70956359
100001
911369214
100001
100001
70956359
100001
152194173
100001
100001
70956359
836701514
100001
100007
100001
70956359
100001
849911835
100001
100001
70956359
100002
365469617
100001
100001
70956359
541748697
100001
526430344
100001
70956359
910249558
837405294
100001
100001
70956359
920628283
914838696
100001
100001
70956359
349023062
844262388
100001
100001
70956359
983687661
238058587
727949740
100001
70956359
100002
452646269
637796716
100001
70956359
100002
100001
849911835
100001
70956359
100001
100001
357706203
100001
70956359
753745505
100001
100005
100001
70956359
100001
560757827
100010
100001
70956359
56119430
100001
100001
100001
70956359
100006
671016042
100001
100001
70956359
100001
100004
100012
100001
70956359
20050847
257394020
55227701
100001
70956359
413760436
141117559
898614029
100001
70956359
47899662
844262388
886182529
100001
70956359
100001
100001
100001
100001
70956359
120349064
100004
100001
100001
70956359
100008
100001
740638301
100001
70956359
100007
707854760
678713962
100001
70956359
173236135
954530779
415542542
100001
70956359
601522228
464070752
747454049
100001
70956359
100009
100001
396320744
100001
70956359
283383458
132667952
100001
100001
70956359
327362395
404580081
100001
100001
70956359
786615196
100004
176693949
100001
70956359
310422738
100001
100013
100001
70956359
720938725
191052950
776289916
100001
70956359
118690397
100005
100001
100001
70956359
977261651
100002
100001
100001
70956359
9630897
561340473
478813829
100001
70956359
445829888
962478358
428581636
100001
70956359
49096229
100001
906119290
100001
70956359
889677366
359322515
45126020
100001
70956359
100009
100003
735920330
100001
70956359
100001
100001
668373657
100001
70956359
100043
411234348
130724786
100001
70956359
963526936
906055252
688317557
100001
70956359
100008
869885472
637951291
100001
70956359
382002875
100001
100003
100001
70956359
100005
145194142
315930634
100001
70956359
101793804
13729818
359584661
100001
70956359
528515389
100001
100003
100001
70956359
535724803
100001
100001
100001
70956359
100002
891646726
297176568
100001
70956359
414809012
100001
100001
100001
70956359
602570807
518733025
78543330
100001
70956359
405416902
100001
75343284
100001
70956359
642145599
368091057
749551201
100001
70956359
280167792
100001
100001
100001
70956359
100001
100005
100001
100001
70956359
61519165
100002
489279709
100001
70956359
969036517
100004
988750526
100001
70956359
78738391
100002
305616139
100001
70956359
100001
100027
100001
100001
70956359
600473649
100003
508029786
100001
70956359
317731927
100001
101908101
100001
70956359
629492846
413865460
100007
100001
70956359
742619452
292465699
636341148
100001
70956359
100001
605474422
321011030
100001
70956359
355777258
100002
100001
100001
70956359
345877332
753043181
100002
100001
70956359
100002
118284671
177156484
100001
70956359
270331744
49320331
100001
100001
70956359
301765873
72558140
9415713
100001
70956359
100007
194994111
156578163
100001
70956359
100014
100001
323261858
100001
70956359
935118007
100001
211157230
100001
70956359
793788991
100001
230270588
100001
70956359
818742949
259627469
100001
100001
70956359
575794288
100006
100001
100001
70956359
449969044
100005
100002
100001
70956359
405752305
69907780
252105044
100001
70956359
50056570
100001
100003
100001
70956359
100001
352072222
861703420
100001
70956359
267227057
357820486
773144180
100001
70956359
955440686
732249680
881133914
100001
70956359
392025205
100001
841116657
100001
70956359
100002
100001
742152736
100001
70956359
906220021
100001
573362717
100001
70956359
191083909
847408119
100001
100001
70956359
88396454
568996968
100001
100001
70956359
993838779
779347399
978997659
100001
70956359
814525361
747524564
100003
100001
70956359
444259503
100001
730115283
100001
70956359
944561185
100001
714960438
100001
70956359
476816766
924069536
607030604
100001
70956359
100003
867612749
735585986
100001
70956359
867612749
683606102
100001
100001
70956359
170220245
909000936
652943678
100001
70956359
520340280
176693949
561165365
100001
70956359
100003
627836486
700121503
100001
70956359
605221304
100001
464595041
100001
70956359
100001
100001
100005
100001
70956359
134826100
100001
100001
100001
70956359
541617989
850140010
645603636
100001
70956359
84767707
47223178
66762050
100001
70956359
100001
100001
34549618
100001
70956359
100002
100001
238304405
100001
70956359
100001
130112419
646339913
100001
70956359
688317559
208074276
505953404
100001
70956359
791691838
668248606
135103231
100001
70956359
975507541
100069
100001
100001
70956359
913330052
100001
220044258
100001
70956359
869885473
13825212
100007
100001
70956359
100023
100005
100001
100001
70956359
58668553
100001
100001
100001
70956359
100001
100001
527948281
100001
70956359
781762671
568035971
770075887
100001
70956359
155535509
100002
100005
100001
70956359
100002
495725584
472197227
100001
70956359
192372663
730080955
132336642
100001
70956359
100001
295430935
303159252
100001
70956359
60765706
412280282
111603324
100001
70956359
48271754
100001
471314607
100001
70956359
100001
484753861
100001
100001
70956359
100001
772332587
678789368
100001
70956359
776289914
217485807
737492568
100001
70956359
891484485
61667670
735893568
100001
70956359
100001
100001
100001
100001
70956359
212801524
100006
100009
100001
70956359
230397585
743336151
100005
100001
70956359
223965106
100008
94227282
100001
70956359
150030466
61246350
349827293
100001
70956359
794790751
581663283
47899662
100001
70956359
83460900
100001
301984548
100001
70956359
713757847
354560467
261873214
100001
70956359
100007
736822440
744257855
100001
70956359
899750493
100001
309220175
100001
70956359
100001
100001
458231500
100001
70956359
561609796
100002
226492011
100001
70956359
100001
635444580
52842617
100001
70956359
100001
100001
605562620
100001
70956359
549023323
532297886
100007
100001
70956359
100015
100001
387219933
100001
70956359
277151084
568294617
982013353
100001
70956359
100001
982114795
965300794
100001
70956359
100001
100004
463998673
100001
70956359
100001
725228090
681311570
100001
70956359
100012
675227051
100001
100001
70956359
933556616
721689130
100001
100001
70956359
100001
881939838
100005
100001
70956359
127486060
435799420
100002
100001
70956359
100003
195933583
100001
100001
70956359
100001
100001
100002
100001
70956359
100019
945448399
489389232
100001
70956359
44601731
362831769
100001
100001
70956359
100001
87294662
912331532
100001
70956359
100001
28010214
100001
100001
70956359
232568778
100002
100001
100001
70956359
566530130
36972452
100001
100001
70956359
918015896
100002
58373433
100001
70956359
100001
697891227
604293441
100001
70956359
166943370
100001
243431110
100001
70956359
100003
122289374
100001
100001
70956359
212245837
885442211
100001
100001
70956359
100002
206026139
681187155
100001
70956359
100001
100001
100006
100001
70956359
672406923
821402567
420051897
100001
70956359
100001
790523474
100004
100001
70956359
100001
100007
485912536
100001
70956359
542010844
100001
100003
100001
70956359
100012
842165235
100001
100001
70956359
604121134
307692708
100001
100001
70956359
100001
806776564
100009
100001
70956359
100001
254273623
349050362
100001
70956359
607855183
100003
359322516
100001
70956359
769474156
100001
170833337
100001
70956359
299634182
183551395
336032889
100001
70956359
100001
100002
226492012
100001
70956359
100001
603619384
100001
100001
70956359
100001
347560460
100001
100001
70956359
100001
100002
869709906
100001
70956359
100001
100001
100009
100001
70956359
100007
101354502
100002
100001
70956359
100018
298847748
511891555
100001
70956359
100001
4912302
351000943
100001
70956359
258578890
100001
292653476
100001
70956359
833162562
100001
100001
100001
70956359
184770473
100001
161594608
100001
70956359
934071487
100002
130322311
100001
70956359
100002
635444580
100002
100001
70956359
100021
49996815
8372589
100001
70956359
100014
429903
605016292
100001
70956359
979916196
100010
315742179
100001
70956359
884565552
100001
100001
100001
70956359
100001
909841148
100001
100001
70956359
435259753
100001
267291346
100001
70956359
100001
100001
100001
100001
70956359
130322311
100001
229914835
100001
70956359
100001
539099923
100001
100001
70956359
100002
100001
78292682
100001
70956359
168469929
100002
891831595
100001
70956359
382659599
881133912
643648634
100001
70956359
412925425
100008
100001
100001
70956359
100001
100001
383828736
100001
70956359
100001
559119422
967135807
100001
70956359
100002
482427968
67810626
100001
70956359
529563965
147947297
100001
100001
70956359
100002
100002
83534199
100001
70956359
115174278
100001
267491794
100001
70956359
37261686
100001
942845431
100001
70956359
857097807
54191121
703660453
100001
70956359
822823430
697585963
139295895
100001
70956359
100003
459733489
462619742
100001
70956359
100001
100002
571440346
100001
70956359
700241104
776075381
934302875
100001
70956359
169878196
100007
241001277
100001
70956359
753622775
100001
212205809
100001
70956359
100001
589459088
40982017
100001
70956359
803116586
100001
258019543
100001
70956359
80288251
486436826
421580948
100001
70956359
100001
312784905
100003
100001
70956359
94354746
100001
677671490
100001
70956359
100001
451153637
737323201
100001
70956359
782788936
281548446
100002
100001
70956359
153101323
849756715
100002
100001
70956359
735526959
404179435
964575513
100001
70956359
100038
100001
442026135
100001
70956359
717348675
927581502
100001
100001
70956359
100001
97232574
368091057
100001
70956359
100001
127270114
168288958
100001
70956359
8232981
151079043
904662536
100001
70956359
28986227
100003
893811350
100001
70956359
100001
861287638
165228919
100001
70956359
100001
945845634
100001
100001
70956359
100003
100002
636426822
100001
70956359
799553288
272338871
100001
100001
70956359
899001545
975507541
100001
100001
70956359
946206092
148783556
100001
100001
70956359
100005
272338871
173236134
100001
70956359
100001
272734675
40003576
100001
70956359
778333228
635260019
100002
100001
70956359
59717129
290014398
245785418
100001
70956359
378052544
168303250
409114670
100001
70956359
423197625
453844353
905608017
100001
70956359
129453478
587298169
100001
100001
70956359
100001
100003
100004
100001
70956359
100001
100018
349827294
100001
70956359
728091447
100003
545476542
100001
70956359
881772188
618965454
962478358
100001
70956359
186595239
100001
100001
100001
70956359
226492012
100162
212277236
100001
70956359
300013523
165502879
580909639
100001
70956359
164551351
512299459
100001
100001
70956359
100004
100001
986129080
100001
70956359
644242758
100001
100001
100001
70956359
476816766
745214410
853168400
100001
70956359
476816768
619898023
100002
100001
70956359
100001
100001
100001
100001
70956359
469972687
419003320
552186886
100001
70956359
100073
183032302
100001
100001
70956359
100001
583510369
240909947
100001
70956359
283575672
847408121
100002
100001
70956359
557624262
321542392
46295039
100001
70956359
100002
324304224
450613301
100001
70956359
100003
317129907
100002
100001
70956359
915043158
533274632
170740884
100001
70956359
783367812
100001
100003
100001
70956359
296479513
806776564
100001
100001
70956359
100003
100001
39128919
100001
70956359
677618086
100004
651209540
100001
70956359
31308782
899419652
954447955
100001
70956359
100002
100001
100005
100001
70956359
100002
644242758
100001
100001
70956359
994972297
100001
100006
100001
70956359
47899662
311547872
181488988
100001
70956359
604667964
100001
677781929
100001
70956359
100003
656554789
862863791
100001
70956359
654252049
130232672
201145413
100001
70956359
100001
182725075
100007
100001
70956359
100003
232568778
100002
100001
70956359
170224126
342123367
177999187
100001
70956359
577760372
100001
100001
100001
70956359
888104501
465905763
738541148
100001
70956359
534542787
414911896
663254925
100001
70956359
800034806
100093
106491409
100001
70956359
959878589
100001
562134084
100001
70956359
905510688
100002
139295895
100001
70956359
871135731
100002
100001
100001
70956359
45614274
662222965
532297887
100001
70956359
298838811
867612752
307453159
100001
70956359
909987710
100011
819376547
100001
70956359
95135421
26251632
100002
100001
70956359
683706286
100033
100001
100001
70956359
209885165
100001
100001
100001
70956359
419003320
520183987
318198490
100001
70956359
758464098
913722413
51033392
100001
70956359
100003
100001
831589696
100001
70956359
529903443
141117559
195933583
100001
70956359
100002
765819245
583240032
100001
70956359
71509561
100001
285420735
100001
70956359
702349729
555520073
876176938
100001
70956359
955893822
317654197
696909931
100001
70956359
258578889
933556616
176128187
100001
70956359
100019
226013976
100001
100001
70956359
100001
985604789
100004
100001
70956359
883755357
100002
100001
100001
70956359
100002
100001
762517880
100001
70956359
294402641
100001
989631125
100001
70956359
35488409
793093841
174640988
100001
70956359
815138621
100001
768949866
100001
70956359
794837567
858342823
300173746
100001
70956359
100001
100001
100011
100001
70956359
953721218
280167792
904662536
100001
70956359
100001
100003
100001
100001
70956359
371153730
380944543
100002
100001
70956359
100001
100001
100001
100001
70956359
228099610
161580174
100003
100001
70956359
100001
565203202
452957504
100001
70956359
955087287
43705354
463144030
100001
70956359
100002
183551395
100005
100001
70956359
4578427
100001
100003
100001
70956359
986922919
100001
259100888
100001
70956359
100002
100003
41506306
100001
70956359
881772188
934302876
100001
100001
70956359
100002
510906708
625205278
100001
70956359
786701087
100001
100067
100001
70956359
489155416
550071900
76195530
100001
70956359
39495017
31793047
751794513
100001
70956359
464670967
100001
100001
100001
70956359
646409471
450548481
277485211
100001
70956359
392736097
100002
36758684
100001
70956359
640227328
100002
100001
100001
70956359
735391626
767901288
100001
100001
70956359
714199646
48030832
988569168
100001
70956359
100001
881402619
984301471
100001
70956359
241001275
553422920
100004
100001
70956359
987256233
859488850
100004
100001
70956359
100016
100002
955812614
100001
70956359
100001
100001
100004
100001
70956359
274436024
100001
588319026
100001
70956359
100007
525249771
100003
100001
70956359
100001
100001
45126021
100001
70956359
100001
645603637
467786127
100001
70956359
167857297
100001
909838039
100001
70956359
100001
100001
321717443
100001
70956359
274012828
242482817
692212614
100001
70956359
100001
100001
100003
100001
70956359
822676793
728901371
63895743
100001
70956359
775241333
869295645
100001
100001
70956359
512135358
647962938
65785415
100001
70956359
100004
375414699
214209003
100001
70956359
298928560
830614446
100001
100001
70956359
113947656
503495882
100005
100001
70956359
100001
126315303
100002
100001
70956359
100001
409870791
643083073
100001
70956359
710909678
490328288
44601727
100001
70956359
536567811
655225222
122289374
100001
70956359
155882597
597040415
167543196
100001
70956359
831992689
837727441
100001
100001
70956359
401189824
463348483
221942265
100001
70956359
810970872
100001
100001
100001
70956359
282439157
645291334
100003
100001
70956359
100001
239352029
9456148
100001
70956359
450024193
100004
100001
100001
70956359
100001
100001
491240630
100001
70956359
100001
100001
100001
100001
70956359
58373433
500938676
158703100
100001
70956359
545827301
72804466
275623408
100001
70956359
100013
100002
100002
100001
70956359
806256666
426804368
586486577
100001
70956359
100005
601522228
125799260
100001
70956359
100001
100004
27675501
100001
70956359
589297157
663254923
100003
100001
70956359
646652215
100001
954404819
100001
70956359
100001
207978540
100001
100001
70956359
100001
674204428
100005
100001
70956359
59057706
803223310
871537386
100001
70956359
100004
284765374
991551991
100001
70956359
535561048
100001
708903340
100001
70956359
899703961
4512258
100001
100001
70956359
488719434
100002
509000918
100001
70956359
722082347
828239213
100004
100001
70956359
475768190
831871286
100005
100001
70956359
100001
100001
100001
100001
70956359
75596569
221942265
959878588
100001
70956359
100001
722147887
836701514
100001
70956359
100001
615342728
269737541
100001
70956359
897565451
129469278
100001
100001
70956359
240589623
621942941
100003
100001
70956359
100001
100003
456769287
100001
70956359
100001
100001
100004
100001
70956359
422149049
100001
834218532
100001
70956359
100002
100013
100001
100001
70956359
107534257
178203674
897565451
100001
70956359
182725075
100001
100001
100001
70956359
100001
799900349
100001
100001
70956359
635260019
330000188
100015
100001
70956359
257198173
100001
976659529
100001
70956359
100001
321571065
257530313
100001
70956359
127270114
975069985
100004
100001
70956359
100002
974983253
348588289
100001
70956359
227280403
881658202
833162562
100001
70956359
497429523
974170002
745214411
100001
70956359
521494711
482427968
100001
100001
70956359
331718566
988659467
453109044
100001
70956359
857711241
100005
100001
100001
70956359
100001
333893889
896922701
100001
70956359
963530536
64132145
100004
100001
70956359
253177455
100001
100002
100001
70956359
100015
147947300
847408122
100001
70956359
61180814
468834703
444257015
100001
70956359
959878590
100001
144263291
100001
70956359
331042435
100001
393486222
100001
70956359
695354573
336452970
753750358
100001
70956359
100002
100002
950777933
100001
70956359
186578005
195901912
100004
100001
70956359
113077121
817248089
100001
100001
70956359
384958933
281617574
100001
100001
70956359
100001
298928560
100003
100001
70956359
330815374
745596065
440540830
100001
70956359
300013523
621942940
100001
100001
70956359
406715764
449410125
329501072
100001
70956359
157655524
66337395
100002
100001
70956359
100022
100002
100025
100001
70956359
100003
100002
124488536
100001
70956359
54191123
563917130
818217974
100001
70956359
120542028
100002
742586680
100001
70956359
449731425
100001
583167628
100001
70956359
100001
80145203
158681239
100001
70956359
100001
442656810
100001
100001
70956359
741959890
44753933
100001
100001
70956359
844262388
344938051
504354590
100001
70956359
100001
376975367
135663126
100001
70956359
100001
100001
280167792
100001
70956359
100001
100010
100001
100001
70956359
136923254
642145597
100001
100001
70956359
756289507
100001
100009
100001
70956359
100001
100001
848863257
100001
70956359
100001
100001
174387793
100001
70956359
100001
980832679
327301138
100001
70956359
723346697
732249680
167801503
100001
70956359
100001
100001
100001
100001
70956359
100002
416474589
514053921
100001
70956359
100001
823725373
100001
100001
70956359
100002
963814733
753745505
100001
70956359
735249572
344338962
100001
100001
70956359
464857187
572314139
100001
100001
70956359
542866895
605221303
666406319
100001
70956359
636341149
744761035
677507179
100001
70956359
5366268
748570345
100004
100001
70956359
950340083
239688448
410768084
100001
70956359
311547871
100002
974492433
100001
70956359
638405749
651733828
100001
100001
70956359
954099164
959878590
100001
100001
70956359
64966018
624957601
82670552
100001
70956359
100001
913619395
100001
100001
70956359
100001
723298029
811666724
100001
70956359
91733301
242497757
100010
100001
70956359
615342727
48569145
865660664
100001
70956359
942464030
397147502
678698380
100001
70956359
100001
881089321
286793772
100001
70956359
100001
979024451
100009
100001
70956359
565148887
908460306
100001
100001
70956359
649534101
309975007
288468474
100001
70956359
959563844
847408122
638312180
100001
70956359
100001
719755990
963465783
100001
70956359
672406923
295430937
100002
100001
70956359
100008
846359542
100001
100001
70956359
100001
29780761
644242754
100001
70956359
128420701
30769811
100001
100001
70956359
636902713
250401103
575794289
100001
70956359
386986488
916831138
100001
100001
70956359
630541422
90875612
472535048
100001
70956359
985159081
58373434
862856102
100001
70956359
61929814
100008
248296928
100001
70956359
100005
166277496
100001
100001
70956359
345989161
602528332
100001
100001
70956359
100003
100001
266387643
100001
70956359
100001
100007
40439640
100001
70956359
899703961
966003948
100001
100001
70956359
272070505
831769196
726011447
100001
70956359
402013902
100001
100212
100001
70956359
113339290
170402487
898908812
100001
70956359
160248180
809922296
59581996
100001
70956359
100002
825503615
63917441
100001
70956359
100001
100008
799401041
100001
70956359
722278960
61246350
193421241
100001
70956359
314740113
100002
890580610
100001
70956359
571550939
443243905
170652486
100001
70956359
100001
850553854
815253116
100001
70956359
892703758
899302030
261724622
100001
70956359
474719610
276440216
100001
100001
70956359
282175365
100001
8407567
100001
70956359
165305399
100001
100094
100001
70956359
35488409
226492010
100001
100001
70956359
100003
100001
369082516
100001
70956359
476816766
426059943
100004
100001
70956359
100001
100001
601522228
100001
70956359
100001
100001
731129531
100001
70956359
100001
202192486
915085244
100001
70956359
52901379
100001
581706844
100001
70956359
604913071
100001
100001
100001
70956359
751648353
126726642
100003
100001
70956359
848863257
100007
744287556
100001
70956359
100001
678356081
281022045
100001
70956359
178670933
578104550
489279708
100001
70956359
157774479
100001
536609627
100001
70956359
182673321
485347547
100001
100001
70956359
150762575
991977044
550071900
100001
70956359
980387406
100002
100006
100001
70956359
100007
208904141
931843253
100001
70956359
572979753
863528401
608884645
100001
70956359
452690721
445537121
100001
100001
70956359
100002
100001
9036287
100001
70956359
717348678
442915678
186595239
100001
70956359
573362716
112854402
100001
100001
70956359
415542542
942034129
816187198
100001
70956359
262074200
100005
100002
100001
70956359
100001
100003
289616483
100001
70956359
100001
347156873
221389757
100001
70956359
100002
100001
99548676
100001
70956359
100001
561281031
300542748
100001
70956359
690909341
538706779
988172541
100001
70956359
263140185
94227283
353511890
100001
70956359
175300573
311028529
538973000
100001
70956359
665706205
100001
60470588
100001
70956359
229914834
743316698
349023062
100001
70956359
51033392
906055252
436878254
100001
70956359
435259753
100001
133024748
100001
70956359
47899662
100001
476816766
100001
70956359
100001
100001
100008
100001
70956359
568821363
100001
980283846
100001
70956359
94665594
63616319
476816767
100001
70956359
100036
100001
100003
100001
70956359
100002
100009
100001
100001
70956359
675107010
311041120
167337887
100001
70956359
100006
219074504
100002
100001
70956359
100002
71147157
100004
100001
70956359
853168400
488719431
100001
100001
70956359
903072601
319882431
464070752
100001
70956359
100001
628023435
245083226
100001
70956359
100005
100002
46295039
100001
70956359
815573938
177156485
766852711
100001
70956359
100001
100001
963200330
100001
70956359
100001
914386036
40003573
100001
70956359
65713473
100009
367524930
100001
70956359
651113663
538673936
327283206
100001
70956359
9612121
651209540
573536812
100001
70956359
281546334
100006
100002
100001
70956359
100001
100001
100001
100001
70956359
807155476
425831061
100004
100001
70956359
100001
379948171
100002
100001
70956359
100001
552701415
35164534
100001
70956359
875128360
525127186
100001
100001
70956359
100004
100001
100001
100001
70956359
100001
842592955
969818401
100001
70956359
391053285
100001
100013
100001
70956359
460852943
72558140
100002
100001
70956359
936114008
510581938
906055251
100001
70956359
100007
101834768
452276416
100001
70956359
875648379
833444151
295144952
100001
70956359
943512608
649534101
100001
100001
70956359
321717443
121200423
100001
100001
70956359
146384406
25643882
824837952
100001
70956359
100001
848863257
618835845
100001
70956359
100001
165933890
646443837
100001
70956359
221092834
385253848
702349731
100001
70956359
675737704
100001
258246754
100001
70956359
232494744
588955960
925932091
100001
70956359
615342727
676601228
394578031
100001
70956359
100002
500197454
135040912
100001
70956359
100001
100003
425535655
100001
70956359
100001
917557136
584141980
100001
70956359
738657458
586273580
438967963
100001
70956359
100007
160248180
100001
100001
70956359
125099857
504354591
705355915
100001
70956359
100001
100002
347560459
100001
70956359
100001
497466562
578771987
100001
70956359
100002
938263736
614792052
100001
70956359
100001
931324814
100002
100001
70956359
96595778
899703961
44627466
100001
70956359
27937649
479433940
308926430
100001
70956359
100001
576311770
234109144
100001
70956359
236206296
100001
100001
100001
70956359
170652486
232568781
75596572
100001
70956359
501770330
100001
100006
100001
70956359
249083366
100003
100001
100001
70956359
881658202
832055841
140163715
100001
70956359
762484878
100009
991551990
100001
70956359
100004
100001
900183130
100001
70956359
100001
419650982
100001
100001
70956359
178548018
266391742
976740836
100001
70956359
880609621
744832606
100001
100001
70956359
100001
600473648
69907780
100001
70956359
588120704
100001
169803597
100001
70956359
444488545
100002
100001
100001
70956359
100004
100001
437340459
100001
70956359
100001
218904779
301722402
100001
70956359
268668852
100001
989991134
100001
70956359
100002
100001
100001
100001
70956359
100001
100001
586746160
100001
70956359
521624445
100002
642324482
100001
70956359
518122338
3107778
212801524
100001
70956359
261873214
886662706
100006
100001
70956359
631478449
100001
94543246
100001
70956359
444488545
100002
100001
100001
70956359
892793875
270241718
644242758
100001
70956359
891341680
43988480
100001
100001
70956359
167857297
581131288
758038293
100001
70956359
601340566
100311
100003
100001
70956359
100001
865660665
200521109
100001
70956359
303174911
100001
905992299
100001
70956359
793786115
100001
100003
100001
70956359
705733125
100053
100003
100001
70956359
100017
445370416
100002
100001
70956359
916616024
100003
100006
100001
70956359
68859204
100003
100001
100001
70956359
100001
950578684
100002
100001
70956359
100001
397594325
3522039
100001
70956359
629492844
129028769
979916194
100001
70956359
689369109
78742301
283575672
100001
70956359
100001
580908613
320600997
100001
70956359
135760738
462950096
604667964
100001
70956359
195006552
586334518
100009
100001
70956359
770522734
100002
401189824
100001
70956359
844398976
176819532
737492568
100001
70956359
221942265
100001
885533401
100001
70956359
501135289
100001
100001
100001
70956359
100009
100001
990503413
100001
70956359
348155765
913592198
905052431
100001
70956359
830141292
185546662
402803410
100001
70956359
849756713
530350747
100001
100001
70956359
100004
398313594
817860276
100001
70956359
100001
100001
96247192
100001
70956359
348271127
100001
17792125
100001
70956359
100001
100001
100005
100001
70956359
100008
261459887
341455373
100001
70956359
100001
100003
100002
100001
70956359
307907013
106161402
100011
100001
70956359
927581502
100002
173760423
100001
70956359
252841573
100010
185644637
100001
70956359
415426012
374366121
570391770
100001
70956359
420051897
100004
100003
100001
70956359
84584146
770522734
51852803
100001
70956359
183063004
100001
100001
100001
70956359
100001
880609621
164151541
100001
70956359
30769811
297686639
585285941
100001
70956359
100001
644251007
935118005
100001
70956359
108993822
100001
915989949
100001
70956359
174711254
100001
100001
100001
70956359
100001
100001
539815295
100001
70956359
677509835
100007
313878734
100001
70956359
528436861
100001
50965779
100001
70956359
797400689
94976895
100010
100001
70956359
320688865
614792052
954166889
100001
70956359
31867294
951376932
212039109
100001
70956359
100001
100001
211587560
100001
70956359
241719820
100007
100002
100001
70956359
293242026
100012
100001
100001
70956359
100001
876176938
100007
100001
70956359
969818402
148261002
264084136
100001
70956359
100001
100001
292882958
100001
70956359
40003575
100004
100001
100001
70956359
942677596
100001
291398726
100001
70956359
78514360
859971349
100001
100001
70956359
505180113
100002
436308331
100001
70956359
100002
878850422
100001
100001
70956359
974754578
605044143
988569168
100001
70956359
100001
100002
413202970
100001
70956359
521452628
100001
100001
100001
70956359
389202119
816798235
134826100
100001
70956359
333935735
758464098
284798454
100001
70956359
89520143
100001
100001
100001
70956359
915085244
848863257
100001
100001
70956359
100001
100001
211157231
100001
70956359
911938312
100001
267216587
100001
70956359
48030835
100001
100779
100001
70956359
100001
654055100
100003
100001
70956359
100001
130649527
125099856
100001
70956359
500197454
586273580
100001
100001
70956359
943512608
263970369
100042
100001
70956359
808118065
934071487
982993916
100001
70956359
666886072
100002
100001
100001
70956359
813418103
679214418
969818403
100001
70956359
100003
100001
899750493
100001
70956359
100002
100001
100001
100001
70956359
100001
221867949
100350
100001
70956359
100001
937215159
100003
100001
70956359
100004
186595239
776289917
100001
70956359
165491981
100006
903613960
100001
70956359
979222302
123580912
100001
100001
70956359
100001
203582375
184498086
100001
70956359
102091612
100001
400217218
100001
70956359
336291854
166551455
100001
100001
70956359
100001
650160961
100004
100001
70956359
140098177
100002
100002
100001
70956359
793824897
377003968
452733163
100001
70956359
100001
100002
742735454
100001
70956359
124488535
963281508
551120477
100001
70956359
434895785
268540370
100001
100001
70956359
934529522
383833825
222007807
100001
70956359
557453997
817958182
781755794
100001
70956359
637357171
45790510
540563252
100001
70956359
637590719
100001
100001
100001
70956359
699113571
100001
245083227
100001
70956359
514053921
227280404
573362717
100001
70956359
100001
946484623
777174497
100001
70956359
288507067
100004
129469278
100001
70956359
658680660
949279778
100001
100001
70956359
762238099
515400574
100009
100001
70956359
71618751
965624089
291398726
100001
70956359
100001
100002
100009
100001
70956359
100001
100002
100002
100001
70956359
100001
100004
100001
100001
70956359
100001
100006
239074936
100001
70956359
100001
53142544
100001
100001
70956359
100001
100001
100002
100001
70956359
100002
898284171
880075818
100001
70956359
254355967
100001
100001
100001
70956359
100001
115174274
770911033
100001
70956359
637222573
263970367
100005
100001
70956359
100001
387389630
100001
100001
70956359
986487292
100001
533780820
100001
70956359
100001
100001
100001
100001
70956359
100004
822222135
100001
100001
70956359
40464664
100001
75596567
100001
70956359
64966018
216283338
100001
100001
70956359
147180552
100001
745099468
100001
70956359
250401103
100001
41506307
100001
70956359
100001
436255659
700560598
100001
70956359
486622275
100002
100001
100001
70956359
521624445
776289916
100001
100001
70956359
297176568
837405294
645653415
100001
70956359
100002
100002
387818512
100001
70956359
100002
476958931
100002
100001
70956359
102787094
100002
100001
100001
70956359
394618446
608521558
100001
100001
70956359
100001
100002
68859204
100001
70956359
100001
100001
796407558
100001
70956359
100003
18386986
379625411
100001
70956359
354248066
868815383
453143861
100001
70956359
100001
80839454
213385459
100001
70956359
100001
977262135
100006
100001
70956359
100002
947243062
100001
100001
70956359
295714266
880757340
668296574
100001
70956359
741100829
607855184
172187556
100001
70956359
100001
768383660
235682964
100001
70956359
614792048
248064510
46085633
100001
70956359
100001
379620486
112133503
100001
70956359
261873215
570724443
100002
100001
70956359
100007
100001
100002
100001
70956359
129063842
100001
969885013
100001
70956359
909763574
656370956
100001
100001
70956359
100001
126245279
251363215
100001
70956359
965624089
100002
100003
100001
70956359
100001
371761080
397153807
100001
70956359
791144124
100044
579726454
100001
70956359
100001
100001
100001
100001
70956359
240837709
298716668
742615252
100001
70956359
100001
297686639
644785658
100001
70956359
100003
176107907
92257590
100001
70956359
100002
232293920
782319235
100001
70956359
100001
100001
100002
100001
70956359
743944698
100001
460852943
100001
70956359
377003966
320985062
838080233
100001
70956359
193574283
100002
100010
100001
70956359
602135116
327669640
100001
100001
70956359
475299701
264081329
198315978
100001
70956359
902835679
709165484
100006
100001
70956359
738541145
732249680
57316398
100001
70956359
336772598
378052545
378171921
100001
70956359
100001
293703159
379220500
100001
70956359
508029786
147180552
100001
100001
70956359
292692015
45613668
816622515
100001
70956359
100004
100001
100001
100001
70956359
935118002
100001
100004
100001
70956359
821246793
134826102
100001
100001
70956359
994488373
100004
100009
100001
70956359
576721926
100007
963526935
100001
70956359
283313528
643111123
84584145
100001
70956359
936561863
100001
586334518
100001
70956359
635771088
100003
100001
100001
70956359
100001
100002
711802207
100001
70956359
398568382
100001
308431303
100001
70956359
100001
100001
100001
100001
70956359
100001
492888909
100002
100001
70956359
100002
917688213
602570807
100001
70956359
100001
312297932
586486577
100001
70956359
900150361
100001
266064477
100001
70956359
52081971
100002
147933310
100001
70956359
176693952
810301212
226492012
100001
70956359
172651173
100001
105003562
100001
70956359
44753933
322758356
313309193
100001
70956359
143490204
373441032
168636798
100001
70956359
905510688
823789375
100001
100001
70956359
33099597
100001
749173062
100001
70956359
100002
303159254
216283338
100001
70956359
100001
744206842
137557561
100001
70956359
588120704
100003
928455597
100001
70956359
100006
620422312
100013
100001
70956359
100001
582266999
100004
100001
70956359
226756115
62574766
162614403
100001
70956359
100001
100017
100002
100001
70956359
805719361
100001
52081971
100001
70956359
100003
835267108
100001
100001
70956359
183631910
98278811
100002
100001
70956359
100001
475258739
131222650
100001
70956359
420051897
100003
100001
100001
70956359
134826100
63616320
907952360
100001
70956359
100001
100006
100003
100001
70956359
100001
900451160
100003
100001
70956359
100001
463474385
989188170
100001
70956359
855818831
100001
100001
100001
70956359
124947015
158812311
100003
100001
70956359
608862273
100001
85660445
100001
70956359
100001
847408122
100002
100001
70956359
100001
566005842
211157232
100001
70956359
835627055
363880351
95135421
100001
70956359
44601730
96350320
121858854
100001
70956359
305256408
161001875
100002
100001
70956359
753367379
100003
100002
100001
70956359
100009
891625721
100001
100001
70956359
465905763
100004
100001
100001
70956359
125799260
100010
100001
100001
70956359
100003
380944544
189351369
100001
70956359
100001
100002
100009
100001
70956359
68815148
100002
482952258
100001
70956359
100002
860130553
100002
100001
70956359
100003
100001
521557597
100001
70956359
331042435
810825502
100001
100001
70956359
100001
639454325
389928051
100001
70956359
100003
100001
759512674
100001
70956359
100001
100002
100001
100001
70956359
446878464
100005
241001274
100001
70956359
100004
891646726
100008
100001
70956359
100002
100002
100002
100001
70956359
100001
827919678
979521956
100001
70956359
707447934
100001
100002
100001
70956359
723339276
149665674
156716159
100001
70956359
100001
193421242
100001
100001
70956359
100001
100001
100018
100001
70956359
881419824
680795533
655890109
100001
70956359
100001
100003
100020
100001
70956359
78738391
638654464
100003
100001
70956359
350296742
388044996
615342728
100001
70956359
100003
605101513
100012
100001
70956359
100010
100003
100001
100001
70956359
481379389
547451218
100003
100001
70956359
342680425
737257659
638013117
100001
70956359
100002
606367041
100001
100001
70956359
817786621
654104399
100011
100001
70956359
97232574
100001
494152719
100001
70956359
451441594
140225051
650222798
100001
70956359
816040463
100002
988569168
100001
70956359
851135827
677247541
464857187
100001
70956359
295555670
524602897
880723612
100001
70956359
978352704
100004
100001
100001
70956359
82407457
784486568
962478439
100001
70956359
864140861
100620
100002
100001
70956359
165502879
613743467
97418108
100001
70956359
753615198
442915672
100011
100001
70956359
867442345
574086833
170733951
100001
70956359
144339579
100001
452779222
100001
70956359
100002
100002
793178691
100001
70956359
100003
857097807
100001
100001
70956359
354560470
100001
357080999
100001
70956359
636426822
100001
556320219
100001
70956359
614461669
100004
172363331
100001
70956359
468242575
100002
100001
100001
70956359
847408122
934302876
100001
100001
70956359
182174106
100002
742735454
100001
70956359
443439968
100001
100001
100001
70956359
100038
285420737
52081971
100001
70956359
100001
100001
935117999
100001
70956359
100002
58373433
124182348
100001
70956359
100001
687734880
303843771
100001
70956359
132471720
957650961
100001
100001
70956359
184862116
100001
100004
100001
70956359
100061
786373405
967918928
100001
70956359
943512608
124452865
100001
100001
70956359
711433970
439890383
100001
100001
70956359
886793781
378052546
84846291
100001
70956359
646914359
218153076
164551351
100001
70956359
100001
459879903
15778204
100001
70956359
100001
454653011
529244151
100001
70956359
873031205
41067881
654252053
100001
70956359
100001
186971223
100019
100001
70956359
824249661
100001
100006
100001
70956359
100001
100006
100002
100001
70956359
939906199
100001
717348678
100001
70956359
45802509
100001
88058018
100001
70956359
206206343
412921329
171566157
100001
70956359
317674202
633575582
100030
100001
70956359
500721743
100001
100001
100001
70956359
804796174
100001
360626201
100001
70956359
62567741
535561048
909263081
100001
70956359
100001
100001
89339898
100001
70956359
185066172
239074936
6341549
100001
70956359
651209540
479590795
8407568
100001
70956359
100001
726902517
209360876
100001
70956359
97232574
526569074
404703725
100001
70956359
291679261
386520172
557092941
100001
70956359
387991644
918333492
100001
100001
70956359
44601731
100001
100001
100001
70956359
402653905
513227993
492888909
100001
70956359
100059
659766073
100001
100001
70956359
781374503
492425443
847408119
100001
70956359
100001
781374503
833172338
100001
70956359
123237302
100002
323082218
100001
70956359
785924668
187120789
378052546
100001
70956359
100004
100001
953519072
100001
70956359
416906167
977280754
100001
100001
70956359
100001
711860984
100006
100001
70956359
100005
834956032
375414699
100001
70956359
100199
100001
96509337
100001
70956359
320683349
27937647
100001
100001
70956359
482463959
51433588
100002
100001
70956359
730530974
311547872
100001
100001
70956359
280009559
145607684
100002
100001
70956359
100001
646652215
100002
100001
70956359
132615010
100001
100008
100001
70956359
336032888
100001
97232574
100001
70956359
818482473
100008
165823589
100001
70956359
123974882
80501559
100001
100001
70956359
373080220
100005
100003
100001
70956359
100003
897922130
399744360
100001
70956359
226492012
859488850
359834598
100001
70956359
100001
607419828
100001
100001
70956359
770738246
67555510
100003
100001
70956359
45802509
100001
100001
100001
70956359
968766932
775241334
40003574
100001
70956359
676139212
100001
34678687
100001
70956359
100001
484676825
285847031
100001
70956359
465842909
100001
618965454
100001
70956359
100001
100001
100001
100001
70956359
100013
329766794
887846029
100001
70956359
946288013
286367169
827919678
100001
70956359
100005
939915416
100001
100001
70956359
413827657
589526083
62178856
100001
70956359
100001
258578889
100004
100001
70956359
492888911
100001
676601228
100001
70956359
329376442
899703961
100001
100001
70956359
100005
53142544
624853940
100001
70956359
100002
404179434
865777737
100001
70956359
545114648
100001
45681867
100001
70956359
100001
68859203
100004
100001
70956359
344103918
124488535
100004
100001
70956359
348271127
905035872
793788991
100001
70956359
100001
100001
100001
100001
70956359
100002
449190763
100001
100001
70956359
301353397
438227613
45544640
100001
70956359
100001
100001
71509563
100001
70956359
100007
100002
292850189
100001
70956359
100001
100001
100001
100001
70956359
274574830
49320331
100001
100001
70956359
100001
100016
100001
100001
70956359
100001
28348785
99573290
100001
70956359
100001
100043
512539865
100001
70956359
532415317
100001
519257316
100001
70956359
100001
393784674
100001
100001
70956359
211587560
100001
100005
100001
70956359
39232872
100001
220044257
100001
70956359
133992331
339356149
100001
100001
70956359
100002
100008
977265125
100001
70956359
633216347
681844110
842165235
100001
70956359
100001
188744729
907740882
100001
70956359
504354591
907952359
176354327
100001
70956359
409114670
100001
673882825
100001
70956359
866643708
101828620
100001
100001
70956359
652150622
100003
281548446
100001
70956359
100005
100001
100002
100001
70956359
969294111
471763988
945670198
100001
70956359
651174036
100001
989631125
100001
70956359
100001
965991700
100008
100001
70956359
941605438
776289914
987256233
100001
70956359
971873764
814288166
605428871
100001
70956359
100001
100001
100001
100001
70956359
935251142
323082217
776289916
100001
70956359
977866841
233656322
49755651
100001
70956359
354161780
716652790
553422920
100001
70956359
100006
547954808
100002
100001
70956359
753156950
171086357
67810626
100001
70956359
336032888
82669602
987340917
100001
70956359
404179434
211157230
452031567
100001
70956359
100001
100001
644242758
100001
70956359
61460648
100001
390889958
100001
70956359
100002
100001
741644754
100001
70956359
573362717
100001
100003
100001
70956359
100001
561819976
100001
100001
70956359
322033638
517592869
100002
100001
70956359
100001
100003
170221846
100001
70956359
100001
329501072
897173230
100001
70956359
748810140
100013
100001
100001
70956359
120810277
122551519
100002
100001
70956359
252229281
561726859
100004
100001
70956359
153639981
100001
100001
100001
70956359
196087787
100001
490437812
100001
70956359
254355967
621942941
100002
100001
70956359
349827294
100012
100001
100001
70956359
185294768
100003
100001
100001
70956359
518208009
742592969
433533447
100001
70956359
100001
673839950
963760778
100001
70956359
729140024
100002
442026137
100001
70956359
888516589
809252631
862479824
100001
70956359
100001
100002
439890383
100001
70956359
100048
153872389
182673321
100001
70956359
123374142
43433157
100038
100001
70956359
512015577
100001
883755357
100001
70956359
100003
543510345
730530974
100001
70956359
100001
100001
100002
100001
70956359
100001
100001
100001
100001
70956359
100003
100036
89360386
100001
70956359
983310102
211157231
100001
100001
70956359
399878583
627972261
306304987
100001
70956359
406468000
60470587
876176937
100001
70956359
100002
100001
100001
100001
70956359
40003575
100001
100003
100001
70956359
174378835
354928192
100001
100001
70956359
365468270
68859204
100001
100001
70956359
16118681
293984550
100003
100001
70956359
943506619
823789375
397016071
100001
70956359
624853941
180549129
100001
100001
70956359
100003
528261110
643648634
100001
70956359
363880348
743480545
100002
100001
70956359
100009
683941267
100001
100001
70956359
225196239
799401041
186172837
100001
70956359
173760423
100001
386050680
100001
70956359
100003
100001
406498250
100001
70956359
100002
909923581
100001
100001
70956359
100002
35488409
131054197
100001
70956359
566544188
920336342
282072736
100001
70956359
95460756
445829886
44561926
100001
70956359
714363487
601522230
100001
100001
70956359
833473132
978997659
100004
100001
70956359
100018
100001
100001
100001
70956359
739443891
189200568
100005
100001
70956359
168325794
100001
741166020
100001
70956359
100001
344566610
751648353
100001
70956359
850553854
100001
100001
100001
70956359
21330964
100001
976114072
100001
70956359
100003
293984550
938263736
100001
70956359
100002
162614405
954522662
100001
70956359
100002
907083556
100005
100001
70956359
100002
100004
644242755
100001
70956359
100001
100001
419003320
100001
70956359
100001
161430364
100001
100001
70956359
318198492
100001
100059
100001
70956359
959683015
665055627
100001
100001
70956359
25203053
988448522
125172959
100001
70956359
746448042
311547871
719773518
100001
70956359
100001
100001
906218334
100001
70956359
100001
100002
100001
100001
70956359
100002
484602433
388166139
100001
70956359
100006
249113086
300013524
100001
70956359
100002
180826502
865426263
100001
70956359
100001
782774595
193597384
100001
70956359
450780003
100007
979493352
100001
70956359
843860912
129588130
100002
100001
70956359
275897975
341455375
148229128
100001
70956359
750003922
60470587
602023980
100001
70956359
137721920
541337409
100003
100001
70956359
202474450
100001
653879861
100001
70956359
74229642
525893941
272734675
100001
70956359
254273621
501269189
521912219
100001
70956359
100001
580447290
715739750
100001
70956359
100001
898222933
906742624
100001
70956359
100001
967718355
100001
100001
70956359
496417985
100001
912434176
100001
70956359
775881741
662081430
332717440
100001
70956359
233518750
100005
22498151
100001
70956359
163662982
191052950
302486772
100001
70956359
964353296
336226318
557546553
100001
70956359
100001
536609627
331958070
100001
70956359
570391770
499010583
100001
100001
70956359
846053768
179053251
102901786
100001
70956359
759354512
650846526
100008
100001
70956359
100001
100005
537193850
100001
70956359
575276595
31308782
97232574
100001
70956359
449934414
469476728
100001
100001
70956359
3793401
169954450
183631910
100001
70956359
438967963
669511970
657987262
100001
70956359
100001
100001
100009
100001
70956359
439890382
100001
201831829
100001
70956359
100002
595175340
100003
100001
70956359
233060568
195377623
101793804
100001
70956359
100001
631478449
67277882
100001
70956359
100002
215998270
997160499
100001
70956359
100001
272642569
655403847
100001
70956359
702186058
100001
980283846
100001
70956359
390332388
154358149
700121501
100001
70956359
100001
305485064
602397260
100001
70956359
807798304
100002
880609619
100001
70956359
719773518
153982048
100001
100001
70956359
832948636
869271586
303159252
100001
70956359
334336258
55911977
300013524
100001
70956359
114125697
40207003
91733301
100001
70956359
979916196
100002
738133960
100001
70956359
847408119
521362301
100001
100001
70956359
100007
400293232
700411319
100001
70956359
963526934
462950095
531813146
100001
70956359
585796375
487670852
473900294
100001
70956359
281548447
895765228
100001
100001
70956359
100078
121274153
100002
100001
70956359
955893822
389040222
96481397
100001
70956359
865777737
172187555
882988419
100001
70956359
100001
100002
100005
100001
70956359
100001
881658202
115174278
100001
70956359
100001
31867294
325190859
100001
70956359
100001
100001
100004
100001
70956359
100001
100021
624853940
100001
70956359
855157380
68326459
100001
100001
70956359
459804367
290653567
100002
100001
70956359
100005
100001
269737541
100001
70956359
100002
100006
3500995
100001
70956359
113077121
100003
265827877
100001
70956359
59924594
619860810
708419698
100001
70956359
873036283
9630899
100010
100001
70956359
100001
100001
100010
100001
70956359
221092834
265018947
183631912
100001
70956359
100042
785535147
609024870
100001
70956359
369701949
100001
33636564
100001
70956359
25203053
841763760
100001
100001
70956359
521621003
100012
904662536
100001
70956359
816171537
134326801
100002
100001
70956359
586858807
100001
823872006
100001
70956359
100001
132728947
100001
100001
70956359
620160168
265018947
100001
100001
70956359
100001
100002
676099476
100001
70956359
100002
168754747
627761290
100001
70956359
100001
100004
100003
100001
70956359
100001
4841978
100004
100001
70956359
521557597
100006
557092940
100001
70956359
904662536
100002
943506619
100001
70956359
100003
146267637
100002
100001
70956359
955392761
100001
537925007
100001
70956359
100001
100001
100002
100001
70956359
100012
958205177
850283457
100001
70956359
259033188
38310264
715673842
100001
70956359
490044593
100002
790365873
100001
70956359
521362301
482952258
33989989
100001
70956359
100002
100002
616296317
100001
70956359
100004
160510325
100001
100001
70956359
100001
266018897
51920557
100001
70956359
100001
345911827
100001
100001
70956359
972506459
100014
100002
100001
70956359
100001
69907782
61519165
100001
70956359
100017
401380118
100001
100001
70956359
962941488
197115079
100001
100001
70956359
100002
100004
976376218
100001
70956359
905510688
710738352
100033
100001
70956359
922818934
560233537
100001
100001
70956359
271672765
449215296
100003
100001
70956359
100002
683583615
100001
100001
70956359
159038046
423698193
860995130
100001
70956359
759352151
100001
55911977
100001
70956359
623912941
100001
870934050
100001
70956359
819883774
100001
100009
100001
70956359
945668069
565148887
482463959
100001
70956359
100001
100001
100001
100001
70956359
100001
100011
35983187
100001
70956359
100001
100002
900816410
100001
70956359
100010
420051897
100003
100001
70956359
100001
942034129
100002
100001
70956359
261873214
963040572
977866840
100001
70956359
172363332
100001
977080408
100001
70956359
100001
100001
100001
100001
70956359
646339913
359322514
504034445
100001
70956359
855000652
100002
100001
100001
70956359
236206296
293959334
313346510
100001
70956359
618965451
982114795
544636088
100001
70956359
100032
54179124
851135829
100001
70956359
100006
422108597
608903760
100001
70956359
878594648
100014
621273363
100001
70956359
100002
937563451
100001
100001
70956359
100001
219463637
501269186
100001
70956359
607030599
125799260
100001
100001
70956359
100002
504354590
100001
100001
70956359
130631794
100001
375414698
100001
70956359
286983548
979846088
378052545
100001
70956359
100002
100001
100001
100001
70956359
920336342
100004
100004
100001
70956359
100001
100001
663759542
100001
70956359
454051415
873551226
100001
100001
70956359
959878587
100002
416751374
100001
70956359
987256233
124422724
90089175
100001
70956359
5174448
148578499
63099055
100001
70956359
605169714
837203153
100041
100001
70956359
993384426
348271127
923999994
100001
70956359
293472842
100002
100001
100001
70956359
100004
100011
100001
100001
70956359
150030465
100001
74547991
100001
70956359
537688523
261873215
100001
100001
70956359
61929814
100002
701823540
100001
70956359
809252631
100001
685375578
100001
70956359
353673125
287069955
100004
100001
70956359
100001
629492844
745664406
100001
70956359
301117114
100001
100002
100001
70956359
100001
637456210
673490340
100001
70956359
100001
806256666
100003
100001
70956359
41183523
653306693
929438649
100001
70956359
248064510
100001
100002
100001
70956359
506771872
100003
742735453
100001
70956359
217331914
944561186
100001
100001
70956359
100001
858342823
988750523
100001
70956359
100003
572979753
100001
100001
70956359
849512844
748570345
34010828
100001
70956359
455541314
100001
637357171
100001
70956359
100001
22498151
100001
100001
70956359
100004
67555510
722147887
100001
70956359
676601228
100001
561281032
100001
70956359
730188602
100006
100001
100001
70956359
100003
639214849
100001
100001
70956359
226769104
100001
865777736
100001
70956359
100001
692715622
299896327
100001
70956359
100001
719332649
100001
100001
70956359
857097805
100003
100001
100001
70956359
100003
322758354
100001
100001
70956359
993596041
964353296
185807243
100001
70956359
100001
100002
100001
100001
70956359
294382354
100004
100001
100001
70956359
100001
100001
903613958
100001
70956359
388768653
349827294
100002
100001
70956359
100007
820579634
816040465
100001
70956359
810970872
545860575
65713473
100001
70956359
634797810
100001
737323197
100001
70956359
100003
532520963
100003
100001
70956359
100001
100002
846613430
100001
70956359
171176777
100002
602135114
100001
70956359
100001
807709613
100001
100001
70956359
285286439
981066219
100002
100001
70956359
409114670
12514487
225196239
100001
70956359
100016
565148887
100001
100001
70956359
100001
100015
100001
100001
70956359
446418994
977999963
100001
100001
70956359
636308595
160854415
100001
100001
70956359
923999995
221942268
100002
100001
70956359
177933645
100001
100001
100001
70956359
547593615
636467452
221942268
100001
70956359
542211535
463474385
568627284
100001
70956359
100002
100001
499694791
100001
70956359
271391375
267640387
100006
100001
70956359
27675501
389928051
100001
100001
70956359
606092721
909829111
762832222
100001
70956359
5298696
257420135
277151084
100001
70956359
570391770
632954200
875648379
100001
70956359
100001
100001
368558228
100001
70956359
256403810
179850585
592427840
100001
70956359
216459034
253307391
862484447
100001
70956359
100001
100002
100001
100001
70956359
787333933
100001
100001
100001
70956359
875774639
656370958
836720955
100001
70956359
109515556
100002
100018
100001
70956359
797317593
33353262
100001
100001
70956359
100017
43449542
48122003
100001
70956359
954522662
100002
100003
100001
70956359
229914834
100001
421125552
100001
70956359
884279648
100001
100008
100001
70956359
354724123
100001
496509178
100001
70956359
100001
274574831
100002
100001
70956359
391577576
386530653
823872006
100001
70956359
100001
100001
100004
100001
70956359
942464030
100001
245083226
100001
70956359
8407567
100001
100001
100001
70956359
100001
453604435
26251632
100001
70956359
380673990
127270114
173797969
100001
70956359
387913922
425831061
100001
100001
70956359
100006
353903663
515718364
100001
70956359
897565451
141117562
100008
100001
70956359
100003
51033392
100001
100001
70956359
169161086
100005
13729818
100001
70956359
100001
224147660
100001
100001
70956359
100001
100002
100003
100001
70956359
899480783
426804366
318260025
100001
70956359
34021068
474620734
100001
100001
70956359
100001
155269716
100001
100001
70956359
100002
51033394
791691839
100001
70956359
642145598
934302876
800559096
100001
70956359
105069098
905227568
100001
100001
70956359
100003
573362716
719980866
100001
70956359
100004
100001
100001
100001
70956359
794837567
100001
100002
100001
70956359
600473649
633687152
100002
100001
70956359
100001
100001
679214418
100001
70956359
392211808
915066764
420474840
100001
70956359
635444579
806776564
121134885
100001
70956359
100001
100001
18386986
100001
70956359
782470139
100027
100001
100001
70956359
100003
614792048
64934066
100001
70956359
20737259
54474245
100002
100001
70956359
100006
90260785
929438643
100001
70956359
150961503
620247770
700429523
100001
70956359
100001
613055923
416906167
100001
70956359
100001
100001
956838808
100001
70956359
100001
168206750
482590551
100001
70956359
262825620
741025999
100003
100001
70956359
100001
100001
100001
100001
70956359
100008
186578005
943512608
100001
70956359
956418110
615342727
822823430
100001
70956359
654273800
916616022
160014721
100001
70956359
298847741
167781042
100001
100001
70956359
442421920
434735465
57324855
100001
70956359
860995131
871987704
683408725
100001
70956359
688707335
47223177
100001
100001
70956359
300013524
175050059
53130548
100001
70956359
100002
84284184
45443850
100001
70956359
100002
387954403
100001
100001
70956359
52381348
100001
668248606
100001
70956359
962478358
362468246
100001
100001
70956359
784876091
100011
100001
100001
70956359
697933923
688317557
100001
100001
70956359
100001
120054597
87984290
100001
70956359
100003
40282024
611483714
100001
70956359
100025
100001
498392315
100001
70956359
731653821
100001
322033638
100001
70956359
602023980
261873215
135223867
100001
70956359
100010
100001
100003
100001
70956359
518117157
322758355
306304986
100001
70956359
100001
627834948
100001
100001
70956359
100001
47899662
906831167
100001
70956359
43553150
100003
635260018
100001
70956359
100001
36758684
943512608
100001
70956359
16905115
151404791
178119134
100001
70956359
761713810
165491981
100029
100001
70956359
786701089
100001
983051263
100001
70956359
835627055
100001
100002
100001
70956359
301117116
980541930
100002
100001
70956359
873806043
100001
876495112
100001
70956359
809273489
186562143
100001
100001
70956359
584761653
100001
650534223
100001
70956359
41052155
525893940
100002
100001
70956359
724674289
379369890
100003
100001
70956359
909771030
861930069
954288174
100001
70956359
348199585
530948096
100001
100001
70956359
100001
978257480
662091893
100001
70956359
17953694
100001
100001
100001
70956359
100002
100001
425831062
100001
70956359
100001
436046187
100001
100001
70956359
498908356
100001
817772381
100001
70956359
100001
212205517
946206092
100001
70956359
100001
100002
264805508
100001
70956359
115174273
100003
739518152
100001
70956359
935118005
100001
100001
100001
70956359
164704631
38310266
638405749
100001
70956359
962478358
100001
100001
100001
70956359
537718140
100001
68880684
100001
70956359
100001
744206842
277488796
100001
70956359
331751340
277199546
535852411
100001
70956359
647082820
77747794
100018
100001
70956359
663254923
100002
260935598
100001
70956359
100002
147212424
381460426
100001
70956359
628496549
120530514
100290
100001
70956359
100006
967718355
100001
100001
70956359
100001
147737721
170652486
100001
70956359
987927182
100001
100003
100001
70956359
523727619
100005
185294763
100001
70956359
823725373
274574831
100001
100001
70956359
190249146
471672938
936114006
100001
70956359
100001
858342823
100002
100001
70956359
833276320
830298416
100001
100001
70956359
476816766
100001
100001
100001
70956359
791144129
100001
100001
100001
70956359
44885100
183463663
223056389
100001
70956359
717676359
312832870
600473648
100001
70956359
907952359
981057567
257530312
100001
70956359
100023
146062783
874581763
100001
70956359
100001
100002
517592869
100001
70956359
100002
502257433
100003
100001
70956359
99548676
255682909
100001
100001
70956359
72520764
354983847
100006
100001
70956359
986129079
100001
261459887
100001
70956359
100001
100001
607333499
100001
70956359
100005
359584660
355428518
100001
70956359
100001
473984457
100001
100001
70956359
45366948
58373433
639454326
100001
70956359
960316744
100004
531582591
100001
70956359
100010
100001
529047542
100001
70956359
63917440
100002
625612962
100001
70956359
491376864
100008
100003
100001
70956359
62567741
538803659
100002
100001
70956359
100013
100014
671358344
100001
70956359
11405254
945204729
419003320
100001
70956359
125172959
100003
865777737
100001
70956359
100002
965874403
100002
100001
70956359
36507476
848863255
100003
100001
70956359
100001
100002
100001
100001
70956359
55522821
371761080
82146263
100001
70956359
100004
303159252
100001
100001
70956359
100001
100001
100001
100001
70956359
100001
665270164
57619975
100001
70956359
100001
91989689
973021555
100001
70956359
115037195
475258739
646701991
100001
70956359
655622010
100002
602788063
100001
70956359
100009
609963355
8407567
100001
70956359
638405748
621329117
100002
100001
70956359
703300150
800601865
591671973
100001
70956359
100001
63917441
650846526
100001
70956359
100004
100033
739589725
100001
70956359
214209004
100001
100001
100001
70956359
906651270
100010
100002
100001
70956359
100002
100003
100001
100001
70956359
100001
100001
120542028
100001
70956359
552186886
217485810
100002
100001
70956359
100002
203526620
100001
100001
70956359
166407618
100002
627816909
100001
70956359
224471775
609024872
112932130
100001
70956359
878463573
649636673
996794872
100001
70956359
100002
100003
100011
100001
70956359
100001
100001
100001
100001
70956359
100003
100001
100001
100001
70956359
482463959
107206575
100001
100001
70956359
100001
900904774
876927054
100001
70956359
107023367
629310394
62034993
100001
70956359
100001
711425626
100001
100001
70956359
41908599
939840396
179111079
100001
70956359
100001
761163098
100001
100001
70956359
100150
110593314
280759901
100001
70956359
100001
732249679
100002
100001
70956359
100001
577973476
100006
100001
70956359
809289260
837245246
100004
100001
70956359
520446132
100001
100002
100001
70956359
100010
368558228
748106248
100001
70956359
347156873
365679512
100003
100001
70956359
186579125
145718431
100002
100001
70956359
355229579
100003
100001
100001
70956359
100001
961001562
189017793
100001
70956359
100001
608128338
100001
100001
70956359
962151754
601522227
100001
100001
70956359
861703420
747600197
422685330
100001
70956359
100001
402465488
605562620
100001
70956359
665186007
815777407
812660511
100001
70956359
303159252
445370416
40003578
100001
70956359
100003
991301856
706322543
100001
70956359
880171811
819267238
797025970
100001
70956359
100001
244952153
960631515
100001
70956359
399529833
964672112
100001
100001
70956359
625180048
424201185
563896556
100001
70956359
684654679
790654547
710577887
100001
70956359
100004
744713544
840319487
100001
70956359
945273763
100001
100001
100001
70956359
888327257
648012718
530292730
100001
70956359
880328145
100001
8438701
100001
70956359
327669638
897606806
100001
100001
70956359
100001
100001
100021
100001
70956359
500743368
821232641
100002
100001
70956359
496513915
401189824
100001
100001
70956359
100001
319095998
100001
100001
70956359
100001
819006767
649208298
100001
70956359
100001
531420664
60853123
100001
70956359
94086845
624853940
123592522
100001
70956359
100001
608836750
744439017
100001
70956359
164704631
100001
100010
100001
70956359
832907675
345911827
170652486
100001
70956359
976086589
100001
705355916
100001
70956359
100001
100001
100002
100001
70956359
211982321
345911827
100013
100001
70956359
486396124
814525362
878765483
100001
70956359
58373432
769474155
195671438
100001
70956359
100002
605278438
100001
100001
70956359
312882121
305256408
100002
100001
70956359
100002
100003
40207003
100001
70956359
869885473
986472015
100003
100001
70956359
100001
100001
100001
100001
70956359
742663883
991551991
106491858
100001
70956359
100001
127270114
100001
100001
70956359
100001
741120466
241770801
100001
70956359
705732100
692740605
348271129
100001
70956359
100001
100021
100001
100001
70956359
100002
100001
855227959
100001
70956359
100001
771786822
100001
100001
70956359
56276277
100001
129252257
100001
70956359
9254952
100002
736599327
100001
70956359
566528637
100001
870889235
100001
70956359
100001
100001
100001
100001
70956359
145194142
889876956
600473648
100001
70956359
402465488
100002
615195221
100001
70956359
100001
383833821
182344162
100001
70956359
100001
909838039
294382356
100001
70956359
980541930
51630199
100001
100001
70956359
100001
680591437
100019
100001
70956359
565148887
100001
100001
100001
70956359
699637862
502257432
760171354
100001
70956359
60619093
422685331
484337338
100001
70956359
100001
40543593
100001
100001
70956359
44601730
100005
513432793
100001
70956359
324352001
868335168
100001
100001
70956359
33411902
674702763
100002
100001
70956359
918175060
100001
100001
100001
70956359
100002
824396296
811379630
100001
70956359
695527520
100002
46085633
100001
70956359
378052545
100001
837750090
100001
70956359
100001
100004
544893456
100001
70956359
101830670
100009
699158828
100001
70956359
100001
100001
170652486
100001
70956359
41067881
653264514
100003
100001
70956359
100001
607263886
608862273
100001
70956359
100004
100001
100003
100001
70956359
702349732
643635412
134986359
100001
70956359
100004
100073
982993916
100001
70956359
100002
100001
415542539
100001
70956359
100003
811320946
634460367
100001
70956359
100003
671540332
450548481
100001
70956359
661507298
100002
927581502
100001
70956359
100001
100002
147180550
100001
70956359
658680660
61827603
100002
100001
70956359
149964944
230686321
100002
100001
70956359
100001
46295039
172187556
100001
70956359
100003
100004
657322375
100001
70956359
534839475
100001
22627416
100001
70956359
643648634
574296821
476816768
100001
70956359
100001
100003
979493353
100001
70956359
413760436
100002
563917130
100001
70956359
471672938
100002
115174273
100001
70956359
386520173
100007
772835401
100001
70956359
100007
757692763
386520172
100001
70956359
100001
775241333
317654202
100001
70956359
201145414
950949662
812428208
100001
70956359
100001
100001
100001
100001
70956359
775241333
476709184
100001
100001
70956359
100001
40931708
58373432
100001
70956359
151079043
908939771
100003
100001
70956359
982013353
869885472
93306169
100001
70956359
453604434
123600095
925211189
100001
70956359
886376803
281390581
762517880
100001
70956359
747382478
100002
100001
100001
70956359
337081466
100001
100002
100001
70956359
100001
100001
372818076
100001
70956359
583646763
667800798
100002
100001
70956359
400217218
254273624
100047
100001
70956359
140259622
100003
699158827
100001
70956359
100001
100002
985082871
100001
70956359
535724803
171773507
100002
100001
70956359
100001
127700865
669550744
100001
70956359
100002
737492568
100003
100001
70956359
391796934
755363286
100001
100001
70956359
185807243
621942941
881939841
100001
70956359
100001
100007
100001
100001
70956359
100004
100001
100002
100001
70956359
137198739
706322543
100004
100001
70956359
100002
100001
269761040
100001
70956359
653264235
100001
100001
100001
70956359
100001
100001
80227124
100001
70956359
979916194
768361756
100001
100001
70956359
448682849
100003
100001
100001
70956359
842592954
52081971
100001
100001
70956359
100001
100001
735127734
100001
70956359
100001
180826502
100001
100001
70956359
92257590
100001
492158139
100001
70956359
744165833
658680660
100001
100001
70956359
92771119
193421241
898876044
100001
70956359
176845489
477971515
362831770
100001
70956359
100001
100012
150030465
100001
70956359
100030
248064510
100001
100001
70956359
405416901
100002
100004
100001
70956359
100001
878965706
100006
100001
70956359
612049490
100003
145718431
100001
70956359
893101869
792776276
100003
100001
70956359
100004
279944022
100002
100001
70956359
100005
100001
100001
100001
70956359
100002
100001
684654680
100001
70956359
100001
716037948
64132145
100001
70956359
911167363
309479879
853168400
100001
70956359
434226553
100001
100007
100001
70956359
100009
100001
169634304
100001
70956359
480068668
485912536
100001
100001
70956359
100002
100005
662077248
100001
70956359
100022
735983697
712299961
100001
70956359
100001
100002
100001
100001
70956359
918409115
100001
100001
100001
70956359
931588117
100001
450675617
100001
70956359
100007
226492011
100001
100001
70956359
985423437
274050537
100001
100001
70956359
644242758
965388595
100001
100001
70956359
34252701
100001
175978521
100001
70956359
936594631
935513286
5298696
100001
70956359
100001
295557088
100001
100001
70956359
476816766
100001
100002
100001
70956359
75277746
144444164
100007
100001
70956359
45126020
100001
869339676
100001
70956359
95135421
48646291
100002
100001
70956359
100006
693152423
100001
100001
70956359
666330015
636341149
141639245
100001
70956359
80791377
100001
100001
100001
70956359
449731426
449206352
100001
100001
70956359
100005
100001
100001
100001
70956359
847408121
274384350
100003
100001
70956359
872712231
36758684
669511971
100001
70956359
880609619
100003
100001
100001
70956359
100003
100001
485912536
100001
70956359
587698995
100006
648487226
100001
70956359
100002
100002
100001
100001
70956359
937190192
100002
484676825
100001
70956359
806256662
393559952
701171421
100001
70956359
100003
840653119
100001
100001
70956359
100001
100001
504034447
100001
70956359
222141412
673490340
318128952
100001
70956359
25927156
810825501
100001
100001
70956359
675905782
100008
100001
100001
70956359
779435647
249556937
100006
100001
70956359
405752305
100001
748204554
100001
70956359
119761701
245530623
100001
100001
70956359
100003
263514474
112914049
100001
70956359
134826100
277199546
280009559
100001
70956359
538973000
100003
100003
100001
70956359
100002
100001
100001
100001
70956359
594407424
100001
100004
100001
70956359
100001
100004
938041866
100001
70956359
107163207
564036987
616889206
100001
70956359
863528401
100003
100001
100001
70956359
412477542
787749668
100001
100001
70956359
468775015
980977116
644683782
100001
70956359
791691839
322033638
863528401
100001
70956359
480510394
100001
65813107
100001
70956359
100001
560233536
100001
100001
70956359
100001
100003
100001
100001
70956359
176021977
945878402
100003
100001
70956359
100002
100002
419897104
100001
70956359
482427970
100003
941357991
100001
70956359
433514808
614792048
399879102
100001
70956359
100001
573300398
130631791
100001
70956359
890725943
100001
586617649
100001
70956359
40003579
974338482
813705191
100001
70956359
100001
292727845
100001
100001
70956359
100001
857915984
100001
100001
70956359
100003
409114669
100001
100001
70956359
100002
615892349
293984550
100001
70956359
139020407
100026
537269642
100001
70956359
425046384
732249679
44601727
100001
70956359
40003575
169435040
100001
100001
70956359
810796207
100002
880892587
100001
70956359
100001
100001
325190860
100001
70956359
386705549
783367812
100001
100001
70956359
682026097
100001
100005
100001
70956359
813983721
261873215
413913818
100001
70956359
969294110
263514474
100002
100001
70956359
845928199
888556638
54017715
100001
70956359
100001
868335168
624853940
100001
70956359
442615961
722305986
413827658
100001
70956359
100002
867441321
100001
100001
70956359
440324767
113846108
9456145
100001
70956359
496351359
100001
166064001
100001
70956359
100004
319882431
252673938
100001
70956359
211157232
655225222
100002
100001
70956359
618965451
283383458
100004
100001
70956359
54191122
100001
561609796
100001
70956359
100001
100001
323082218
100001
70956359
180050397
100001
40003575
100001
70956359
100001
100001
100004
100001
70956359
100001
100001
100009
100001
70956359
563217638
534839475
49755650
100001
70956359
429975195
100001
100005
100001
70956359
100001
786141029
100001
100001
70956359
100002
91006684
100001
100001
70956359
816798235
100005
38604631
100001
70956359
100007
100001
777446039
100001
70956359
675107010
170733951
579558421
100001
70956359
451261360
168325793
386656396
100001
70956359
985350047
503495882
269737541
100001
70956359
100001
646339914
165496078
100001
70956359
100001
100002
100001
100001
70956359
444781303
634910661
100001
100001
70956359
881715277
185177691
100003
100001
70956359
365679512
100002
753043181
100001
70956359
444781306
579041841
118612352
100001
70956359
547340623
264477353
368091058
100001
70956359
100001
405973959
100001
100001
70956359
100001
100001
248064510
100001
70956359
100001
100001
520976713
100001
70956359
69412403
238303449
100001
100001
70956359
853168400
100001
100001
100001
70956359
100001
100001
376320001
100001
70956359
100001
717134373
724674289
100001
70956359
910886616
100001
100001
100001
70956359
100002
907083556
579673802
100001
70956359
644242758
100001
173236134
100001
70956359
377003966
477331887
810825502
100001
70956359
100001
100002
100007
100001
70956359
371606137
1197615
100001
100001
70956359
100002
100001
53690442
100001
70956359
100013
100005
605902231
100001
70956359
600239925
728091447
620000996
100001
70956359
381198281
245530623
964416140
100001
70956359
100001
100001
100001
100001
70956359
100001
652746902
170833339
100001
70956359
100001
780816552
931450037
100001
70956359
100003
100006
100001
100001
70956359
393478029
610147471
404179435
100001
70956359
537406917
100002
648044875
100001
70956359
458755788
100001
512539865
100001
70956359
100001
762816655
100001
100001
70956359
524570127
989617745
476816767
100001
70956359
792776278
883755357
622756787
100001
70956359
605428873
100001
658680660
100001
70956359
100003
182698394
745596064
100001
70956359
100002
496530694
100002
100001
70956359
167015067
266443218
100001
100001
70956359
180861544
739408984
100002
100001
70956359
897235595
100003
466535211
100001
70956359
100001
100001
810927280
100001
70956359
100001
892441351
702349730
100001
70956359
615342728
100002
100026
100001
70956359
100003
160889443
822823430
100001
70956359
100001
552701415
644242758
100001
70956359
910886617
415542542
980052734
100001
70956359
49320331
980541930
4549576
100001
70956359
623122589
848863257
100203
100001
70956359
917557135
904662536
573362716
100001
70956359
425603447
100005
782319233
100001
70956359
801784518
100001
100001
100001
70956359
394712183
100003
571550939
100001
70956359
458755788
100001
722278959
100001
70956359
100001
228589165
439276190
100001
70956359
100001
686554458
100001
100001
70956359
100001
100001
127710817
100001
70956359
100005
600473649
100001
100001
70956359
962478358
132996010
186595239
100001
70956359
630541422
100002
100001
100001
70956359
100001
850140010
287663157
100001
70956359
158938425
570620455
100001
100001
70956359
535266046
100001
100002
100001
70956359
498646212
212244161
869819936
100001
70956359
289647517
100001
438967964
100001
70956359
100006
511368372
100029
100001
70956359
62312619
100001
743784030
100001
70956359
496509178
100001
517592868
100001
70956359
100002
886379140
100001
100001
70956359
100002
275279191
100001
100001
70956359
100001
589459087
100001
100001
70956359
745214410
667986459
49984816
100001
70956359
100001
472983660
616345472
100001
70956359
100001
100001
100001
100001
70956359
859194004
676692214
234596232
100001
70956359
354928192
482463959
100002
100001
70956359
697760155
838063846
100007
100001
70956359
100008
686554456
738133962
100001
70956359
100001
1724673
919180881
100001
70956359
622636943
803924173
295430936
100001
70956359
141015688
100001
578360345
100001
70956359
100001
100001
100002
100001
70956359
100001
100002
100001
100001
70956359
100569
100001
635260017
100001
70956359
939931801
100001
241263423
100001
70956359
978997659
398448897
673455500
100001
70956359
100001
171333061
100001
100001
70956359
100007
100001
946908667
100001
70956359
100001
616345472
634768284
100001
70956359
963003707
100001
501604007
100001
70956359
600473648
942464028
90875611
100001
70956359
100001
63917440
100001
100001
70956359
100001
937517577
656370956
100001
70956359
635543287
100001
278769140
100001
70956359
100001
100001
120006225
100001
70956359
615342728
100001
100001
100001
70956359
404829944
579296275
319936486
100001
70956359
188676278
100001
100001
100001
70956359
976114072
813705191
573362717
100001
70956359
773144181
813705193
100002
100001
70956359
100020
100003
981570840
100001
70956359
100001
100002
100001
100001
70956359
100001
743188171
706404492
100001
70956359
100001
621942940
100002
100001
70956359
100002
197821645
282264947
100001
70956359
100001
100001
446585697
100001
70956359
206156053
100002
320273314
100001
70956359
100001
975594273
100006
100001
70956359
60470587
100001
347222547
100001
70956359
647208519
139700762
512015577
100001
70956359
712384096
100001
231520202
100001
70956359
953705945
100001
100001
100001
70956359
963526937
770104347
100001
100001
70956359
209098731
963040572
100001
100001
70956359
819531056
580090417
169435040
100001
70956359
42100731
100001
978997658
100001
70956359
100010
100001
100001
100001
70956359
100001
148981887
100001
100001
70956359
155535509
100001
452031567
100001
70956359
839720124
465120754
912331533
100001
70956359
686554458
987357680
9456147
100001
70956359
541833206
100001
6178385
100001
70956359
118462385
100001
387044463
100001
70956359
100001
100001
100003
100001
70956359
943512608
100002
100001
100001
70956359
100017
100001
100002
100001
70956359
100002
97373015
100001
100001
70956359
100007
577573901
369678245
100001
70956359
356575406
100004
100003
100001
70956359
475029354
186920640
100005
100001
70956359
100001
94665594
744999620
100001
70956359
100001
987256233
831775947
100001
70956359
174453329
100002
967918928
100001
70956359
100001
535561049
100001
100001
70956359
985159081
669511971
5686188
100001
70956359
559714382
100001
100005
100001
70956359
385385702
100007
100001
100001
70956359
200380889
100001
781008511
100001
70956359
100001
469476727
636902714
100001
70956359
100001
100001
100002
100001
70956359
46839087
23419950
185387334
100001
70956359
919180881
100002
100001
100001
70956359
100005
458755788
100001
100001
70956359
100001
905167630
100001
100001
70956359
139573889
887165576
96853497
100001
70956359
805899550
161594609
638405748
100001
70956359
504151247
574628145
100001
100001
70956359
100007
866685460
743784030
100001
70956359
100001
100019
50385011
100001
70956359
100001
100003
100009
100001
70956359
122289375
100002
100001
100001
70956359
285847031
100001
100001
100001
70956359
100001
682426448
100002
100001
70956359
248296928
862863791
100001
100001
70956359
100001
576721926
650320190
100001
70956359
173792989
100001
100001
100001
70956359
208827784
595053939
724674289
100001
70956359
886376804
535852411
100008
100001
70956359
564957266
717917374
874581763
100001
70956359
301669141
980541930
100009
100001
70956359
131370890
142421304
962478358
100001
70956359
100008
100002
40843789
100001
70956359
100003
100003
49074289
100001
70956359
413865460
176044061
133663586
100001
70956359
100002
742735454
196588944
100001
70956359
100002
100003
100001
100001
70956359
814525362
100001
170652488
100001
70956359
702611877
938263736
100001
100001
70956359
195671046
436665261
100003
100001
70956359
100002
742139595
100001
100001
70956359
100001
100001
100001
100001
70956359
682892687
69375035
173760423
100001
70956359
100003
262508464
344970820
100001
70956359
163728951
219180967
136923254
100001
70956359
100001
25248858
468834703
100001
70956359
100006
962478358
100001
100001
70956359
100001
2248965
100001
100001
70956359
309252946
100001
123111996
100001
70956359
325510831
915066764
100001
100001
70956359
187855979
100001
100003
100001
70956359
844262388
439890383
405416902
100001
70956359
100001
100001
101793804
100001
70956359
532297886
306097858
446418994
100001
70956359
100001
100002
100001
100001
70956359
552701415
129273734
644604838
100001
70956359
291679260
701773597
199888845
100001
70956359
100001
762658405
100001
100001
70956359
582266997
301353397
100005
100001
70956359
52081971
100001
178154797
100001
70956359
358375316
607157684
100002
100001
70956359
120542028
100002
100003
100001
70956359
100002
100004
100001
100001
70956359
338889497
306381986
292882958
100001
70956359
978997667
100002
100001
100001
70956359
985831111
645603635
513005345
100001
70956359
100001
171348502
100001
100001
70956359
41573553
420853672
40003579
100001
70956359
292653476
621274825
100002
100001
70956359
674238229
849911835
100001
100001
70956359
100002
100001
831757896
100001
70956359
608903760
97418112
100013
100001
70956359
100001
66229301
736822439
100001
70956359
401189824
61519165
100001
100001
70956359
572979753
100001
395050349
100001
70956359
812398366
169878198
100002
100001
70956359
956875166
100001
931918203
100001
70956359
968774032
100001
159038046
100001
70956359
100019
848863257
100002
100001
70956359
100002
100003
848060850
100001
70956359
290350144
100004
700115497
100001
70956359
100007
304081700
266076773
100001
70956359
100001
100001
100001
100001
70956359
100002
451711937
100001
100001
70956359
100001
264677014
8407567
100001
70956359
563969097
274574831
100001
100001
70956359
959878589
545892840
954522662
100001
70956359
986487293
817772378
100007
100001
70956359
966407627
100001
100001
100001
70956359
100001
191052950
344566610
100001
70956359
799553288
100001
124218151
100001
70956359
420051897
810301212
122409897
100001
70956359
931843253
895958508
775241333
100001
70956359
872502649
226493971
123220917
100001
70956359
736443991
100001
404892611
100001
70956359
78516923
100001
396320745
100001
70956359
100001
1206028
170652486
100001
70956359
100001
751648353
873808091
100001
70956359
100001
100001
868815383
100001
70956359
100004
368558228
100001
100001
70956359
503495881
79264238
100001
100001
70956359
847662006
100004
100001
100001
70956359
174748331
683081812
302650615
100001
70956359
618965454
100001
809922296
100001
70956359
40207003
753680741
100001
100001
70956359
981995271
100001
82407456
100001
70956359
100006
100001
785852196
100001
70956359
100001
100002
963526937
100001
70956359
100001
636600682
436241993
100001
70956359
100005
206206343
516025185
100001
70956359
100001
100001
451878355
100001
70956359
100002
100002
100004
100001
70956359
977224787
100001
307697126
100001
70956359
30445940
296831171
46797452
100001
70956359
192727007
393700937
307358509
100001
70956359
588319026
674951266
100001
100001
70956359
732249680
100001
148783556
100001
70956359
250736592
100001
129583214
100001
70956359
100007
586334518
100001
100001
70956359
981242156
100004
248041803
100001
70956359
791144124
327825426
314246315
100001
70956359
331444955
100001
100001
100001
70956359
100010
985260528
100001
100001
70956359
136627355
11486669
147180551
100001
70956359
753211123
100001
100001
100001
70956359
130112419
100002
414809012
100001
70956359
984452084
100002
100003
100001
70956359
781270656
100004
976642850
100001
70956359
986487293
125172959
477313988
100001
70956359
100001
100157
581131289
100001
70956359
167781042
589452349
100002
100001
70956359
684989843
249574886
608903760
100001
70956359
147062554
231520201
453604435
100001
70956359
384349642
100005
507820449
100001
70956359
131484794
100001
100004
100001
70956359
916616022
605428873
100001
100001
70956359
80227124
529223293
54179124
100001
70956359
100001
100002
905381584
100001
70956359
746526220
43553150
747731270
100001
70956359
100001
763566456
868335168
100001
70956359
153372818
100002
327669635
100001
70956359
302008760
486396124
100002
100001
70956359
100001
815515263
857915984
100001
70956359
100001
100001
100001
100001
70956359
100001
5298695
100001
100001
70956359
887165574
100020
288556414
100001
70956359
700420781
347274205
374382525
100001
70956359
809922296
223056389
743567253
100001
70956359
100002
96853497
950578685
100001
70956359
100004
850140010
100020
100001
70956359
449969038
252673938
348271127
100001
70956359
5298696
811379630
904462111
100001
70956359
783176077
954916397
100004
100001
70956359
864140861
100001
145718432
100001
70956359
100007
100001
913619395
100001
70956359
100004
448009329
100002
100001
70956359
574086833
100001
100001
100001
70956359
100001
873031204
100001
100001
70956359
291679259
682039131
100001
100001
70956359
450780003
677875924
862043708
100001
70956359
846053765
100001
64664897
100001
70956359
100001
27300209
647673
100001
70956359
100002
369207092
956807252
100001
70956359
100001
100001
843689718
100001
70956359
100002
43705356
100001
100001
70956359
649403023
865515592
242377537
100001
70956359
100001
40282024
100002
100001
70956359
100007
100001
879036753
100001
70956359
154506337
100001
630896996
100001
70956359
100001
100001
897043282
100001
70956359
100001
236206296
100002
100001
70956359
375955390
129273734
135506456
100001
70956359
471931927
131054197
847067467
100001
70956359
100001
350499356
100001
100001
70956359
100002
100003
100002
100001
70956359
355359811
100005
100001
100001
70956359
100001
892867340
100019
100001
70956359
287573251
173018694
100001
100001
70956359
770522736
174540381
100006
100001
70956359
100001
100001
100001
100001
70956359
143214714
100001
100001
100001
70956359
100001
834392951
611458192
100001
70956359
100002
445829886
739443891
100001
70956359
809252635
344416295
100007
100001
70956359
374366121
100001
635771088
100001
70956359
962478358
578202566
64664897
100001
70956359
292727845
100008
234653583
100001
70956359
388520132
100001
60630572
100001
70956359
145311868
100001
100001
100001
70956359
607452596
477971514
728091447
100001
70956359
201930342
100009
710893294
100001
70956359
173236135
100003
100001
100001
70956359
71345571
127372125
982993916
100001
70956359
219845110
100003
452957503
100001
70956359
742896121
100001
100002
100001
70956359
683606102
454653011
857449097
100001
70956359
100002
71880896
100001
100001
70956359
100001
573784772
100001
100001
70956359
136103066
951699515
648484874
100001
70956359
48182785
233060566
100001
100001
70956359
96247192
137198742
145607684
100001
70956359
100001
100005
92257590
100001
70956359
150893187
60936357
100001
100001
70956359
374756770
100001
288556414
100001
70956359
475768187
586582807
969822950
100001
70956359
101830670
387127486
100002
100001
70956359
100002
100001
535659264
100001
70956359
189017795
606768452
664989393
100001
70956359
100001
966407628
100001
100001
70956359
100002
473671032
48271754
100001
70956359
747382479
228865677
63616319
100001
70956359
307877854
637951291
100001
100001
70956359
100007
141015688
12601880
100001
70956359
66229301
100012
655403846
100001
70956359
168732073
100006
100001
100001
70956359
909763574
883930654
100001
100001
70956359
100001
707330471
100001
100001
70956359
100003
878269819
359163198
100001
70956359
73045054
269588946
100028
100001
70956359
455541314
584715104
100010
100001
70956359
966407629
100001
100001
100001
70956359
100008
294906647
907629048
100001
70956359
100001
279616340
100001
100001
70956359
100001
860995130
150030465
100001
70956359
501934447
396605327
238639871
100001
70956359
100003
853168400
211982321
100001
70956359
520446134
989991134
100001
100001
70956359
721680722
100001
100001
100001
70956359
100001
270241717
218883873
100001
70956359
659026313
629577900
966407630
100001
70956359
282439157
895761065
50085548
100001
70956359
282439157
44360812
100001
100001
70956359
100001
100001
824837952
100001
70956359
100002
674238488
324863175
100001
70956359
579041841
645603636
100001
100001
70956359
465047249
881133912
650846525
100001
70956359
100001
100001
778387071
100001
70956359
125172959
100002
35919962
100001
70956359
100001
880461468
100002
100001
70956359
296500699
405416902
100002
100001
70956359
100009
100003
100015
100001
70956359
100001
663254923
100001
100001
70956359
909239285
100004
304700636
100001
70956359
675407277
238550646
615195219
100001
70956359
100002
962478358
567578707
100001
70956359
686554458
100004
100002
100001
70956359
962478358
438227613
429225880
100001
70956359
100003
100002
226769103
100001
70956359
649485645
100001
100001
100001
70956359
949452739
901588258
746934736
100001
70956359
100013
881415550
100002
100001
70956359
266067523
100005
209360876
100001
70956359
915837078
100003
323082218
100001
70956359
129166747
50122867
100043
100001
70956359
41980284
100001
100002
100001
70956359
100002
939830768
93031364
100001
70956359
47134209
776289916
100001
100001
70956359
711409329
100001
979916196
100001
70956359
649077225
140098177
606739594
100001
70956359
788142884
53130548
443439967
100001
70956359
31083383
100001
736635905
100001
70956359
100001
502885097
343290384
100001
70956359
100006
11640302
12601879
100001
70956359
100001
100006
100001
100001
70956359
669774116
881162804
100001
100001
70956359
100033
665139092
288032124
100001
70956359
758464098
353936438
819006767
100001
70956359
964575513
100001
560762959
100001
70956359
563969097
961365322
312175409
100001
70956359
170652486
502257433
446855995
100001
70956359
272734675
523727619
100048
100001
70956359
100001
100001
160248180
100001
70956359
203928986
741163708
893438833
100001
70956359
100001
100001
806125590
100001
70956359
100001
811666724
647282249
100001
70956359
100001
845958069
100001
100001
70956359
100001
790697653
594118676
100001
70956359
130631792
100001
100001
100001
70956359
100001
100001
100001
100001
70956359
622256265
466559145
179053250
100001
70956359
570214885
100001
584216204
100001
70956359
13729768
836577038
100015
100001
70956359
371744678
100001
681179708
100001
70956359
715495968
100001
538242428
100001
70956359
851332035
101567324
100002
100001
70956359
100003
935154846
100002
100001
70956359
264847856
100001
659085660
100001
70956359
100001
100003
552693343
100001
70956359
145063068
375414698
878594648
100001
70956359
100002
100001
816187198
100001
70956359
118743424
613184137
100025
100001
70956359
848863255
100001
100001
100001
70956359
324338885
942814591
573362717
100001
70956359
355359811
737826947
669556384
100001
70956359
367387682
486622275
100001
100001
70956359
61950870
589459087
48948239
100001
70956359
100001
100002
264670339
100001
70956359
741615305
462950096
100001
100001
70956359
33374001
280337239
897675548
100001
70956359
362831770
100001
100002
100001
70956359
132795515
100001
397857919
100001
70956359
100001
100001
654170605
100001
70956359
100001
100001
386705549
100001
70956359
738993863
831916302
304000704
100001
70956359
458755788
307926506
354236152
100001
70956359
100005
100003
100012
100001
70956359
508029786
272070506
444519073
100001
70956359
543525156
682892686
196042687
100001
70956359
100001
48646291
100001
100001
70956359
509000918
100001
664007051
100001
70956359
100001
100003
100001
100001
70956359
100001
563392841
717265445
100001
70956359
100001
52093967
979521956
100001
70956359
159861889
100002
537535191
100001
70956359
374915229
100002
132549640
100001
70956359
100006
100001
268065469
100001
70956359
260514231
261873214
64664896
100001
70956359
486299672
822823430
100001
100001
70956359
782345054
424487078
625902518
100001
70956359
976376218
100001
873036283
100001
70956359
100001
137689662
100001
100001
70956359
843860912
822823430
897979595
100001
70956359
100002
763706981
706322543
100001
70956359
394709103
987927182
100002
100001
70956359
336174581
100001
100001
100001
70956359
605774083
100001
100001
100001
70956359
149964944
100001
100001
100001
70956359
819611268
100001
770522736
100001
70956359
814525361
100013
824837952
100001
70956359
100003
100001
916616023
100001
70956359
4912302
677769518
427066514
100001
70956359
100003
400217219
100005
100001
70956359
90739495
835279514
834735430
100001
70956359
530554877
787942560
100002
100001
70956359
638654463
100001
349023062
100001
70956359
60674208
881415549
268688964
100001
70956359
369207114
675107009
100001
100001
70956359
100001
446418992
100002
100001
70956359
85660445
482726105
706306579
100001
70956359
100003
100001
100001
100001
70956359
933809341
671257245
100003
100001
70956359
954288173
100001
707118237
100001
70956359
100001
40919569
561811535
100001
70956359
758038291
753418585
44601731
100001
70956359
131370890
100003
605192252
100001
70956359
947966054
165933890
151079042
100001
70956359
74753457
201145413
763254934
100001
70956359
100001
79262679
769998444
100001
70956359
100003
757415522
64934066
100001
70956359
100005
630490042
359584661
100001
70956359
850140010
849911835
100001
100001
70956359
824064968
561165365
481823966
100001
70956359
100002
824396295
100001
100001
70956359
100001
100001
963526935
100001
70956359
172187555
645603635
472291730
100001
70956359
100001
100001
980644299
100001
70956359
721680721
100002
100002
100001
70956359
100004
294902057
682892687
100001
70956359
173108357
77689813
100001
100001
70956359
985082871
195671437
100003
100001
70956359
100004
445567651
120542028
100001
70956359
100002
333223267
971045567
100001
70956359
567650299
100002
643083073
100001
70956359
100002
100010
171566157
100001
70956359
100002
100001
815689468
100001
70956359
738657457
100002
100002
100001
70956359
927581502
439492002
42001512
100001
70956359
100001
658783025
151079043
100001
70956359
659438390
242482816
936498204
100001
70956359
842592953
896711301
860995131
100001
70956359
341431139
266018897
810825501
100001
70956359
352656050
567578708
659511647
100001
70956359
100002
400217218
100002
100001
70956359
812660512
100001
100001
100001
70956359
100001
333893889
630961821
100001
70956359
646794366
100005
100001
100001
70956359
170833340
347156871
100002
100001
70956359
810825501
100004
100001
100001
70956359
799553289
100004
399761388
100001
70956359
573362717
176044062
60470587
100001
70956359
446418994
100001
100001
100001
70956359
100015
706067039
818136704
100001
70956359
100033
113077121
570620455
100001
70956359
747459027
268668850
437179037
100001
70956359
100003
695468138
73045054
100001
70956359
115174273
100001
100031
100001
70956359
978997659
100002
100001
100001
70956359
100003
3449589
100001
100001
70956359
944818136
100001
849911835
100001
70956359
712384094
360571882
507375376
100001
70956359
648223374
678582883
341861220
100001
70956359
744832606
100001
170652489
100001
70956359
100004
413827658
398692747
100001
70956359
100001
100001
445567651
100001
70956359
44601731
100001
668339447
100001
70956359
100001
352624546
100001
100001
70956359
100001
841116656
72450839
100001
70956359
494845118
100001
100006
100001
70956359
58396334
446418992
490283791
100001
70956359
100005
711433968
100001
100001
70956359
348450682
708812919
876939601
100001
70956359
100003
100001
911938312
100001
70956359
198722776
100001
750091288
100001
70956359
668362119
100001
100002
100001
70956359
964825826
471672936
448682849
100001
70956359
481939669
954844039
100001
100001
70956359
254355967
40439640
100024
100001
70956359
100001
821103927
58396332
100001
70956359
564794020
261873213
100005
100001
70956359
735391626
489279709
853197391
100001
70956359
100001
806256665
648484874
100001
70956359
100001
173699750
100001
100001
70956359
100002
437094771
100001
100001
70956359
651113663
100002
960614811
100001
70956359
923837758
100001
100001
100001
70956359
100002
413853147
100001
100001
70956359
636983886
113077121
100001
100001
70956359
100003
100001
111603324
100001
70956359
775241334
759354512
615368060
100001
70956359
976642849
763461226
64664897
100001
70956359
100001
100002
100003
100001
70956359
53130548
334041346
100001
100001
70956359
100001
775241336
222141412
100001
70956359
100006
59930473
100008
100001
70956359
100001
787942560
819531056
100001
70956359
100002
686744691
100001
100001
70956359
132533371
100003
120810277
100001
70956359
319936486
100001
100003
100001
70956359
311362729
100005
100002
100001
70956359
100005
100001
100002
100001
70956359
100005
909987710
100005
100001
70956359
956282964
100001
100025
100001
70956359
100003
584774865
100001
100001
70956359
963526935
100002
100004
100001
70956359
100001
100001
100001
100001
70956359
612049490
742431189
100001
100001
70956359
261548392
100002
586334518
100001
70956359
715215458
100002
572314139
100001
70956359
667964640
100001
8254758
100001
70956359
100001
959991060
100017
100001
70956359
100001
480772542
100002
100001
70956359
390332386
127270114
134826100
100001
70956359
100014
945043425
100001
100001
70956359
210407911
646652215
384991702
100001
70956359
985159081
872049374
100005
100001
70956359
375414698
749047558
100002
100001
70956359
682996469
100004
100001
100001
70956359
50122867
678185569
100001
100001
70956359
305256408
100001
177430440
100001
70956359
577760372
560762959
777380496
100001
70956359
211449227
758830218
627761290
100001
70956359
100008
534834549
344416295
100001
70956359
812398366
100001
59057706
100001
70956359
963526934
962810499
100002
100001
70956359
712037816
100003
168520345
100001
70956359
891173079
988657415
9456145
100001
70956359
985159081
100002
85156120
100001
70956359
147180552
950943265
290350144
100001
70956359
72525511
100006
949773779
100001
70956359
100005
100001
602919135
100001
70956359
100001
237255829
100001
100001
70956359
23428142
890094877
90089175
100001
70956359
100059
100001
100001
100001
70956359
135760738
63917440
588120704
100001
70956359
100001
100001
266490049
100001
70956359
786146145
340902066
100001
100001
70956359
100001
377798814
731129532
100001
70956359
826027833
100021
868494907
100001
70956359
203982083
70956359
696537386
100001
70956359
645836354
100001
544271402
100001
70956359
100003
988102571
942814590
100001
70956359
100001
153982045
451828580
100001
70956359
46679033
681179707
100007
100001
70956359
573300398
54191121
312832870
100001
70956359
100001
100001
451878355
100001
70956359
971915556
100005
64132147
100001
70956359
100023
379948172
100010
100001
70956359
644131649
25908816
841116656
100001
70956359
399878583
177068063
100002
100001
70956359
100008
283313527
100004
100001
70956359
357181915
354560470
100001
100001
70956359
922063603
978997665
248041800
100001
70956359
100001
570724443
195671438
100001
70956359
459662495
425324916
100001
100001
70956359
97232574
100003
280831139
100001
70956359
100009
100003
100001
100001
70956359
100007
100001
100001
100001
70956359
496905234
100001
751204684
100001
70956359
233832051
100002
100001
100001
70956359
790118973
100001
100003
100001
70956359
100001
100007
847662008
100001
70956359
100001
736634565
100001
100001
70956359
573362716
87155290
137198742
100001
70956359
497228054
100001
212636137
100001
70956359
100001
651209540
526418234
100001
70956359
100001
100010
766852711
100001
70956359
100001
100002
100001
100001
70956359
100001
356608175
314409595
100001
70956359
916532123
359702442
2360499
100001
70956359
100001
100001
100004
100001
70956359
100001
100001
343771
100001
70956359
900752537
100001
860995132
100001
70956359
948909263
620014030
100002
100001
70956359
100001
101567324
744832606
100001
70956359
333485412
241263423
605038331
100001
70956359
100004
932695227
775543864
100001
70956359
676258929
564790504
100001
100001
70956359
176230590
100009
100001
100001
70956359
100002
758872417
988448518
100001
70956359
568035972
100003
452031567
100001
70956359
385289278
259425532
100001
100001
70956359
450548481
405742319
309512019
100001
70956359
100001
341420880
100001
100001
70956359
387913922
793217887
773144181
100001
70956359
100002
791691838
100003
100001
70956359
100001
100002
107062525
100001
70956359
363896752
661505757
100001
100001
70956359
52081971
54191122
100002
100001
70956359
100001
644242758
100004
100001
70956359
390332387
80793675
100002
100001
70956359
3522039
100001
100001
100001
70956359
770522734
100013
74753457
100001
70956359
202522211
100008
100001
100001
70956359
170224126
100001
127486060
100001
70956359
100004
100001
100005
100001
70956359
100003
444488545
100001
100001
70956359
369139637
396320745
100003
100001
70956359
35164534
100001
671540333
100001
70956359
169685375
100001
100001
100001
70956359
624354941
100008
634460367
100001
70956359
459731778
810927282
395505381
100001
70956359
334336258
100018
100001
100001
70956359
100001
100001
242377537
100001
70956359
100001
962780432
100001
100001
70956359
816187198
100001
100002
100001
70956359
284536309
100001
196042688
100001
70956359
647673
100001
918409115
100001
70956359
100001
238774926
770522736
100001
70956359
825995137
252841570
100001
100001
70956359
100001
100003
100001
100001
70956359
524845364
897567570
974820115
100001
70956359
1206026
399988592
671358344
100001
70956359
100005
486396124
100002
100001
70956359
100001
100008
311376792
100001
70956359
100001
182698394
568821363
100001
70956359
100001
954522662
100023
100001
70956359
100001
826346814
100001
100001
70956359
529047542
126323548
148261001
100001
70956359
269970586
836983100
736652292
100001
70956359
650816038
100001
100002
100001
70956359
241557805
146767009
302008760
100001
70956359
100001
100001
39682713
100001
70956359
903072602
250161663
538242429
100001
70956359
965624089
693199532
100001
100001
70956359
672442819
561819976
100001
100001
70956359
677668271
100001
122519339
100001
70956359
111641890
517684448
100307820
100001
70956359
176693949
100002
100001
100001
70956359
125799260
68604087
100001
100001
70956359
100002
242482816
675905782
100001
70956359
858342823
451565305
53130548
100001
70956359
100001
100002
100001
100001
70956359
206279134
100001
952223803
100001
70956359
100006
390889958
100001
100001
70956359
959563844
475768190
526426098
100001
70956359
100001
100002
25880621
100001
70956359
630692014
566544188
100002
100001
70956359
702611877
100001
193421241
100001
70956359
262508463
895883856
509769516
100001
70956359
717134373
100001
100069
100001
70956359
100001
589459089
100017
100001
70956359
100001
100032
940788940
100001
70956359
100002
100001
577236084
100001
70956359
816863771
100011
171570718
100001
70956359
100011
31818388
337078286
100001
70956359
100001
100032
116222854
100001
70956359
649485644
979362278
100001
100001
70956359
100002
100003
112914049
100001
70956359
100004
587830070
331718565
100001
70956359
17777787
420421393
100005
100001
70956359
100001
100001
100001
100001
70956359
329721699
100004
473671032
100001
70956359
128782679
100002
72558140
100001
70956359
651128069
486195658
100004
100001
70956359
100001
100003
100005
100001
70956359
100001
100001
341455375
100001
70956359
336032889
100002
100001
100001
70956359
135760738
100001
100001
100001
70956359
27937647
890145260
100002
100001
70956359
100020
100048
100001
100001
70956359
671358344
100002
115174277
100001
70956359
100001
895732561
100002
100001
70956359
337448445
100001
644647355
100001
70956359
700480400
220061662
100003
100001
70956359
100003
100002
100001
100001
70956359
100009
100001
860839427
100001
70956359
645291334
100001
642145597
100001
70956359
576498626
168623674
100001
100001
70956359
446386701
407980531
100001
100001
70956359
860995132
100004
100004
100001
70956359
172838040
100001
846612807
100001
70956359
742139595
100001
888628790
100001
70956359
753166181
458377422
129473960
100001
70956359
949279778
543525156
100004
100001
70956359
100001
359584661
73543704
100001
70956359
100001
52901379
646914359
100001
70956359
100001
636812971
804271886
100001
70956359
100001
331042434
636134139
100001
70956359
687603037
100001
570391770
100001
70956359
183721897
116813454
780816552
100001
70956359
100002
311028529
111728566
100001
70956359
979493352
785535147
134943000
100001
70956359
100011
100001
100001
100001
70956359
570391770
979521956
13825212
100001
70956359
172220125
100001
870432326
100001
70956359
895752464
100001
762517880
100001
70956359
486195657
196588945
100001
100001
70956359
100001
100007
288032125
100001
70956359
100164
100001
100001
100001
70956359
306309931
100011
100005
100001
70956359
880892587
425831061
247779653
100001
70956359
100001
100017
100005
100001
70956359
185294768
818660993
152036357
100001
70956359
287944185
100001
100001
100001
70956359
100006
10797998
992600568
100001
70956359
100001
100006
290314236
100001
70956359
108543131
100002
884565552
100001
70956359
678698380
984225474
100001
100001
70956359
986487292
581706843
639146560
100001
70956359
126900354
82669601
225537970
100001
70956359
282072736
178296486
360626201
100001
70956359
325190858
838644611
921375469
100001
70956359
100004
277417555
100001
100001
70956359
983518990
100001
629965754
100001
70956359
189200568
905035871
100002
100001
70956359
100002
100001
360996921
100001
70956359
654841532
100001
100001
100001
70956359
100001
100002
44601727
100001
70956359
990864439
945344612
44601730
100001
70956359
591344550
100001
608862273
100001
70956359
579673801
450613301
100001
100001
70956359
904662536
897071788
100001
100001
70956359
302427838
976609073
851332035
100001
70956359
151079043
612049490
100004
100001
70956359
964672371
623912940
4841978
100001
70956359
192372663
557092940
100002
100001
70956359
732249673
642145598
100001
100001
70956359
869295645
100002
100012
100001
70956359
343290385
100006
100006
100001
70956359
100002
168685448
100005
100001
70956359
181875080
813763878
132887002
100001
70956359
100001
648044876
100010
100001
70956359
100002
67810626
965617442
100001
70956359
122409897
588120704
1648872
100001
70956359
646339912
582355807
646794366
100001
70956359
800853832
60462128
100001
100001
70956359
100002
156578163
172187556
100001
70956359
94665594
837769534
388282085
100001
70956359
100001
159860890
100001
100001
70956359
100006
100001
344970820
100001
70956359
93695143
100001
100005
100001
70956359
274339478
738133960
449190763
100001
70956359
545384292
802921113
816040465
100001
70956359
170221461
100012
131370890
100001
70956359
100001
9396999
100002
100001
70956359
100001
391380331
794837567
100001
70956359
100001
100001
100001
100001
70956359
874599802
100001
100007
100001
70956359
521362301
100001
147180552
100001
70956359
101830670
64601185
733152419
100001
70956359
604667964
428581635
100001
100001
70956359
940366876
100001
864254694
100001
70956359
450763627
690114010
100003
100001
70956359
379980940
476816767
100006
100001
70956359
100001
735585986
563908688
100001
70956359
654841532
836983100
681403832
100001
70956359
23428142
258578892
870432325
100001
70956359
307877854
929907586
378052545
100001
70956359
139020407
734609608
100002
100001
70956359
575986397
100003
100001
100001
70956359
285934970
65982643
100001
100001
70956359
148261001
100007
23143566
100001
70956359
100002
531420664
100001
100001
70956359
100005
100001
100001
100001
70956359
621886179
738541146
261459887
100001
70956359
100001
100001
819873414
100001
70956359
100001
237254872
445829885
100001
70956359
876939600
100005
100001
100001
70956359
100001
899808469
100005
100001
70956359
235981431
100003
541821071
100001
70956359
100002
100001
413064692
100001
70956359
420179479
285551810
100001
100001
70956359
301353397
100001
38604631
100001
70956359
943506618
100001
100002
100001
70956359
238304405
100001
307877854
100001
70956359
100008
100007
682360146
100001
70956359
100001
345877331
100057
100001
70956359
100002
100007
100004
100001
70956359
100001
829152269
749041990
100001
70956359
115174278
100001
100001
100001
70956359
334041346
708419696
53891195
100001
70956359
794837567
365661586
100002
100001
70956359
100015
111603324
892823095
100001
70956359
115836790
907103828
649019876
100001
70956359
9456147
71739078
945204729
100001
70956359
305288451
100002
329380604
100001
70956359
100001
311541
100001
100001
70956359
120054594
100002
43433157
100001
70956359
797643726
559714382
100001
100001
70956359
100001
699113571
828869413
100001
70956359
100001
100008
822823430
100001
70956359
742735454
678293806
100001
100001
70956359
100001
226586547
100001
100001
70956359
100005
421636751
907083556
100001
70956359
119761701
100005
100001
100001
70956359
100005
100002
620539783
100001
70956359
45126020
882501712
939318299
100001
70956359
100021
359161752
594118676
100001
70956359
100002
613883582
172187555
100001
70956359
107206575
898284171
164917912
100001
70956359
100001
156389771
100001
100001
70956359
280009559
100001
49096229
100001
70956359
100001
100001
100007
100001
70956359
246175343
766081391
471104755
100001
70956359
189017793
295858992
100001
100001
70956359
700121503
654687007
365952020
100001
70956359
821708424
100003
574296821
100001
70956359
987520592
100001
100001
100001
70956359
624551558
100001
899947106
100001
70956359
100001
100001
100001
100001
70956359
848889906
100007
633411791
100001
70956359
100002
680748469
100003
100001
70956359
562134084
63616320
59057706
100001
70956359
271672765
315742179
100001
100001
70956359
43553150
150030464
100001
100001
70956359
100003
741972510
100004
100001
70956359
100001
100001
108335906
100001
70956359
763967644
376975366
155269714
100001
70956359
100001
307877854
968766934
100001
70956359
97232574
757415522
265197581
100001
70956359
96156544
240663046
115240583
100001
70956359
258508899
861951965
100004
100001
70956359
733298259
100001
48646295
100001
70956359
100001
822448305
100001
100001
70956359
197838032
236206296
724674289
100001
70956359
397016072
27937649
166732466
100001
70956359
878956869
848863257
992239189
100001
70956359
100001
776289916
157512334
100001
70956359
64664897
488755420
476816768
100001
70956359
100002
176107908
249012391
100001
70956359
447118141
292465699
950166996
100001
70956359
100001
100010
100001
100001
70956359
100001
51193382
100001
100001
70956359
167608732
638956559
100001
100001
70956359
100002
475768190
76379091
100001
70956359
100001
100009
100001
100001
70956359
975065495
649533452
840357209
100001
70956359
232011987
156136077
172225353
100001
70956359
504354587
907629048
307453158
100001
70956359
100003
100003
523499527
100001
70956359
100001
141015687
100001
100001
70956359
831589697
100001
506973801
100001
70956359
100001
980754170
476791108
100001
70956359
100006
100001
100002
100001
70956359
579673804
100007
687078731
100001
70956359
64664897
64664897
643635411
100001
70956359
16118679
393776027
416751373
100001
70956359
33099594
160922216
392428907
100001
70956359
240737024
100003
48122003
100001
70956359
100001
177430441
577187057
100001
70956359
100001
100001
400741508
100001
70956359
284634199
415426012
100001
100001
70956359
859684410
557092941
100001
100001
70956359
838251730
944561185
100001
100001
70956359
562819938
89794730
100001
100001
70956359
587240580
671257245
100001
100001
70956359
61679151
361164875
300013524
100001
70956359
100001
654079821
100001
100001
70956359
789070397
131566432
100001
100001
70956359
100005
100002
395760759
100001
70956359
841116658
135040907
345877332
100001
70956359
100002
178004673
100001
100001
70956359
100002
495893695
294323588
100001
70956359
100003
100001
312038237
100001
70956359
536609627
475768190
653059759
100001
70956359
240219883
299333551
46295037
100001
70956359
100006
100001
195671437
100001
70956359
100001
336095244
100001
100001
70956359
100007
76379091
100002
100001
70956359
819006767
645603637
361157525
100001
70956359
100002
100002
123693863
100001
70956359
100001
772856880
100003
100001
70956359
987256233
100001
544636088
100001
70956359
75596567
100013
813705190
100001
70956359
809273489
223656918
114373019
100001
70956359
100002
800601865
936114003
100001
70956359
137677363
877972048
979493352
100001
70956359
100001
100001
100001
100001
70956359
693891584
490716340
169878199
100001
70956359
512142189
965624089
900975449
100001
70956359
49096230
100002
100001
100001
70956359
742735454
355229583
256403810
100001
70956359
100002
887399154
872774137
100001
70956359
623122590
486588880
707946946
100001
70956359
565148887
480772542
43988480
100001
70956359
249705959
652222613
503495882
100001
70956359
100002
139020407
100002
100001
70956359
66014595
353673124
100001
100001
70956359
585264780
231634619
366928927
100001
70956359
75596572
978997659
768481964
100001
70956359
9560576
75277746
531139228
100001
70956359
100002
725293627
761713810
100001
70956359
100001
100001
629965754
100001
70956359
46295037
280167792
100005
100001
70956359
409851260
850313774
872712231
100001
70956359
881133912
952223803
100001
100001
70956359
100002
100001
417783955
100001
70956359
100001
100001
929405551
100001
70956359
345877332
100001
100001
100001
70956359
605428872
601472929
792169311
100001
70956359
100003
100001
181875080
100001
70956359
68859204
540700117
425831061
100001
70956359
577236084
152194173
100001
100001
70956359
897790146
736634565
100001
100001
70956359
223842824
356328088
964185427
100001
70956359
63616319
100001
359287739
100001
70956359
100001
100007
679706881
100001
70956359
253321588
651895102
520446135
100001
70956359
442854112
301117116
86943444
100001
70956359
119761701
100001
100002
100001
70956359
88134309
226492012
100001
100001
70956359
100002
413827657
587794738
100001
70956359
604667964
943506619
100002
100001
70956359
100002
100029
100012
100001
70956359
767901288
100001
100017
100001
70956359
517592869
653264096
330878591
100001
70956359
100001
772835401
152194173
100001
70956359
100568
293951782
100003
100001
70956359
964705146
100001
100001
100001
70956359
827919678
452555855
557380266
100001
70956359
971504322
723393078
100001
100001
70956359
443102646
912331532
100001
100001
70956359
768813880
241958526
100001
100001
70956359
102091612
100001
715823649
100001
70956359
492272355
152560647
977923002
100001
70956359
655403846
676723252
222794244
100001
70956359
536609626
824396296
322758354
100001
70956359
182673321
650534223
154614348
100001
70956359
100002
919761754
731653821
100001
70956359
988750523
100001
935118007
100001
70956359
799553288
100004
100004
100001
70956359
100001
100001
100001
100001
70956359
100001
729140024
776256116
100001
70956359
300173747
100001
962728673
100001
70956359
100012
396320745
945670198
100001
70956359
568294616
399879104
100002
100001
70956359
14873788
393776026
100001
100001
70956359
100001
806106897
988569168
100001
70956359
983862257
452555856
831589697
100001
70956359
100001
100001
692114307
100001
70956359
100221
602023981
633216347
100001
70956359
100001
27300208
932695227
100001
70956359
100001
50455672
492916448
100001
70956359
672406923
507690195
100044
100001
70956359
604387402
918175056
100001
100001
70956359
715215460
48358516
629492844
100001
70956359
812660512
194332646
43705355
100001
70956359
100001
544893456
100001
100001
70956359
100001
100003
252105043
100001
70956359
100036
40003573
991380540
100001
70956359
48707073
100052
989958806
100001
70956359
47223177
423197625
158283212
100001
70956359
229914834
395050349
43297985
100001
70956359
169626105
356278162
95290945
100001
70956359
405752304
261873212
100001
100001
70956359
100001
100008
433380091
100001
70956359
317741146
184775027
100002
100001
70956359
100006
100001
100001
100001
70956359
265210942
712299960
100003
100001
70956359
100002
857097810
368074658
100001
70956359
153372819
100006
346925908
100001
70956359
87984289
171441998
100016
100001
70956359
618965454
63616320
100004
100001
70956359
34155995
100001
180076952
100001
70956359
767901288
100001
100001
100001
70956359
100001
109515558
452777341
100001
70956359
705726980
975507541
903613958
100001
70956359
962478358
100001
100001
100001
70956359
904647156
100050
62178856
100001
70956359
274574831
563917130
100001
100001
70956359
787719010
100001
148261002
100001
70956359
659045169
968766934
859488850
100001
70956359
100002
658680660
100003
100001
70956359
602528332
100001
100007
100001
70956359
988406259
100001
362831769
100001
70956359
558665806
12601880
100003
100001
70956359
100140
829354860
100003
100001
70956359
100001
100001
100001
100001
70956359
100001
501754217
47223177
100001
70956359
100002
8407567
100001
100001
70956359
100005
100001
848049666
100001
70956359
179577540
100001
547973244
100001
70956359
160788673
100001
100001
100001
70956359
880609621
775241336
640400050
100001
70956359
100001
281390581
523854778
100001
70956359
562394415
194349031
147180552
100001
70956359
900468230
77427668
808873718
100001
70956359
745008891
416906167
489896563
100001
70956359
974643683
100002
898303687
100001
70956359
100002
987053995
100017
100001
70956359
836574395
100001
40003576
100001
70956359
905758822
100002
100002
100001
70956359
1696249
100003
100001
100001
70956359
422460426
904462111
100001
100001
70956359
100001
210407908
844438721
100001
70956359
292465699
100002
200380888
100001
70956359
345877332
100001
285934970
100001
70956359
100001
472980512
638345462
100001
70956359
100005
100001
903654702
100001
70956359
100001
100001
100001
100001
70956359
147212424
537466317
130631793
100001
70956359
100002
869885473
100001
100001
70956359
490292301
615368060
714953314
100001
70956359
650079492
100013
100179
100001
70956359
484670632
100001
96369532
100001
70956359
100003
989991133
629492844
100001
70956359
539099923
905227568
632954200
100001
70956359
100001
81884119
148361626
100001
70956359
100008
274574831
100001
100001
70956359
172187556
643915122
860805079
100001
70956359
789070397
145836156
100002
100001
70956359
300013524
100001
745596065
100001
70956359
100001
100002
100001
100001
70956359
100001
603545852
898747222
100001
70956359
399482211
886793778
536052486
100001
70956359
100024
100001
100001
100001
70956359
823789375
766852711
41835697
100001
70956359
100002
237502069
901782114
100001
70956359
100001
100002
277485211
100001
70956359
100001
489202343
100002
100001
70956359
100001
264287452
891908871
100001
70956359
100003
923999995
816187198
100001
70956359
100025
100001
100001
100001
70956359
422685332
100004
654879557
100001
70956359
194332647
100001
674114055
100001
70956359
354721702
100001
433601199
100001
70956359
139700762
646339915
170090401
100001
70956359
703889976
225153545
100001
100001
70956359
100001
100001
100001
100001
70956359
100005
100001
100002
100001
70956359
100001
170833341
146062857
100001
70956359
100047
654857932
100002
100001
70956359
382977737
985350047
100003
100001
70956359
545160377
100001
100001
100001
70956359
358574263
178264099
89360392
100001
70956359
100001
415542543
100001
100001
70956359
208074276
548212441
100001
100001
70956359
100001
378052545
100001
100001
70956359
100007
184775028
100001
100001
70956359
619898022
322033638
100001
100001
70956359
99578192
903072603
100011
100001
70956359
100002
100008
100012
100001
70956359
193412248
814090044
885085572
100001
70956359
100001
100004
100004
100001
70956359
250736592
100001
100001
100001
70956359
100001
100001
100003
100001
70956359
925618369
869440234
675148076
100001
70956359
797661136
422685330
100002
100001
70956359
232568778
285420738
100001
100001
70956359
360948269
508029786
501269186
100001
70956359
100001
100001
100001
100001
70956359
100001
701372132
705731076
100001
70956359
100001
637951291
884279647
100001
70956359
100007
100081
100001
100001
70956359
982013353
100001
100001
100001
70956359
665139092
506063699
834211139
100001
70956359
354560470
706281894
100001
100001
70956359
100001
600473648
570391770
100001
70956359
930694857
100003
405752304
100001
70956359
184599971
652176646
100002
100001
70956359
100014
637357171
766852711
100001
70956359
535591366
100001
100002
100001
70956359
100002
953721218
905602366
100001
70956359
809273488
682026097
667768030
100001
70956359
129063840
100001
100003
100001
70956359
214705936
936594631
289616483
100001
70956359
100015
651582799
100001
100001
70956359
527948280
579067575
307433966
100001
70956359
130631793
212451547
206206343
100001
70956359
290653567
8962990
434141905
100001
70956359
100009
589459087
100002
100001
70956359
626858777
100002
100002
100001
70956359
100004
100001
615840628
100001
70956359
872502650
663664758
266591811
100001
70956359
254503261
241560386
452646269
100001
70956359
100001
586334518
100002
100001
70956359
748261131
100001
100001
100001
70956359
129273734
100001
600473649
100001
70956359
136103066
100002
100014
100001
70956359
100001
989617745
180045204
100001
70956359
486195655
968915645
100001
100001
70956359
375414699
159102610
652679182
100001
70956359
73191616
100001
920631155
100001
70956359
100002
627447972
100001
100001
70956359
83517813
942464031
65713473
100001
70956359
115361719
100001
100006
100001
70956359
100008
183063004
675905782
100001
70956359
9456148
183063002
40003579
100001
70956359
100002
112777145
890012133
100001
70956359
459105435
100001
371415875
100001
70956359
100001
148261006
92771119
100001
70956359
147180552
571931177
369678246
100001
70956359
100001
974446381
891774519
100001
70956359
608107958
100048
100001
100001
70956359
286367141
165235853
100010
100001
70956359
100002
711433967
111079034
100001
70956359
126221536
100001
989991133
100001
70956359
100001
961001562
186595239
100001
70956359
531944958
982993916
600473648
100001
70956359
638345462
100001
380944543
100001
70956359
100001
100001
100001
100001
70956359
474719610
100002
100001
100001
70956359
306072000
100001
100002
100001
70956359
43203742
155024970
602135116
100001
70956359
108532891
129896744
100001
100001
70956359
100002
100001
100002
100001
70956359
100003
161565826
977996240
100001
70956359
100022
126244255
69907781
100001
70956359
180888261
100002
260673752
100001
70956359
100002
835308141
79264238
100001
70956359
234110099
100003
100003
100001
70956359
100001
100002
380673990
100001
70956359
784269558
100001
489202343
100001
70956359
359584661
100001
116222854
100001
70956359
777380496
242377538
425341301
100001
70956359
167337887
100002
100003
100001
70956359
581668176
876176938
536322088
100001
70956359
87699170
173236134
100001
100001
70956359
21259955
33099595
70956359
100001
70956359
396615658
265018947
56571398
100001
70956359
118252706
100016
100001
100001
70956359
186579124
977224787
263096070
100001
70956359
621719435
423197625
70936703
100001
70956359
59717129
605044143
383751898
100001
70956359
100005
488719434
722278959
100001
70956359
100001
626419176
100003
100001
70956359
100001
6543399
100001
100001
70956359
678251106
707330470
100003
100001
70956359
278769140
637091500
50871980
100001
70956359
814466680
100001
100001
100001
70956359
550071900
678296117
100002
100001
70956359
644555059
100006
438474847
100001
70956359
183942651
469051495
977280754
100001
70956359
100001
100008
248821219
100001
70956359
100005
100002
137198743
100001
70956359
332651904
605278438
644242758
100001
70956359
100001
406935976
42504572
100001
70956359
66014595
100002
95135421
100001
70956359
100001
100001
562860111
100001
70956359
40439639
100003
100001
100001
70956359
356278162
573362717
975065496
100001
70956359
36906915
775241336
283313527
100001
70956359
40524037
259627470
744206842
100001
70956359
360108949
100001
166064001
100001
70956359
100001
942464030
100002
100001
70956359
100001
185807241
100001
100001
70956359
161214659
479000970
513932985
100001
70956359
100001
100004
452926931
100001
70956359
775881741
941509838
75606537
100001
70956359
821708424
667251668
100001
100001
70956359
266490047
247222596
100001
100001
70956359
11846574
100002
446418994
100001
70956359
100002
169685374
100002
100001
70956359
100003
100002
327669637
100001
70956359
911385599
100001
43693357
100001
70956359
885609860
615195220
100001
100001
70956359
100004
603443425
949171410
100001
70956359
100001
100014
100001
100001
70956359
34148174
562396230
678293808
100001
70956359
56571398
100002
100010
100001
70956359
426343500
100001
52093967
100001
70956359
508548895
976232176
100001
100001
70956359
53130548
100001
100001
100001
70956359
676601228
267358129
100002
100001
70956359
100001
359163198
741323256
100001
70956359
100001
100001
100002
100001
70956359
349023062
537688520
100001
100001
70956359
462488665
433912522
773144180
100001
70956359
100001
100001
122289375
100001
70956359
100001
100001
425418339
100001
70956359
598657018
74617919
22627417
100001
70956359
100004
100001
902021901
100001
70956359
547049407
100001
100001
100001
70956359
100001
100001
605562620
100001
70956359
135040908
173018694
100001
100001
70956359
704709030
100006
781340840
100001
70956359
179850420
100003
967447269
100001
70956359
100003
100001
100001
100001
70956359
100002
100001
100024
100001
70956359
80156941
890580610
100001
100001
70956359
561242470
100001
100001
100001
70956359
100004
820743872
180826502
100001
70956359
604667964
683081812
100001
100001
70956359
100001
100001
436308331
100001
70956359
100001
944561186
823146688
100001
70956359
57619975
930546568
100008
100001
70956359
100001
100001
100011
100001
70956359
30821237
100008
100005
100001
70956359
100001
100001
100002
100001
70956359
990849980
100034
100001
100001
70956359
100001
100001
842165234
100001
70956359
886662706
100001
100005
100001
70956359
170733951
156716159
100008
100001
70956359
170652488
100001
343907310
100001
70956359
163179285
113077121
909626210
100001
70956359
661505501
602460382
100001
100001
70956359
739133878
100004
43705354
100001
70956359
321455296
356870321
100001
100001
70956359
100001
100002
615342727
100001
70956359
774670415
100001
266689202
100001
70956359
593743218
381198281
319640288
100001
70956359
773144181
100001
877381396
100001
70956359
143214714
100002
963526935
100001
70956359
33099591
756513110
100002
100001
70956359
112323633
100001
100001
100001
70956359
269236777
100001
440152528
100001
70956359
100001
250488905
100001
100001
70956359
866046143
169070938
608107961
100001
70956359
45802509
28348785
528925292
100001
70956359
100067
816040465
100001
100001
70956359
100001
100002
100001
100001
70956359
100001
100014
100001
100001
70956359
100001
100001
490775208
100001
70956359
58373433
333861111
43973831
100001
70956359
705355916
100001
654555935
100001
70956359
884848158
100010
576892143
100001
70956359
100003
100001
100001
100001
70956359
709312172
100001
476709184
100001
70956359
344970820
529047542
100002
100001
70956359
700121501
100002
100003
100001
70956359
100088
100003
785535146
100001
70956359
100001
130595496
100004
100001
70956359
574296821
100005
573362716
100001
70956359
162699505
445829886
809273488
100001
70956359
738541146
161296787
100001
100001
70956359
100001
100001
100002
100001
70956359
223922519
959878589
100001
100001
70956359
100001
359322516
878808056
100001
70956359
73705354
100001
100001
100001
70956359
100001
100002
461234005
100001
70956359
90169045
100003
417550836
100001
70956359
939840396
100002
763566456
100001
70956359
899402584
569675864
444519073
100001
70956359
100001
100005
100001
100001
70956359
40759578
534839475
100001
100001
70956359
994173432
354248066
100001
100001
70956359
100001
354560467
605562620
100001
70956359
842165235
526418229
585285942
100001
70956359
100001
815138622
815689468
100001
70956359
979977161
100001
502257432
100001
70956359
100001
816187198
100003
100001
70956359
942558420
660462938
100002
100001
70956359
748832489
88516308
731725385
100001
70956359
100001
100001
100001
100001
70956359
873551226
125799260
357706204
100001
70956359
808873718
100001
162614405
100001
70956359
321304595
229475871
499010583
100001
70956359
307433966
100001
570928155
100001
70956359
615342727
819376547
100006
100001
70956359
717265446
113077121
100003
100001
70956359
561340472
725228090
100001
100001
70956359
100002
100002
796216937
100001
70956359
100003
100003
642324482
100001
70956359
520183987
804850974
720938726
100001
70956359
100001
100001
100001
100001
70956359
196000218
267370332
100003
100001
70956359
100003
100001
323313398
100001
70956359
100001
100003
123693863
100001
70956359
100001
100003
371761080
100001
70956359
187724905
100002
100001
100001
70956359
966873659
674204428
100002
100001
70956359
636134139
100001
504023180
100001
70956359
100001
239688448
100001
100001
70956359
45423291
981476020
346960403
100001
70956359
100001
394094155
43169069
100001
70956359
100002
586837646
100002
100001
70956359
211089303
100002
100001
100001
70956359
100001
501269186
289844470
100001
70956359
100001
100001
753167815
100001
70956359
100002
100004
63917440
100001
70956359
100011
167857297
100005
100001
70956359
700377647
706186357
229914835
100001
70956359
59717129
982061145
100002
100001
70956359
745853619
100003
162820758
100001
70956359
221867949
818398848
61519165
100001
70956359
100001
980247500
830141292
100001
70956359
656895248
399168642
94845823
100001
70956359
100003
100002
100002
100001
70956359
589459088
214636535
100001
100001
70956359
536767956
658512218
100001
100001
70956359
834735430
100008
420421393
100001
70956359
100001
100001
907034851
100001
70956359
528515389
100032
656370956
100001
70956359
394053740
100003
476709185
100001
70956359
991551991
100003
106763038
100001
70956359
100001
100016
35448122
100001
70956359
139020407
323082217
749479633
100001
70956359
25203054
31494517
942464030
100001
70956359
100001
100004
607030599
100001
70956359
913330052
214247182
806044093
100001
70956359
100001
764547963
100001
100001
70956359
264081329
8438701
290653567
100001
70956359
615892349
335426058
449464159
100001
70956359
590311715
670491754
880891261
100001
70956359
100002
280167792
43693358
100001
70956359
150631042
100001
100006
100001
70956359
217485810
93694374
904662536
100001
70956359
830560565
565148887
347222547
100001
70956359
100001
73191616
542272989
100001
70956359
573959278
502257433
100011
100001
70956359
517592868
100001
100001
100001
70956359
916616022
100014
344416295
100001
70956359
870432324
233832051
195933583
100001
70956359
291679264
280301146
75343284
100001
70956359
835308141
67970609
666033886
100001
70956359
100003
282439157
905122550
100001
70956359
876176939
100002
680390964
100001
70956359
100001
40726809
491376865
100001
70956359
100001
105371562
100022
100001
70956359
100002
81884119
100052
100001
70956359
980541930
113846108
100001
100001
70956359
391663532
424201183
770104353
100001
70956359
760171355
112324225
323976541
100001
70956359
281216371
100001
100001
100001
70956359
100002
331751339
550071900
100001
70956359
765032809
100001
616345472
100001
70956359
74618113
535561048
47223178
100001
70956359
100003
748204554
968245531
100001
70956359
100001
100003
153084939
100001
70956359
100001
126323548
509859616
100001
70956359
183449508
667658773
100001
100001
70956359
903613958
100001
682996728
100001
70956359
100016
100001
100002
100001
70956359
100016
160248180
267928646
100001
70956359
261873214
100001
41980284
100001
70956359
171086357
100001
270331745
100001
70956359
541748696
56571398
849911834
100001
70956359
527088225
935118006
240400900
100001
70956359
739181747
832919863
100002
100001
70956359
100007
100001
100002
100001
70956359
100002
677618086
100001
100001
70956359
100001
735585986
100001
100001
70956359
100003
793187901
883503784
100001
70956359
234109144
258246754
240385657
100001
70956359
100001
19370031
211982321
100001
70956359
34410319
988750524
274698170
100001
70956359
237045285
100001
954447955
100001
70956359
58373432
229475871
201145411
100001
70956359
141495040
100002
664189645
100001
70956359
906034977
100001
218904778
100001
70956359
950321386
413865460
55522822
100001
70956359
96941673
981844002
509769516
100001
70956359
100001
45710126
504937679
100001
70956359
100003
503495881
100002
100001
70956359
100001
100006
100001
100001
70956359
133151350
100001
182174106
100001
70956359
40595737
733152419
100001
100001
70956359
100002
922907486
933312294
100001
70956359
100001
100003
637456467
100001
70956359
939318300
749304136
100001
100001
70956359
937215159
100001
100001
100001
70956359
100001
298479727
100001
100001
70956359
306097858
100002
966669775
100001
70956359
307453158
156660365
100002
100001
70956359
306508044
766081391
100001
100001
70956359
644242758
100007
85070618
100001
70956359
443823505
43512096
100001
100001
70956359
100005
100001
651582799
100001
70956359
939407215
127270114
100029
100001
70956359
57619976
868815381
906034977
100001
70956359
100003
100010
100001
100001
70956359
100001
100001
530236019
100001
70956359
100002
272639940
100011
100001
70956359
906055252
550071900
100001
100001
70956359
979024451
161565827
521282130
100001
70956359
122120999
630692014
100001
100001
70956359
220819370
643083073
100002
100001
70956359
100001
311547872
34410319
100001
70956359
191052950
605409512
379625411
100001
70956359
100001
100001
100001
100001
70956359
100005
40003579
100002
100001
70956359
906055251
100001
978067188
100001
70956359
189017795
100009
782319235
100001
70956359
897587796
100002
40439640
100001
70956359
424201183
100001
100001
100001
70956359
978997659
422685330
198690002
100001
70956359
703664227
100001
100001
100001
70956359
100003
100001
588319026
100001
70956359
799401041
995154399
875708680
100001
70956359
183857513
100002
989631125
100001
70956359
578739406
100004
100001
100001
70956359
100001
770104347
831895041
100001
70956359
100001
100010
100003
100001
70956359
501934447
100002
100002
100001
70956359
615368060
631589999
100002
100001
70956359
763566456
100001
429973146
100001
70956359
100001
100001
640461629
100001
70956359
100001
635444579
838080233
100001
70956359
404179435
223656918
388782277
100001
70956359
674204427
249113086
169435040
100001
70956359
72525514
100003
100002
100001
70956359
812428208
100001
100009
100001
70956359
517592868
100001
830560565
100001
70956359
403570032
100001
93441148
100001
70956359
100003
100001
752992985
100001
70956359
629020843
100001
501114965
100001
70956359
134326801
222269954
100002
100001
70956359
294936643
100001
100002
100001
70956359
100001
100001
100001
100001
70956359
285420737
672406923
567579642
100001
70956359
987256233
119761701
100001
100001
70956359
100001
100001
75616456
100001
70956359
100001
63895741
486567898
100001
70956359
264870352
115240587
198315978
100001
70956359
405431017
100001
342970205
100001
70956359
994173432
584761653
865423736
100001
70956359
830560565
100008
939312313
100001
70956359
100001
100001
916767540
100001
70956359
49755651
100002
100004
100001
70956359
141117562
766852711
100001
100001
70956359
165933890
100001
265018947
100001
70956359
100001
840768701
197475391
100001
70956359
178130260
647148357
166931907
100001
70956359
100001
100002
100002
100001
70956359
100003
952223803
621942941
100001
70956359
100002
629492844
100001
100001
70956359
584715104
640260979
709252270
100001
70956359
100002
632638575
100013
100001
70956359
74229162
5698736
882268970
100001
70956359
876369996
806256664
266591811
100001
70956359
100006
256371042
771571315
100001
70956359
977080408
100001
309975006
100001
70956359
354293787
100002
100005
100001
70956359
779079239
815253113
100005
100001
70956359
100001
100007
100001
100001
70956359
911781796
958852353
100006
100001
70956359
100001
100001
484340410
100001
70956359
22627417
100001
449410125
100001
70956359
611766761
337340430
100001
100001
70956359
9560576
649534101
100003
100001
70956359
100028
375416366
991301854
100001
70956359
653225223
365679512
900816410
100001
70956359
100006
550369751
100003
100001
70956359
349827294
63616317
985473717
100001
70956359
753745505
100002
100001
100001
70956359
482463959
100001
357578504
100001
70956359
100008
728091447
423197625
100001
70956359
356278162
355793647
491376865
100001
70956359
413913818
51852803
147180552
100001
70956359
100006
93441148
448682849
100001
70956359
477313988
388651204
129273735
100001
70956359
601936093
633897919
103687653
100001
70956359
100001
170652486
100002
100001
70956359
816618591
385289277
100001
100001
70956359
100001
100004
100001
100001
70956359
345224591
311547872
965101869
100001
70956359
302427838
387913922
100002
100001
70956359
100001
100001
531420664
100001
70956359
245923840
700673467
122782784
100001
70956359
816010884
481379388
100006
100001
70956359
100002
100001
750012146
100001
70956359
44601727
100003
100001
100001
70956359
451153637
307453158
637951290
100001
70956359
823005215
119893538
100005
100001
70956359
100004
100001
100001
100001
70956359
100002
602570807
806776564
100001
70956359
693625343
436272044
100002
100001
70956359
923956062
281390581
44627466
100001
70956359
29780760
375414699
314246318
100001
70956359
58373433
387818511
148786297
100001
70956359
650817133
34550646
1696249
100001
70956359
100001
100002
160248180
100001
70956359
819883774
100001
100002
100001
70956359
100001
626334485
615195220
100001
70956359
100003
217331914
959878592
100001
70956359
647750571
100001
100128
100001
70956359
877205592
114304860
100008
100001
70956359
100003
100001
785535146
100001
70956359
251623728
189017793
356575407
100001
70956359
100001
100002
809289260
100001
70956359
100002
100008
100001
100001
70956359
100001
646339914
100002
100001
70956359
100002
903654704
100008
100001
70956359
100002
102828056
100007
100001
70956359
264808086
954505039
432941368
100001
70956359
629002401
100001
833538465
100001
70956359
775241338
43149307
100001
100001
70956359
100001
781686152
963777250
100001
70956359
100005
880891261
100001
100001
70956359
264346281
92257593
100001
100001
70956359
100002
635182435
100002
100001
70956359
100001
100001
817786621
100001
70956359
238304406
990756786
730188601
100001
70956359
569675864
10384333
100001
100001
70956359
100004
439890384
216013120
100001
70956359
535561048
406181121
269737541
100001
70956359
869885473
897043282
100001
100001
70956359
100001
100022
100001
100001
70956359
744206842
100002
100002
100001
70956359
975507541
261331334
742663883
100001
70956359
979216024
806106897
38310263
100001
70956359
100001
100002
795430502
100001
70956359
178731619
100001
412779079
100001
70956359
220061662
876696955
100001
100001
70956359
288937041
100003
528515389
100001
70956359
100001
100001
879997674
100001
70956359
100001
100001
100002
100001
70956359
707330471
608836750
100002
100001
70956359
100001
455643193
399892462
100001
70956359
100001
983687664
350875870
100001
70956359
642145599
146131974
100001
100001
70956359
893380403
99470170
100003
100001
70956359
496774160
100001
100001
100001
70956359
100001
810825500
145836156
100001
70956359
100001
708903340
60470587
100001
70956359
100001
100007
83460900
100001
70956359
100003
86943444
100004
100001
70956359
725228090
51193382
723431396
100001
70956359
181875080
542272989
23886898
100001
70956359
910447870
100003
992204777
100001
70956359
100002
339356149
100001
100001
70956359
40003579
100003
38310266
100001
70956359
651209540
329721699
100002
100001
70956359
634460367
847408118
100001
100001
70956359
320338851
105134635
266539206
100001
70956359
100001
130631793
100001
100001
70956359
957776573
876176938
232556064
100001
70956359
100001
815689465
100001
100001
70956359
962843267
100035
338889563
100001
70956359
100001
806256664
743480545
100001
70956359
100001
222873939
477971514
100001
70956359
214853397
100001
132009083
100001
70956359
100001
629002401
808118064
100001
70956359
44741934
264171544
952223803
100001
70956359
542342607
100003
741801171
100001
70956359
124488535
100001
526418229
100001
70956359
903022285
316605618
609024870
100001
70956359
100001
46851085
84182070
100001
70956359
100001
863528401
100017
100001
70956359
100020
43705355
499010582
100001
70956359
100001
100022
100025
100001
70956359
745214409
47223177
100001
100001
70956359
70930012
331863387
100001
100001
70956359
963526936
8407567
834218532
100001
70956359
610073449
100001
962773907
100001
70956359
100001
100007
259100888
100001
70956359
100001
100001
707787777
100001
70956359
775241333
271672765
100001
100001
70956359
100001
100001
493272251
100001
70956359
100001
786615196
100001
100001
70956359
763728800
667976936
100001
100001
70956359
100001
869819936
100001
100001
70956359
989188170
100001
100001
100001
70956359
100001
53290536
33531599
100001
70956359
761219936
906742622
100001
100001
70956359
100001
173236134
100001
100001
70956359
880696104
645291334
100003
100001
70956359
992874721
100030
100003
100001
70956359
55522822
549179116
971915556
100001
70956359
47899662
100001
100001
100001
70956359
452777341
979521956
46085633
100001
70956359
200634595
242482816
570620456
100001
70956359
100003
100004
801083384
100001
70956359
145194142
100001
697170331
100001
70956359
915934377
568035971
100006
100001
70956359
100001
695381205
417261022
100001
70956359
100045
100001
248064510
100001
70956359
100008
100001
100002
100001
70956359
100001
129469278
793788991
100001
70956359
954288173
656370958
421636751
100001
70956359
848863257
536145272
100002
100001
70956359
437264026
100005
100001
100001
70956359
100001
100001
100001
100001
70956359
646701991
100006
100001
100001
70956359
100001
100011
100001
100001
70956359
100001
100008
810970872
100001
70956359
100001
100002
100001
100001
70956359
100001
732628131
4549572
100001
70956359
757415522
100002
184775027
100001
70956359
182698394
878981495
168829619
100001
70956359
769998445
305256408
37261687
100001
70956359
741615307
918713178
100001
100001
70956359
100002
100001
100001
100001
70956359
831048296
100001
100001
100001
70956359
98481777
285847030
815777407
100001
70956359
963526934
100001
100001
100001
70956359
100019
962753169
100001
100001
70956359
753418584
579187147
20189234
100001
70956359
100007
272070505
11363269
100001
70956359
979493352
600473648
375955390
100001
70956359
100001
666330015
100001
100001
70956359
100001
100001
760038908
100001
70956359
100001
719677285
66753592
100001
70956359
857294246
449731427
629492846
100001
70956359
881133912
732249680
845721545
100001
70956359
628261818
741339623
100002
100001
70956359
53949957
763923102
100001
100001
70956359
100002
261873212
100003
100001
70956359
189200568
717348675
122289375
100001
70956359
419611322
720505934
100001
100001
70956359
115174274
885609860
100001
100001
70956359
100001
352596510
528436861
100001
70956359
100001
100001
298479727
100001
70956359
808873720
100001
467101331
100001
70956359
832919863
100002
713248843
100001
70956359
100001
145311868
43705355
100001
70956359
100002
404179435
185294763
100001
70956359
417983805
28986225
357820486
100001
70956359
100002
100001
100004
100001
70956359
706322543
985423437
100001
100001
70956359
83985190
130322311
100001
100001
70956359
776289914
105578120
574996913
100001
70956359
100006
579067575
214853396
100001
70956359
122409896
536707848
779435647
100001
70956359
111204276
100001
100006
100001
70956359
584387343
683581051
420051897
100001
70956359
100001
100002
100010
100001
70956359
197475392
100001
212636137
100001
70956359
654055100
846053768
602570807
100001
70956359
95286848
637914018
751650749
100001
70956359
100001
100070
100001
100001
70956359
979916194
489679706
968245531
100001
70956359
880461468
831769196
100002
100001
70956359
100002
320819937
150030464
100001
70956359
459804366
68859204
100004
100001
70956359
100001
790705846
57559607
100001
70956359
100001
148981888
810992820
100001
70956359
100001
30305051
862658986
100001
70956359
233125534
540175829
130517854
100001
70956359
495893695
281548446
706306579
100001
70956359
884565552
100006
131566432
100001
70956359
100017
646339913
100001
100001
70956359
100001
21054551
183551395
100001
70956359
100001
779435647
823376070
100001
70956359
285934971
100001
104987176
100001
70956359
100002
697933923
100010
100001
70956359
671358344
741972509
100001
100001
70956359
100001
100001
100001
100001
70956359
100355
515003256
100010
100001
70956359
139295895
320683349
34439830
100001
70956359
48707073
595175340
202880409
100001
70956359
831638124
100001
100001
100001
70956359
96853499
100001
611766761
100001
70956359
610959426
100001
100001
100001
70956359
155269718
502257433
100001
100001
70956359
739977421
100002
100001
100001
70956359
717938507
100001
96369532
100001
70956359
100001
764755559
587933048
100001
70956359
317129907
44601730
528404088
100001
70956359
35488409
443825555
100001
100001
70956359
100001
100001
450675617
100001
70956359
850140010
100001
90613466
100001
70956359
100003
100001
100011
100001
70956359
409838014
100005
323082218
100001
70956359
100001
100001
689403930
100001
70956359
100006
100003
915690551
100001
70956359
776075380
718834721
127486060
100001
70956359
100002
315281967
100001
100001
70956359
820216828
100003
12601880
100001
70956359
118462384
100001
100001
100001
70956359
920336342
100001
306097858
100001
70956359
232556064
551753318
100002
100001
70956359
756906329
40207003
422685330
100001
70956359
56276279
100002
646339915
100001
70956359
4512260
100005
100006
100001
70956359
100001
158283290
100007
100001
70956359
847408118
100001
100001
100001
70956359
100001
406935974
222141411
100001
70956359
455541316
987256233
261873213
100001
70956359
624354941
252783103
991551990
100001
70956359
100002
100002
159084176
100001
70956359
100002
266048090
371761080
100001
70956359
168325793
100038
100001
100001
70956359
747382478
100001
336032889
100001
70956359
100002
748204554
135040908
100001
70956359
127250930
100002
100004
100001
70956359
100001
130631793
405416901
100001
70956359
420421393
100001
257722464
100001
70956359
100001
100001
840357209
100001
70956359
100569970
100001
100004
100001
70956359
748810139
646409471
100001
100001
70956359
935251142
100001
100001
100001
70956359
100005
100001
823725372
100001
70956359
820921990
184599971
651419382
100001
70956359
348271127
100001
252229217
100001
70956359
829459241
100003
100001
100001
70956359
87158666
811058608
100003
100001
70956359
100004
121858854
371761080
100001
70956359
100002
735127734
913330052
100001
70956359
100001
100002
100004
100001
70956359
100002
76645148
100004
100001
70956359
100005
217485810
100002
100001
70956359
736677421
904462111
46265866
100001
70956359
827919678
100001
248064510
100001
70956359
1197563
100002
38310266
100001
70956359
100002
100001
401189824
100001
70956359
469051495
100001
991551991
100001
70956359
500721746
675292587
357473220
100001
70956359
538319406
603545852
100001
100001
70956359
100011
731653821
100001
100001
70956359
100001
100001
136627355
100001
70956359
906742624
835308141
9050148
100001
70956359
100001
48271754
348271130
100001
70956359
100003
451828580
147180552
100001
70956359
520446135
911874913
613184137
100001
70956359
356495882
671636256
100003
100001
70956359
100001
624961520
100001
100001
70956359
89381744
421577409
100001
100001
70956359
100001
53130548
100002
100001
70956359
33391252
419913130
102091612
100001
70956359
100028
100043
100002
100001
70956359
34439832
987177656
584715105
100001
70956359
100002
100569967
100001
100001
70956359
100009
102031376
56519956
100001
70956359
219845110
126973531
322033638
100001
70956359
100001
100001
100001
100001
70956359
645391270
100001
700817512
100001
70956359
100012
464070752
100002
100001
70956359
832919863
180374873
100006
100001
70956359
676601228
348265122
637141354
100001
70956359
379371679
558665806
100001
100001
70956359
100001
547219303
100001
100001
70956359
357047370
793178691
100001
100001
70956359
137721920
133151350
100001
100001
70956359
100001
100001
762484877
100001
70956359
776256116
100002
100013
100001
70956359
428581635
100003
31793564
100001
70956359
100005
945670197
69390522
100001
70956359
517592869
985159081
935117997
100001
70956359
496431242
439890384
100001
100001
70956359
678698380
979916196
464621813
100001
70956359
662061157
857097805
359163198
100001
70956359
100001
263681562
100003
100001
70956359
100001
100001
898303689
100001
70956359
100001
221942264
100002
100001
70956359
678698380
58668552
45882574
100001
70956359
818923140
57488903
938263737
100001
70956359
100011
422149049
616243798
100001
70956359
900250899
845433780
732249679
100001
70956359
43705356
476958931
836577038
100001
70956359
454653011
248041803
348271128
100001
70956359
100001
884279647
176845489
100001
70956359
100001
100002
100001
100001
70956359
100005
56276277
927581503
100001
70956359
93420123
100001
100001
100001
70956359
100001
636308595
100001
100001
70956359
335313176
233145889
9456147
100001
70956359
100001
100006
100002
100001
70956359
110593314
818923137
100002
100001
70956359
573362717
942464028
100002
100001
70956359
476816767
25888815
944561186
100001
70956359
100001
100001
100002
100001
70956359
926242072
100011
226492012
100001
70956359
514014425
100001
578771987
100001
70956359
680795533
969818401
100001
100001
70956359
100001
573362717
580276445
100001
70956359
214209003
155529585
100001
100001
70956359
100001
818296669
188744729
100001
70956359
100001
100001
185530545
100001
70956359
573362717
692846694
100002
100001
70956359
687078731
100006
100001
100001
70956359
835309515
588955960
100001
100001
70956359
589459087
872585962
100001
100001
70956359
100001
181841544
636812970
100001
70956359
100012
413913818
183721897
100001
70956359
379220500
100004
100001
100001
70956359
100084
424201185
100001
100001
70956359
638630314
100001
298928560
100001
70956359
100001
100008
727567159
100001
70956359
736599327
450675617
100003
100001
70956359
100001
100001
838584945
100001
70956359
100001
822221109
354721702
100001
70956359
343367719
61519165
100003
100001
70956359
35488409
153432432
100001
100001
70956359
100002
271672765
601522230
100001
70956359
392211808
347560459
419003319
100001
70956359
604667964
100001
365469616
100001
70956359
845433780
100003
100008
100001
70956359
31308782
100001
100001
100001
70956359
790523474
776289916
100001
100001
70956359
871135731
100001
797034684
100001
70956359
547493212
730188601
100003
100001
70956359
771435322
148261002
345615187
100001
70956359
146767009
100002
94086844
100001
70956359
100005
92257593
100006
100001
70956359
832713413
100004
100001
100001
70956359
359834597
100001
727687408
100001
70956359
100001
196998611
100001
100001
70956359
357583814
100002
480068667
100001
70956359
259475857
284634200
382152719
100001
70956359
584774865
100001
100001
100001
70956359
100001
969818402
514239938
100001
70956359
100001
985099255
100002
100001
70956359
175050059
100011
860995132
100001
70956359
373333949
100001
100003
100001
70956359
830458471
774192757
100001
100001
70956359
478476682
100001
73758369
100001
70956359
100001
29721235
742062392
100001
70956359
100001
425869403
100004
100001
70956359
272734675
195671439
100001
100001
70956359
403570032
100001
235224323
100001
70956359
537406917
100006
71402263
100001
70956359
907324721
100001
100004
100001
70956359
762517879
152324242
505180113
100001
70956359
100001
446418992
100007
100001
70956359
100003
553057484
809273488
100001
70956359
100001
100001
100001
100001
70956359
545476542
638786993
100001
100001
70956359
306309931
100001
100003
100001
70956359
915934378
175993016
692045692
100001
70956359
100001
748502625
399761388
100001
70956359
285934971
133663586
100001
100001
70956359
450780003
100211
835504967
100001
70956359
100001
100001
663759546
100001
70956359
160514268
100001
471580860
100001
70956359
141117559
576892143
100001
100001
70956359
598766748
100001
60470586
100001
70956359
979493352
685375577
864576977
100001
70956359
100001
100003
222141411
100001
70956359
268668851
100002
100006
100001
70956359
465842911
650846526
323028164
100001
70956359
974983253
100001
681179707
100001
70956359
387389630
100002
452779226
100001
70956359
170926776
570620454
337081466
100001
70956359
100001
100001
552186886
100001
70956359
487670851
100001
100001
100001
70956359
100002
100007
118678145
100001
70956359
834211139
182275421
899402584
100001
70956359
100002
262508464
23307409
100001
70956359
191052950
100001
100001
100001
70956359
100001
881133912
40531477
100001
70956359
910249558
89337528
100002
100001
70956359
890293103
582355807
54191123
100001
70956359
544636089
100002
654841532
100001
70956359
336174581
100001
100016
100001
70956359
868335168
100005
941378766
100001
70956359
495893695
406447364
100001
100001
70956359
100001
491376865
100001
100001
70956359
100003
100007
100001
100001
70956359
858342822
9630898
100001
100001
70956359
884565553
361157525
100001
100001
70956359
536966526
231911405
589297157
100001
70956359
955715544
292334146
400293230
100001
70956359
100001
386429346
749304136
100001
70956359
560823363
181610744
923956062
100001
70956359
396615658
100010
100001
100001
70956359
100001
849911835
905510688
100001
70956359
50056570
100001
44601729
100001
70956359
135760738
100003
100001
100001
70956359
644131649
679634355
322758356
100001
70956359
100001
100002
100203
100001
70956359
100002
450780003
631014331
100001
70956359
773144180
100003
100005
100001
70956359
971504322
537097966
608107961
100001
70956359
100001
448975617
100001
100001
70956359
901357088
100001
100005
100001
70956359
100001
132824072
438227613
100001
70956359
939568623
100003
23546730
100001
70956359
100003
561281032
661046354
100001
70956359
588319026
100001
555520073
100001
70956359
957512680
323565565
100001
100001
70956359
100001
745583363
981702194
100001
70956359
100001
261873214
54191121
100001
70956359
280499868
604293441
306797795
100001
70956359
100001
871987704
237141077
100001
70956359
488379985
100001
100018
100001
70956359
40003576
218904779
36758684
100001
70956359
748244230
675227051
880136940
100001
70956359
100001
594232616
100004
100001
70956359
505245650
211944888
100008
100001
70956359
796269014
100001
785535147
100001
70956359
100009
100001
355821171
100001
70956359
100006
263821776
267227057
100001
70956359
100001
237502069
100001
100001
70956359
816723797
100002
220344078
100001
70956359
870488810
764615032
100004
100001
70956359
100009
100002
897344658
100001
70956359
100002
100002
709574319
100001
70956359
476789697
881419824
614111821
100001
70956359
65617428
100001
100006
100001
70956359
186579125
100002
572979753
100001
70956359
476958930
100001
100001
100001
70956359
100002
146884732
439890382
100001
70956359
100003
179577540
100001
100001
70956359
100001
951346645
71509559
100001
70956359
100001
783176077
815138622
100001
70956359
396353514
233060566
157639138
100001
70956359
100001
55911977
646650505
100001
70956359
100001
746188694
100001
100001
70956359
100001
293984550
876176939
100001
70956359
100001
100002
100020
100001
70956359
361783193
567737920
565827990
100001
70956359
100004
750683892
890094877
100001
70956359
902883280
354777442
100001
100001
70956359
927581502
290653567
100002
100001
70956359
673050923
818284351
100001
100001
70956359
669166119
429983707
100001
100001
70956359
186579125
869709906
100002
100001
70956359
70956358
707581367
100009
100001
70956359
100001
361783193
127270114
100001
70956359
717938507
898362275
745109824
100001
70956359
100005
60084383
100001
100001
70956359
100007
100002
100004
100001
70956359
934464703
847662006
100003
100001
70956359
143490202
100006
100002
100001
70956359
301117114
100001
584761653
100001
70956359
488719434
100001
160608859
100001
70956359
45710126
889677366
605016293
100001
70956359
387453963
100001
818660992
100001
70956359
321717442
100001
631038101
100001
70956359
397857917
100001
100005
100001
70956359
217331914
100002
765294955
100001
70956359
101777419
135040912
725097015
100001
70956359
58373431
100001
100002
100001
70956359
977261651
100019
169685374
100001
70956359
448682849
100001
173236134
100001
70956359
480068668
240909946
545663450
100001
70956359
767901288
100004
100001
100001
70956359
129494442
100001
770104348
100001
70956359
121885601
349827294
100005
100001
70956359
195671437
827919678
343518033
100001
70956359
100030
100001
738657457
100001
70956359
505199007
347222547
40439640
100001
70956359
742586680
100001
942034130
100001
70956359
333697267
336174581
130517854
100001
70956359
51433588
586404653
100001
100001
70956359
843860913
220893687
575593677
100001
70956359
100001
100003
100001
100001
70956359
611774955
100001
240909947
100001
70956359
638597416
709678520
100001
100001
70956359
666738612
100001
694408030
100001
70956359
100002
364928928
842590904
100001
70956359
648891522
500874441
100001
100001
70956359
978997659
643635412
450875445
100001
70956359
351924446
169435040
521452628
100001
70956359
212801524
100001
231028372
100001
70956359
650846525
916616024
185807243
100001
70956359
192346300
100001
666738608
100001
70956359
135665177
100001
100001
100001
70956359
983687661
218904779
100005
100001
70956359
154945684
262074200
910365442
100001
70956359
400217218
974058113
869427934
100001
70956359
692089727
100002
100013
100001
70956359
100001
741959890
629492844
100001
70956359
553090902
100002
238303449
100001
70956359
976119358
316605618
182174106
100001
70956359
100005
647750572
721013847
100001
70956359
547593615
100001
100001
100001
70956359
100002
242482817
100001
100001
70956359
100002
100001
715003003
100001
70956359
677092670
987701945
100006
100001
70956359
144813438
100002
753768281
100001
70956359
79074855
100005
665315856
100001
70956359
379948172
626858775
100001
100001
70956359
44753933
100001
177156485
100001
70956359
818482471
100001
254355967
100001
70956359
859758049
560757826
100004
100001
70956359
654937177
100001
65713473
100001
70956359
100001
394094155
658156365
100001
70956359
100001
252292698
623912940
100001
70956359
100002
560953347
878269819
100001
70956359
810093856
112133504
250399314
100001
70956359
363880351
631486820
849091429
100001
70956359
100001
439890382
274339479
100001
70956359
402432720
671451
69907781
100001
70956359
100002
100005
684989843
100001
70956359
206026139
351461251
968245533
100001
70956359
884279647
679706881
100008
100001
70956359
963281508
6341549
100003
100001
70956359
923930302
292687919
100004
100001
70956359
404825848
623646878
100001
100001
70956359
854245967
100001
100218
100001
70956359
647458050
862484447
100001
100001
70956359
100001
3449588
100001
100001
70956359
13160893
716652789
603072558
100001
70956359
564790504
100001
5600784
100001
70956359
100009
100004
100001
100001
70956359
592652760
735920328
706404492
100001
70956359
100001
100001
159860890
100001
70956359
164655768
100002
734200996
100001
70956359
605428871
67277881
814090044
100001
70956359
928630081
100001
676601228
100001
70956359
858964561
100006
142064476
100001
70956359
858718131
100002
612049491
100001
70956359
100002
182698394
100001
100001
70956359
846359541
240737024
356278161
100001
70956359
100005
854253676
413081080
100001
70956359
573365452
100001
155535510
100001
70956359
100003
47899662
409114670
100001
70956359
700121501
100001
776289917
100001
70956359
6914555
776289916
100001
100001
70956359
170090401
100001
336032889
100001
70956359
100001
835766833
100001
100001
70956359
100001
100001
100001
100001
70956359
100001
533155455
621615260
100001
70956359
100001
417954743
636308595
100001
70956359
73033843
150631042
378052546
100001
70956359
166588293
151079043
55988354
100001
70956359
100001
496417984
100001
100001
70956359
561811535
197475391
907324721
100001
70956359
100002
682892690
100002
100001
70956359
741164481
100002
741615307
100001
70956359
100005
100005
516025184
100001
70956359
571773020
100001
360571882
100001
70956359
663254923
561215491
100003
100001
70956359
451878354
745109824
100005
100001
70956359
100001
77747794
100001
100001
70956359
100001
325517891
871982627
100001
70956359
100011
100001
679125419
100001
70956359
986487293
100001
100002
100001
70956359
69907781
726902517
287990843
100001
70956359
271587497
442915679
841116656
100001
70956359
796458931
276594022
743641545
100001
70956359
709689775
100001
216997129
100001
70956359
100001
616296316
177027278
100001
70956359
100001
636600682
946484623
100001
70956359
144263292
136923254
747382478
100001
70956359
629834682
100002
46535307
100001
70956359
891831596
100001
489202343
100001
70956359
653264385
289616483
171773507
100001
70956359
100001
913330051
239168499
100001
70956359
232011987
905381584
100002
100001
70956359
100033
737609671
924323520
100001
70956359
449731425
100007
16905115
100001
70956359
526557171
100001
100001
100001
70956359
260676046
162119922
115875800
100001
70956359
802959949
878594650
379365538
100001
70956359
9456147
576311770
43050089
100001
70956359
49096229
100001
100013
100001
70956359
100001
834211139
449731427
100001
70956359
100103
843860913
218153333
100001
70956359
100031
451399733
100001
100001
70956359
299587191
289616483
100002
100001
70956359
615368060
100001
457574533
100001
70956359
576793825
100002
100001
100001
70956359
678582883
100001
789070397
100001
70956359
407849458
100001
731579552
100001
70956359
682892689
739518152
557453996
100001
70956359
100001
747382478
479297970
100001
70956359
249793326
100001
229914834
100001
70956359
100002
608390486
761555079
100001
70956359
880696104
101793804
100001
100001
70956359
482463959
336032889
100001
100001
70956359
100001
847408122
274436024
100001
70956359
815689468
152194173
100001
100001
70956359
100003
100001
923980537
100001
70956359
666330015
399878581
100001
100001
70956359
100009
100013
83534199
100001
70956359
100001
872502649
272734675
100001
70956359
889893342
277945170
178136082
100001
70956359
799553288
451153637
512152368
100001
70956359
100001
652943678
100001
100001
70956359
303159254
366198932
496222196
100001
70956359
171695837
182921704
677744846
100001
70956359
89075441
100001
935513287
100001
70956359
553051851
100002
173355393
100001
70956359
100002
100001
100003
100001
70956359
172134939
100003
521988488
100001
70956359
722147885
40464663
555520073
100001
70956359
913488322
216283338
979493352
100001
70956359
135219518
565635396
100006
100001
70956359
100001
135760738
155817060
100001
70956359
473772478
655866659
100002
100001
70956359
156578163
100015
100002
100001
70956359
56276279
615342727
362848174
100001
70956359
100003
100001
100001
100001
70956359
311547872
113077121
100002
100001
70956359
830665580
100001
186579125
100001
70956359
320688865
100001
538647087
100001
70956359
648012717
939388781
100001
100001
70956359
100002
198840267
574585389
100001
70956359
119893538
733298259
100001
100001
70956359
54179124
100001
176693949
100001
70956359
100003
184770474
100007
100001
70956359
323051251
114902888
941272564
100001
70956359
371703962
897344657
671358345
100001
70956359
883516976
38310264
983323423
100001
70956359
954530779
100009
311547872
100001
70956359
100001
842986349
100373
100001
70956359
304633089
981066219
654841532
100001
70956359
164551351
26251632
108532891
100001
70956359
100002
100001
691979126
100001
70956359
948231202
100006
100001
100001
70956359
100006
125153777
831871286
100001
70956359
168618650
100001
100001
100001
70956359
570391770
673564491
459804367
100001
70956359
100005
100002
629492844
100001
70956359
100001
134826100
100002
100001
70956359
100001
403570032
59717129
100001
70956359
995746296
100011
40003575
100001
70956359
141117559
100001
100001
100001
70956359
100001
303159255
527212533
100001
70956359
306205967
386920951
189226933
100001
70956359
100002
100003
107163207
100001
70956359
884279648
532415317
100001
100001
70956359
100003
907083556
100001
100001
70956359
100001
100001
100001
100001
70956359
904662536
731653820
759442571
100001
70956359
236059728
65713473
100001
100001
70956359
65713473
115174273
100004
100001
70956359
100019
152560649
100001
100001
70956359
100001
515969761
100002
100001
70956359
364928928
977856066
635231987
100001
70956359
100005
567578708
100001
100001
70956359
100001
450782115
88134309
100001
70956359
190329559
823725372
100009
100001
70956359
407849458
421060015
44601727
100001
70956359
100002
644242758
858488748
100001
70956359
640227328
100001
100001
100001
70956359
100002
176808410
822823430
100001
70956359
100005
100001
359680957
100001
70956359
100002
151079043
100001
100001
70956359
10797998
310707367
903613960
100001
70956359
377123345
123693863
100016
100001
70956359
100001
100002
100001
100001
70956359
963526935
962478358
125799260
100001
70956359
45802509
100001
292765748
100001
70956359
100001
100096
100001
100001
70956359
375414699
100001
148578499
100001
70956359
100001
809273488
419003320
100001
70956359
100001
100001
492888909
100001
70956359
100001
248041798
100001
100001
70956359
348430240
221001932
737622102
100001
70956359
100003
100001
52081971
100001
70956359
100004
535096696
649533452
100001
70956359
883516976
100001
566282044
100001
70956359
100001
576007389
543902801
100001
70956359
394315886
644242758
100007
100001
70956359
964353297
524570127
100016
100001
70956359
474719610
489279709
100003
100001
70956359
266490047
546028008
171086357
100001
70956359
614792048
100001
934827165
100001
70956359
65713473
533875311
546000830
100001
70956359
100007
397153807
258019543
100001
70956359
605428871
699158828
100001
100001
70956359
405964188
435799420
100001
100001
70956359
943512609
100001
476816768
100001
70956359
137971831
270241717
809252631
100001
70956359
100003
624961520
100003
100001
70956359
100002
100004
100004
100001
70956359
100001
100001
741323256
100001
70956359
503495881
462950097
576892143
100001
70956359
100001
100001
124422724
100001
70956359
100001
100005
168092346
100001
70956359
235915894
100001
100001
100001
70956359
100002
217331914
100004
100001
70956359
100001
168994218
942464032
100001
70956359
897567573
100003
263161796
100001
70956359
200380888
963526936
361783193
100001
70956359
100001
55522822
100001
100001
70956359
245530623
100002
100002
100001
70956359
548298451
316081326
100002
100001
70956359
185530545
783437992
100004
100001
70956359
100011
763566456
241263423
100001
70956359
154038921
417799950
100007
100001
70956359
550071900
333935735
980247500
100001
70956359
572979753
546035804
100001
100001
70956359
933246756
100001
288556415
100001
70956359
573496525
100002
100003
100001
70956359
924177145
100001
673902689
100001
70956359
733291934
571931177
100001
100001
70956359
100019
100024
100001
100001
70956359
100001
574086833
368091061
100001
70956359
259033188
913756039
988750526
100001
70956359
100001
904662536
644555059
100001
70956359
675230633
45037057
727459576
100001
70956359
100001
100001
100001
100001
70956359
474719610
100002
605169714
100001
70956359
100001
100002
741801171
100001
70956359
608500577
100001
100001
100001
70956359
100001
71618749
100001
100001
70956359
100001
100001
100001
100001
70956359
185294765
100002
152728200
100001
70956359
944561186
100011
100001
100001
70956359
104725030
607661125
100002
100001
70956359
100001
100001
100001
100001
70956359
255682909
171975354
457525158
100001
70956359
183342679
963814733
380944544
100001
70956359
968245533
100002
636918348
100001
70956359
796491702
100001
451812203
100001
70956359
100078
100006
831638123
100001
70956359
644242758
56276277
245785418
100001
70956359
745214409
100001
183196146
100001
70956359
100001
193412248
529695385
100001
70956359
100001
747524564
963526935
100001
70956359
100004
364928928
567772946
100001
70956359
100002
35998651
135040909
100001
70956359
100001
814090044
6405626
100001
70956359
100003
100002
950298069
100001
70956359
100002
962723874
318198490
100001
70956359
475299701
969298322
240737024
100001
70956359
250161225
812660513
100004
100001
70956359
737814656
100003
100001
100001
70956359
171789462
100001
977080408
100001
70956359
45246460
100002
100025
100001
70956359
200521109
365919251
59413552
100001
70956359
589827437
170090401
828443967
100001
70956359
370817652
59422010
100003
100001
70956359
356657626
769640372
506719064
100001
70956359
348271129
100001
100002
100001
70956359
649661689
100002
171695836
100001
70956359
451153637
521500250
100001
100001
70956359
100002
137198743
100001
100001
70956359
943512609
508029786
875766126
100001
70956359
167049527
395546347
100002
100001
70956359
354928192
100001
100001
100001
70956359
781751688
100002
162614404
100001
70956359
100001
100002
437173166
100001
70956359
100001
100001
949078073
100001
70956359
100003
100002
100001
100001
70956359
476958931
15865831
100001
100001
70956359
136627355
100001
860995132
100001
70956359
809273488
897567570
100001
100001
70956359
888104501
834211140
413913816
100001
70956359
248296928
100002
853299475
100001
70956359
731725385
100001
654424863
100001
70956359
100003
622256265
100001
100001
70956359
671358344
100002
347331231
100001
70956359
100001
739589725
860870617
100001
70956359
192918918
100001
100023
100001
70956359
821692223
261873215
129273734
100001
70956359
74617919
100001
851332035
100001
70956359
143365274
723431330
100001
100001
70956359
761713810
820743872
737492568
100001
70956359
808204053
969818403
100001
100001
70956359
171441998
100002
616345472
100001
70956359
100001
386844816
197838032
100001
70956359
968245531
100002
100001
100001
70956359
123111996
758464098
160854415
100001
70956359
405416902
173018695
438967964
100001
70956359
100001
496417984
100005
100001
70956359
586404653
865189440
894105612
100001
70956359
100004
100001
100001
100001
70956359
943506618
96728058
127270114
100001
70956359
621942941
545663450
438939053
100001
70956359
100123
141821872
887372272
100001
70956359
100001
100002
100001
100001
70956359
100006
419003320
100002
100001
70956359
466535211
100002
100001
100001
70956359
100006
100003
809797778
100001
70956359
100001
316211760
738541146
100001
70956359
838147260
161034643
446418992
100001
70956359
100051
907083556
148261003
100001
70956359
521573983
79797297
556892843
100001
70956359
52093967
100001
100002
100001
70956359
43603551
935973913
69873028
100001
70956359
327755616
66229302
100008
100001
70956359
746333900
100002
100002
100001
70956359
156389770
717676360
964248906
100001
70956359
100001
100015
100002
100001
70956359
174453329
100001
100003
100001
70956359
688317559
384349642
100004
100001
70956359
981012569
374760867
100003
100001
70956359
100001
100001
100001
100001
70956359
380944543
424201186
757415522
100001
70956359
100001
100002
659511646
100001
70956359
150030465
100002
678293811
100001
70956359
437395098
428581636
677744846
100001
70956359
821805217
100001
100002
100001
70956359
100001
100002
638233402
100001
70956359
130631794
132139006
100001
100001
70956359
222794244
130631793
344110476
100001
70956359
122551519
100001
979362278
100001
70956359
934302876
942464028
100001
100001
70956359
70956358
823789375
489679706
100001
70956359
949452739
263091974
100001
100001
70956359
740566728
979916195
659948827
100001
70956359
512539865
421125551
570620456
100001
70956359
177739811
100012
916217153
100001
70956359
607081882
628415875
45540461
100001
70956359
531944956
723414433
8716317
100001
70956359
526454653
100003
51033394
100001
70956359
909201918
208074276
747075908
100001
70956359
100001
476816766
100002
100001
70956359
100001
213254385
100001
100001
70956359
818835197
100001
438077745
100001
70956359
946484623
418114881
100003
100001
70956359
100001
100001
320338851
100001
70956359
290040738
31979811
384991702
100001
70956359
63616320
898876043
100002
100001
70956359
100001
613098067
100001
100001
70956359
404580081
100002
688317556
100001
70956359
831589696
100002
31859101
100001
70956359
100005
100001
100047
100001
70956359
304633089
150030464
794837567
100001
70956359
100001
100014
873031204
100001
70956359
849911835
347306654
100001
100001
70956359
129168799
100001
100006
100001
70956359
100001
100004
511884503
100001
70956359
582261820
667855387
405752305
100001
70956359
729949948
100002
165491901
100001
70956359
421387699
800034806
100001
100001
70956359
520706940
841116657
969294110
100001
70956359
100001
100001
130322311
100001
70956359
638916819
100002
946288013
100001
70956359
100013
100002
388768653
100001
70956359
100001
100001
100001
100001
70956359
912346710
500197454
906777078
100001
70956359
270163972
162614405
706322543
100001
70956359
100153
100003
871895287
100001
70956359
866685460
602023982
524570126
100001
70956359
100001
75488471
306071998
100001
70956359
100001
673646412
497228056
100001
70956359
100009
100001
100002
100001
70956359
111073202
168636798
100010
100001
70956359
173236135
100001
383123922
100001
70956359
112690466
133423579
70935485
100001
70956359
118754915
283313524
100004
100001
70956359
100004
100001
100001
100001
70956359
870934050
901766693
34439829
100001
70956359
100001
100001
100001
100001
70956359
100001
354835522
100002
100001
70956359
100005
100001
4512260
100001
70956359
540825398
521190481
100003
100001
70956359
100004
935375039
100001
100001
70956359
100001
100001
100002
100001
70956359
227118493
900752537
112914049
100001
70956359
100001
306097858
100008
100001
70956359
732249679
100022
757430618
100001
70956359
222007808
201145412
100001
100001
70956359
119350863
100002
100001
100001
70956359
856861295
100003
749304136
100001
70956359
869885473
344413763
100001
100001
70956359
100001
100001
658774362
100001
70956359
149964944
54017715
618965452
100001
70956359
458856660
100001
100002
100001
70956359
9630898
100001
788405030
100001
70956359
100008
311547872
100001
100001
70956359
965300794
150489232
100001
100001
70956359
100003
547692663
100002
100001
70956359
100098
100001
225196239
100001
70956359
783772788
49096229
170221846
100001
70956359
836983100
615892349
228299273
100001
70956359
100004
100001
360571883
100001
70956359
100001
991301856
100001
100001
70956359
277563876
100006
100001
100001
70956359
371868283
100001
72525511
100001
70956359
100001
62574764
100004
100001
70956359
825886528
42987808
906055252
100001
70956359
100001
100006
100001
100001
70956359
177689759
860503359
901133689
100001
70956359
862863791
100084
43693358
100001
70956359
283383458
761231717
156938836
100001
70956359
783982089
71509557
100001
100001
70956359
100001
100001
100001
100001
70956359
123600095
840357209
100001
100001
70956359
274422258
100001
482427968
100001
70956359
696537386
100002
219915885
100001
70956359
24591417
100001
872585962
100001
70956359
100001
582402354
100001
100001
70956359
616416639
111097119
581131287
100001
70956359
94354746
568627284
688317559
100001
70956359
141117560
100003
57559608
100001
70956359
577049611
100001
477313988
100001
70956359
959878590
264870352
100001
100001
70956359
448361549
100002
233656322
100001
70956359
968245531
698212522
100001
100001
70956359
985159081
100001
420588175
100001
70956359
168223420
75596567
100003
100001
70956359
943512608
647388491
100001
100001
70956359
986922919
100002
100004
100001
70956359
284798453
100001
904662536
100001
70956359
881658202
100001
636902714
100001
70956359
275916408
914275493
510450862
100001
70956359
100001
44627466
433035365
100001
70956359
42304156
100005
100001
100001
70956359
100001
100009
896252545
100001
70956359
100002
601522226
100003
100001
70956359
100003
233107446
100001
100001
70956359
100001
806106897
100004
100001
70956359
718834721
749173062
127250931
100001
70956359
185807243
352656049
100001
100001
70956359
100001
100011
100002
100001
70956359
129469278
100001
475768190
100001
70956359
476816768
650160961
218380490
100001
70956359
100001
100001
910249558
100001
70956359
100001
100001
806776564
100001
70956359
100001
387968454
649636673
100001
70956359
267227057
100002
329766793
100001
70956359
264281782
100001
201429466
100001
70956359
100001
100003
206026139
100001
70956359
22498151
100059
100002
100001
70956359
252105044
274050537
905731829
100001
70956359
100001
710954872
100002
100001
70956359
393663607
737492569
130005620
100001
70956359
253185649
100002
231708309
100001
70956359
381838626
100004
100007
100001
70956359
100004
394315886
642145599
100001
70956359
261873215
236206296
100001
100001
70956359
100001
325138442
737492569
100001
70956359
382977738
100001
33099594
100001
70956359
74229642
94086844
100002
100001
70956359
100001
570620455
100001
100001
70956359
848863257
390627813
425831063
100001
70956359
100035
100002
950126081
100001
70956359
100004
100002
166588293
100001
70956359
822152503
100001
982114795
100001
70956359
859913412
132615010
56276277
100001
70956359
100001
968822880
100001
100001
70956359
479000970
648487226
404179435
100001
70956359
895752464
253321588
147180551
100001
70956359
100009
965991700
100001
100001
70956359
980541930
100009
141639246
100001
70956359
806776564
244605764
968766934
100001
70956359
252411794
100003
100057
100001
70956359
100002
35488409
100001
100001
70956359
100002
100001
238639872
100001
70956359
108686318
646652215
100001
100001
70956359
100001
90542884
758464098
100001
70956359
100002
100006
100001
100001
70956359
100002
528038502
100001
100001
70956359
100001
100001
785924668
100001
70956359
844262388
613743467
100002
100001
70956359
824837952
646409471
980721402
100001
70956359
659026313
100005
100002
100001
70956359
631014331
100001
100001
100001
70956359
893380402
524845364
95727720
100001
70956359
819531056
100001
677769518
100001
70956359
101567323
100001
655890110
100001
70956359
139700762
44601730
940264650
100001
70956359
607263886
100001
238774926
100001
70956359
100003
195671437
775281719
100001
70956359
100021
100004
100001
100001
70956359
671358344
305485066
77340232
100001
70956359
750092313
100002
95591829
100001
70956359
100001
756906329
893101869
100001
70956359
743944697
100007
157512334
100001
70956359
250399313
170652486
100001
100001
70956359
220893687
100001
100003
100001
70956359
100001
9456147
806106898
100001
70956359
43693357
774924968
91989689
100001
70956359
284378293
314745233
100001
100001
70956359
100003
198078757
954844040
100001
70956359
974983253
100001
100007
100001
70956359
945878402
818742949
533274632
100001
70956359
332979584
332649823
100001
100001
70956359
743991512
130232672
489279709
100001
70956359
100001
100001
63616318
100001
70956359
100001
811379630
100034
100001
70956359
810825502
100002
100001
100001
70956359
744713544
100001
955817484
100001
70956359
100009
100001
899431696
100001
70956359
788499895
275623408
100001
100001
70956359
644242755
187724905
100001
100001
70956359
476414272
100001
100001
100001
70956359
100001
100001
100001
100001
70956359
965376964
100006
535591367
100001
70956359
819531056
336032887
402276047
100001
70956359
100002
568627287
145194142
100001
70956359
252841573
635444580
161673419
100001
70956359
100001
100001
68859204
100001
70956359
149240805
100002
377778705
100001
70956359
100001
292334146
746494427
100001
70956359
295393582
100001
671358344
100001
70956359
100001
44601729
100003
100001
70956359
100002
837405294
742169045
100001
70956359
65713473
964661358
821246793
100001
70956359
671540332
319862801
296500699
100001
70956359
954404820
100001
100001
100001
70956359
566713165
100001
794837567
100001
70956359
315829434
746232282
425869661
100001
70956359
100002
303159253
848061875
100001
70956359
261873215
143490202
100003
100001
70956359
100001
652943678
100001
100001
70956359
172225353
100002
683005797
100001
70956359
100001
437661099
750003922
100001
70956359
100002
100001
345877331
100001
70956359
277750941
711312991
377003968
100001
70956359
643648634
642324482
100001
100001
70956359
100001
100001
787334193
100001
70956359
996851553
100003
726538811
100001
70956359
100001
100001
885614129
100001
70956359
100001
586334518
865777737
100001
70956359
69907780
175059329
100011
100001
70956359
898308697
100001
100014
100001
70956359
186595239
331718566
837750090
100001
70956359
282439157
100002
745949017
100001
70956359
100001
180826501
367509652
100001
70956359
100001
870934050
100001
100001
70956359
825886528
853168400
100001
100001
70956359
865777738
100002
495893695
100001
70956359
395010019
45790510
355229580
100001
70956359
25906027
426322087
100003
100001
70956359
100001
644242755
215901976
100001
70956359
738993863
791144128
100003
100001
70956359
611458191
100001
53949957
100001
70956359
260676046
100003
100003
100001
70956359
100001
907952360
365537146
100001
70956359
100004
100043
55522822
100001
70956359
100001
36758684
646701991
100001
70956359
100005
930925748
100001
100001
70956359
886793779
44741934
109544738
100001
70956359
817958183
685505877
100002
100001
70956359
619891930
100001
884565552
100001
70956359
445395410
100001
100001
100001
70956359
822982681
100005
100064
100001
70956359
100002
92257590
644242758
100001
70956359
126818429
413760436
100001
100001
70956359
100001
201831829
100001
100001
70956359
745765186
100001
100001
100001
70956359
100007
73734281
647750573
100001
70956359
759354511
100001
100001
100001
70956359
179074213
100001
651419382
100001
70956359
673455500
286606522
935375038
100001
70956359
115875800
232568781
638328174
100001
70956359
100001
100001
100003
100001
70956359
343279069
275222458
100001
100001
70956359
100002
879735530
897469628
100001
70956359
644604838
652631376
100001
100001
70956359
161640651
683941266
149834874
100001
70956359
100003
100001
100001
100001
70956359
100001
588147192
100003
100001
70956359
100001
147143653
241719820
100001
70956359
444781303
100002
100003
100001
70956359
529769985
308002618
659045169
100001
70956359
60947340
658331992
211944888
100001
70956359
307433966
100001
735395412
100001
70956359
100003
665055627
741323256
100001
70956359
100001
537081219
327669637
100001
70956359
100010
701171421
882268970
100001
70956359
828866383
671871270
126221536
100001
70956359
671016042
343367719
851602435
100001
70956359
853508203
100001
91788074
100001
70956359
174378835
562860111
100002
100001
70956359
40524032
449934415
100001
100001
70956359
100001
606240829
859062932
100001
70956359
51033392
952223803
252258652
100001
70956359
605428871
540700117
100001
100001
70956359
100007
100001
345877332
100001
70956359
100001
254273621
717015945
100001
70956359
443227578
100001
943506618
100001
70956359
979493352
235682963
100005
100001
70956359
986487293
314573435
579187147
100001
70956359
579067575
100006
100001
100001
70956359
100001
845775235
100003
100001
70956359
669511971
654055100
100006
100001
70956359
910189563
393963082
100001
100001
70956359
836701512
282991053
769998446
100001
70956359
100001
100001
123600095
100001
70956359
100002
100001
100001
100001
70956359
89126640
629072014
352624546
100001
70956359
498392315
584761652
475874361
100001
70956359
774670415
565196993
348430240
100001
70956359
520976713
249837033
96369532
100001
70956359
100014
438939054
549023324
100001
70956359
836701512
100001
944680441
100001
70956359
211613591
100001
570391770
100001
70956359
939090444
100003
100003
100001
70956359
285098733
100002
100005
100001
70956359
100001
100001
260676046
100001
70956359
498470954
746712982
100001
100001
70956359
939407215
724674289
100003
100001
70956359
100001
77747794
356739247
100001
70956359
100001
100001
682426448
100001
70956359
385141814
573536812
565148887
100001
70956359
47223175
100001
158812312
100001
70956359
273387448
465826525
100001
100001
70956359
327362395
573362717
149964944
100001
70956359
995746296
233060568
989151148
100001
70956359
310593994
541594442
100001
100001
70956359
453742191
988406259
100005
100001
70956359
100001
263970367
170652486
100001
70956359
791691839
100002
100001
100001
70956359
100004
100001
100002
100001
70956359
747454048
100004
576944689
100001
70956359
851135828
395505382
637222573
100001
70956359
134986364
814525361
835308141
100001
70956359
100001
100054
876696955
100001
70956359
869440234
100001
100001
100001
70956359
394712183
737257660
822823430
100001
70956359
100001
811500668
371744676
100001
70956359
667768029
841116658
571440346
100001
70956359
843954582
439276191
355229583
100001
70956359
626712714
679706881
918409115
100001
70956359
855227959
508029786
100001
100001
70956359
100001
100001
880328145
100001
70956359
100001
437173166
618965453
100001
70956359
49755651
968245533
51033392
100001
70956359
50385011
897567570
250161663
100001
70956359
100014
100002
100001
100001
70956359
946484621
408411265
269013707
100001
70956359
100001
818660992
100001
100001
70956359
884036996
969818401
100004
100001
70956359
62034993
100011
343290384
100001
70956359
100001
141704785
151079043
100001
70956359
100005
100001
589297157
100001
70956359
100089
100001
959220367
100001
70956359
678296117
831858929
195671437
100001
70956359
861246788
100002
100001
100001
70956359
960370709
44753933
771571316
100001
70956359
211157232
365993905
94665594
100001
70956359
355428518
100001
100001
100001
70956359
100001
100003
628262364
100001
70956359
100001
100001
100006
100001
70956359
573618879
386957788
100001
100001
70956359
147180552
836574395
540376525
100001
70956359
100001
854736369
939411311
100001
70956359
412779079
737363086
100004
100001
70956359
100003
149833870
812428208
100001
70956359
808204054
100002
48030836
100001
70956359
741644757
100001
100014
100001
70956359
340763902
100001
105371562
100001
70956359
100001
915520678
311028529
100001
70956359
169634304
764609408
582402355
100001
70956359
504034445
531759738
100003
100001
70956359
100001
137198741
100001
100001
70956359
100001
907103828
100010
100001
70956359
100001
707330471
100001
100001
70956359
100009
933556616
601522227
100001
70956359
100004
687603036
100001
100001
70956359
311773643
897565452
863715919
100001
70956359
399092951
100001
100001
100001
70956359
927581502
100001
249837033
100001
70956359
100001
100001
969294109
100001
70956359
646701991
100001
128583385
100001
70956359
869339674
708205
100001
100001
70956359
100001
100003
100001
100001
70956359
71618749
745596064
100001
100001
70956359
835433902
643083073
693108838
100001
70956359
100010
100005
130322311
100001
70956359
100013
934071487
100001
100001
70956359
100002
272734675
100003
100001
70956359
100002
100001
100001
100001
70956359
100001
100006
100001
100001
70956359
573362718
534670802
439890383
100001
70956359
100001
809045280
892703756
100001
70956359
622636943
978997659
334140773
100001
70956359
46295037
100004
241719820
100001
70956359
100003
496905234
59068570
100001
70956359
100001
100001
305256408
100001
70956359
100002
100001
557453996
100001
70956359
100001
759512674
712299960
100001
70956359
815138622
100001
51033394
100001
70956359
100157
134826100
100001
100001
70956359
535266045
111603324
100001
100001
70956359
571773019
439492253
770889915
100001
70956359
712384094
100001
537718139
100001
70956359
505953406
910886617
24050740
100001
70956359
610959426
91733301
100002
100001
70956359
990624817
100001
31083383
100001
70956359
651128069
44601729
100001
100001
70956359
100001
100001
620813891
100001
70956359
35488409
100002
368074658
100001
70956359
922063603
100002
100001
100001
70956359
196588944
100001
274574828
100001
70956359
61679151
906055251
159038046
100001
70956359
100001
100001
100001
100001
70956359
623912940
755318370
100004
100001
70956359
100001
100001
653225223
100001
70956359
100001
100002
897043282
100001
70956359
741661167
135040911
100001
100001
70956359
100001
568627287
100001
100001
70956359
100001
100002
987053995
100001
70956359
741341673
636467452
170652489
100001
70956359
44601731
22389550
100002
100001
70956359
231911405
573556128
966407630
100001
70956359
100002
50144806
507767641
100001
70956359
35164534
143214714
58668552
100001
70956359
100001
842986349
721754452
100001
70956359
100002
11322286
100001
100001
70956359
651582799
100040
100002
100001
70956359
932196738
133222111
743336150
100001
70956359
100013
802229530
100002
100001
70956359
169435040
100001
948490342
100001
70956359
100001
27300208
100001
100001
70956359
100002
273815190
100013
100001
70956359
216590106
100001
100001
100001
70956359
100002
386520170
822230588
100001
70956359
100011
762284169
942464030
100001
70956359
602317080
100021
100002
100001
70956359
897606807
913413829
300013524
100001
70956359
647842946
426059943
293984550
100001
70956359
389928051
833162562
579906503
100001
70956359
682980915
100001
100001
100001
70956359
100010
100001
643635412
100001
70956359
100001
100011
100005
100001
70956359
840768702
342898059
674571687
100001
70956359
536191014
824396295
878956874
100001
70956359
100001
197838032
100011
100001
70956359
797980424
100001
270163972
100001
70956359
100002
923762185
100001
100001
70956359
369678244
100001
100002
100001
70956359
447989431
33099591
100002
100001
70956359
100001
747075908
160741983
100001
70956359
265394640
864140861
895011697
100001
70956359
560823363
100001
351547933
100001
70956359
100002
236206296
100001
100001
70956359
443439969
765032809
100006
100001
70956359
738896072
662222965
100001
100001
70956359
100001
968245531
100004
100001
70956359
236206296
978180944
636585659
100001
70956359
927581505
4113324
100001
100001
70956359
100001
439890384
397016072
100001
70956359
139020407
886376804
100001
100001
70956359
100002
964353296
100003
100001
70956359
100002
941313228
100001
100001
70956359
100019
774670416
100007
100001
70956359
100001
100001
283383458
100001
70956359
100001
100001
146145900
100001
70956359
100001
100001
695358672
100001
70956359
100001
609024869
741035293
100001
70956359
704301666
995761350
100006
100001
70956359
50085548
991301856
165305399
100001
70956359
717015946
683408725
100001
100001
70956359
100001
309792906
905510688
100001
70956359
426059943
100001
100005
100001
70956359
589459088
97418111
46295038
100001
70956359
682980915
216283338
150916698
100001
70956359
25859932
702349728
749479632
100001
70956359
579067573
903949795
549834481
100001
70956359
100001
850140010
553422920
100001
70956359
114635164
317654200
600473649
100001
70956359
291679264
208114142
615342728
100001
70956359
648012719
51193382
100001
100001
70956359
100001
46085633
100002
100001
70956359
868815383
300013524
301984548
100001
70956359
965624089
987256233
681179707
100001
70956359
320945493
149831899
791691839
100001
70956359
100001
135040908
40282024
100001
70956359
100003
513005345
283690086
100001
70956359
218656679
100001
150030464
100001
70956359
616738693
94141306
100001
100001
70956359
100003
100002
316091585
100001
70956359
100001
100001
233060566
100001
70956359
100001
156578163
747993414
100001
70956359
274574831
100011
129469278
100001
70956359
321606370
100017
241263423
100001
70956359
100002
100001
100001
100001
70956359
100001
100007
100001
100001
70956359
100002
100001
804850974
100001
70956359
685505877
277945170
100001
100001
70956359
100001
100001
100001
100001
70956359
34439830
100002
872049374
100001
70956359
100005
793464413
908897586
100001
70956359
100001
100002
860839427
100001
70956359
895728256
211195887
380655784
100001
70956359
969885013
100002
962478358
100001
70956359
925932088
371703963
645836354
100001
70956359
220365404
505068753
222007808
100001
70956359
175365855
100001
100001
100001
70956359
883339941
95286848
315930634
100001
70956359
383697664
261459887
880757340
100001
70956359
100001
125799260
100001
100001
70956359
100002
460852943
721656917
100001
70956359
913330051
67277881
686038419
100001
70956359
100003
932213122
611766761
100001
70956359
773144181
100013
100001
100001
70956359
376602280
100001
129583212
100001
70956359
160248180
758464098
100002
100001
70956359
100001
100002
658156368
100001
70956359
310593994
100001
100001
100001
70956359
907103828
198840267
100001
100001
70956359
721987302
49755650
100003
100001
70956359
100003
869819935
55227701
100001
70956359
232568778
799553288
809926688
100001
70956359
692740605
13563066
100001
100001
70956359
724674289
505068753
231617073
100001
70956359
100001
100001
742735453
100001
70956359
260328689
171302619
409114669
100001
70956359
100001
977080408
100001
100001
70956359
100007
100017
954404819
100001
70956359
100005
900903750
883930654
100001
70956359
232568778
249209000
100001
100001
70956359
258578892
100002
957760189
100001
70956359
100003
100005
100001
100001
70956359
605774083
306097858
100020
100001
70956359
100004
263085828
821435339
100001
70956359
100002
154768483
678698380
100001
70956359
100001
965624089
100001
100001
70956359
100001
100001
100003
100001
70956359
100002
168681179
100001
100001
70956359
881415550
549940920
100002
100001
70956359
664007051
144263291
700265681
100001
70956359
584761653
769308186
98082202
100001
70956359
100001
154614349
210407910
100001
70956359
147180552
100005
100001
100001
70956359
100103
100001
104053387
100001
70956359
327669639
368074658
100001
100001
70956359
327669639
220044256
100002
100001
70956359
100001
100001
100001
100001
70956359
153432432
202618262
914871466
100001
70956359
988811485
968822880
225969679
100001
70956359
703889976
89126640
959563844
100001
70956359
227280403
333935735
100002
100001
70956359
97232575
466535211
773119025
100001
70956359
382459018
100003
978997667
100001
70956359
259100888
100002
717880410
100001
70956359
745109824
100001
355229583
100001
70956359
468775015
100002
613743467
100001
70956359
826148835
100003
614792050
100001
70956359
602023981
418848527
380011913
100001
70956359
100001
100001
100001
100001
70956359
249012391
983900853
100001
100001
70956359
949171410
100001
100001
100001
70956359
100007
100004
100001
100001
70956359
799553289
100001
100001
100001
70956359
100002
100006
100003
100001
70956359
100002
100031
100011
100001
70956359
51033392
100003
359161752
100001
70956359
836531067
100003
612049490
100001
70956359
516020003
100001
355199142
100001
70956359
100005
100002
74491132
100001
70956359
501681616
100001
197267402
100001
70956359
100001
31818388
183063005
100001
70956359
100001
528436861
720308548
100001
70956359
773144181
33391253
510908193
100001
70956359
870488810
290653567
100001
100001
70956359
100001
635260019
863715945
100001
70956359
100001
100001
100001
100001
70956359
123693863
671519389
938263736
100001
70956359
853168402
100014
374653085
100001
70956359
100004
343290384
100001
100001
70956359
835148089
650160961
134826100
100001
70956359
4485641
365308046
153574443
100001
70956359
100001
100001
354928192
100001
70956359
800559095
100004
100001
100001
70956359
817458793
849911834
547963003
100001
70956359
993838780
263559848
399179367
100001
70956359
100001
100001
133024748
100001
70956359
100001
100001
923999994
100001
70956359
100001
100001
43553151
100001
70956359
537658203
404179434
100214
100001
70956359
100001
486898859
100002
100001
70956359
100001
55522822
100002
100001
70956359
100001
540700117
258727484
100001
70956359
268668850
100001
100002
100001
70956359
100001
100001
451153637
100001
70956359
680748467
723560174
181848333
100001
70956359
480068667
100001
100001
100001
70956359
43169068
100016
747718371
100001
70956359
224583332
100002
100002
100001
70956359
663402382
836701513
765032809
100001
70956359
100003
302711487
980541930
100001
70956359
100001
100001
497560596
100001
70956359
97418109
100001
530292730
100001
70956359
100002
323082217
100001
100001
70956359
737492569
100019
835703678
100001
70956359
291136580
298479727
100001
100001
70956359
100001
232011987
970609044
100001
70956359
100001
216283338
568627287
100001
70956359
100001
100001
137198743
100001
70956359
52093968
100001
112145697
100001
70956359
780611978
809922296
100053
100001
70956359
100003
100008
178731618
100001
70956359
938269723
96369532
976609073
100001
70956359
600473648
790118974
221046566
100001
70956359
536395820
220044258
534200498
100001
70956359
937190192
847814678
100001
100001
70956359
100002
145063068
100001
100001
70956359
100001
95460756
437398953
100001
70956359
939208548
781525236
273357463
100001
70956359
646794366
100002
797980424
100001
70956359
762517879
100001
968774032
100001
70956359
686554458
100003
810093856
100001
70956359
709165486
100001
781270656
100001
70956359
909200982
983518991
100002
100001
70956359
100013
847264077
992600567
100001
70956359
226493971
745499113
106832642
100001
70956359
100001
399613287
790118974
100001
70956359
66753593
624853940
903654704
100001
70956359
927210048
178023722
759354512
100001
70956359
100003
225196239
100001
100001
70956359
100002
100004
137198743
100001
70956359
281216371
907952358
100001
100001
70956359
723298029
76379090
710989240
100001
70956359
496417985
62034993
315930634
100001
70956359
446418992
605101513
100001
100001
70956359
572524081
100001
295655730
100001
70956359
100001
100002
317654199
100001
70956359
100007
100002
100001
100001
70956359
100001
165823588
66043415
100001
70956359
100001
790118974
100001
100001
70956359
100001
821103925
645603635
100001
70956359
100025
100001
100002
100001
70956359
97304886
100001
100001
100001
70956359
928455236
898347733
100002
100001
70956359
100004
100002
425831061
100001
70956359
100001
100002
100001
100001
70956359
184775027
688317555
100003
100001
70956359
100001
100001
100001
100001
70956359
100001
597040415
89998641
100001
70956359
100001
100001
576944687
100001
70956359
299321776
100001
100001
100001
70956359
686744690
756644183
21015225
100001
70956359
741323256
331816878
100001
100001
70956359
961001562
41039900
501269186
100001
70956359
100001
669511971
100001
100001
70956359
798504712
898380430
47223177
100001
70956359
870618898
261873214
31494516
100001
70956359
371606139
183942652
100020
100001
70956359
100001
478793941
701698226
100001
70956359
48418928
675148076
449436551
100001
70956359
100005
342043300
412280282
100001
70956359
100003
100001
100001
100001
70956359
100005
100001
100002
100001
70956359
366418969
690098739
100002
100001
70956359
820413437
100001
288468473
100001
70956359
100001
632638576
350329514
100001
70956359
468834703
907936017
462950096
100001
70956359
311547872
679746956
405742319
100001
70956359
770522736
975642350
849911834
100001
70956359
44741934
980832679
329766794
100001
70956359
100002
100010
100001
100001
70956359
100001
100032
322010456
100001
70956359
569952740
100001
100001
100001
70956359
42804278
644214806
430498599
100001
70956359
416906167
919488564
687793267
100001
70956359
175658982
347222547
831589697
100001
70956359
976686879
100001
818660992
100001
70956359
100001
260149464
397703635
100001
70956359
100001
100006
419003320
100001
70956359
762724620
100001
100002
100001
70956359
100009
61950870
33391252
100001
70956359
732249680
100001
899750493
100001
70956359
100001
100079
100002
100001
70956359
989991134
521573983
100001
100001
70956359
100001
642062547
720155054
100001
70956359
815336742
906276145
100002
100001
70956359
100001
615342727
868100261
100001
70956359
277282156
100001
100003
100001
70956359
100001
451153637
100001
100001
70956359
100001
386520170
100001
100001
70956359
851135827
100001
31083383
100001
70956359
307433966
388647603
241001274
100001
70956359
100001
315742178
209876361
100001
70956359
839720124
898361881
100004
100001
70956359
910791936
814525362
100001
100001
70956359
100004
529047542
747382478
100001
70956359
521500247
206206343
100001
100001
70956359
745214410
100003
100004
100001
70956359
557092941
271059865
100001
100001
70956359
440540830
100001
688813834
100001
70956359
311707058
100007
149831900
100001
70956359
704301926
195252315
459804364
100001
70956359
763013267
231520201
100001
100001
70956359
700121501
100001
100001
100001
70956359
100002
100001
899169550
100001
70956359
100015
100001
160461459
100001
70956359
100002
100001
100001
100001
70956359
100002
520183987
296348441
100001
70956359
501681453
935117999
932508039
100001
70956359
971504322
911849921
100001
100001
70956359
100001
253321589
432662838
100001
70956359
252673938
100001
100001
100001
70956359
304108801
100001
284536309
100001
70956359
435660361
100002
806776564
100001
70956359
728246009
100001
643915122
100001
70956359
602140947
166859054
803883212
100001
70956359
100002
952223803
196450
100001
70956359
47223177
119931886
828892562
100001
70956359
574667271
36758684
938263736
100001
70956359
794837567
100001
652631376
100001
70956359
297686640
100001
100001
100001
70956359
100025
775241336
589459087
100001
70956359
100001
100008
100001
100001
70956359
100001
249113086
100050
100001
70956359
642145597
640985919
100003
100001
70956359
100001
167049529
836720953
100001
70956359
254273623
942464030
100001
100001
70956359
100581
100001
194994109
100001
70956359
656370958
671358344
624961520
100001
70956359
175861940
587794738
222916528
100001
70956359
100004
503495881
221942264
100001
70956359
416906165
490292300
967447269
100001
70956359
846359541
100001
43050089
100001
70956359
547049407
449466835
956282964
100001
70956359
122120999
546208956
471580860
100001
70956359
100002
442915679
100002
100001
70956359
100001
182406493
195671436
100001
70956359
100002
414780729
478531797
100001
70956359
100001
771571315
404179435
100001
70956359
100001
549834481
814288166
100001
70956359
123854667
874079782
995222008
100001
70956359
100001
100001
178338001
100001
70956359
100001
650534223
100002
100001
70956359
732249678
547219303
451828579
100001
70956359
645603635
100009
303159253
100001
70956359
100001
383828736
100002
100001
70956359
100002
417954743
857915984
100001
70956359
151079043
459804364
747365550
100001
70956359
100001
376910348
100006
100001
70956359
100001
369606807
100001
100001
70956359
580276445
100029
8438701
100001
70956359
571999789
817786620
71618749
100001
70956359
100001
100001
147291299
100001
70956359
100001
159035992
812715300
100001
70956359
100004
148229128
100001
100001
70956359
100014
100054
702611877
100001
70956359
233060565
100001
284798453
100001
70956359
134826100
650846526
100001
100001
70956359
139020407
100005
486898859
100001
70956359
900400842
878594648
649485643
100001
70956359
100001
895883855
100007
100001
70956359
33350700
702349732
638378230
100001
70956359
385272890
835703678
100001
100001
70956359
100002
100001
317785275
100001
70956359
100002
107272111
100001
100001
70956359
891625722
80835543
100006
100001
70956359
268668852
764755558
100002
100001
70956359
31793565
100003
100002
100001
70956359
96728058
610959426
747197854
100001
70956359
71618748
100002
100001
100001
70956359
93658216
417799950
838584944
100001
70956359
100069
579673803
100002
100001
70956359
100001
100001
479000970
100001
70956359
788721670
60346528
100001
100001
70956359
233508865
821103925
100001
100001
70956359
100003
100002
100001
100001
70956359
100001
351943749
177156485
100001
70956359
100002
355153663
872049374
100001
70956359
701596230
100001
454653011
100001
70956359
355820577
100007
653469361
100001
70956359
210400651
742586680
68326459
100001
70956359
295327647
100001
666330015
100001
70956359
446418992
198690003
100001
100001
70956359
100001
868335168
100002
100001
70956359
100001
100001
100003
100001
70956359
100001
948815929
54179124
100001
70956359
708012
65713473
486898859
100001
70956359
4113324
841116656
873036282
100001
70956359
644242758
931918203
100001
100001
70956359
70956358
732249680
616214393
100001
70956359
995802974
567543569
100007
100001
70956359
327669637
304438492
100001
100001
70956359
509597472
100011
587933305
100001
70956359
783367812
100001
100001
100001
70956359
955715544
452031567
100001
100001
70956359
100001
100001
51033392
100001
70956359
753745505
100003
916770703
100001
70956359
460791047
404179435
259100888
100001
70956359
100001
100001
517592869
100001
70956359
559119422
584092821
100003
100001
70956359
573801161
100001
538580367
100001
70956359
100007
314442363
847408121
100001
70956359
100008
100001
566197464
100001
70956359
633216347
100001
100004
100001
70956359
100050
100003
100005
100001
70956359
802131962
295721270
43693357
100001
70956359
100004
544893457
100001
100001
70956359
100002
100015
100001
100001
70956359
245813349
573780558
100001
100001
70956359
263970367
100001
100003
100001
70956359
263970367
397333628
938263736
100001
70956359
100001
68880684
100002
100001
70956359
100003
638654464
59717129
100001
70956359
100002
536609627
100001
100001
70956359
100001
253889161
100004
100001
70956359
186579125
193181065
100001
100001
70956359
980349385
126221536
311547871
100001
70956359
100004
100019
359254970
100001
70956359
100001
100028
137198743
100001
70956359
359584661
862479824
810970872
100001
70956359
100001
100056
753043181
100001
70956359
100003
897567573
137138065
100001
70956359
100004
560823363
839195836
100001
70956359
100001
113077121
545160377
100001
70956359
395050349
100003
100005
100001
70956359
650725630
100001
100018
100001
70956359
100002
100003
100001
100001
70956359
100001
100001
536767955
100001
70956359
616243798
100005
647750571
100001
70956359
100001
449271888
828443967
100001
70956359
100006
185015344
170652487
100001
70956359
936114008
100009
176906152
100001
70956359
170090401
909626210
120661587
100001
70956359
100002
100001
937118919
100001
70956359
100002
100003
100001
100001
70956359
669511970
539378455
44753933
100001
70956359
100001
486195658
797540283
100001
70956359
60943239
942845431
100001
100001
70956359
979699277
100001
100007
100001
70956359
436308331
100001
480248250
100001
70956359
915840221
100001
892880682
100001
70956359
574296823
345877332
841116656
100001
70956359
100001
390889957
633226638
100001
70956359
100004
100001
596516127
100001
70956359
957957443
100001
100001
100001
70956359
792740415
100001
648437067
100001
70956359
100001
322758355
100001
100001
70956359
295342630
100001
102091612
100001
70956359
100002
774670416
100002
100001
70956359
115174278
883930654
545160377
100001
70956359
100001
100001
850553854
100001
70956359
982993918
910470451
100001
100001
70956359
100002
100079
747382478
100001
70956359
100002
910529791
100001
100001
70956359
203937854
126323548
668362114
100001
70956359
100003
248821220
100005
100001
70956359
100002
154945684
100001
100001
70956359
195671436
100001
605842751
100001
70956359
100001
100001
100081
100001
70956359
100009
935251142
100001
100001
70956359
100001
288956248
564957264
100001
70956359
311547871
64132147
100005
100001
70956359
234634387
644604838
832885447
100001
70956359
100001
420421393
270241717
100001
70956359
100001
277485211
95290946
100001
70956359
940092913
517073762
100021
100001
70956359
383557578
552849264
913619395
100001
70956359
452555855
100001
100001
100001
70956359
100005
172097362
736443988
100001
70956359
263970367
544811479
100001
100001
70956359
535096696
232568781
28724081
100001
70956359
100001
768813880
100001
100001
70956359
858342822
100001
741145892
100001
70956359
100002
399879102
497228053
100001
70956359
100001
100003
549940919
100001
70956359
100008
228299273
100002
100001
70956359
100001
11118361
487706844
100001
70956359
980832679
125537114
888104501
100001
70956359
699158827
147553443
101567324
100001
70956359
44601730
687086995
943512608
100001
70956359
810825502
100001
100001
100001
70956359
100001
100001
100001
100001
70956359
535724804
100008
100001
100001
70956359
100002
100001
206026138
100001
70956359
100001
779462091
424649474
100001
70956359
209360876
43705355
271686098
100001
70956359
811379630
451399733
100001
100001
70956359
602525918
494152719
703380054
100001
70956359
100001
913414233
261873214
100001
70956359
100003
100006
769621020
100001
70956359
100006
611682792
576793825
100001
70956359
100004
737084585
904662536
100001
70956359
776289916
62216950
77323848
100001
70956359
59319851
100001
381460426
100001
70956359
100001
100002
100001
100001
70956359
302193430
100001
955715544
100001
70956359
293242026
130232672
100002
100001
70956359
100001
100004
476663561
100001
70956359
100001
810970872
100001
100001
70956359
100001
100037
605252920
100001
70956359
227540588
866643708
271618220
100001
70956359
100001
100002
481379389
100001
70956359
591254178
819873414
476816766
100001
70956359
989151148
100001
320945493
100001
70956359
508548895
100001
100001
100001
70956359
100001
122120999
912958464
100001
70956359
100001
100001
411230250
100001
70956359
940092912
100002
127372125
100001
70956359
100001
441698451
347175901
100001
70956359
100009
16118681
186595239
100001
70956359
100001
247779652
100002
100001
70956359
311773643
940002505
881133912
100001
70956359
869863966
537924421
586858807
100001
70956359
843202940
100001
988569168
100001
70956359
100004
100003
981029465
100001
70956359
154038923
541162959
452031567
100001
70956359
100001
604121134
675407277
100001
70956359
353673122
774924968
602169623
100001
70956359
100001
100002
100004
100001
70956359
276069731
847662012
100001
100001
70956359
100001
831638124
100001
100001
70956359
34439831
100001
100001
100001
70956359
561348665
100002
100001
100001
70956359
100001
100001
100007
100001
70956359
570391770
622636943
100002
100001
70956359
179157604
100001
43705356
100001
70956359
100001
100001
100001
100001
70956359
100001
606637378
233093069
100001
70956359
56276277
440031774
910342591
100001
70956359
539326251
856769957
867088460
100001
70956359
100001
899947103
35164534
100001
70956359
627761290
100001
130631793
100001
70956359
79786967
562167933
100001
100001
70956359
56119430
100004
100001
100001
70956359
770522736
669563278
100001
100001
70956359
100002
100001
100037
100001
70956359
100091
100001
333893889
100001
70956359
382152719
573274668
100001
100001
70956359
100001
100001
824323963
100001
70956359
588319027
100002
100001
100001
70956359
100001
100001
1197597
100001
70956359
842373893
100009
400217219
100001
70956359
100001
100001
100003
100001
70956359
733152419
100004
662026356
100001
70956359
461240787
679706881
100001
100001
70956359
100004
588319026
531420664
100001
70956359
117970864
548530026
146160113
100001
70956359
306622146
442421920
100001
100001
70956359
100002
100001
415426012
100001
70956359
411231706
100002
100001
100001
70956359
620160168
934302877
100003
100001
70956359
620422312
100001
100006
100001
70956359
100002
100003
100001
100001
70956359
263970367
100001
100002
100001
70956359
100003
561811535
181647610
100001
70956359
983687661
943506618
985159081
100001
70956359
503626955
100003
242482817
100001
70956359
100001
785214581
295098665
100001
70956359
60997398
954099164
518216565
100001
70956359
166493245
100006
582402354
100001
70956359
100001
20786923
982114795
100001
70956359
316790758
933556616
227540589
100001
70956359
100005
444257015
100001
100001
70956359
100001
100002
100001
100001
70956359
100001
451828579
100002
100001
70956359
100002
239861369
100004
100001
70956359
688317555
909829111
100005
100001
70956359
100001
263970367
486567902
100001
70956359
128015264
417513972
100001
100001
70956359
100002
785852196
882501712
100001
70956359
953796669
404179433
100015
100001
70956359
860995130
100001
416906166
100001
70956359
44601727
26251632
520179205
100001
70956359
100001
798982076
737323197
100001
70956359
100012
100001
100002
100001
70956359
78346714
100011
100002
100001
70956359
337034746
969822950
534512470
100001
70956359
34148174
708903338
521621003
100001
70956359
100005
176263358
521555466
100001
70956359
100001
100006
518117158
100001
70956359
352072222
814090044
584715104
100001
70956359
654079821
100001
692806141
100001
70956359
672406923
153639981
100047
100001
70956359
879120759
100001
100518746
100001
70956359
809273488
234393609
818482471
100001
70956359
373437190
449410125
47223177
100001
70956359
356916298
217485807
44197884
100001
70956359
100001
938263890
100005
100001
70956359
147143653
100001
40524036
100001
70956359
100001
649740783
137669170
100001
70956359
100001
100002
825886531
100001
70956359
100001
100004
100013
100001
70956359
100640
738469575
991977044
100001
70956359
100003
517073762
342503951
100001
70956359
126973531
100001
55227701
100001
70956359
849911834
100001
49755650
100001
70956359
100003
658774362
100001
100001
70956359
273001961
645867008
44753933
100001
70956359
979361701
676723252
905694045
100001
70956359
980283845
100001
100004
100001
70956359
100001
560762959
100001
100001
70956359
100001
100001
686424155
100001
70956359
790118973
366198932
923762185
100001
70956359
100002
251210076
524321075
100001
70956359
100001
45126021
100001
100001
70956359
100001
100007
992600568
100001
70956359
794834691
100001
100004
100001
70956359
575593677
100001
100001
100001
70956359
803116584
392025205
958221795
100001
70956359
738541146
827919678
322758355
100001
70956359
100001
738657457
100005
100001
70956359
905537636
100005
859062932
100001
70956359
100001
100001
100002
100001
70956359
842165235
428581636
51002696
100001
70956359
375414699
65713473
1040634
100001
70956359
69907781
871967994
494845117
100001
70956359
334631170
100008
149665674
100001
70956359
100001
100001
100001
100001
70956359
100001
906055251
100001
100001
70956359
579296277
646652215
100002
100001
70956359
211613591
702349729
457121184
100001
70956359
422685330
100001
100001
100001
70956359
674238229
100001
47464104
100001
70956359
450364315
720955604
33425095
100001
70956359
100001
100001
322033638
100001
70956359
151079043
100001
776289916
100001
70956359
568889114
16118681
100001
100001
70956359
100001
686744690
100002
100001
70956359
817958183
227280404
100006
100001
70956359
100007
100001
242497757
100001
70956359
523688418
193421241
395266162
100001
70956359
907103828
180888261
100001
100001
70956359
587440449
232568778
386520170
100001
70956359
94227285
100001
100001
100001
70956359
4567668
568627287
202880408
100001
70956359
100003
864121269
100002
100001
70956359
100001
100002
512539865
100001
70956359
433035424
237254873
100003
100001
70956359
100040
56276277
393478029
100001
70956359
572524081
100003
624853941
100001
70956359
100006
801527321
651209540
100001
70956359
100002
417261022
122409896
100001
70956359
680915061
41835697
100001
100001
70956359
100001
853197391
100001
100001
70956359
100001
145836156
100001
100001
70956359
732249680
942464028
638654464
100001
70956359
209885166
100001
100001
100001
70956359
897922130
348417911
225030277
100001
70956359
83985190
100001
100001
100001
70956359
100001
416582970
309414009
100001
70956359
371744675
100006
101567324
100001
70956359
906245762
369680294
517592868
100001
70956359
100001
538449295
100001
100001
70956359
100001
100001
100005
100001
70956359
841817279
942034131
100001
100001
70956359
100002
852809905
841439552
100001
70956359
100003
262508464
226492011
100001
70956359
100002
876939599
100001
100001
70956359
100002
629492846
100005
100001
70956359
430266519
980541930
508548895
100001
70956359
419897104
100001
100002
100001
70956359
164348157
100005
284443829
100001
70956359
100017
652176646
862043708
100001
70956359
749479633
139473078
31083383
100001
70956359
176693949
104659494
100004
100001
70956359
988569168
100003
52093967
100001
70956359
100001
100001
100001
100001
70956359
766852711
980313037
485725406
100001
70956359
100001
100001
100001
100001
70956359
369123235
383304446
167326072
100001
70956359
100010
741615307
100001
100001
70956359
100003
100029
876927055
100001
70956359
295430935
100001
646794365
100001
70956359
100001
100001
311547872
100001
70956359
738395310
738657459
765719440
100001
70956359
652527272
110593314
100001
100001
70956359
100007
777314956
100002
100001
70956359
422685330
817958182
436832624
100001
70956359
992099512
100002
89136819
100001
70956359
100010
100001
648487226
100001
70956359
100004
100001
100001
100001
70956359
170090401
551462682
986309104
100001
70956359
758038293
100001
313645024
100001
70956359
957061135
200380888
553138012
100001
70956359
441201105
100001
522210830
100001
70956359
769658913
354560467
469476726
100001
70956359
773144180
511884504
210407911
100001
70956359
100003
100001
980513226
100001
70956359
605842749
100001
100001
100001
70956359
100075
885054574
521700964
100001
70956359
401347156
93535099
100001
100001
70956359
100003
708419698
82670552
100001
70956359
100009
73453765
579039689
100001
70956359
666279998
100001
775241333
100001
70956359
904333007
809045280
100001
100001
70956359
176164171
880136940
146384406
100001
70956359
622256265
748106248
315930637
100001
70956359
100001
127700865
100001
100001
70956359
100016
100001
100004
100001
70956359
459804364
606310179
830141292
100001
70956359
100001
94665594
3449588
100001
70956359
100001
172220125
185530543
100001
70956359
500983893
100001
100006
100001
70956359
959563844
100001
812428206
100001
70956359
186595239
501770326
658680660
100001
70956359
100001
941313228
876107852
100001
70956359
100001
170926776
413913818
100001
70956359
100001
222007808
537406917
100001
70956359
100002
100002
100001
100001
70956359
236059728
100009
996020875
100001
70956359
100004
100004
248064510
100001
70956359
100004
100004
964798936
100001
70956359
100001
982524597
100002
100001
70956359
100001
103744463
284798454
100001
70956359
262074198
100001
241263422
100001
70956359
454016907
130724786
988569168
100001
70956359
730605243
907296997
100001
100001
70956359
100001
43705354
962478358
100001
70956359
100001
176693949
976515368
100001
70956359
100001
100004
45037057
100001
70956359
100001
562819938
100009
100001
70956359
552701415
374760866
100001
100001
70956359
75068369
100001
100121
100001
70956359
366928926
392720235
100002
100001
70956359
100001
393776024
793786115
100001
70956359
100001
810861744
100002
100001
70956359
969822950
343518034
100001
100001
70956359
100003
387954404
100001
100001
70956359
528404090
240737024
100006
100001
70956359
100001
100012
972181910
100001
70956359
709574319
100002
100001
100001
70956359
890725943
59319851
100006
100001
70956359
681504886
613305568
100001
100001
70956359
100002
100001
303159255
100001
70956359
695381205
100007
633226638
100001
70956359
700121503
886793781
526831222
100001
70956359
840915263
185294765
623912940
100001
70956359
241328427
100006
100006
100001
70956359
100007
100001
100001
100001
70956359
100002
371220387
608107960
100001
70956359
60470587
132102774
261873215
100001
70956359
281748648
637350459
178821166
100001
70956359
100002
817860276
930793162
100001
70956359
100001
100001
650846525
100001
70956359
914406565
537440714
100003
100001
70956359
758464098
468834703
720375891
100001
70956359
545827302
336772600
100002
100001
70956359
100001
100001
100001
100001
70956359
263096070
100003
100002
100001
70956359
126323548
909364065
859488850
100001
70956359
100009
147180551
100003
100001
70956359
246175579
177156484
561811535
100001
70956359
100001
100001
560762959
100001
70956359
100001
40413098
849755688
100001
70956359
100001
100001
100001
100001
70956359
61442962
100001
752974163
100001
70956359
269009603
100011
100001
100001
70956359
219915885
294805571
100001
100001
70956359
927762057
197475391
290612291
100001
70956359
100332
873031205
776289917
100001
70956359
100002
218904779
305256409
100001
70956359
835703678
100001
87167579
100001
70956359
322758357
100001
272070505
100001
70956359
100001
360547764
100003
100001
70956359
100001
100002
100002
100001
70956359
776289916
755232212
89503759
100001
70956359
100001
100001
896780432
100001
70956359
521988486
100002
858301065
100001
70956359
78816973
468834703
552701414
100001
70956359
89333432
64306706
631038101
100001
70956359
100001
100003
49755651
100001
70956359
451828580
147377789
100002
100001
70956359
413760436
100001
100001
100001
70956359
52081971
834211140
502452357
100001
70956359
299621856
469476727
694697812
100001
70956359
100001
100001
809922296
100001
70956359
100007
100001
100001
100001
70956359
382459018
100001
100008
100001
70956359
565203137
100006
294382354
100001
70956359
124488535
100001
808204053
100001
70956359
127270114
847662006
100003
100001
70956359
100001
711343793
208077409
100001
70956359
100003
100005
100005
100001
70956359
703136165
422108597
100001
100001
70956359
100001
352884861
433651268
100001
70956359
100001
615368060
717864120
100001
70956359
100013
189017794
100007
100001
70956359
100002
465177037
422685330
100001
70956359
100003
100001
612049490
100001
70956359
899703961
18224726
102091612
100001
70956359
103762464
100001
100001
100001
70956359
428205708
881133914
100001
100001
70956359
180888261
520183987
452957503
100001
70956359
100001
747524563
100001
100001
70956359
100016
100001
98082202
100001
70956359
100001
100012
100001
100001
70956359
942034129
442421920
100001
100001
70956359
100002
683276863
823725373
100001
70956359
843860914
890293103
189200568
100001
70956359
184770473
100001
349827294
100001
70956359
601556559
578301162
100001
100001
70956359
520446134
442915678
706179954
100001
70956359
100001
100001
852119822
100001
70956359
646409471
655890109
806256668
100001
70956359
100001
600473648
983101225
100001
70956359
652176646
170131278
100002
100001
70956359
100001
923903294
509597471
100001
70956359
130517854
992239189
410620547
100001
70956359
981844002
100003
133663586
100001
70956359
869077529
100002
891274529
100001
70956359
100004
942558421
897635248
100001
70956359
859488850
714803626
181645792
100001
70956359
100001
100001
261873213
100001
70956359
297790233
43169069
643375408
100001
70956359
354089839
988448518
100001
100001
70956359
442915675
100018
677339556
100001
70956359
491154503
578360345
726902517
100001
70956359
100001
100001
823872006
100001
70956359
170652486
680591438
71607715
100001
70956359
100002
47887663
100001
100001
70956359
983687661
100004
636426822
100001
70956359
427066514
665139092
123220911
100001
70956359
100004
47223177
100001
100001
70956359
100006
100002
143669588
100001
70956359
100001
419897104
11372120
100001
70956359
100001
323051253
100002
100001
70956359
100001
100001
601952525
100001
70956359
604121137
643083073
827919138
100001
70956359
148361626
652176646
69907780
100001
70956359
567904898
753539110
225153545
100001
70956359
100001
100001
393700937
100001
70956359
954404819
196000218
897979595
100001
70956359
819873414
100001
100002
100001
70956359
100001
100001
100001
100001
70956359
100001
248064510
100002
100001
70956359
100002
267216586
100001
100001
70956359
100002
767901288
100002
100001
70956359
876176938
100001
143490203
100001
70956359
421469969
100001
49755650
100001
70956359
100001
100001
100003
100001
70956359
156938837
100001
100007
100001
70956359
100002
784400633
100003
100001
70956359
562396230
364041111
915016119
100001
70956359
231028372
69907782
100047
100001
70956359
526488714
100001
359584661
100001
70956359
262074198
421577409
753367379
100001
70956359
851332034
100001
100006
100001
70956359
100001
100001
100001
100001
70956359
100001
100001
425294777
100001
70956359
209891447
100002
417261023
100001
70956359
100002
100001
47223175
100001
70956359
100001
100002
488719434
100001
70956359
436046186
945317326
100001
100001
70956359
100001
100001
955893822
100001
70956359
100001
323082217
100001
100001
70956359
100001
59717129
959878589
100001
70956359
643648634
261548392
310593994
100001
70956359
100004
100001
100003
100001
70956359
538972997
100025
100003
100001
70956359
984949429
100016
100072
100001
70956359
78412256
26920176
978997665
100001
70956359
227035162
100002
100001
100001
70956359
722147887
100009
100004
100001
70956359
621329118
295554133
299688316
100001
70956359
360293354
415857588
786078491
100001
70956359
389752930
832647875
212801524
100001
70956359
100009
242167903
75596569
100001
70956359
100002
100001
100001
100001
70956359
100002
100004
3522039
100001
70956359
100004
100002
134568505
100001
70956359
701364910
571669032
833538465
100001
70956359
100001
100005
387913922
100001
70956359
100001
100001
320683349
100001
70956359
876176938
100001
100001
100001
70956359
233093069
318887910
542010842
100001
70956359
61067039
497466562
333893889
100001
70956359
938263736
100001
615368060
100001
70956359
100001
183063002
423197625
100001
70956359
100001
686554458
100013
100001
70956359
47223176
647962938
100005
100001
70956359
100008
306205967
100003
100001
70956359
605774083
100001
100001
100001
70956359
717265446
100030
45775662
100001
70956359
100001
271060409
513752281
100001
70956359
193181064
100013
729949948
100001
70956359
833162562
231028372
100001
100001
70956359
7966223
32178468
100002
100001
70956359
405732679
753166181
100014
100001
70956359
975692260
916184862
743712459
100001
70956359
100001
645603635
100001
100001
70956359
447616078
979362280
100008
100001
70956359
100001
100006
311042121
100001
70956359
265697456
742735453
100001
100001
70956359
452271821
100001
100001
100001
70956359
178479017
53130548
823914573
100001
70956359
450548481
100001
991551991
100001
70956359
921441008
732249679
68859204
100001
70956359
33391253
410604927
100002
100001
70956359
100001
100001
100001
100001
70956359
622756787
100001
700121501
100001
70956359
797464319
638786993
97304886
100001
70956359
533274632
323266020
677769518
100001
70956359
100001
359254971
793786115
100001
70956359
534670802
100001
100001
100001
70956359
908132132
100002
734346835
100001
70956359
100001
633292176
587794738
100001
70956359
677740790
68859204
100001
100001
70956359
100001
681403831
178548018
100001
70956359
100001
100001
100002
100001
70956359
976114072
294061440
100001
100001
70956359
100001
100006
935118001
100001
70956359
477331887
139508351
100001
100001
70956359
791691839
284536309
100001
100001
70956359
100001
635444580
53949957
100001
70956359
359584661
100001
677740790
100001
70956359
971915557
561281031
146226674
100001
70956359
100001
422685332
506247583
100001
70956359
948291640
725228090
968766934
100001
70956359
100001
100001
962478358
100001
70956359
967709413
100001
100001
100001
70956359
979699277
937215159
852904900
100001
70956359
100002
100004
100001
100001
70956359
100001
171975354
545877590
100001
70956359
100001
490306740
891173330
100001
70956359
273815190
100002
172306815
100001
70956359
914386038
100001
100001
100001
70956359
207751269
146131974
74617919
100001
70956359
338889497
554471497
100001
100001
70956359
600473648
52093967
100001
100001
70956359
100001
537688522
816909606
100001
70956359
100001
312784905
897421197
100001
70956359
831638124
576944689
100003
100001
70956359
100002
744999620
219246503
100001
70956359
814525362
822152504
52093967
100001
70956359
561819976
916768566
100001
100001
70956359
684989843
729425660
100003
100001
70956359
100004
865726203
89277739
100001
70956359
910365437
100001
886376804
100001
70956359
903669712
615867016
100002
100001
70956359
100001
100001
672406923
100001
70956359
100003
100004
565148887
100001
70956359
683081813
258578890
100001
100001
70956359
100069
100008
609373529
100001
70956359
100002
100001
100002
100001
70956359
100013
83050348
808204053
100001
70956359
417954743
92804184
650320190
100001
70956359
588955959
50122866
100008
100001
70956359
688848906
49074289
100001
100001
70956359
974643683
490775208
42304155
100001
70956359
704864033
100005
537193850
100001
70956359
100004
100001
100001
100001
70956359
100002
375955390
100005
100001
70956359
282439157
917688213
100001
100001
70956359
100001
100001
55227701
100001
70956359
100001
100001
758226955
100001
70956359
303389912
317741146
100001
100001
70956359
100001
475768187
100002
100001
70956359
168031044
274339481
919660600
100001
70956359
248912077
100001
772856880
100001
70956359
100003
100001
618965451
100001
70956359
735920328
100001
745765186
100001
70956359
128513642
100001
744761035
100001
70956359
100022
567645283
821371908
100001
70956359
793159377
100001
212241599
100001
70956359
100002
100001
100001
100001
70956359
100002
938263735
100001
100001
70956359
100001
100001
948909259
100001
70956359
100001
100004
100001
100001
70956359
100001
225537970
100001
100001
70956359
941272564
100001
742735454
100001
70956359
100001
678698380
364928928
100001
70956359
176558273
100001
100005
100001
70956359
100038
100001
137971831
100001
70956359
100001
638654464
97418111
100001
70956359
100003
100003
123439959
100001
70956359
816499223
416906166
317654202
100001
70956359
124640492
407790584
100001
100001
70956359
152560649
100005
677769518
100001
70956359
369139637
169883062
100001
100001
70956359
100001
425831061
650846525
100001
70956359
191822012
557092941
975507541
100001
70956359
43705354
851332034
834218532
100001
70956359
100002
100001
100001
100001
70956359
591270564
100001
267912262
100001
70956359
100014
428581636
100002
100001
70956359
135040912
100001
100082
100001
70956359
100022
257530312
100001
100001
70956359
821232638
476816766
100001
100001
70956359
66753593
230686321
100002
100001
70956359
100001
100002
51630198
100001
70956359
100001
611483714
100001
100001
70956359
100002
177680773
724674289
100001
70956359
821692223
100004
100006
100001
70956359
100001
347560459
942464032
100001
70956359
100001
361275308
100001
100001
70956359
100001
570018277
481939669
100001
70956359
100002
637578334
346926340
100001
70956359
44601732
891494649
100005
100001
70956359
975507541
390889958
100002
100001
70956359
874747976
677670272
100001
100001
70956359
996020875
647458049
100001
100001
70956359
100002
877988177
927210048
100001
70956359
100002
100001
371079799
100001
70956359
606950810
931918203
949279778
100001
70956359
504981605
273839130
100017
100001
70956359
100001
100001
632587196
100001
70956359
100001
124105201
138652186
100001
70956359
100001
100002
819006767
100001
70956359
40207003
100001
100001
100001
70956359
100002
187167849
100002
100001
70956359
89333428
100002
100002
100001
70956359
213385459
957585425
100001
100001
70956359
100009
100001
100003
100001
70956359
100002
227280407
240219883
100001
70956359
44601729
100002
677247541
100001
70956359
100001
100018
407083433
100001
70956359
363896752
100001
100001
100001
70956359
669162044
810825502
553017030
100001
70956359
100001
100001
717868217
100001
70956359
256371041
960841032
100003
100001
70956359
100013
269588946
100003
100001
70956359
100001
100001
977866841
100001
70956359
188777497
100001
100001
100001
70956359
542010843
100001
337081467
100001
70956359
380673990
100002
100003
100001
70956359
169883060
100001
671358344
100001
70956359
476816766
100001
82670553
100001
70956359
680390964
822295370
647962935
100001
70956359
984184870
100001
100017
100001
70956359
274050537
100001
994581700
100001
70956359
966349371
100001
638111472
100001
70956359
982454028
100001
100002
100001
70956359
524570127
658156368
225196236
100001
70956359
75343284
100002
45744743
100001
70956359
100001
400293231
100001
100001
70956359
534834549
644242755
232339092
100001
70956359
390496910
100001
155269714
100001
70956359
100001
983687661
355229583
100001
70956359
405945078
337340430
405752303
100001
70956359
284908942
739742148
100001
100001
70956359
377003968
858301065
453604434
100001
70956359
970022073
100001
666449814
100001
70956359
701866089
439890382
634460367
100001
70956359
100001
769862456
100001
100001
70956359
482463959
813418100
86315807
100001
70956359
100001
170652486
569675863
100001
70956359
100001
633675476
116222854
100001
70956359
100001
100001
309975007
100001
70956359
100002
473671032
890145260
100001
70956359
301117115
252105044
100005
100001
70956359
869339676
684130390
100002
100001
70956359
870934051
506012192
100021
100001
70956359
100001
100001
100001
100001
70956359
332808113
253321588
100015
100001
70956359
100005
100002
100002
100001
70956359
100001
261724622
100056
100001
70956359
100001
183551395
44753933
100001
70956359
629492844
845958069
93535099
100001
70956359
634211440
560757827
919323296
100001
70956359
784269559
486627353
100003
100001
70956359
879381084
318260027
293608014
100001
70956359
100002
133992331
100001
100001
70956359
100002
383828740
781008511
100001
70956359
154278932
100001
569047588
100001
70956359
977243236
100001
100002
100001
70956359
996767276
100001
772619892
100001
70956359
553422920
954404820
67810626
100001
70956359
157639139
100014
100004
100001
70956359
131222650
918235186
100001
100001
70956359
838251730
842165236
100002
100001
70956359
100001
100004
468185187
100001
70956359
59319851
100001
100001
100001
70956359
100001
821570529
831589697
100001
70956359
528436861
186579125
130517854
100001
70956359
41183522
970933592
602919135
100001
70956359
823725373
100001
682026097
100001
70956359
662252210
666449814
536115655
100001
70956359
100001
331958070
176906152
100001
70956359
711802207
218884031
364928928
100001
70956359
100004
100004
834735430
100001
70956359
728091447
100001
266591811
100001
70956359
39883132
100001
205099485
100001
70956359
100001
54191123
100001
100001
70956359
130517854
91733301
681403831
100001
70956359
100002
44601730
526468232
100001
70956359
100001
100001
614033993
100001
70956359
100001
177430440
607030601
100001
70956359
100001
100004
784876090
100001
70956359
312793943
451399733
212277236
100001
70956359
100010
100001
105134635
100001
70956359
836701514
97897305
636341149
100001
70956359
682422390
100013
100003
100001
70956359
100002
498515140
100004
100001
70956359
671540333
208179678
478799490
100001
70956359
59953311
100001
732249678
100001
70956359
876939599
416906167
608079185
100001
70956359
183630885
268668852
100001
100001
70956359
654273800
100005
100003
100001
70956359
100001
540700117
100001
100001
70956359
100004
663402382
211157232
100001
70956359
100001
349134889
100001
100001
70956359
100001
100001
348417911
100001
70956359
100001
161493189
791691839
100001
70956359
74617919
981844002
645309949
100001
70956359
100002
100001
394880595
100001
70956359
252258815
100001
100001
100001
70956359
211125840
46295039
100001
100001
70956359
919761754
100001
344970820
100001
70956359
730645888
344970820
100001
100001
70956359
942464032
100001
615195219
100001
70956359
100001
100002
100001
100001
70956359
452285815
449715051
100005
100001
70956359
466535211
649485644
635510518
100001
70956359
842937260
100009
100002
100001
70956359
100002
258508898
94155892
100001
70956359
100002
812428207
100006
100001
70956359
100001
758348125
100002
100001
70956359
8384883
225707535
260407732
100001
70956359
369680294
969822950
954099166
100001
70956359
23403562
710738352
100001
100001
70956359
156938836
23307409
100001
100001
70956359
174453329
100001
100001
100001
70956359
835308141
329766794
422685331
100001
70956359
774924968
871266804
100001
100001
70956359
100003
267179721
733549637
100001
70956359
100001
977757815
482726105
100001
70956359
100001
100001
252841576
100001
70956359
100002
532415316
137198742
100001
70956359
925268052
100001
649535805
100001
70956359
100002
100001
100001
100001
70956359
196218825
48646295
100002
100001
70956359
758872416
277365217
100002
100001
70956359
100001
989631125
816040465
100001
70956359
100001
977080408
323082215
100001
70956359
438939054
996879336
100003
100001
70956359
357081000
100001
100001
100001
70956359
69907781
50144806
476816766
100001
70956359
193421241
903669712
700121503
100001
70956359
666538647
65713473
561950078
100001
70956359
100001
584715104
100001
100001
70956359
303033124
100008
766587795
100001
70956359
100001
100001
100001
100001
70956359
968822880
100001
100001
100001
70956359
47223177
937928009
310086930
100001
70956359
100001
923265836
114001847
100001
70956359
774670416
559714382
617083551
100001
70956359
629492846
934302876
100003
100001
70956359
100001
164187272
347484692
100001
70956359
659026313
102459411
445829887
100001
70956359
465791891
853168400
76379092
100001
70956359
100003
321555824
60619093
100001
70956359
100001
100001
100001
100001
70956359
621755107
379948172
100001
100001
70956359
100009
46174599
894778011
100001
70956359
560762959
100008
582266999
100001
70956359
56276278
419003320
462619742
100001
70956359
943506619
834735430
40003574
100001
70956359
100003
100003
145836156
100001
70956359
35522501
462950096
512617309
100001
70956359
100001
100001
390976628
100001
70956359
59003026
770104354
56571398
100001
70956359
100012
25894306
988406258
100001
70956359
162614406
100001
100004
100001
70956359
100001
100002
49096229
100001
70956359
44601729
976086589
100001
100001
70956359
872294648
225196239
258578889
100001
70956359
100001
847408122
100001
100001
70956359
898370317
354721702
963281508
100001
70956359
129469278
165490873
100001
100001
70956359
100002
668314143
132533371
100001
70956359
366550041
834193828
100001
100001
70956359
637466711
275998333
100005
100001
70956359
100002
419003320
561215492
100001
70956359
125471303
770522737
100002
100001
70956359
100001
140098177
776289916
100001
70956359
100001
371606137
58373431
100001
70956359
100001
64934066
724674289
100001
70956359
100001
988172542
100010
100001
70956359
907104760
100010
100004
100001
70956359
601522228
857915984
102459411
100001
70956359
127700865
100001
100001
100001
70956359
323245952
990849984
801083384
100001
70956359
120006225
983687661
197637523
100001
70956359
100001
100001
100001
100001
70956359
135219555
136555033
100001
100001
70956359
710745838
121200423
426059943
100001
70956359
931918203
100001
824396296
100001
70956359
371761080
100004
847408119
100001
70956359
573362717
100001
238304406
100001
70956359
543394084
51033392
100001
100001
70956359
987357682
112526722
866760734
100001
70956359
100004
132479977
100009
100001
70956359
100002
239037941
100003
100001
70956359
100001
100002
93658219
100001
70956359
642145597
100001
100001
100001
70956359
40207003
100001
137669170
100001
70956359
897371324
677307505
100001
100001
70956359
560762959
267389909
386520171
100001
70956359
100006
100001
903654704
100001
70956359
360626201
667902880
465842911
100001
70956359
47887663
304700636
100001
100001
70956359
100001
100005
464670967
100001
70956359
237502069
100001
857915984
100001
70956359
100001
711802207
864786864
100001
70956359
100001
68859204
396615658
100001
70956359
266792795
100004
54474245
100001
70956359
289604991
57484841
708419695
100001
70956359
100001
100001
100001
100001
70956359
659026313
725228090
100001
100001
70956359
669160284
965085485
59717129
100001
70956359
792061641
100001
100001
100001
70956359
100004
100047
100001
100001
70956359
566790783
100001
51033394
100001
70956359
100002
915668135
100001
100001
70956359
815138622
100001
100001
100001
70956359
379895967
740989394
260514231
100001
70956359
612007344
100001
100001
100001
70956359
100001
929746099
253153621
100001
70956359
979916195
100001
910365437
100001
70956359
100001
139473078
100002
100001
70956359
804796174
361229607
652679182
100001
70956359
100003
100001
100003
100001
70956359
168681179
831867381
100002
100001
70956359
167333009
983862257
707482656
100001
70956359
100001
100001
524845364
100001
70956359
819531056
100005
100001
100001
70956359
233093069
51033394
100001
100001
70956359
211944888
100008
816461653
100001
70956359
945668070
181875080
47899662
100001
70956359
170357319
475768190
586499508
100001
70956359
100001
100001
895732561
100001
70956359
720997462
862863792
100001
100001
70956359
100002
100002
462950095
100001
70956359
100001
74617919
870934049
100001
70956359
238304406
983687662
3522039
100001
70956359
100001
100001
210407908
100001
70956359
238508468
120006223
876176939
100001
70956359
137652786
46295039
208827785
100001
70956359
100001
261459887
611483714
100001
70956359
100002
100001
100002
100001
70956359
592428610
816040465
632638575
100001
70956359
100001
210932200
867133954
100001
70956359
100001
565148887
696909932
100001
70956359
100004
814090044
579067573
100001
70956359
797030584
360633237
708903340
100001
70956359
100001
957957445
150106753
100001
70956359
100002
100007
100002
100001
70956359
391013960
968245533
535719378
100001
70956359
607266425
100001
595253306
100001
70956359
901973709
100016
757007283
100001
70956359
368091058
81884119
546926168
100001
70956359
124444496
100004
54863401
100001
70956359
100016
111685980
100009
100001
70956359
418848527
336032889
248296928
100001
70956359
100003
709165484
100003
100001
70956359
100001
259100888
100001
100001
70956359
175970714
100001
100001
100001
70956359
100002
249837033
438967963
100001
70956359
824470644
93658216
976119358
100001
70956359
441201105
100003
709165487
100001
70956359
376844293
44197884
48215972
100001
70956359
454653011
100001
109515556
100001
70956359
979916194
528436861
100002
100001
70956359
644785658
346925908
341992295
100001
70956359
100008
100001
100003
100001
70956359
100001
282439157
173732433
100001
70956359
100001
62574767
100001
100001
70956359
284956325
111658067
654841532
100001
70956359
147180552
833956387
196032987
100001
70956359
761164974
666869684
100002
100001
70956359
100001
100019
100001
100001
70956359
100001
100001
100001
100001
70956359
100001
100001
100001
100001
70956359
100005
100003
100016
100001
70956359
171333061
977999963
751204683
100001
70956359
405752302
867433165
100001
100001
70956359
84767707
607030598
881939839
100001
70956359
414351953
809922296
441698452
100001
70956359
100002
153639982
682892690
100001
70956359
100001
642145599
100001
100001
70956359
100001
100001
662222965
100001
70956359
100003
666279998
959384274
100001
70956359
100001
100001
100006
100001
70956359
671540332
914275493
589459086
100001
70956359
100001
549048042
654858851
100001
70956359
847408122
100001
100001
100001
70956359
100013
100002
355339319
100001
70956359
517073762
100018
422685331
100001
70956359
631014331
100005
211195886
100001
70956359
100011
100001
100005
100001
70956359
100001
105997562
814090044
100001
70956359
899829932
100001
100001
100001
70956359
624387717
100001
173236134
100001
70956359
226492010
40439641
439276191
100001
70956359
31494516
100013
100001
100001
70956359
997843448
100001
172313751
100001
70956359
489768012
100001
989631125
100001
70956359
337602574
545384292
100002
100001
70956359
113077121
75277746
100001
100001
70956359
100001
100001
100016
100001
70956359
174284711
842331851
888851601
100001
70956359
419750050
100001
100001
100001
70956359
611646314
456777992
111204276
100001
70956359
639281980
626164665
100001
100001
70956359
988569168
646339913
100001
100001
70956359
100001
100001
158812311
100001
70956359
128585849
318030647
413827659
100001
70956359
425603447
475874361
100001
100001
70956359
100002
154358149
100001
100001
70956359
100001
100005
779959935
100001
70956359
250161663
881133914
100001
100001
70956359
676601228
100002
405732679
100001
70956359
43705355
100001
898303689
100001
70956359
658156366
100001
100001
100001
70956359
711802207
127250932
590203956
100001
70956359
64664897
176976562
100001
100001
70956359
253677913
364041111
285934970
100001
70956359
535724802
503626955
100001
100001
70956359
662730634
943506618
100001
100001
70956359
259348618
183270905
100001
100001
70956359
100004
100001
100002
100001
70956359
100006
153982044
100001
100001
70956359
339379191
17953694
687086995
100001
70956359
942464032
100001
100003
100001
70956359
100003
455024085
463474385
100001
70956359
649368637
100002
404703725
100001
70956359
100002
994483674
989991134
100001
70956359
859751064
100001
100001
100001
70956359
100001
100001
436403117
100001
70956359
44753933
171642185
486588880
100001
70956359
100010
552252777
100001
100001
70956359
100001
900468230
773144180
100001
70956359
841944400
84584144
644242755
100001
70956359
100001
269815844
763722089
100001
70956359
490306740
915085243
449465895
100001
70956359
982126344
638405748
100001
100001
70956359
879846958
100003
100001
100001
70956359
476816766
782986353
100001
100001
70956359
100002
459990176
70423611
100001
70956359
621942941
100001
100001
100001
70956359
100003
377003968
165235852
100001
70956359
446418993
100001
451828579
100001
70956359
100004
100001
707888289
100001
70956359
577236084
100003
100001
100001
70956359
719306018
426059943
345973830
100001
70956359
907791201
261873214
100007
100001
70956359
790118973
435799420
390463461
100001
70956359
100005
100006
100001
100001
70956359
128251498
100009
899419652
100001
70956359
693805505
868094626
770104351
100001
70956359
100001
100002
601854219
100001
70956359
791013047
150030465
710989240
100001
70956359
611000914
100001
959006022
100001
70956359
100004
100001
100001
100001
70956359
640227328
136089488
100001
100001
70956359
100002
910362328
100001
100001
70956359
793228424
100002
100001
100001
70956359
766587795
357605288
868815382
100001
70956359
100001
863528401
703380055
100001
70956359
100001
163662984
586334518
100001
70956359
759512674
353673123
100001
100001
70956359
100003
546000830
122120998
100001
70956359
345911827
706067038
100001
100001
70956359
760523102
628023435
684989843
100001
70956359
399168642
615195221
100010
100001
70956359
100001
922063603
360108949
100001
70956359
120006225
749828426
100002
100001
70956359
100001
100002
300173746
100001
70956359
972435511
100001
322033639
100001
70956359
100001
100089
100001
100001
70956359
865777737
100019
982061145
100001
70956359
100001
869885472
901766691
100001
70956359
155535511
180826501
824249661
100001
70956359
188178357
404179435
571465386
100001
70956359
747234476
100001
282439157
100001
70956359
44601730
772201510
650160961
100001
70956359
147180552
100001
759658849
100001
70956359
451153637
419003320
849091432
100001
70956359
844262388
100001
100001
100001
70956359
100002
949551045
100008
100001
70956359
73705354
981697378
979387816
100001
70956359
100001
53130548
180045205
100001
70956359
129166748
100001
69907780
100001
70956359
344971929
100002
100002
100001
70956359
646339914
100012
100001
100001
70956359
100001
662252209
100010
100001
70956359
605842751
96369532
839847245
100001
70956359
835390883
761609826
100001
100001
70956359
800034806
917972914
100001
100001
70956359
796691378
100012
654949152
100001
70956359
100001
100005
4381186
100001
70956359
625664138
100009
130077348
100001
70956359
271063693
238377725
141737557
100001
70956359
791691839
100019
100001
100001
70956359
997843448
100001
100001
100001
70956359
310422740
188676277
359161752
100001
70956359
100001
100001
720997462
100001
70956359
100001
100001
100001
100001
70956359
100006
13825210
100003
100001
70956359
100001
512539865
413913816
100001
70956359
560233536
40543593
100005
100001
70956359
100001
419897104
854108804
100001
70956359
100001
100003
100001
100001
70956359
100001
732702398
897635248
100001
70956359
73741459
166497343
100016
100001
70956359
892390256
100001
100001
100001
70956359
100002
100001
979493353
100001
70956359
828239214
389621858
939679092
100001
70956359
100001
100001
100001
100001
70956359
647458050
100001
436770896
100001
70956359
100001
175050059
831858929
100001
70956359
948490342
100002
100001
100001
70956359
294927832
100001
100006
100001
70956359
656967105
100001
774430778
100001
70956359
528366184
186579125
38310268
100001
70956359
100001
101567324
276960923
100001
70956359
558665806
100001
941509839
100001
70956359
100003
120341319
434649775
100001
70956359
274012828
100036
146908694
100001
70956359
100001
974807839
937118919
100001
70956359
111658067
816040462
533780820
100001
70956359
100001
100001
954522662
100001
70956359
100001
100002
100001
100001
70956359
756281314
100002
100001
100001
70956359
368091061
100003
644423984
100001
70956359
100001
231028372
100002
100001
70956359
191297723
42888380
100017
100001
70956359
100007
326907921
371761080
100001
70956359
100004
100002
234110099
100001
70956359
100001
914275493
333935735
100001
70956359
100001
156389770
100002
100001
70956359
859046548
100001
63895741
100001
70956359
100005
100001
858718135
100001
70956359
213784940
185784177
979493352
100001
70956359
100001
724674289
100001
100001
70956359
488209584
288375995
323051251
100001
70956359
678356081
385316946
100001
100001
70956359
100001
100002
936114005
100001
70956359
102901786
45126020
40003573
100001
70956359
100004
178130261
710738352
100001
70956359
100002
486436826
100004
100001
70956359
100002
982114795
100001
100001
70956359
100019
838584943
100006
100001
70956359
100002
100001
171975353
100001
70956359
100001
345989161
100001
100001
70956359
476816766
153432432
100001
100001
70956359
100001
747300013
702186058
100001
70956359
100006
59717129
422108597
100001
70956359
532971844
468834703
870934050
100001
70956359
916766767
33636564
100001
100001
70956359
78738391
100008
100002
100001
70956359
818660993
100002
636902714
100001
70956359
322033638
100022
252105045
100001
70956359
960631515
100017
451828581
100001
70956359
417799950
6939132
100002
100001
70956359
289883326
476816766
100013
100001
70956359
100001
202718278
100001
100001
70956359
100002
724936433
330815374
100001
70956359
100001
603602993
444519073
100001
70956359
352883819
738541146
421605816
100001
70956359
460852943
910674786
100001
100001
70956359
100004
100002
847662006
100001
70956359
100004
100002
608107958
100001
70956359
100001
242658385
100001
100001
70956359
701086380
100001
223529301
100001
70956359
100004
5636493
100001
100001
70956359
509471579
263970367
715838054
100001
70956359
99253763
100001
301722402
100001
70956359
100001
994485518
645603635
100001
70956359
100581
443470497
873031204
100001
70956359
744439017
100001
235929204
100001
70956359
330315176
100003
832743829
100001
70956359
494250640
58373433
346401620
100001
70956359
517592868
100001
608862273
100001
70956359
914032345
100001
100001
100001
70956359
914787377
100003
327669637
100001
70956359
785924667
100001
100001
100001
70956359
673718983
100002
100001
100001
70956359
515233571
614792048
100001
100001
70956359
100001
100025
46839087
100001
70956359
129249627
561411458
100001
100001
70956359
100002
804796176
514053921
100001
70956359
100001
816385318
521282130
100001
70956359
724936433
989631125
280025544
100001
70956359
100003
385141815
100001
100001
70956359
406919588
50144806
100003
100001
70956359
100060
341420880
100001
100001
70956359
145311868
782152574
140225050
100001
70956359
212205517
100001
666279998
100001
70956359
166931907
168230730
965624089
100001
70956359
166483526
981242121
325924876
100001
70956359
357066929
316605618
100002
100001
70956359
100004
748106248
154038923
100001
70956359
812428207
100001
784048992
100001
70956359
100001
100001
380940302
100001
70956359
100001
100002
132615010
100001
70956359
156578163
596465265
100001
100001
70956359
970783423
100001
237075537
100001
70956359
791144125
34148174
100003
100001
70956359
303159254
141117560
992312506
100001
70956359
100001
59166877
444964950
100001
70956359
859488850
211157231
100001
100001
70956359
100008
100001
100001
100001
70956359
100001
100002
100007
100001
70956359
683074673
100001
100004
100001
70956359
100001
100001
573496525
100001
70956359
100002
100001
255715678
100001
70956359
100001
907083556
671633184
100001
70956359
537193849
263970367
817458793
100001
70956359
100009
100002
814640889
100001
70956359
865726203
100001
100001
100001
70956359
100002
935117998
100001
100001
70956359
100003
100007
931712181
100001
70956359
172225353
547974744
901291548
100001
70956359
533012487
100002
100001
100001
70956359
785951575
100001
741113271
100001
70956359
850140010
620061321
100004
100001
70956359
323051251
888628790
100493
100001
70956359
100001
793228423
488719432
100001
70956359
100001
100001
100003
100001
70956359
762680223
648487226
406468000
100001
70956359
100002
878664360
100001
100001
70956359
688317555
100003
562426690
100001
70956359
100001
594374398
100002
100001
70956359
45037057
100001
100002
100001
70956359
662696329
100001
769998444
100001
70956359
100001
100001
798504712
100001
70956359
464595041
100001
984736240
100001
70956359
52081971
100001
100001
100001
70956359
647458050
100001
570620452
100001
70956359
663759542
100012
551079667
100001
70956359
100001
58216592
820381503
100001
70956359
100001
100001
433195763
100001
70956359
482427968
100001
100013
100001
70956359
100001
100001
615195221
100001
70956359
263970367
100001
918713178
100001
70956359
100028
100001
100006
100001
70956359
195671437
959878588
100001
100001
70956359
100001
680591437
44753933
100001
70956359
438967964
100001
100001
100001
70956359
100001
100001
84182070
100001
70956359
615195219
97418110
100010
100001
70956359
100004
100001
100001
100001
70956359
274574830
335912433
100017
100001
70956359
12601880
636426822
379101123
100001
70956359
100001
611000914
185294765
100001
70956359
100015
100001
814466680
100001
70956359
100001
808873720
655403847
100001
70956359
100001
455541314
213254386
100001
70956359
100001
38310266
718191714
100001
70956359
100002
646339915
100001
100001
70956359
100002
100003
100001
100001
70956359
100001
323051251
100001
100001
70956359
421728353
895761065
758464098
100001
70956359
586404653
637162037
59422010
100001
70956359
112932129
51033392
100001
100001
70956359
579041841
549023323
100001
100001
70956359
776289916
162447605
100001
100001
70956359
923814929
884917921
388651204
100001
70956359
21277920
450864039
100260
100001
70956359
881133914
100005
100001
100001
70956359
706561181
914667971
301669141
100001
70956359
954916397
100004
150030464
100001
70956359
581131287
100004
100001
100001
70956359
111658067
832919863
783437992
100001
70956359
100001
100003
100001
100001
70956359
234718754
100002
100001
100001
70956359
162820758
147143653
659179060
100001
70956359
100677
100001
4381186
100001
70956359
100010
100001
496530694
100001
70956359
94354746
100002
481722816
100001
70956359
66229301
940366876
100001
100001
70956359
676634530
867481300
100001
100001
70956359
545389619
994581700
100001
100001
70956359
399168642
100001
51033393
100001
70956359
982114795
665055627
100001
100001
70956359
100001
100001
100001
100001
70956359
100001
100001
148261002
100001
70956359
922907486
324745221
100039
100001
70956359
100001
100001
623122590
100001
70956359
100001
946257142
73705354
100001
70956359
100001
134239897
100001
100001
70956359
100009
44753933
108335906
100001
70956359
92804184
174072507
222269954
100001
70956359
100001
655928135
687086995
100001
70956359
309252947
100002
100001
100001
70956359
771435322
100001
100002
100001
70956359
909246742
100002
100001
100001
70956359
977280754
380944543
9560576
100001
70956359
942464031
100036
575794288
100001
70956359
100002
59581996
817786621
100001
70956359
291679263
100001
100001
100001
70956359
576325174
100002
772835400
100001
70956359
100001
932363547
100005
100001
70956359
682360146
960170926
100001
100001
70956359
100001
898112087
100001
100001
70956359
100001
236059728
45790511
100001
70956359
865777737
369139637
134239899
100001
70956359
58668553
100001
100001
100001
70956359
237045285
100022
100001
100001
70956359
652527272
954522662
100006
100001
70956359
45037057
100001
100001
100001
70956359
842165236
808873719
323051254
100001
70956359
744746314
966349371
100002
100001
70956359
438098009
650582028
816723797
100001
70956359
100001
114847364
100001
100001
70956359
280167792
100001
67385973
100001
70956359
289802656
100002
514233274
100001
70956359
100001
605428873
100001
100001
70956359
100002
100019
100014
100001
70956359
100001
647458050
100002
100001
70956359
817860276
100001
857097807
100001
70956359
141117560
442915679
100001
100001
70956359
100001
317839334
215160824
100001
70956359
82146263
582402354
100003
100001
70956359
100003
100001
105211130
100001
70956359
242683643
84584144
963516598
100001
70956359
794837567
796216937
308482543
100001
70956359
38985178
100011
878594649
100001
70956359
638405748
34439830
459804367
100001
70956359
653727759
100002
100001
100001
70956359
100001
100001
815138621
100001
70956359
60462128
773144181
291679259
100001
70956359
939318299
899703961
185807242
100001
70956359
100012
100001
918846334
100001
70956359
323082218
308482543
159035991
100001
70956359
869885473
133663586
147947300
100001
70956359
321304595
100001
100001
100001
70956359
100004
100001
100001
100001
70956359
100001
100003
320985062
100001
70956359
100002
649526343
100004
100001
70956359
944818137
100002
100001
100001
70956359
983416867
904662536
100009
100001
70956359
175705679
419003320
304700636
100001
70956359
623912940
405431017
100001
100001
70956359
100001
472983660
977938856
100001
70956359
100002
100028
273001961
100001
70956359
424649474
278769141
613186995
100001
70956359
174387793
63616320
100002
100001
70956359
169954450
638345462
530662006
100001
70956359
100001
147180551
100001
100001
70956359
317740498
718830625
604121136
100001
70956359
227280404
528436858
100001
100001
70956359
100518746
702349732
949073027
100001
70956359
126323548
100002
100001
100001
70956359
100001
100002
100015
100001
70956359
291867042
442026135
237254873
100001
70956359
744832606
100001
100005
100001
70956359
100001
100001
866685460
100001
70956359
417402171
100001
648325953
100001
70956359
990503413
147551877
100002
100001
70956359
683005797
439890383
100003
100001
70956359
100001
100001
100001
100001
70956359
443140252
143214714
100001
100001
70956359
636967498
100002
452957503
100001
70956359
898284171
100005
100001
100001
70956359
979493352
917972913
100001
100001
70956359
100001
235308579
983416867
100001
70956359
548038781
100001
236206296
100001
70956359
60470587
371761080
618965453
100001
70956359
653776707
57619974
248566092
100001
70956359
100003
167337887
100001
100001
70956359
59581996
502452870
889913823
100001
70956359
653743938
160608859
488448088
100001
70956359
526569077
390889957
196042687
100001
70956359
698110251
100002
605016293
100001
70956359
100011
27300208
541162959
100001
70956359
292850189
100001
439890379
100001
70956359
50144806
100001
447615052
100001
70956359
349478816
539815294
651582799
100001
70956359
209359332
428581636
100007
100001
70956359
100001
14873788
100001
100001
70956359
801083384
258246754
100001
100001
70956359
301117115
100001
436272044
100001
70956359
991187740
235243043
100001
100001
70956359
100001
293047622
95460756
100001
70956359
580875529
100003
100002
100001
70956359
215901976
957926648
979493354
100001
70956359
58373431
100001
819883774
100001
70956359
100001
100001
157102451
100001
70956359
368535179
629492844
100001
100001
70956359
100001
758464098
100001
100001
70956359
625612962
100001
100002
100001
70956359
720308547
908132132
587830070
100001
70956359
100001
903958098
341431139
100001
70956359
627447972
426804366
347396768
100001
70956359
100010
242482817
100001
100001
70956359
100020
100001
306097858
100001
70956359
95452027
100017
100001
100001
70956359
100001
830141292
100001
100001
70956359
860995131
100001
514239808
100001
70956359
571737643
482427968
100001
100001
70956359
161565827
966214991
100001
100001
70956359
347484692
789070397
120006225
100001
70956359
100003
753680739
981066219
100001
70956359
475258739
509769516
100067
100001
70956359
906055252
532297886
794837567
100001
70956359
674504076
876176936
100001
100001
70956359
100003
217128201
964855684
100001
70956359
182275421
100001
176845489
100001
70956359
791013052
941415452
221092834
100001
70956359
130631792
100008
329766797
100001
70956359
744761035
316550347
100003
100001
70956359
444488545
486195655
545160377
100001
70956359
308431303
940366876
160510324
100001
70956359
285672826
517073762
100008
100001
70956359
100001
808353824
100006
100001
70956359
741801171
941509838
282439157
100001
70956359
404179435
100001
32070618
100001
70956359
97373016
75596567
100001
100001
70956359
53755569
253321589
577678275
100001
70956359
100001
100001
100001
100001
70956359
100001
100005
410631313
100001
70956359
100001
901588258
458508494
100001
70956359
953796669
466535211
983416867
100001
70956359
843860912
535096696
100002
100001
70956359
776075380
739589725
100004
100001
70956359
132471720
615342728
100001
100001
70956359
100004
100001
436241992
100001
70956359
954169267
100001
720955604
100001
70956359
100001
342126
876939599
100001
70956359
540376526
100003
741323256
100001
70956359
100001
817248089
31793562
100001
70956359
867596779
36758684
100027
100001
70956359
436046185
170702264
125537116
100001
70956359
282072736
395546347
31494516
100001
70956359
606768453
100001
100001
100001
70956359
100001
228299273
567100662
100001
70956359
100005
100002
371761080
100001
70956359
67277881
357181915
587330940
100001
70956359
100001
48547727
149964944
100001
70956359
100001
100001
436832624
100001
70956359
100001
894946126
100001
100001
70956359
100001
100001
985423439
100001
70956359
637357171
100001
100011
100001
70956359
100022
100003
100001
100001
70956359
782869342
703695324
100040
100001
70956359
100001
3739924
100002
100001
70956359
100001
75068369
136297087
100001
70956359
168636798
642145599
144829823
100001
70956359
100001
537502423
99057154
100001
70956359
536145272
284503227
100003
100001
70956359
271290295
891646726
354957052
100001
70956359
100001
100025
100002
100001
70956359
100001
906055252
605192253
100001
70956359
460852943
232783474
943882
100001
70956359
962728672
100001
100003
100001
70956359
609865961
806043004
52093967
100001
70956359
311547871
891831596
905298042
100001
70956359
884279648
750092313
100001
100001
70956359
100001
640227328
295144952
100001
70956359
100002
445537121
100002
100001
70956359
100001
570620455
843860914
100001
70956359
100001
100001
100001
100001
70956359
225707535
506451743
100019
100001
70956359
20778219
41980284
177689756
100001
70956359
100001
808494500
732702398
100001
70956359
100001
675082343
656473273
100001
70956359
100001
600473649
496417984
100001
70956359
100005
763706981
100001
100001
70956359
753484121
548212443
100078
100001
70956359
100004
656059208
146131974
100001
70956359
103772706
100001
212277236
100001
70956359
100001
711802207
618965454
100001
70956359
100001
100001
100003
100001
70956359
807470620
647305222
980541930
100001
70956359
100005
727691509
100002
100001
70956359
983687661
636341149
100001
100001
70956359
166277496
179326297
235682963
100001
70956359
100001
100001
849911835
100001
70956359
89040599
100001
748810139
100001
70956359
452709669
100004
100001
100001
70956359
100001
100001
496417984
100001
70956359
13825210
656895248
100018
100001
70956359
227280403
884036996
100001
100001
70956359
292850189
74994702
897071787
100001
70956359
876939599
100001
100009
100001
70956359
951376932
182174106
67810627
100001
70956359
726538811
100001
100002
100001
70956359
100001
978997662
100001
100001
70956359
54179124
327669637
100001
100001
70956359
650208892
100001
100001
100001
70956359
692045691
708903338
87701219
100001
70956359
883755359
273815190
100015
100001
70956359
272338871
100002
100001
100001
70956359
821430079
100001
799553288
100001
70956359
53130548
881419824
836531069
100001
70956359
100007
795940416
398692748
100001
70956359
532881414
510906705
100002
100001
70956359
130112419
420175274
100056
100001
70956359
100001
538242428
100001
100001
70956359
100004
980541931
355229579
100001
70956359
517592869
100001
141495040
100001
70956359
334423056
915016634
100002
100001
70956359
100001
100007
100004
100001
70956359
631589999
100001
100005
100001
70956359
100001
487947437
100001
100001
70956359
567578708
791691839
100002
100001
70956359
100002
166407618
308479140
100001
70956359
836983101
100001
100001
100001
70956359
44601730
100008
745214410
100001
70956359
100002
504354591
191052950
100001
70956359
100001
176693949
45126022
100001
70956359
100001
686744690
100001
100001
70956359
314671740
100002
935117997
100001
70956359
303159253
651209540
381460426
100001
70956359
43705355
741145888
980541930
100001
70956359
253177454
100001
824249661
100001
70956359
100002
980964773
100004
100001
70956359
697933923
792751700
466449119
100001
70956359
100002
146131974
100001
100001
70956359
100001
608521558
748171784
100001
70956359
100001
100002
100001
100001
70956359
100002
379395754
151079043
100001
70956359
579296275
148192229
349827293
100001
70956359
261873215
100001
211982321
100001
70956359
191052950
436681645
100001
100001
70956359
604667964
100001
350707756
100001
70956359
100001
739556472
679205485
100001
70956359
100003
287561610
31308784
100001
70956359
208074276
646794366
100001
100001
70956359
100001
100001
100002
100001
70956359
100001
818185203
630971904
100001
70956359
736569530
417261022
47899662
100001
70956359
601522230
324863175
100001
100001
70956359
100001
100001
100002
100001
70956359
641086167
89759026
94976895
100001
70956359
276406489
836574395
100004
100001
70956359
671358344
100001
100001
100001
70956359
100005
687086995
100002
100001
70956359
985423439
848863255
669511972
100001
70956359
814525362
561281032
100001
100001
70956359
100001
100001
100004
100001
70956359
488719434
211985133
225153545
100001
70956359
100001
100001
100002
100001
70956359
100001
100009
184862116
100001
70956359
903808718
779724235
368091061
100001
70956359
100001
865777737
100001
100001
70956359
100004
141117560
100002
100001
70956359
100020
87149654
100003
100001
70956359
47899662
100001
406181121
100001
70956359
769862456
550368161
405725935
100001
70956359
75596569
306309931
584715104
100001
70956359
449271888
981671681
992239189
100001
70956359
28986226
100002
609024872
100001
70956359
106763039
54179124
799900349
100001
70956359
318373075
100003
100001
100001
70956359
100001
550071900
100002
100001
70956359
832383522
678698380
48271754
100001
70956359
100002
100001
100001
100001
70956359
766866435
993384427
837245246
100001
70956359
100001
100001
100001
100001
70956359
100001
100005
398313594
100001
70956359
38310267
216459034
100001
100001
70956359
897856592
100001
100001
100001
70956359
100001
618199926
100010
100001
70956359
769862456
272607107
828239214
100001
70956359
265018947
100001
847408121
100001
70956359
59953311
129469278
148261002
100001
70956359
100002
100001
100001
100001
70956359
578543284
939830768
195671436
100001
70956359
163662982
806256662
100001
100001
70956359
212636137
602570807
100001
100001
70956359
681056078
844398976
600473649
100001
70956359
386520173
100004
964353296
100001
70956359
923265837
955440688
796407558
100001
70956359
100001
396285050
536287789
100001
70956359
100001
100001
100001
100001
70956359
12514488
100002
605169714
100001
70956359
528925292
343290384
100001
100001
70956359
736733371
100001
78590651
100001
70956359
567737920
175059330
533962770
100001
70956359
73045054
983551759
100003
100001
70956359
100005
100005
236206296
100001
70956359
100003
100007
100030
100001
70956359
100001
100007
87736037
100001
70956359
100001
100001
174748331
100001
70956359
100002
100002
747524564
100001
70956359
362831770
100002
100001
100001
70956359
100001
106021112
986472015
100001
70956359
185807242
688138547
23546730
100001
70956359
100001
94665594
100002
100001
70956359
100008
100001
137138065
100001
70956359
10797998
705355916
100001
100001
70956359
444519074
979916193
382117569
100001
70956359
100001
35164534
821708424
100001
70956359
100004
65713473
373080220
100001
70956359
100001
100002
100001
100001
70956359
53130548
923837758
54191122
100001
70956359
993838780
911985506
232568780
100001
70956359
100001
111641890
740598972
100001
70956359
890293104
306074893
78412252
100001
70956359
100001
100001
323051252
100001
70956359
9271337
100001
737257659
100001
70956359
27300208
327170065
100002
100001
70956359
100001
100001
100001
100001
70956359
100001
814288166
405973962
100001
70956359
944561186
100001
100001
100001
70956359
100131
806776564
100001
100001
70956359
100002
783437992
765490058
100001
70956359
42504572
100001
100004
100001
70956359
530271870
524845364
775241333
100001
70956359
318050407
650582028
977080408
100001
70956359
100002
100002
589452348
100001
70956359
100003
210932199
72525511
100001
70956359
965327868
953530447
36213110
100001
70956359
100005
647750572
299426171
100001
70956359
426059943
100001
176021977
100001
70956359
100001
775241338
174284711
100001
70956359
100001
100001
666603437
100001
70956359
100002
454506114
812660511
100001
70956359
747066781
100006
188613657
100001
70956359
452709669
100001
100001
100001
70956359
881089321
100001
836671
100001
70956359
100004
542272989
100002
100001
70956359
100002
260676046
54863401
100001
70956359
100001
100001
898361879
100001
70956359
256928098
371473016
100002
100001
70956359
895728256
100001
650817133
100001
70956359
531923264
589459087
78742301
100001
70956359
826346813
886793778
100001
100001
70956359
608836750
42001511
53290536
100001
70956359
166284432
683941267
100001
100001
70956359
100021
100001
688138547
100001
70956359
735585988
100002
100007
100001
70956359
101908101
736822439
217128201
100001
70956359
100004
51033392
100001
100001
70956359
100001
6834701
100002
100001
70956359
100003
203582376
895752463
100001
70956359
100004
100049
100001
100001
70956359
100001
642145597
100002
100001
70956359
100004
100004
269283166
100001
70956359
273387448
764755559
100002
100001
70956359
363880350
44407231
676303052
100001
70956359
603314766
283575672
548851432
100001
70956359
51033394
100005
257530311
100001
70956359
475080815
476816768
100001
100001
70956359
824249661
942558421
336226317
100001
70956359
100001
126315303
513432793
100001
70956359
574585389
428319490
100001
100001
70956359
618965454
358266635
34148174
100001
70956359
438098009
100001
208074276
100001
70956359
323051254
33466268
514053921
100001
70956359
53290536
172838040
491340877
100001
70956359
100001
349478816
456765190
100001
70956359
615840628
100001
100001
100001
70956359
413782743
476816768
100001
100001
70956359
311547872
504354587
656554789
100001
70956359
480510394
183551395
986922919
100001
70956359
467460992
764900231
34115958
100001
70956359
294061439
38310268
100001
100001
70956359
100003
100008
40726809
100001
70956359
100006
709165486
980541930
100001
70956359
100001
355884104
100001
100001
70956359
272642568
132943755
9456147
100001
70956359
185784177
568627284
981844002
100001
70956359
248566091
399168642
108993822
100001
70956359
478844563
261873214
100003
100001
70956359
658029355
100001
100001
100001
70956359
283313528
681179706
968915645
100001
70956359
100002
174809000
773144181
100001
70956359
676118939
283575672
100005
100001
70956359
534670802
100001
775241333
100001
70956359
100002
721656916
975955513
100001
70956359
446091939
356608175
100001
100001
70956359
100002
64595788
207979260
100001
70956359
100001
722147885
900554263
100001
70956359
739977421
351575970
993838778
100001
70956359
248566092
988214528
100001
100001
70956359
977080408
487670854
100001
100001
70956359
781340840
651174036
191052950
100001
70956359
100019
518281742
818923137
100001
70956359
111079033
100001
100001
100001
70956359
100001
427068192
100001
100001
70956359
100002
472197226
851856324
100001
70956359
100004
100001
527212533
100001
70956359
449496761
390889958
100005
100001
70956359
749828426
75596572
100001
100001
70956359
100002
864252341
389635881
100001
70956359
176845489
100001
658156368
100001
70956359
989991134
899226204
100001
100001
70956359
100001
246833995
80362294
100001
70956359
993660093
654157659
100009
100001
70956359
100002
753745505
100001
100001
70956359
534512469
266391742
422108597
100001
70956359
404094321
400293231
427066514
100001
70956359
481379389
100002
55522821
100001
70956359
178657322
729425660
160657803
100001
70956359
173138388
812369522
935154846
100001
70956359
100002
646701992
686424154
100001
70956359
100001
44601731
3793401
100001
70956359
100001
100004
100001
100001
70956359
100001
987256233
56276279
100001
70956359
100001
117970864
988461007
100001
70956359
866685460
100001
100003
100001
70956359
259068119
988406258
962478358
100001
70956359
613184137
100004
205255359
100001
70956359
100001
100004
100001
100001
70956359
967725797
828869413
976827471
100001
70956359
814784494
842341569
100002
100001
70956359
489857623
100001
71345571
100001
70956359
398535926
100002
607855184
100001
70956359
3739920
282869472
100027
100001
70956359
638654463
680390965
283383458
100001
70956359
360812070
100001
100007
100001
70956359
814090044
267491794
100001
100001
70956359
983416867
145194142
776289916
100001
70956359
113077121
100001
980964775
100001
70956359
100005
33099597
796491702
100001
70956359
100002
651106316
934595776
100001
70956359
654140242
651375808
135040912
100001
70956359
807709613
100003
394094158
100001
70956359
650817133
111799937
100001
100001
70956359
920810332
847662011
100029
100001
70956359
100001
484581941
100001
100001
70956359
100002
897567570
448686184
100001
70956359
817648542
171348501
59413552
100001
70956359
371744675
100001
100007
100001
70956359
64615657
100004
100003
100001
70956359
52081971
9456147
818136704
100001
70956359
458755788
464070752
736443988
100001
70956359
246698308
23307409
423197625
100001
70956359
100002
100001
489887859
100001
70956359
731579550
274050537
100003
100001
70956359
245805027
797400690
100001
100001
70956359
904662536
100001
534670799
100001
70956359
893237908
100002
100001
100001
70956359
100014
695381205
897567573
100001
70956359
100001
615195220
100002
100001
70956359
898222933
100002
131370890
100001
70956359
73453764
100001
100001
100001
70956359
100001
74295178
401189824
100001
70956359
588120705
583507
678698380
100001
70956359
966623870
100001
44006601
100001
70956359
479958231
794119776
404179436
100001
70956359
100001
100001
100002
100001
70956359
100007
67277881
100009
100001
70956359
348271131
100001
482427968
100001
70956359
100001
562803552
100025
100001
70956359
636812970
73772101
44741934
100001
70956359
100001
100003
758348125
100001
70956359
100002
47889388
905272875
100001
70956359
100006
847408121
100001
100001
70956359
307433966
823789375
100003
100001
70956359
100001
225707535
100001
100001
70956359
327669637
822295370
605902231
100001
70956359
775241333
833213303
475768187
100001
70956359
100003
424746769
100003
100001
70956359
3500995
387744222
100006
100001
70956359
336032888
657341224
100001
100001
70956359
903072603
100003
100001
100001
70956359
100001
486457806
100001
100001
70956359
100013
645391270
935118000
100001
70956359
100001
212247277
906034980
100001
70956359
156938836
100147
100002
100001
70956359
100006
666538647
823789375
100001
70956359
969818401
100001
100002
100001
70956359
538017226
986472015
746710187
100001
70956359
100009
100002
100001
100001
70956359
100002
100001
965690703
100001
70956359
524570127
100001
100001
100001
70956359
362848174
642324482
866238016
100001
70956359
100001
100001
100003
100001
70956359
100001
629166242
793833092
100001
70956359
100011
100004
100001
100001
70956359
100001
100001
601936093
100001
70956359
648891524
904662536
100001
100001
70956359
100001
100001
520181037
100001
70956359
100003
100001
316605618
100001
70956359
107206575
931588116
720326601
100001
70956359
634658146
100001
71509557
100001
70956359
100007
100001
611458191
100001
70956359
615892349
68859204
918409115
100001
70956359
100117
300013524
100003
100001
70956359
100001
720374089
399589027
100001
70956359
532140826
371761080
851332035
100001
70956359
100003
859046547
100001
100001
70956359
537593566
317674202
100001
100001
70956359
100001
64664896
753745505
100001
70956359
717667407
995802975
100005
100001
70956359
348086313
100002
100001
100001
70956359
905510688
100001
100001
100001
70956359
100003
746333900
735920328
100001
70956359
100001
686220401
920810332
100001
70956359
253153621
100003
324745221
100001
70956359
100002
100001
100001
100001
70956359
213385459
100007
961787994
100001
70956359
732628131
35164534
358037256
100001
70956359
100001
58373433
100001
100001
70956359
732512453
64664897
869885472
100001
70956359
861919196
949632968
301117115
100001
70956359
359702442
100002
100001
100001
70956359
937424729
738993863
100001
100001
70956359
475795220
737492569
100001
100001
70956359
613306592
484864583
399179365
100001
70956359
96728057
44197884
948815929
100001
70956359
980239308
637357171
40003576
100001
70956359
980964774
66753593
100011
100001
70956359
159100562
217128201
343290385
100001
70956359
979493352
44601730
930793162
100001
70956359
513432792
9630899
48936240
100001
70956359
6405626
48292980
364041111
100001
70956359
731579554
100001
100001
100001
70956359
685505878
375414699
100001
100001
70956359
890580610
173662678
133802512
100001
70956359
707330470
118938670
982061145
100001
70956359
202474449
100005
449934415
100001
70956359
164978591
637091500
55227701
100001
70956359
97897305
100027
920810332
100001
70956359
962478358
366418969
638405747
100001
70956359
100001
166284433
132615009
100001
70956359
184498086
315960512
100001
100001
70956359
375414699
100002
789615261
100001
70956359
647458050
100001
332649819
100001
70956359
100001
900904774
391380331
100001
70956359
100001
308431303
259627470
100001
70956359
954844039
41067881
518208009
100001
70956359
100001
815573938
137198743
100001
70956359
886793778
538972999
799900349
100001
70956359
100001
100001
872774136
100001
70956359
356575406
8110445
342970205
100001
70956359
516025185
100001
147180552
100001
70956359
100012
100003
242482816
100001
70956359
295774805
100001
100001
100001
70956359
33466265
100001
937215159
100001
70956359
100003
776289914
100001
100001
70956359
100003
100003
603602961
100001
70956359
100001
613098067
937215159
100001
70956359
100005
100001
100001
100001
70956359
100091
413827657
276406489
100001
70956359
186920640
908152405
193412248
100001
70956359
48550707
100002
100001
100001
70956359
178731618
815777407
228299273
100001
70956359
676258929
100004
325900973
100001
70956359
488106830
125959814
988811485
100001
70956359
195377623
169686450
905824359
100001
70956359
100001
991413308
561950079
100001
70956359
91733301
100003
100004
100001
70956359
901588258
647750571
100014
100001
70956359
100002
245923840
829152269
100001
70956359
217485810
944561186
211587560
100001
70956359
647458051
100001
100001
100001
70956359
100003
100001
102091612
100001
70956359
757415522
945668070
976114072
100001
70956359
100001
100001
498908357
100001
70956359
160922217
874530560
167015067
100001
70956359
229914834
100002
100001
100001
70956359
53130548
398692748
100072
100001
70956359
100001
58373432
198840268
100001
70956359
100006
720154667
810970872
100001
70956359
218380490
736443992
309365910
100001
70956359
137138064
360293353
12514488
100001
70956359
100003
413827657
774670416
100001
70956359
941382068
944561186
274422259
100001
70956359
747761561
100002
100001
100001
70956359
100002
962478358
876939600
100001
70956359
133777523
54474245
65180724
100001
70956359
100005
29721235
583940238
100001
70956359
100001
966003948
167611458
100001
70956359
47223177
978257478
27675500
100001
70956359
160579805
263925214
267620273
100001
70956359
100001
100001
100001
100001
70956359
148229128
100001
100002
100001
70956359
100002
760038907
100006
100001
70956359
100001
736010307
56571398
100001
70956359
546208956
100001
881658202
100001
70956359
100001
100001
100001
100001
70956359
396320745
906218334
100002
100001
70956359
100001
100001
211157230
100001
70956359
61929814
832002259
173355393
100001
70956359
52901379
717741137
239688448
100001
70956359
61679151
44741934
8438701
100001
70956359
234044672
100001
886793778
100001
70956359
100002
309006831
55227701
100001
70956359
100001
173760423
100001
100001
70956359
100001
647148357
830982759
100001
70956359
780297323
425173762
900091095
100001
70956359
67385973
884131486
100001
100001
70956359
819229090
100003
211157230
100001
70956359
783982089
100008
218883870
100001
70956359
826148835
476816767
100001
100001
70956359
380673990
821232638
100001
100001
70956359
100002
995138758
294323585
100001
70956359
75353299
676270284
8407568
100001
70956359
959563844
708419698
100001
100001
70956359
496353411
100056
214209004
100001
70956359
100001
100001
100001
100001
70956359
662252210
517592869
848863257
100001
70956359
906055252
707249311
100001
100001
70956359
100005
100013
719773518
100001
70956359
211157232
100001
732249674
100001
70956359
235807341
486622275
477483221
100001
70956359
100001
100001
717864120
100001
70956359
201429465
323082217
100004
100001
70956359
100008
911385598
948815929
100001
70956359
510906708
953705946
290145472
100001
70956359
94103316
100001
978997659
100001
70956359
100003
424746769
100001
100001
70956359
577236084
841817279
53130548
100001
70956359
731653821
148279701
517692275
100001
70956359
930399110
100001
100001
100001
70956359
100002
747685603
100001
100001
70956359
173760423
176805919
990849982
100001
70956359
730287324
100001
959563844
100001
70956359
386530653
974983253
100003
100001
70956359
100002
100001
233832051
100001
70956359
61519165
580090417
100002
100001
70956359
100001
100003
178294438
100001
70956359
669511971
771435322
563908688
100001
70956359
825503615
147180552
303389913
100001
70956359
64934066
100005
100310
100001
70956359
45802509
74618111
769474156
100001
70956359
854108804
705513810
100001
100001
70956359
837536367
268668850
100002
100001
70956359
100002
275709281
100002
100001
70956359
100001
294382353
149665674
100001
70956359
100001
100001
36972452
100001
70956359
274012827
611483714
897606806
100001
70956359
100001
100001
100004
100001
70956359
100001
364556080
882820765
100001
70956359
100001
293242026
100002
100001
70956359
100015
226492012
79256040
100001
70956359
644242758
100003
823789375
100001
70956359
407742895
100001
100001
100001
70956359
397333627
415542539
100001
100001
70956359
100001
100001
233093069
100001
70956359
208827784
100001
646339912
100001
70956359
100001
273387448
48707073
100001
70956359
100002
950328355
206026139
100001
70956359
100001
100001
737609671
100001
70956359
552693343
939318300
634460367
100001
70956359
100001
100001
100003
100001
70956359
642145597
100001
618965454
100001
70956359
100001
890293104
350183467
100001
70956359
179850585
141117559
986487293
100001
70956359
32178468
723441255
466449123
100001
70956359
100007
100001
100001
100001
70956359
61641634
457574533
374366122
100001
70956359
765294954
100001
100002
100001
70956359
512007320
974643683
63616318
100001
70956359
275916408
38604629
100001
100001
70956359
100011
488407902
988811485
100001
70956359
100001
636341149
331863387
100001
70956359
100001
100007
100001
100001
70956359
638654464
100002
100001
100001
70956359
178130261
100002
100002
100001
70956359
501848879
100001
100001
100001
70956359
100002
221942264
959683015
100001
70956359
63616319
748810140
100004
100001
70956359
100002
100002
100004
100001
70956359
974643683
968822880
307353563
100001
70956359
155529587
582402355
100006
100001
70956359
489279708
910674786
825929600
100001
70956359
807996702
100001
100002
100001
70956359
701631117
234109144
821507030
100001
70956359
100001
19421527
702364339
100001
70956359
940092913
853508203
100001
100001
70956359
100002
100005
647142983
100001
70956359
488719431
100003
100001
100001
70956359
637914018
474719610
100018
100001
70956359
100004
71402262
88516308
100001
70956359
100001
100001
100002
100001
70956359
102091612
100002
432302389
100001
70956359
663759545
100001
380940302
100001
70956359
100003
100001
174378835
100001
70956359
127700865
766473219
100001
100001
70956359
717414215
100002
362468246
100001
70956359
693633126
940788940
100001
100001
70956359
100003
100001
854913522
100001
70956359
920286043
870934050
869885473
100001
70956359
100003
933743805
799401041
100001
70956359
75596567
663759542
805702203
100001
70956359
891569443
845310965
561811535
100001
70956359
100034
100001
100001
100001
70956359
100001
100002
100002
100001
70956359
776289916
100001
100001
100001
70956359
314671740
100001
225196239
100001
70956359
552693343
100005
260737126
100001
70956359
100001
100001
108166037
100001
70956359
100001
615195220
100006
100001
70956359
100002
27300208
879381084
100001
70956359
100002
318050409
133423579
100001
70956359
175583618
653776709
100003
100001
70956359
100001
100002
654841532
100001
70956359
100002
399168642
164711562
100001
70956359
100001
991551991
822092807
100001
70956359
963514549
896514691
298716668
100001
70956359
100001
220044258
100001
100001
70956359
100004
586302897
100001
100001
70956359
100001
100002
100001
100001
70956359
237502069
100001
906055251
100001
70956359
35164534
100006
585264780
100001
70956359
740566729
520649026
74753453
100001
70956359
100003
100015
100001
100001
70956359
282264947
291398726
100001
100001
70956359
179053251
100104
665628380
100001
70956359
165491388
100001
100001
100001
70956359
830560565
100002
921375464
100001
70956359
639454326
615892349
100001
100001
70956359
100001
901766690
100001
100001
70956359
100001
100003
100001
100001
70956359
357181915
253153621
100012
100001
70956359
100001
580908613
100007
100001
70956359
250663249
425869661
298847741
100001
70956359
100001
100003
969298323
100001
70956359
144263292
100001
903808718
100001
70956359
365573756
68101682
100007
100001
70956359
100001
599578188
758877733
100001
70956359
100001
899816031
100001
100001
70956359
100003
527466813
100001
100001
70956359
717265445
460852943
100001
100001
70956359
100001
100003
100001
100001
70956359
126315303
100001
968766934
100001
70956359
658680660
126315303
100025
100001
70956359
100002
170652486
100001
100001
70956359
643083073
100001
742735453
100001
70956359
217485810
70963386
100009
100001
70956359
460852943
100006
542986057
100001
70956359
100001
414115291
234109144
100001
70956359
589459087
842165236
100001
100001
70956359
100001
749566282
151080799
100001
70956359
893486906
764597117
100001
100001
70956359
322033638
100003
100001
100001
70956359
31026794
881511268
44753933
100001
70956359
674571687
186579125
100001
100001
70956359
100001
389752930
356278162
100001
70956359
100001
147180551
100001
100001
70956359
100005
47899662
629965754
100001
70956359
130517854
100001
100001
100001
70956359
100003
100002
38310263
100001
70956359
100001
100008
67385973
100001
70956359
441201105
100001
100003
100001
70956359
100001
728901371
100001
100001
70956359
100005
100001
100001
100001
70956359
100003
100001
100009
100001
70956359
578884637
649036262
100002
100001
70956359
100001
41052155
757430618
100001
70956359
969734847
100518
100078
100001
70956359
459192538
668723744
94665594
100001
70956359
537664045
100023
100001
100001
70956359
100001
502831520
300013524
100001
70956359
100001
729140024
172187557
100001
70956359
260673752
959878589
203797610
100001
70956359
164551347
845928200
100002
100001
70956359
980964774
834735429
100001
100001
70956359
459662496
100001
242497757
100001
70956359
55911977
512539865
100007
100001
70956359
100002
897255109
100003
100001
70956359
100001
100001
73191616
100001
70956359
362323885
100005
569047588
100001
70956359
425535655
737085381
184623144
100001
70956359
109515555
164515626
100001
100001
70956359
625350818
394094158
350951238
100001
70956359
836701512
100001
165933890
100001
70956359
100001
100001
504354591
100001
70956359
775241333
615195220
89906482
100001
70956359
848060832
127270114
100012
100001
70956359
609024872
546170726
511629410
100001
70956359
815138622
175857576
302193430
100001
70956359
488377936
891831594
659318857
100001
70956359
164217079
131824032
332653197
100001
70956359
684654680
100001
362848176
100001
70956359
100001
140194085
100001
100001
70956359
100015
100002
27675501
100001
70956359
100002
100001
404179434
100001
70956359
395050349
100004
105371562
100001
70956359
277750941
100003
100001
100001
70956359
378171921
797047813
100001
100001
70956359
100010
907104760
980964775
100001
70956359
100001
655743471
264346281
100001
70956359
100006
985473717
133286486
100001
70956359
741550288
100021
992476349
100001
70956359
452646269
100001
100002
100001
70956359
444488545
644242758
607030598
100001
70956359
100004
149975680
809252634
100001
70956359
646339915
100001
24595306
100001
70956359
44741934
100001
661034882
100001
70956359
393784674
267186012
898361045
100001
70956359
232011988
355769833
352973023
100001
70956359
100001
601522227
169636867
100001
70956359
100001
100001
125799260
100001
70956359
450982991
607263885
714752420
100001
70956359
943506618
100003
183551395
100001
70956359
100001
100013
112526722
100001
70956359
100001
845895431
100007
100001
70956359
100001
100001
211613591
100001
70956359
100002
959563844
100001
100001
70956359
100002
100004
100004
100001
70956359
315742179
100001
100002
100001
70956359
100003
100001
512015577
100001
70956359
100003
100002
100004
100001
70956359
100001
100002
100001
100001
70956359
867612752
100001
100002
100001
70956359
737814656
100001
100001
100001
70956359
315742179
674204433
484984396
100001
70956359
102524948
356278162
411231706
100001
70956359
992956905
493418246
100001
100001
70956359
915393585
398830526
974643684
100001
70956359
100001
100001
679706881
100001
70956359
100001
100001
100001
100001
70956359
870512507
100001
159035990
100001
70956359
506973990
294927831
100011
100001
70956359
100003
172187557
192687530
100001
70956359
100001
100002
113077121
100001
70956359
100002
100001
276172418
100001
70956359
51033392
970599351
933213987
100001
70956359
239688448
141117560
631486820
100001
70956359
100002
159860891
573362716
100001
70956359
563405035
238303450
573784774
100001
70956359
100001
498347029
100002
100001
70956359
305157377
747382478
46295037
100001
70956359
100001
180549129
100001
100001
70956359
100002
800725830
824396294
100001
70956359
764755558
741185132
100002
100001
70956359
197014995
160919745
939306479
100001
70956359
100002
100003
165828164
100001
70956359
294323586
507357966
64664897
100001
70956359
434823134
51852803
100002
100001
70956359
100001
633687152
790118974
100001
70956359
32619506
859046547
100048
100001
70956359
148192229
830560564
100005
100001
70956359
458231500
534839477
100001
100001
70956359
40003579
100011
100002
100001
70956359
100004
822448308
100014
100001
70956359
974983253
533289641
877749805
100001
70956359
100001
100001
521988488
100001
70956359
31494517
100001
100001
100001
70956359
100003
100075
457121184
100001
70956359
476958932
100001
100001
100001
70956359
636341149
107272111
13563066
100001
70956359
100001
969956537
80835543
100001
70956359
326728161
471104481
661946966
100001
70956359
728091447
100002
100001
100001
70956359
526620309
538149647
487670852
100001
70956359
437398954
671452
100001
100001
70956359
100001
9560576
54191120
100001
70956359
100001
668248606
85070618
100001
70956359
611458191
100002
303159253
100001
70956359
451828579
166931908
100001
100001
70956359
172134939
43988480
387254430
100001
70956359
47899662
978997664
499694792
100001
70956359
589580360
100007
607263886
100001
70956359
934302873
100003
100001
100001
70956359
100001
428581635
388768653
100001
70956359
336032889
737492569
752449873
100001
70956359
100021
717659213
29721235
100001
70956359
687086995
137971830
100001
100001
70956359
100002
536966527
775241333
100001
70956359
222007808
128801696
133663586
100001
70956359
217128201
581131288
586486577
100001
70956359
129273731
416474589
58373432
100001
70956359
218918823
100001
174748331
100001
70956359
100001
807141402
746668680
100001
70956359
115174273
100002
100001
100001
70956359
317731927
790118974
60674209
100001
70956359
100819
100001
100002
100001
70956359
644242758
819883774
100001
100001
70956359
100002
439890383
936114006
100001
70956359
100001
100001
336032889
100001
70956359
9884769
360633237
748171784
100001
70956359
446418992
248041797
943369720
100001
70956359
100001
962478439
934346056
100001
70956359
773144181
66229302
731725385
100001
70956359
50085546
399168642
100001
100001
70956359
100001
159084176
100001
100001
70956359
100002
823543120
320683349
100001
70956359
100039
640461629
100008
100001
70956359
468775015
100002
100002
100001
70956359
382152719
520179205
100007
100001
70956359
816187198
100002
100004
100001
70956359
100002
736443992
100005
100001
70956359
100005
100001
464070752
100001
70956359
100001
681179707
100009
100001
70956359
100001
100001
100001
100001
70956359
236206296
141117559
100001
100001
70956359
621942941
129156506
100001
100001
70956359
100001
100001
100007
100001
70956359
100001
100001
465905765
100001
70956359
307907013
100003
100009
100001
70956359
320683349
100003
100002
100001
70956359
425535655
803883212
671705203
100001
70956359
450548481
100001
100001
100001
70956359
603604017
976376217
764755559
100001
70956359
544477007
100001
68859204
100001
70956359
995484152
265973941
888104502
100001
70956359
176556215
987927184
100001
100001
70956359
100002
916505657
732156701
100001
70956359
100002
100001
507820449
100001
70956359
100006
970866980
775241334
100001
70956359
603619384
100005
84284182
100001
70956359
100001
981995271
100042
100001
70956359
819006764
100001
870934050
100001
70956359
501918061
708619470
628496551
100001
70956359
219623387
100002
66229301
100001
70956359
100007
630359519
145836156
100001
70956359
629834682
183449508
876696955
100001
70956359
100001
820381503
937118919
100001
70956359
991195165
436403117
630692014
100001
70956359
384533261
178225823
76379090
100001
70956359
226492012
357836870
100001
100001
70956359
100004
100002
100002
100001
70956359
45423291
902484463
100001
100001
70956359
100008
832002259
100006
100001
70956359
100001
186579124
100003
100001
70956359
100013
497228053
347151006
100001
70956359
100001
100002
915066764
100001
70956359
877225516
100003
100001
100001
70956359
722278960
995802975
51033394
100001
70956359
100001
776730745
100001
100001
70956359
100004
100001
725962235
100001
70956359
100001
548298609
941809496
100001
70956359
100002
100001
659700537
100001
70956359
626856545
990503413
100001
100001
70956359
550071900
150030464
100001
100001
70956359
100004
955087287
172187555
100001
70956359
290653567
971045567
100001
100001
70956359
409839536
100001
100001
100001
70956359
820381503
249113086
100003
100001
70956359
503856252
100002
100001
100001
70956359
646339915
100001
100003
100001
70956359
100001
100069
100001
100001
70956359
515718364
100002
100001
100001
70956359
307453159
316605617
512015577
100001
70956359
100002
195901913
313346510
100001
70956359
659136050
980349385
878594651
100001
70956359
100011
686038419
100001
100001
70956359
523259406
185784178
386886344
100001
70956359
646701991
100001
697560255
100001
70956359
862043708
168829619
517342470
100001
70956359
767901288
642145597
658156364
100001
70956359
100004
402465488
100005
100001
70956359
100011
667658773
261873213
100001
70956359
100001
100002
917972914
100001
70956359
100001
100001
100002
100001
70956359
100001
536358528
893432589
100001
70956359
865398519
100001
100001
100001
70956359
649535805
100097
652150622
100001
70956359
100001
986207657
100372825
100001
70956359
572130865
814090044
314378704
100001
70956359
100036
851332035
298735219
100001
70956359
343290384
100003
100001
100001
70956359
826346813
100001
957512680
100001
70956359
678924502
195671438
100031
100001
70956359
742663883
185807243
156053875
100001
70956359
746813763
100037
135040912
100001
70956359
399878581
150030465
586391873
100001
70956359
100002
100001
972181910
100001
70956359
690880608
100001
890094877
100001
70956359
221942264
135040908
100001
100001
70956359
451153637
355084758
292692015
100001
70956359
982061145
942034129
327669639
100001
70956359
717667407
881402619
123693863
100001
70956359
964135209
809252633
459804367
100001
70956359
100002
980754172
19430234
100001
70956359
818660992
777446036
100001
100001
70956359
845958069
773144180
294061441
100001
70956359
268668852
847662008
100065
100001
70956359
100001
185294765
100001
100001
70956359
100001
100001
45492925
100001
70956359
100001
841116656
907740883
100001
70956359
41150498
100001
100001
100001
70956359
259100888
100001
100001
100001
70956359
100001
951376932
393700937
100001
70956359
542272989
506719065
896711304
100001
70956359
100001
56277122
235439652
100001
70956359
126221537
605101479
100003
100001
70956359
289616483
833444151
100001
100001
70956359
100001
579296277
100001
100001
70956359
100010
613098067
100002
100001
70956359
615195219
779435647
100003
100001
70956359
100009
100004
100002
100001
70956359
100003
814525361
843914433
100001
70956359
100002
631609523
798504712
100001
70956359
572786226
911167363
61460646
100001
70956359
980267460
100001
915043158
100001
70956359
100001
100001
285934971
100001
70956359
980308390
989617745
100001
100001
70956359
100001
100001
100001
100001
70956359
847408121
100001
100001
100001
70956359
100003
47899662
100002
100001
70956359
100007
511614101
146122262
100001
70956359
100002
588955960
847408122
100001
70956359
100001
585697583
100001
100001
70956359
100002
914838696
100002
100001
70956359
666330015
100001
582309439
100001
70956359
764755557
915989948
648487226
100001
70956359
100001
647750571
723347471
100001
70956359
716316916
100007
808873720
100001
70956359
653895515
630626478
100001
100001
70956359
638999867
100001
890145260
100001
70956359
100001
100001
746656206
100001
70956359
540376525
100001
771571315
100001
70956359
100038
100001
735920329
100001
70956359
47887663
520510330
846037381
100001
70956359
417402173
27300208
897882748
100001
70956359
100008
160391559
865625554
100001
70956359
100004
100002
143666519
100001
70956359
100001
100001
976084783
100001
70956359
724674289
100001
36758684
100001
70956359
543525156
810010031
701364910
100001
70956359
73453764
396058596
186579125
100001
70956359
100028
100001
963814733
100001
70956359
100001
616243798
100002
100001
70956359
100001
647750571
137635375
100001
70956359
462950096
94227283
100001
100001
70956359
220044258
100001
100004
100001
70956359
511884503
56571398
375963805
100001
70956359
888600683
529047542
945911170
100001
70956359
906516099
100001
799553288
100001
70956359
507308811
880726770
100004
100001
70956359
426059943
100001
100001
100001
70956359
100004
84767707
783982092
100001
70956359
100001
459804367
568167045
100001
70956359
965624089
100001
100002
100001
70956359
564152704
627761290
522746754
100001
70956359
100011
225196238
100015
100001
70956359
100001
731653821
418848527
100001
70956359
624337047
100001
232568781
100001
70956359
100009
100002
100001
100001
70956359
217331914
768745384
149240805
100001
70956359
47134209
100002
178479017
100001
70956359
100001
646650505
881031732
100001
70956359
54179124
959878589
655890110
100001
70956359
651106316
100001
741120466
100001
70956359
244055682
584397157
100001
100001
70956359
294906647
100018
100002
100001
70956359
93306170
288032126
15398076
100001
70956359
161214659
932695227
570724441
100001
70956359
100007
100001
736443992
100001
70956359
847408122
100003
768949866
100001
70956359
100001
867612751
100001
100001
70956359
100001
100002
977280754
100001
70956359
100005
100001
100003
100001
70956359
845310965
100002
182275421
100001
70956359
238304405
100001
100015
100001
70956359
100001
100001
100001
100001
70956359
464595040
100001
100001
100001
70956359
100003
135040911
170833337
100001
70956359
100005
675148076
100001
100001
70956359
932188539
962728672
687210590
100001
70956359
176354327
741509655
100001
100001
70956359
760523102
100004
857915984
100001
70956359
503626955
100001
837961189
100001
70956359
100002
746710187
234110099
100001
70956359
100001
100001
324745221
100001
70956359
100002
56276277
624968566
100001
70956359
100001
100001
505953404
100001
70956359
980964773
100001
535561049
100001
70956359
35212217
869819936
100001
100001
70956359
100001
100005
100001
100001
70956359
653992256
100001
100001
100001
70956359
100003
851332035
169070938
100001
70956359
449410125
100001
100002
100001
70956359
351547933
100001
534670800
100001
70956359
100001
646050618
100003
100001
70956359
100002
100035
61885333
100001
70956359
100001
100001
980247500
100001
70956359
100001
68859204
642324482
100001
70956359
100003
975507541
821708424
100001
70956359
902550001
136923254
939312313
100001
70956359
442421919
718834721
729326050
100001
70956359
100001
100001
969294109
100001
70956359
611774954
100002
601522230
100001
70956359
100002
100005
648012719
100001
70956359
489753436
764900231
100002
100001
70956359
169654277
671358344
100001
100001
70956359
859226773
100001
33334312
100001
70956359
100002
100001
665055627
100001
70956359
393663607
100001
100001
100001
70956359
100537
903613960
60861315
100001
70956359
171566157
47223177
509340507
100001
70956359
100005
45126020
100004
100001
70956359
100001
934464704
300013524
100001
70956359
362468246
40573451
100003
100001
70956359
634658144
147180551
100001
100001
70956359
100001
100001
100006
100001
70956359
58373433
963702511
100001
100001
70956359
814525361
523854778
682422390
100001
70956359
85070618
550071900
578884635
100001
70956359
148981887
350499357
100002
100001
70956359
100001
100003
61679151
100001
70956359
263097097
171086357
100001
100001
70956359
40003578
755494363
100001
100001
70956359
100002
100001
935118007
100001
70956359
100001
100001
312832870
100001
70956359
323051251
377003967
100002
100001
70956359
100005
100001
565203202
100001
70956359
100001
100001
100002
100001
70956359
100001
815138622
100002
100001
70956359
359584660
100001
224754683
100001
70956359
100001
531466913
100001
100001
70956359
897587796
100001
100001
100001
70956359
459804364
166490779
664989395
100001
70956359
709689775
644214809
937889091
100001
70956359
741113270
215424264
812543736
100001
70956359
100001
442915679
490292301
100001
70956359
84808474
100001
900885303
100001
70956359
274050538
100001
100003
100001
70956359
100001
112932129
9456145
100001
70956359
100004
100002
100001
100001
70956359
569675865
353936438
573362717
100001
70956359
988569168
100027
54191123
100001
70956359
200380888
666033886
496351359
100001
70956359
100001
100002
100002
100001
70956359
100009
518117157
97232574
100001
70956359
100001
545160377
648044875
100001
70956359
260407732
200380888
196588947
100001
70956359
784269559
100001
122675259
100001
70956359
225196239
954166889
688717890
100001
70956359
100001
263494311
611840491
100001
70956359
987927181
652631376
188178357
100001
70956359
260673752
100001
43705356
100001
70956359
100002
348588420
992239188
100001
70956359
185644637
903613960
100001
100001
70956359
238550647
100001
378052545
100001
70956359
75596569
100002
764615032
100001
70956359
144263292
734924884
388647600
100001
70956359
23546730
100307822
51033392
100001
70956359
100001
836983100
327362395
100001
70956359
122289375
160248180
100001
100001
70956359
100001
535134972
753712891
100001
70956359
100002
100001
71379627
100001
70956359
596332399
325190860
938429780
100001
70956359
100014
801249757
8407569
100001
70956359
386520171
280337239
979493353
100001
70956359
57484841
173236134
100001
100001
70956359
356595460
100005
285847031
100001
70956359
48182785
38310263
100001
100001
70956359
100001
146043518
357605288
100001
70956359
100003
100001
51033392
100001
70956359
77427668
234130368
294316817
100001
70956359
140163715
51002698
100007
100001
70956359
310593994
100002
75343284
100001
70956359
395404884
594232616
100002
100001
70956359
52241959
295721270
100026
100001
70956359
100001
100010
802229531
100001
70956359
100003
100001
813418100
100001
70956359
100001
961001562
856800824
100001
70956359
100001
108528795
997843450
100001
70956359
100004
100004
851602435
100001
70956359
578771987
783982089
588955960
100001
70956359
100006
570391770
100004
100001
70956359
123111996
100005
645309949
100001
70956359
435660361
213254386
756906329
100001
70956359
323051254
114635164
2744825
100001
70956359
820413437
703889976
732249675
100001
70956359
631609522
100001
437179037
100001
70956359
969248246
462950097
245065218
100001
70956359
100002
223056389
137198743
100001
70956359
668248606
119761701
100013
100001
70956359
100001
664989395
146884732
100001
70956359
386387803
908152405
100001
100001
70956359
977929798
341420880
942464029
100001
70956359
100011
955440688
588955960
100001
70956359
100003
776650199
100002
100001
70956359
100002
100002
105265707
100001
70956359
379625412
905510688
521710181
100001
70956359
811379630
365308046
100001
100001
70956359
100001
100021
848939355
100001
70956359
682892690
963814733
814288166
100001
70956359
67277881
100001
100016
100001
70956359
949551046
100001
100001
100001
70956359
468002919
192346300
100001
100001
70956359
647842945
940366876
100001
100001
70956359
454506114
100004
89333428
100001
70956359
615342728
283487733
705233318
100001
70956359
100001
100001
151404790
100001
70956359
584761652
325190859
100001
100001
70956359
100001
100006
44601727
100001
70956359
100003
100005
100003
100001
70956359
669511971
100003
346925908
100001
70956359
285847031
420421393
211157231
100001
70956359
100001
577236084
100001
100001
70956359
100003
421579921
100001
100001
70956359
228300432
100003
47887663
100001
70956359
656059210
100001
959952986
100001
70956359
100001
100576
100001
100001
70956359
558665806
100001
150963553
100001
70956359
584773841
900468230
100005
100001
70956359
955440688
571773020
148192229
100001
70956359
100001
312793943
687086995
100001
70956359
100002
45126021
100002
100001
70956359
167801500
74229162
274339478
100001
70956359
100001
100003
290350145
100001
70956359
595467551
100007
452690721
100001
70956359
100001
35488409
100001
100001
70956359
100001
545422387
658890281
100001
70956359
186595239
38310265
668707360
100001
70956359
100002
100001
33099594
100001
70956359
100001
52093967
130517856
100001
70956359
100002
100001
668248606
100001
70956359
459804364
910189563
783367812
100001
70956359
299688316
604514043
287583630
100001
70956359
986129080
234044673
100003
100001
70956359
100001
100001
100006
100001
70956359
100002
356278162
100001
100001
70956359
443439969
543641418
100001
100001
70956359
870320163
100001
100005
100001
70956359
282439157
62312619
100002
100001
70956359
679746956
386520173
100004
100001
70956359
100001
959683015
263052263
100001
70956359
400809966
100001
100002
100001
70956359
957675207
100011
360633237
100001
70956359
100009
977856066
903594766
100001
70956359
688317559
146043518
583450931
100001
70956359
959878589
62411342
492158139
100001
70956359
903594766
100001
100014
100001
70956359
837203152
100003
221389756
100001
70956359
100001
100002
27300208
100001
70956359
100001
459804364
100001
100001
70956359
69412403
94018958
735618107
100001
70956359
100001
215234762
100002
100001
70956359
546926168
343279069
158812311
100001
70956359
388282085
100003
101567323
100001
70956359
903613960
264477355
100001
100001
70956359
100003
100002
145311868
100001
70956359
382152719
43705355
468834703
100001
70956359
86823587
100003
421636753
100001
70956359
872502650
650150390
100001
100001
70956359
652943678
889677366
142588767
100001
70956359
963526935
679214418
394712183
100001
70956359
100001
100006
722815948
100001
70956359
164704631
100001
399354292
100001
70956359
100001
557092941
637357171
100001
70956359
100016
100001
579726454
100001
70956359
100001
762658403
159337600
100001
70956359
732249679
788142884
100001
100001
70956359
100002
571931177
404892613
100001
70956359
50385011
100003
100001
100001
70956359
530236019
710423223
66229301
100001
70956359
100001
100001
100001
100001
70956359
942464031
237255829
100003
100001
70956359
244605764
100002
553422920
100001
70956359
100001
252258815
100001
100001
70956359
340690004
904462111
167015067
100001
70956359
177933645
614453188
100002
100001
70956359
169954450
633411791
963814733
100001
70956359
892888875
605562622
524845364
100001
70956359
707128443
206026138
100002
100001
70956359
100001
390889958
166277496
100001
70956359
100001
671358344
233060564
100001
70956359
100003
818660992
100001
100001
70956359
100001
100004
100002
100001
70956359
937118919
100001
100002
100001
70956359
712626780
100007
897413403
100001
70956359
426212427
100009
257530311
100001
70956359
100001
230471624
908152406
100001
70956359
100004
10504724
669475744
100001
70956359
100010
135760738
100001
100001
70956359
605278440
285934971
100002
100001
70956359
646409471
350707756
820921990
100001
70956359
100009
814525360
518216565
100001
70956359
857915984
100003
100001
100001
70956359
100002
100002
533355177
100001
70956359
934069421
345877331
113077121
100001
70956359
133978676
100001
636902714
100001
70956359
686554458
100001
355428518
100001
70956359
100003
267932743
52901379
100001
70956359
100001
100001
124009700
100001
70956359
6914555
436046186
610409615
100001
70956359
138247319
645653415
310052004
100001
70956359
806106896
979493352
302650616
100001
70956359
903613959
72450839
651106316
100001
70956359
100003
482427969
100001
100001
70956359
100003
369139637
100001
100001
70956359
100001
756536635
439890384
100001
70956359
94103316
44753933
100001
100001
70956359
100003
131370889
51033394
100001
70956359
604551246
819006763
100001
100001
70956359
100006
384566029
275998333
100001
70956359
100001
532971844
651895102
100001
70956359
857449097
841116656
100001
100001
70956359
62745110
378417160
100001
100001
70956359
668373657
776289916
869295645
100001
70956359
364928928
193412248
640461628
100001
70956359
100001
100002
100001
100001
70956359
390103524
208050155
100001
100001
70956359
743467224
24411188
761318241
100001
70956359
101793804
443446660
100002
100001
70956359
561811535
937889091
100001
100001
70956359
100005
269588946
404179435
100001
70956359
100001
100007
100002
100001
70956359
815253113
340689970
280167792
100001
70956359
392874085
100001
100005
100001
70956359
272734675
112748372
251649251
100001
70956359
94227284
915668135
295098665
100001
70956359
413827657
582179867
949538921
100001
70956359
909841147
100001
100010
100001
70956359
878808314
100004
100146
100001
70956359
879036753
573801161
512617309
100001
70956359
100001
300013524
827395390
100001
70956359
100001
100001
820216828
100001
70956359
100001
223965106
100002
100001
70956359
381595663
720938726
100001
100001
70956359
100001
967004733
418995620
100001
70956359
100002
8130578
100025
100001
70956359
736443992
100002
652222613
100001
70956359
867576545
595328532
100002
100001
70956359
100001
100003
100002
100001
70956359
337448445
100002
100001
100001
70956359
263970369
983061929
100005
100001
70956359
100028
316211759
776289916
100001
70956359
100001
601805021
650223951
100001
70956359
870432325
68815148
735585986
100001
70956359
100015
100001
100001
100001
70956359
847662006
635771088
738469574
100001
70956359
807445923
146122262
612049490
100001
70956359
649824500
38310268
399613287
100001
70956359
22324010
100012
996794872
100001
70956359
475778832
718838310
100001
100001
70956359
100001
100001
100012
100001
70956359
100001
120810277
100001
100001
70956359
100005
100002
100007
100001
70956359
288468474
100001
45246460
100001
70956359
100002
100001
100001
100001
70956359
953777675
100002
100001
100001
70956359
100001
411231706
914887851
100001
70956359
439890384
100001
588955959
100001
70956359
100001
189200567
733152419
100001
70956359
1650415
891831593
728923674
100001
70956359
881939842
100001
100001
100001
70956359
100001
692715622
534112879
100001
70956359
904462111
770104354
884565553
100001
70956359
100015
100002
100001
100001
70956359
259348616
822938618
820381503
100001
70956359
100002
100001
658156362
100001
70956359
601522228
909987710
935973913
100001
70956359
33099596
45126022
186054836
100001
70956359
344103918
489768010
859399084
100001
70956359
61929814
100003
776289917
100001
70956359
542010843
100002
13825212
100001
70956359
235913843
210400651
100002
100001
70956359
100004
662077248
100001
100001
70956359
498392315
100002
753745505
100001
70956359
108976050
634658147
221092834
100001
70956359
580486371
853508203
100001
100001
70956359
265018947
100001
898872585
100001
70956359
903613960
450574967
100039
100001
70956359
807996703
241590576
205099485
100001
70956359
100002
244738709
33067382
100001
70956359
617705475
100008
100001
100001
70956359
100001
100004
100001
100001
70956359
100015
552165484
100002
100001
70956359
871987704
492645187
820760256
100001
70956359
822221109
100001
747761562
100001
70956359
100025
94927738
100001
100001
70956359
891774519
258578892
873036283
100001
70956359
100001
184498086
185023668
100001
70956359
911385599
100001
545476542
100001
70956359
100001
177430441
233518750
100001
70956359
100001
100001
85155816
100001
70956359
189351369
100002
100002
100001
70956359
448975617
100001
100001
100001
70956359
100001
100001
100001
100001
70956359
953775627
810825501
100003
100001
70956359
579500477
100001
100001
100001
70956359
131566432
624961520
706322543
100001
70956359
782152574
54179124
982970153
100001
70956359
764755558
822823430
149665674
100001
70956359
100001
971982170
340667825
100001
70956359
100001
750012146
537537242
100001
70956359
436832624
100001
100001
100001
70956359
738896071
323082218
869295645
100001
70956359
436832624
100008
100002
100001
70956359
884048335
329093577
100001
100001
70956359
13825210
981066219
428581636
100001
70956359
100001
62574764
507288719
100001
70956359
100002
100006
100001
100001
70956359
100001
100001
391796777
100001
70956359
68859204
100001
897847932
100001
70956359
333893889
100001
100001
100001
70956359
196265991
100001
100011
100001
70956359
40439640
532297887
100001
100001
70956359
595180716
767901288
100009
100001
70956359
100007
100001
61460648
100001
70956359
518117158
118690397
577187060
100001
70956359
100001
233060564
100001
100001
70956359
100001
257190243
469476728
100001
70956359
720440397
840375522
100001
100001
70956359
100009
100001
100005
100001
70956359
639146560
100001
547453267
100001
70956359
100001
100001
100001
100001
70956359
100002
263096070
254355967
100001
70956359
872585962
100020
676413856
100001
70956359
666102288
624957601
43149307
100001
70956359
822740799
172187556
119939903
100001
70956359
100001
227817681
666538646
100001
70956359
873036283
961365322
100001
100001
70956359
393857948
482463959
899816031
100001
70956359
107534257
934069421
9560576
100001
70956359
338218496
991187740
855000653
100001
70956359
509597472
881846352
100006
100001
70956359
36758683
43553149
100022
100001
70956359
100002
474719610
125537116
100001
70956359
244710188
100001
42504572
100001
70956359
567579641
100001
100003
100001
70956359
311547871
100002
428581635
100001
70956359
808878634
842165236
266591811
100001
70956359
100007
100001
100001
100001
70956359
658156366
615368060
100001
100001
70956359
655322379
931918203
132209573
100001
70956359
100007
785214582
474719610
100001
70956359
202716776
100003
100001
100001
70956359
100001
449731426
911232899
100001
70956359
859226772
100001
792144341
100001
70956359
100001
80839454
100001
100001
70956359
148361626
404179433
100005
100001
70956359
331751339
100002
100002
100001
70956359
373317544
735585988
211587560
100001
70956359
104987178
92855387
100001
100001
70956359
214574862
967709413
518762757
100001
70956359
100001
984736154
904662536
100001
70956359
167333009
100001
100001
100001
70956359
450576570
100001
866238016
100001
70956359
959220366
100004
349827294
100001
70956359
100001
452735482
768419614
100001
70956359
100001
100001
602135111
100001
70956359
751648353
836014393
100001
100001
70956359
100001
100005
289844470
100001
70956359
635771088
100003
100004
100001
70956359
654841532
100001
567646202
100001
70956359
100028
660679341
196450
100001
70956359
100001
354721702
100003
100001
70956359
979362278
407790584
100001
100001
70956359
100001
100002
100001
100001
70956359
100003
906034979
63083569
100001
70956359
323082218
748810140
100001
100001
70956359
958515264
100001
100005
100001
70956359
100007
914996390
100002
100001
70956359
100005
100001
100001
100001
70956359
100001
100001
45126022
100001
70956359
100001
878269819
100001
100001
70956359
451828579
256371042
100001
100001
70956359
100001
100001
174640988
100001
70956359
63616320
100001
100002
100001
70956359
382977738
100016
141117560
100001
70956359
503626955
791691838
100002
100001
70956359
828443967
743808228
776289914
100001
70956359
786438941
100019
540993339
100001
70956359
100001
270164618
100001
100001
70956359
413760436
100001
64664897
100001
70956359
379625412
42304156
100001
100001
70956359
387729500
100002
25492303
100001
70956359
100004
705536111
673902690
100001
70956359
100001
100001
100001
100001
70956359
169070938
873429501
927581503
100001
70956359
100001
100001
962810499
100001
70956359
100004
48686197
100001
100001
70956359
513195225
100001
100013
100001
70956359
100003
640260977
533536777
100001
70956359
53949957
322033638
912459481
100001
70956359
147388030
441589408
100004
100001
70956359
677618086
34439829
100004
100001
70956359
100007
100001
421636751
100001
70956359
100001
904662536
100002
100001
70956359
100001
100014
303159252
100001
70956359
859357845
983687661
100001
100001
70956359
100001
959878587
100003
100001
70956359
100001
100003
100001
100001
70956359
100001
100007
518273550
100001
70956359
100002
449731427
295722964
100001
70956359
100002
100001
776289916
100001
70956359
923762185
100001
147957274
100001
70956359
100003
100001
227540589
100001
70956359
634460367
266719949
682892687
100001
70956359
144994940
176109599
150893188
100001
70956359
100001
683005797
59717129
100001
70956359
100001
405416902
100001
100001
70956359
261873215
100020
492687587
100001
70956359
100005
496417984
679214418
100001
70956359
100002
100001
586858807
100001
70956359
455024084
70922576
300173746
100001
70956359
528436858
100004
100004
100001
70956359
901173739
100001
969818403
100001
70956359
991977044
59413552
567578708
100001
70956359
269064709
100002
859929796
100001
70956359
100001
715040185
316343471
100001
70956359
100003
547974745
619881690
100001
70956359
711433967
100001
897363132
100001
70956359
178264099
100001
490044596
100001
70956359
100001
100001
815336742
100001
70956359
100002
100001
100002
100001
70956359
9456146
100007
793093841
100001
70956359
577236083
934455793
905122551
100001
70956359
843914433
100035
604667964
100001
70956359
100001
393663607
980964772
100001
70956359
307353563
100002
486588880
100001
70956359
61519165
100001
375955390
100001
70956359
881939842
100001
946393188
100001
70956359
613332669
317654199
100003
100001
70956359
400741508
758872416
100003
100001
70956359
965624089
100003
100001
100001
70956359
982013353
364041111
100001
100001
70956359
933680762
758038293
721656917
100001
70956359
123600095
100001
646794365
100001
70956359
100003
100001
100001
100001
70956359
448009329
841116658
683941267
100001
70956359
724674289
354721703
943506618
100001
70956359
100002
553422920
899816031
100001
70956359
847662008
943506618
962478358
100001
70956359
638405748
781686152
299621856
100001
70956359
671540332
922424052
650150390
100001
70956359
633411790
59422010
195940448
100001
70956359
175993016
100003
100001
100001
70956359
100019
965874403
211613591
100001
70956359
100002
742586681
67277882
100001
70956359
100002
677923424
100001
100001
70956359
100001
269588946
100001
100001
70956359
100001
100001
120810277
100001
70956359
100004
781340840
422685330
100001
70956359
675148076
67277881
269009603
100001
70956359
459804366
100004
316790758
100001
70956359
336837558
100001
876176936
100001
70956359
100001
652746902
595467551
100001
70956359
897518690
284908942
354560467
100001
70956359
422685332
888628790
169344572
100001
70956359
383828739
400023534
949485507
100001
70956359
93338489
676601228
851070287
100001
70956359
100002
618965453
100001
100001
70956359
42304155
175059330
977080408
100001
70956359
573362716
711815276
100001
100001
70956359
41067881
100001
100001
100001
70956359
100001
100001
943506619
100001
70956359
100004
872502649
824837952
100001
70956359
100001
809252633
100001
100001
70956359
730270940
332873649
586391873
100001
70956359
449466835
100001
356278162
100001
70956359
492158137
182406493
954171348
100001
70956359
900554265
907952360
676196653
100001
70956359
721127754
100001
100001
100001
70956359
100001
100001
100001
100001
70956359
688951315
100003
100001
100001
70956359
462120022
100001
100005
100001
70956359
100001
100002
100001
100001
70956359
100001
351776644
100002
100001
70956359
100001
919180879
88249121
100001
70956359
127372124
100001
319620287
100001
70956359
562920518
100001
968766932
100001
70956359
256371038
426322087
653879861
100001
70956359
954844039
100001
405812978
100001
70956359
527948280
793187901
84584145
100001
70956359
100003
100005
189776730
100001
70956359
306622146
591780148
858342822
100001
70956359
89015595
701866089
100001
100001
70956359
100001
100002
801784518
100001
70956359
100039
100006
100001
100001
70956359
100001
574296821
343290384
100001
70956359
42504572
285847030
100016
100001
70956359
100001
648891522
100002
100001
70956359
277485211
589459087
100003
100001
70956359
100001
835048312
748261130
100001
70956359
529267968
740989394
69390522
100001
70956359
135219813
899703961
54017715
100001
70956359
416906165
100001
354560468
100001
70956359
608903760
202356118
100001
100001
70956359
171789462
100001
413760436
100001
70956359
923081078
100002
448975617
100001
70956359
123433910
115174275
45790510
100001
70956359
100001
100002
100002
100001
70956359
172187555
369606807
896922697
100001
70956359
100001
100001
413760436
100001
70956359
100001
576944687
847408124
100001
70956359
100001
185807243
235915894
100001
70956359
540829496
609910850
135040912
100001
70956359
100017
296479513
747075908
100001
70956359
100007
351547933
369139637
100001
70956359
100004
100001
465905764
100001
70956359
100042
100001
336032889
100001
70956359
100002
100001
224583073
100001
70956359
835633200
124488535
46295037
100001
70956359
235093251
100002
100001
100001
70956359
443439968
635771088
100002
100001
70956359
125959814
100003
100003
100001
70956359
100003
149831899
100002
100001
70956359
858718135
100002
45775662
100001
70956359
156578163
100001
100002
100001
70956359
100002
100001
100002
100001
70956359
545476542
100001
715454702
100001
70956359
859684410
116164477
100001
100001
70956359
936561863
261724622
747382477
100001
70956359
182376931
100001
58373431
100001
70956359
422460170
814525362
100004
100001
70956359
605562620
310422739
100003
100001
70956359
980541930
268668851
100004
100001
70956359
763706981
127700865
100019
100001
70956359
776289916
648484873
100007
100001
70956359
100015
100001
147143653
100001
70956359
100001
505943650
100001
100001
70956359
100005
89503759
757415522
100001
70956359
31494516
100002
100004
100001
70956359
100001
764755559
636967498
100001
70956359
769862456
502731925
682950740
100001
70956359
100016
100002
524321075
100001
70956359
100001
618965451
898086350
100001
70956359
979493353
262825620
263029665
100001
70956359
100001
294061439
100003
100001
70956359
961365321
100001
100004
100001
70956359
95135421
100001
568969844
100001
70956359
44601729
100004
180050397
100001
70956359
530088602
100002
31818388
100001
70956359
100001
123693863
340668939
100001
70956359
238550647
67277881
476795206
100001
70956359
879801066
39232870
601348679
100001
70956359
836924286
298928560
100001
100001
70956359
100008
100001
903808718
100001
70956359
100011
54474245
365469617
100001
70956359
100004
810825501
100001
100001
70956359
682892690
588319026
178130261
100001
70956359
126323548
588319026
576553966
100001
70956359
174809000
100004
517342470
100001
70956359
100001
100003
179271172
100001
70956359
344566611
100001
100001
100001
70956359
100001
100001
100002
100001
70956359
472291736
100001
100001
100001
70956359
46295039
100001
260673752
100001
70956359
348592871
100001
855227959
100001
70956359
100002
680795533
509597472
100001
70956359
740989394
239352029
270637522
100001
70956359
791691838
100001
146131974
100001
70956359
38604631
895883856
100002
100001
70956359
947938769
100001
176193726
100001
70956359
229914835
74986510
45126021
100001
70956359
100001
76379090
100001
100001
70956359
472402336
360293353
100001
100001
70956359
637456468
100015
835309515
100001
70956359
913330051
100001
606982376
100001
70956359
624334458
61519165
222141411
100001
70956359
60462128
100001
100001
100001
70956359
647842944
815689467
100002
100001
70956359
86166020
100002
548298640
100001
70956359
80156941
482463959
782370334
100001
70956359
100004
100004
100006
100001
70956359
644242758
922907486
100002
100001
70956359
99188226
350499355
100001
100001
70956359
100020
100001
100002
100001
70956359
720440398
897635248
490292301
100001
70956359
476816766
100001
100001
100001
70956359
245130055
100002
40207003
100001
70956359
100001
87872164
469476727
100001
70956359
451153637
942464031
197267402
100001
70956359
100001
277803849
298479727
100001
70956359
100001
533962770
858718131
100001
70956359
100001
881658202
309975007
100001
70956359
571669032
806106897
100001
100001
70956359
100003
100002
464070752
100001
70956359
783772788
508029786
363896752
100001
70956359
476816766
250736592
816993768
100001
70956359
100001
646339914
755655029
100001
70956359
857711241
145607684
607882576
100001
70956359
100001
265018947
884565552
100001
70956359
33391252
283575672
168230730
100001
70956359
100003
100010
561702277
100001
70956359
100001
176845489
76379092
100001
70956359
100001
981232850
100001
100001
70956359
100070
73453764
100001
100001
70956359
636426822
100003
6834701
100001
70956359
543787301
445567651
100001
100001
70956359
232568778
897802437
146131974
100001
70956359
883755359
100002
178207330
100001
70956359
100001
658249408
100001
100001
70956359
831861616
280167793
100001
100001
70956359
100001
331816878
216459034
100001
70956359
639454326
100002
100001
100001
70956359
899419652
100001
461940744
100001
70956359
610409615
705653923
100001
100001
70956359
126973531
616230780
100001
100001
70956359
102494
229914834
566005842
100001
70956359
100004
67277882
100001
100001
70956359
814525362
100008
242674771
100001
70956359
100002
100003
900451160
100001
70956359
111799936
100001
979362278
100001
70956359
440540831
38834556
64664897
100001
70956359
100002
100004
100001
100001
70956359
100002
100005
936561863
100001
70956359
105265707
144994940
401189824
100001
70956359
90613466
711425114
287573381
100001
70956359
100001
100012
298928560
100001
70956359
91788072
100001
417261023
100001
70956359
100005
277485211
801784518
100001
70956359
100004
46085633
397857917
100001
70956359
501754219
608903760
100002
100001
70956359
100001
778387071
100003
100001
70956359
915561793
100001
100002
100001
70956359
100002
100001
100001
100001
70956359
73180585
100003
680795533
100001
70956359
100001
303033124
580614706
100001
70956359
100001
100007
913592199
100001
70956359
935118006
662730632
491340877
100001
70956359
100002
545684667
535561049
100001
70956359
662958473
100001
613743467
100001
70956359
100001
422685330
97304886
100001
70956359
60470588
100001
159861889
100001
70956359
100001
967718356
100001
100001
70956359
521100479
100001
909627906
100001
70956359
100005
100003
100031
100001
70956359
94227282
100001
100004
100001
70956359
634946495
522040936
876176936
100001
70956359
624961520
804683795
119839547
100001
70956359
380673993
532881414
100010
100001
70956359
867157437
645972672
559714382
100001
70956359
100001
100001
882301738
100001
70956359
100001
100001
100009
100001
70956359
100001
100001
741686877
100001
70956359
100002
100004
100001
100001
70956359
100001
100004
101567324
100001
70956359
100001
226769104
209040935
100001
70956359
475597458
100008
100001
100001
70956359
111073202
100001
924226301
100001
70956359
766440337
100001
38604629
100001
70956359
100004
100001
937190192
100001
70956359
444488545
100001
490816589
100001
70956359
100001
386920952
610396307
100001
70956359
947243062
732155677
964575513
100001
70956359
100001
100001
100002
100001
70956359
339379191
100001
100001
100001
70956359
100005
128420701
269989530
100001
70956359
101908102
831871286
239688448
100001
70956359
907629048
604121134
778888644
100001
70956359
100005
758693654
874598148
100001
70956359
387044462
5366268
100003
100001
70956359
100001
100003
455024085
100001
70956359
774430778
100001
380673993
100001
70956359
322758356
526569077
100004
100001
70956359
191052950
241543226
780816552
100001
70956359
100005
987053994
454653011
100001
70956359
100050
10797998
100002
100001
70956359
898747221
603619384
100009
100001
70956359
100001
53130548
68859204
100001
70956359
552252777
608903760
100001
100001
70956359
579726456
160741983
677507179
100001
70956359
563364074
62034993
762284169
100001
70956359
100001
100001
881658202
100001
70956359
350591660
100001
100040
100001
70956359
637796716
100019
100001
100001
70956359
651209540
100001
100003
100001
70956359
27675501
437094771
100002
100001
70956359
421636753
100001
100002
100001
70956359
100002
100002
45037057
100001
70956359
478799490
783176077
100001
100001
70956359
808878634
100004
996268517
100001
70956359
8407567
173355393
100002
100001
70956359
449271888
409245742
271672765
100001
70956359
905399118
123600095
100001
100001
70956359
298479727
817860277
33466266
100001
70956359
990864440
100001
419003320
100001
70956359
663759542
100001
876176939
100001
70956359
235047874
100001
150751376
100001
70956359
100001
297790233
100001
100001
70956359
306508053
100001
162614405
100001
70956359
100001
100001
559714382
100001
70956359
139700762
100001
127486060
100001
70956359
379393447
100002
100001
100001
70956359
100006
881402619
100001
100001
70956359
859913412
571465386
100001
100001
70956359
100001
625664138
100001
100001
70956359
179308001
100002
815777407
100001
70956359
100008
100001
260935599
100001
70956359
860995132
100001
772835401
100001
70956359
100001
938263736
100020
100001
70956359
25894305
100017
809252635
100001
70956359
264808087
139020407
100001
100001
70956359
100002
654879557
100001
100001
70956359
661727918
100001
100003
100001
70956359
427066514
53130547
657987264
100001
70956359
100001
100005
440336066
100001
70956359
100001
100002
100001
100001
70956359
897606806
860870617
605842750
100001
70956359
100004
155817060
979426888
100001
70956359
169475644
100003
256066077
100001
70956359
100022
100001
971045567
100001
70956359
353673122
883755359
100007
100001
70956359
842165236
98213274
294926931
100001
70956359
100001
100001
100001
100001
70956359
7987710
100003
100002
100001
70956359
281546334
719600678
382152719
100001
70956359
709165486
100001
100002
100001
70956359
100001
100001
626858594
100001
70956359
100001
84584147
79262679
100001
70956359
647750572
100001
100001
100001
70956359
100001
471672936
100001
100001
70956359
211195887
100001
963702511
100001
70956359
100001
100001
248041799
100001
70956359
801543706
100001
100001
100001
70956359
59717129
241328427
100003
100001
70956359
100001
249837033
888828300
100001
70956359
100001
236399237
347019934
100001
70956359
451613632
47223177
602023981
100001
70956359
100001
644697210
548792170
100001
70956359
846613430
477971514
901127450
100001
70956359
717880410
267491794
622780553
100001
70956359
136089488
345877332
845856714
100001
70956359
122409897
743991512
468834703
100001
70956359
100005
180826502
948815929
100001
70956359
903072602
866685460
168223419
100001
70956359
300013524
100001
420307347
100001
70956359
883930654
621942941
100001
100001
70956359
100001
241770801
100002
100001
70956359
100002
100001
100001
100001
70956359
100001
686220401
908132132
100001
70956359
100002
609024871
496548366
100001
70956359
508548895
71618750
500721744
100001
70956359
100006
737492568
100010
100001
70956359
601522226
9456146
100007
100001
70956359
372268968
178862691
818742949
100001
70956359
100001
112912217
100002
100001
70956359
100001
100001
783772788
100001
70956359
100003
569675863
601522226
100001
70956359
638388476
736822439
100012
100001
70956359
100001
931005325
100002
100001
70956359
991380540
100001
171176777
100001
70956359
145311868
378052545
100001
100001
70956359
100001
841817278
100003
100001
70956359
100001
978257480
100002
100001
70956359
674161775
100007
400410750
100001
70956359
100002
100046
307353564
100001
70956359
100001
100001
560233536
100001
70956359
100001
100001
586129728
100001
70956359
100001
100102
648487226
100001
70956359
813418103
111641890
100001
100001
70956359
129583214
828239214
97373016
100001
70956359
95286847
939830768
100001
100001
70956359
100002
218904779
247222596
100001
70956359
744832606
100001
100001
100001
70956359
147553443
432325566
700121501
100001
70956359
554197949
319620287
851332035
100001
70956359
780611977
100001
909626210
100001
70956359
699637862
100010
346925908
100001
70956359
100001
451153637
195671438
100001
70956359
100001
56276279
490816589
100001
70956359
100002
986487292
391013960
100001
70956359
100003
203937854
100013
100001
70956359
699158827
388651204
100001
100001
70956359
651106317
682892688
9360480
100001
70956359
100001
100002
399168642
100001
70956359
492158138
809797779
100001
100001
70956359
100005
644215834
100001
100001
70956359
407101008
100001
100002
100001
70956359
100002
100001
83985190
100001
70956359
100001
720308549
307453159
100001
70956359
100001
337051130
100001
100001
70956359
274012826
100015
100001
100001
70956359
450574968
466559145
349827293
100001
70956359
797802428
100001
100001
100001
70956359
47223176
386429346
386520172
100001
70956359
873363964
133992331
100001
100001
70956359
100002
909246742
100004
100001
70956359
806776564
100001
100005
100001
70956359
100008
100001
985159081
100001
70956359
27020139
782782860
903072603
100001
70956359
672406923
100003
589459087
100001
70956359
154637409
44753933
100002
100001
70956359
100001
988659467
882268970
100001
70956359
688885778
100002
735395412
100001
70956359
616243798
100001
186595239
100001
70956359
983551760
601522226
732249679
100001
70956359
779435647
100001
770522734
100001
70956359
989617745
962822504
649403023
100001
70956359
100001
100002
962839865
100001
70956359
618965454
918713178
452062830
100001
70956359
100001
100002
741686877
100001
70956359
100014
616230780
977923000
100001
70956359
671358344
100001
100004
100001
70956359
849756715
564111741
650320189
100001
70956359
100001
100002
100021
100001
70956359
240737024
100001
605774083
100001
70956359
194349031
100001
100001
100001
70956359
124667117
859040656
578739407
100001
70956359
168031044
304081700
869885473
100001
70956359
100003
55522822
100001
100001
70956359
100001
100006
785924668
100001
70956359
224053591
601993489
202454632
100001
70956359
11846574
916778807
100001
100001
70956359
816811700
100001
100002
100001
70956359
100002
100022
38310266
100001
70956359
587830069
100001
100001
100001
70956359
100001
100001
100005
100001
70956359
100001
565148887
100001
100001
70956359
100001
100001
369123235
100001
70956359
479000970
648353801
285426871
100001
70956359
610147471
980283845
605774083
100001
70956359
526418234
100002
100002
100001
70956359
100003
112145697
333893885
100001
70956359
100002
60470589
100001
100001
70956359
3522039
100001
123641439
100001
70956359
100003
661488422
352737972
100001
70956359
100001
100001
100001
100001
70956359
659085659
395593843
369661857
100001
70956359
705355915
281390581
100001
100001
70956359
886662706
436832624
87696098
100001
70956359
458231500
100002
363880351
100001
70956359
965079992
440152528
637951291
100001
70956359
676717998
573618876
100025
100001
70956359
189002155
375955390
647750572
100001
70956359
394315886
333223267
536767955
100001
70956359
2356593
925669944
100002
100001
70956359
637456469
100001
100001
100001
70956359
33416001
539269684
100001
100001
70956359
100015
100001
991551990
100001
70956359
100001
100007
143214714
100001
70956359
784113166
637951291
675230601
100001
70956359
480891093
568627287
705233318
100001
70956359
215160825
959878592
262508464
100001
70956359
100129
100004
54179124
100001
70956359
266792794
379489413
644242758
100001
70956359
100001
662958473
327301137
100001
70956359
100001
100001
846053766
100001
70956359
646794366
613184137
100001
100001
70956359
100010
100004
806046404
100001
70956359
100665
241958523
962478358
100001
70956359
100001
545160377
100002
100001
70956359
100001
75596567
100004
100001
70956359
100001
443442692
166064002
100001
70956359
100003
100007
750348588
100001
70956359
959563844
100002
100001
100001
70956359
812543736
52241959
996020876
100001
70956359
100005
417926461
272734675
100001
70956359
819006766
47217458
100003
100001
70956359
100003
305485064
100001
100001
70956359
100001
195671437
100001
100001
70956359
100001
100001
492263136
100001
70956359
100003
263140120
942464028
100001
70956359
100013
416474589
100001
100001
70956359
370817652
282072736
100003
100001
70956359
100001
389040222
815689468
100001
70956359
100124
100007
256943371
100001
70956359
100001
100003
675552652
100001
70956359
100001
100001
100001
100001
70956359
100006
38604629
100002
100001
70956359
100001
908897586
736443990
100001
70956359
227280403
100001
8407568
100001
70956359
100002
73705354
976084783
100001
70956359
100001
100001
100001
100001
70956359
100002
124488535
100001
100001
70956359
459804365
462070868
100001
100001
70956359
222141411
280167792
984736154
100001
70956359
100001
100013
100001
100001
70956359
100004
100003
100001
100001
70956359
644604838
114847364
942558420
100001
70956359
100001
100001
100001
100001
70956359
100001
346401620
628023438
100001
70956359
100001
16118680
307353563
100001
70956359
506063699
739443891
899750493
100001
70956359
343907310
644242758
100005
100001
70956359
511891555
582309439
100001
100001
70956359
100001
100001
53290536
100001
70956359
336174581
100001
106157998
100001
70956359
41442480
100003
100005
100001
70956359
40207003
100001
988448520
100001
70956359
100005
95452027
899703961
100001
70956359
346006599
100002
274698170
100001
70956359
510906708
971176641
962728673
100001
70956359
574996913
787774472
100005
100001
70956359
261548392
690880612
100009
100001
70956359
100003
996792806
100001
100001
70956359
645291334
100001
100001
100001
70956359
867766804
386530653
655890109
100001
70956359
169161086
521624445
594118676
100001
70956359
100002
311995604
100001
100001
70956359
738896072
135219813
271915663
100001
70956359
424201185
100001
100001
100001
70956359
848853037
829354860
100001
100001
70956359
100001
100001
100003
100001
70956359
572130862
931005325
346925908
100001
70956359
646701991
906651269
100001
100001
70956359
100001
200380888
38966745
100001
70956359
100001
100002
100001
100001
70956359
158812312
130517856
100001
100001
70956359
452777341
100002
100001
100001
70956359
100001
424201185
134712162
100001
70956359
100001
666538647
100006
100001
70956359
100001
100005
446585697
100001
70956359
100001
160922217
100001
100001
70956359
984225474
100025
628023438
100001
70956359
100001
100001
100002
100001
70956359
100001
100008
496502923
100001
70956359
78516923
986129079
100001
100001
70956359
41067882
678924502
893380404
100001
70956359
100001
206803422
149834874
100001
70956359
939318300
345877332
415976987
100001
70956359
100001
167801499
100002
100001
70956359
650320190
100002
100004
100001
70956359
831861617
100001
100001
100001
70956359
847814678
100002
129583214
100001
70956359
100001
100001
100001
100001
70956359
100001
678582882
723298026
100001
70956359
657987262
100001
836701512
100001
70956359
73737361
100001
100001
100001
70956359
531420664
100001
100002
100001
70956359
980754172
573496525
671451
100001
70956359
100002
783367811
32309540
100001
70956359
100006
953705945
100089
100001
70956359
100001
100003
100010
100001
70956359
870934050
100001
766852711
100001
70956359
100001
55522822
100001
100001
70956359
100008
100015
163662984
100001
70956359
100001
100001
100003
100001
70956359
449431224
100002
192918918
100001
70956359
569675863
250663249
154945684
100001
70956359
242497757
753766744
100001
100001
70956359
100015
312832870
648484873
100001
70956359
245130055
866639630
132824072
100001
70956359
425418339
195671437
824396296
100001
70956359
100001
646794367
100002
100001
70956359
100002
100003
386520174
100001
70956359
52241959
917557135
400809966
100001
70956359
145194142
671636256
100001
100001
70956359
100001
738150250
46295037
100001
70956359
824536181
771571315
100002
100001
70956359
100005
100001
741120466
100001
70956359
625350818
272338871
955060180
100001
70956359
100002
100001
476816766
100001
70956359
687210590
821012320
898876044
100001
70956359
859488850
100003
321555824
100001
70956359
100001
100008
160510325
100001
70956359
892867339
891774519
100003
100001
70956359
100001
355359811
863300434
100001
70956359
414351954
48215972
905510688
100001
70956359
100001
845856714
191297723
100001
70956359
945670198
100001
100002
100001
70956359
100010
896060274
100001
100001
70956359
100001
59003029
249213098
100001
70956359
100005
629492844
874019326
100001
70956359
100007
100001
688317557
100001
70956359
567579641
890094877
100001
100001
70956359
100001
482427969
995222008
100001
70956359
100001
100001
42853311
100001
70956359
885614130
100001
730188601
100001
70956359
315742179
100006
100009
100001
70956359
100008
100001
463474385
100001
70956359
444519074
100007
393486222
100001
70956359
100015
892823095
100001
100001
70956359
512617309
659700537
100001
100001
70956359
100002
450613301
49984816
100001
70956359
100006
831757696
100001
100001
70956359
100002
100001
100004
100001
70956359
687793267
552701414
100004
100001
70956359
665055627
100003
967135807
100001
70956359
376582145
390103523
810825502
100001
70956359
100005
100001
100002
100001
70956359
152728200
700593882
490454196
100001
70956359
345191821
100001
802991700
100001
70956359
668248606
100004
949538919
100001
70956359
294323586
900183130
100001
100001
70956359
100003
100001
100002
100001
70956359
986129080
330315174
638950255
100001
70956359
745765186
132667952
159035991
100001
70956359
100002
100001
647750571
100001
70956359
100001
819229090
100002
100001
70956359
869077529
28348785
100001
100001
70956359
211982321
794837569
100001
100001
70956359
160919746
477971515
980541930
100001
70956359
650817133
100001
501770326
100001
70956359
741686877
100001
52901379
100001
70956359
100002
100002
47217458
100001
70956359
545476542
980541930
556394605
100001
70956359
49755651
169513492
45147244
100001
70956359
436747182
100002
100024
100001
70956359
512151806
100001
528436858
100001
70956359
779082812
100008
503522738
100001
70956359
814525362
45790510
100001
100001
70956359
47899662
289802656
166497343
100001
70956359
195668997
100001
909771030
100001
70956359
217485807
52081971
100001
100001
70956359
100001
365960468
359123895
100001
70956359
802174734
565148887
442421920
100001
70956359
881133912
100001
782389416
100001
70956359
466148765
245784546
100001
100001
70956359
322033638
359163198
226586547
100001
70956359
100001
75353300
100001
100001
70956359
100001
100001
288032126
100001
70956359
100027
100001
100001
100001
70956359
396733315
673367880
66014595
100001
70956359
615195220
892215368
776289916
100001
70956359
468834703
46295039
100006
100001
70956359
452285815
302193430
100001
100001
70956359
100001
59717129
513005345
100001
70956359
141117560
633411791
322758356
100001
70956359
100006
100002
100001
100001
70956359
342504843
436832624
100001
100001
70956359
61460647
100001
575794290
100001
70956359
988569168
707453070
942034129
100001
70956359
261459887
100003
100006
100001
70956359
356739247
55911977
683081813
100001
70956359
100001
100005
906831167
100001
70956359
526831222
100001
339883402
100001
70956359
63616320
40439641
185784176
100001
70956359
528961149
611840491
793683665
100001
70956359
100002
296771036
585264781
100001
70956359
158812311
100001
100009
100001
70956359
100001
100002
100001
100001
70956359
187921516
204575197
100001
100001
70956359
419349177
781008511
100002
100001
70956359
904462111
775241336
576973938
100001
70956359
100001
268668850
813476784
100001
70956359
842165236
100001
46295037
100001
70956359
332792876
638956559
345224592
100001
70956359
281617575
750003922
100001
100001
70956359
417975613
751648353
288777279
100001
70956359
164704631
211157230
100002
100001
70956359
27300208
100004
570391770
100001
70956359
100009
100001
100001
100001
70956359
100001
862227709
3739920
100001
70956359
388651204
61519165
965624089
100001
70956359
44601730
300013524
100001
100001
70956359
100008
665540746
266443217
100001
70956359
911938313
100003
726902520
100001
70956359
100001
373080220
893380403
100001
70956359
100001
137685560
100003
100001
70956359
419003320
987677436
100001
100001
70956359
100001
100001
848863257
100001
70956359
355229579
100002
100001
100001
70956359
687603036
100001
28348785
100001
70956359
100002
100008
100482
100001
70956359
100001
100010
682360146
100001
70956359
194332647
100008
884565552
100001
70956359
100005
100001
248821220
100001
70956359
100002
882370640
562394480
100001
70956359
100003
417513972
917557135
100001
70956359
977908170
887067408
100023
100001
70956359
711433967
100001
235093251
100001
70956359
926030395
686744690
250401103
100001
70956359
741644754
574348979
100002
100001
70956359
958238730
112323633
100006
100001
70956359
100003
100001
100001
100001
70956359
452031567
732249679
100010
100001
70956359
346401620
481823966
357787827
100001
70956359
52817656
147553443
935973913
100001
70956359
100001
131370890
100002
100001
70956359
365455982
100001
136103066
100001
70956359
100001
565827990
425173762
100001
70956359
22498151
100002
100011
100001
70956359
53130547
976376217
100001
100001
70956359
47134209
76379090
887558796
100001
70956359
330911361
933556616
285426871
100001
70956359
422134468
898839637
956208925
100001
70956359
472983660
100001
379625413
100001
70956359
100001
163662984
158812312
100001
70956359
100002
100001
881658204
100001
70956359
100003
983310102
471104755
100001
70956359
297686639
963465783
973021555
100001
70956359
955758675
628758698
100018
100001
70956359
100001
141117559
777314956
100001
70956359
827919138
100001
44561926
100001
70956359
420421393
339883402
100001
100001
70956359
100008
939931801
644242755
100001
70956359
100003
170600434
345877332
100001
70956359
100003
100001
971045567
100001
70956359
100001
100035
100001
100001
70956359
816040458
100001
100005
100001
70956359
100001
195933583
624551558
100001
70956359
897675548
80214516
100001
100001
70956359
703889975
298479727
234194466
100001
70956359
809926688
608903760
884279647
100001
70956359
442915679
53949957
295555671
100001
70956359
385272890
100002
852904902
100001
70956359
814525362
100001
784486568
100001
70956359
100002
100003
100001
100001
70956359
100005
447943793
100002
100001
70956359
983963329
61519165
87200349
100001
70956359
723347987
50965779
217485806
100001
70956359
100002
602135114
40071441
100001
70956359
129168797
100002
442421920
100001
70956359
647458050
100001
58373432
100001
70956359
821232641
394979573
703889976
100001
70956359
944687063
100001
100001
100001
70956359
292685868
848939355
396353514
100001
70956359
647458050
174982086
100002
100001
70956359
100001
100001
4488470
100001
70956359
100011
878850423
349827293
100001
70956359
100001
241263423
384991704
100001
70956359
974754578
798504712
100021
100001
70956359
100003
100001
100001
100001
70956359
100003
942464032
160248180
100001
70956359
100001
904662536
100001
100001
70956359
945043425
975507541
100001
100001
70956359
915122622
100002
112067967
100001
70956359
100005
353673124
737323201
100001
70956359
904752614
857915984
109663808
100001
70956359
100002
100001
100004
100001
70956359
100002
100001
100001
100001
70956359
100003
100001
100005
100001
70956359
89998641
100001
283313528
100001
70956359
906078317
100004
100022
100001
70956359
105069098
605428873
130322312
100001
70956359
100002
100001
157102451
100001
70956359
626712714
442915674
39232870
100001
70956359
100002
100003
563482986
100001
70956359
100001
797802428
813709089
100001
70956359
735920328
838080233
100001
100001
70956359
100003
100005
100002
100001
70956359
100001
100008
841116658
100001
70956359
528436861
522746754
100002
100001
70956359
901782114
899703961
100001
