1000000000 1000000000 5000
399999 1000000000 399999 400000000
399999 0 399999 450000000
799998 1000000000 799998 800000000
799998 0 799998 150000000
1199997 1000000000 1199997 400000000
1199997 0 1199997 450000000
1599996 1000000000 1599996 800000000
1599996 0 1599996 150000000
1999995 1000000000 1999995 400000000
1999995 0 1999995 450000000
2399994 1000000000 2399994 800000000
2399994 0 2399994 150000000
2799993 1000000000 2799993 400000000
2799993 0 2799993 450000000
3199992 1000000000 3199992 800000000
3199992 0 3199992 150000000
3599991 1000000000 3599991 400000000
3599991 0 3599991 450000000
3999990 1000000000 3999990 800000000
3999990 0 3999990 150000000
4399989 1000000000 4399989 400000000
4399989 0 4399989 450000000
4799988 1000000000 4799988 800000000
4799988 0 4799988 150000000
5199987 1000000000 5199987 400000000
5199987 0 5199987 450000000
5599986 1000000000 5599986 800000000
5599986 0 5599986 150000000
5999985 1000000000 5999985 400000000
5999985 0 5999985 450000000
6399984 1000000000 6399984 800000000
6399984 0 6399984 150000000
6799983 1000000000 6799983 400000000
6799983 0 6799983 450000000
7199982 1000000000 7199982 800000000
7199982 0 7199982 150000000
7599981 1000000000 7599981 400000000
7599981 0 7599981 450000000
7999980 1000000000 7999980 800000000
7999980 0 7999980 150000000
8399979 1000000000 8399979 400000000
8399979 0 8399979 450000000
8799978 1000000000 8799978 800000000
8799978 0 8799978 150000000
9199977 1000000000 9199977 400000000
9199977 0 9199977 450000000
9599976 1000000000 9599976 800000000
9599976 0 9599976 150000000
9999975 1000000000 9999975 400000000
9999975 0 9999975 450000000
10399974 1000000000 10399974 800000000
10399974 0 10399974 150000000
10799973 1000000000 10799973 400000000
10799973 0 10799973 450000000
11199972 1000000000 11199972 800000000
11199972 0 11199972 150000000
11599971 1000000000 11599971 400000000
11599971 0 11599971 450000000
11999970 1000000000 11999970 800000000
11999970 0 11999970 150000000
12399969 1000000000 12399969 400000000
12399969 0 12399969 450000000
12799968 1000000000 12799968 800000000
12799968 0 12799968 150000000
13199967 1000000000 13199967 400000000
13199967 0 13199967 450000000
13599966 1000000000 13599966 800000000
13599966 0 13599966 150000000
13999965 1000000000 13999965 400000000
13999965 0 13999965 450000000
14399964 1000000000 14399964 800000000
14399964 0 14399964 150000000
14799963 1000000000 14799963 400000000
14799963 0 14799963 450000000
15199962 1000000000 15199962 800000000
15199962 0 15199962 150000000
15599961 1000000000 15599961 400000000
15599961 0 15599961 450000000
15999960 1000000000 15999960 800000000
15999960 0 15999960 150000000
16399959 1000000000 16399959 400000000
16399959 0 16399959 450000000
16799958 1000000000 16799958 800000000
16799958 0 16799958 150000000
17199957 1000000000 17199957 400000000
17199957 0 17199957 450000000
17599956 1000000000 17599956 800000000
17599956 0 17599956 150000000
17999955 1000000000 17999955 400000000
17999955 0 17999955 450000000
18399954 1000000000 18399954 800000000
18399954 0 18399954 150000000
18799953 1000000000 18799953 400000000
18799953 0 18799953 450000000
19199952 1000000000 19199952 800000000
19199952 0 19199952 150000000
19599951 1000000000 19599951 400000000
19599951 0 19599951 450000000
19999950 1000000000 19999950 800000000
19999950 0 19999950 150000000
20399949 1000000000 20399949 400000000
20399949 0 20399949 450000000
20799948 1000000000 20799948 800000000
20799948 0 20799948 150000000
21199947 1000000000 21199947 400000000
21199947 0 21199947 450000000
21599946 1000000000 21599946 800000000
21599946 0 21599946 150000000
21999945 1000000000 21999945 400000000
21999945 0 21999945 450000000
22399944 1000000000 22399944 800000000
22399944 0 22399944 150000000
22799943 1000000000 22799943 400000000
22799943 0 22799943 450000000
23199942 1000000000 23199942 800000000
23199942 0 23199942 150000000
23599941 1000000000 23599941 400000000
23599941 0 23599941 450000000
23999940 1000000000 23999940 800000000
23999940 0 23999940 150000000
24399939 1000000000 24399939 400000000
24399939 0 24399939 450000000
24799938 1000000000 24799938 800000000
24799938 0 24799938 150000000
25199937 1000000000 25199937 400000000
25199937 0 25199937 450000000
25599936 1000000000 25599936 800000000
25599936 0 25599936 150000000
25999935 1000000000 25999935 400000000
25999935 0 25999935 450000000
26399934 1000000000 26399934 800000000
26399934 0 26399934 150000000
26799933 1000000000 26799933 400000000
26799933 0 26799933 450000000
27199932 1000000000 27199932 800000000
27199932 0 27199932 150000000
27599931 1000000000 27599931 400000000
27599931 0 27599931 450000000
27999930 1000000000 27999930 800000000
27999930 0 27999930 150000000
28399929 1000000000 28399929 400000000
28399929 0 28399929 450000000
28799928 1000000000 28799928 800000000
28799928 0 28799928 150000000
29199927 1000000000 29199927 400000000
29199927 0 29199927 450000000
29599926 1000000000 29599926 800000000
29599926 0 29599926 150000000
29999925 1000000000 29999925 400000000
29999925 0 29999925 450000000
30399924 1000000000 30399924 800000000
30399924 0 30399924 150000000
30799923 1000000000 30799923 400000000
30799923 0 30799923 450000000
31199922 1000000000 31199922 800000000
31199922 0 31199922 150000000
31599921 1000000000 31599921 400000000
31599921 0 31599921 450000000
31999920 1000000000 31999920 800000000
31999920 0 31999920 150000000
32399919 1000000000 32399919 400000000
32399919 0 32399919 450000000
32799918 1000000000 32799918 800000000
32799918 0 32799918 150000000
33199917 1000000000 33199917 400000000
33199917 0 33199917 450000000
33599916 1000000000 33599916 800000000
33599916 0 33599916 150000000
33999915 1000000000 33999915 400000000
33999915 0 33999915 450000000
34399914 1000000000 34399914 800000000
34399914 0 34399914 150000000
34799913 1000000000 34799913 400000000
34799913 0 34799913 450000000
35199912 1000000000 35199912 800000000
35199912 0 35199912 150000000
35599911 1000000000 35599911 400000000
35599911 0 35599911 450000000
35999910 1000000000 35999910 800000000
35999910 0 35999910 150000000
36399909 1000000000 36399909 400000000
36399909 0 36399909 450000000
36799908 1000000000 36799908 800000000
36799908 0 36799908 150000000
37199907 1000000000 37199907 400000000
37199907 0 37199907 450000000
37599906 1000000000 37599906 800000000
37599906 0 37599906 150000000
37999905 1000000000 37999905 400000000
37999905 0 37999905 450000000
38399904 1000000000 38399904 800000000
38399904 0 38399904 150000000
38799903 1000000000 38799903 400000000
38799903 0 38799903 450000000
39199902 1000000000 39199902 800000000
39199902 0 39199902 150000000
39599901 1000000000 39599901 400000000
39599901 0 39599901 450000000
39999900 1000000000 39999900 800000000
39999900 0 39999900 150000000
40399899 1000000000 40399899 400000000
40399899 0 40399899 450000000
40799898 1000000000 40799898 800000000
40799898 0 40799898 150000000
41199897 1000000000 41199897 400000000
41199897 0 41199897 450000000
41599896 1000000000 41599896 800000000
41599896 0 41599896 150000000
41999895 1000000000 41999895 400000000
41999895 0 41999895 450000000
42399894 1000000000 42399894 800000000
42399894 0 42399894 150000000
42799893 1000000000 42799893 400000000
42799893 0 42799893 450000000
43199892 1000000000 43199892 800000000
43199892 0 43199892 150000000
43599891 1000000000 43599891 400000000
43599891 0 43599891 450000000
43999890 1000000000 43999890 800000000
43999890 0 43999890 150000000
44399889 1000000000 44399889 400000000
44399889 0 44399889 450000000
44799888 1000000000 44799888 800000000
44799888 0 44799888 150000000
45199887 1000000000 45199887 400000000
45199887 0 45199887 450000000
45599886 1000000000 45599886 800000000
45599886 0 45599886 150000000
45999885 1000000000 45999885 400000000
45999885 0 45999885 450000000
46399884 1000000000 46399884 800000000
46399884 0 46399884 150000000
46799883 1000000000 46799883 400000000
46799883 0 46799883 450000000
47199882 1000000000 47199882 800000000
47199882 0 47199882 150000000
47599881 1000000000 47599881 400000000
47599881 0 47599881 450000000
47999880 1000000000 47999880 800000000
47999880 0 47999880 150000000
48399879 1000000000 48399879 400000000
48399879 0 48399879 450000000
48799878 1000000000 48799878 800000000
48799878 0 48799878 150000000
49199877 1000000000 49199877 400000000
49199877 0 49199877 450000000
49599876 1000000000 49599876 800000000
49599876 0 49599876 150000000
49999875 1000000000 49999875 400000000
49999875 0 49999875 450000000
50399874 1000000000 50399874 800000000
50399874 0 50399874 150000000
50799873 1000000000 50799873 400000000
50799873 0 50799873 450000000
51199872 1000000000 51199872 800000000
51199872 0 51199872 150000000
51599871 1000000000 51599871 400000000
51599871 0 51599871 450000000
51999870 1000000000 51999870 800000000
51999870 0 51999870 150000000
52399869 1000000000 52399869 400000000
52399869 0 52399869 450000000
52799868 1000000000 52799868 800000000
52799868 0 52799868 150000000
53199867 1000000000 53199867 400000000
53199867 0 53199867 450000000
53599866 1000000000 53599866 800000000
53599866 0 53599866 150000000
53999865 1000000000 53999865 400000000
53999865 0 53999865 450000000
54399864 1000000000 54399864 800000000
54399864 0 54399864 150000000
54799863 1000000000 54799863 400000000
54799863 0 54799863 450000000
55199862 1000000000 55199862 800000000
55199862 0 55199862 150000000
55599861 1000000000 55599861 400000000
55599861 0 55599861 450000000
55999860 1000000000 55999860 800000000
55999860 0 55999860 150000000
56399859 1000000000 56399859 400000000
56399859 0 56399859 450000000
56799858 1000000000 56799858 800000000
56799858 0 56799858 150000000
57199857 1000000000 57199857 400000000
57199857 0 57199857 450000000
57599856 1000000000 57599856 800000000
57599856 0 57599856 150000000
57999855 1000000000 57999855 400000000
57999855 0 57999855 450000000
58399854 1000000000 58399854 800000000
58399854 0 58399854 150000000
58799853 1000000000 58799853 400000000
58799853 0 58799853 450000000
59199852 1000000000 59199852 800000000
59199852 0 59199852 150000000
59599851 1000000000 59599851 400000000
59599851 0 59599851 450000000
59999850 1000000000 59999850 800000000
59999850 0 59999850 150000000
60399849 1000000000 60399849 400000000
60399849 0 60399849 450000000
60799848 1000000000 60799848 800000000
60799848 0 60799848 150000000
61199847 1000000000 61199847 400000000
61199847 0 61199847 450000000
61599846 1000000000 61599846 800000000
61599846 0 61599846 150000000
61999845 1000000000 61999845 400000000
61999845 0 61999845 450000000
62399844 1000000000 62399844 800000000
62399844 0 62399844 150000000
62799843 1000000000 62799843 400000000
62799843 0 62799843 450000000
63199842 1000000000 63199842 800000000
63199842 0 63199842 150000000
63599841 1000000000 63599841 400000000
63599841 0 63599841 450000000
63999840 1000000000 63999840 800000000
63999840 0 63999840 150000000
64399839 1000000000 64399839 400000000
64399839 0 64399839 450000000
64799838 1000000000 64799838 800000000
64799838 0 64799838 150000000
65199837 1000000000 65199837 400000000
65199837 0 65199837 450000000
65599836 1000000000 65599836 800000000
65599836 0 65599836 150000000
65999835 1000000000 65999835 400000000
65999835 0 65999835 450000000
66399834 1000000000 66399834 800000000
66399834 0 66399834 150000000
66799833 1000000000 66799833 400000000
66799833 0 66799833 450000000
67199832 1000000000 67199832 800000000
67199832 0 67199832 150000000
67599831 1000000000 67599831 400000000
67599831 0 67599831 450000000
67999830 1000000000 67999830 800000000
67999830 0 67999830 150000000
68399829 1000000000 68399829 400000000
68399829 0 68399829 450000000
68799828 1000000000 68799828 800000000
68799828 0 68799828 150000000
69199827 1000000000 69199827 400000000
69199827 0 69199827 450000000
69599826 1000000000 69599826 800000000
69599826 0 69599826 150000000
69999825 1000000000 69999825 400000000
69999825 0 69999825 450000000
70399824 1000000000 70399824 800000000
70399824 0 70399824 150000000
70799823 1000000000 70799823 400000000
70799823 0 70799823 450000000
71199822 1000000000 71199822 800000000
71199822 0 71199822 150000000
71599821 1000000000 71599821 400000000
71599821 0 71599821 450000000
71999820 1000000000 71999820 800000000
71999820 0 71999820 150000000
72399819 1000000000 72399819 400000000
72399819 0 72399819 450000000
72799818 1000000000 72799818 800000000
72799818 0 72799818 150000000
73199817 1000000000 73199817 400000000
73199817 0 73199817 450000000
73599816 1000000000 73599816 800000000
73599816 0 73599816 150000000
73999815 1000000000 73999815 400000000
73999815 0 73999815 450000000
74399814 1000000000 74399814 800000000
74399814 0 74399814 150000000
74799813 1000000000 74799813 400000000
74799813 0 74799813 450000000
75199812 1000000000 75199812 800000000
75199812 0 75199812 150000000
75599811 1000000000 75599811 400000000
75599811 0 75599811 450000000
75999810 1000000000 75999810 800000000
75999810 0 75999810 150000000
76399809 1000000000 76399809 400000000
76399809 0 76399809 450000000
76799808 1000000000 76799808 800000000
76799808 0 76799808 150000000
77199807 1000000000 77199807 400000000
77199807 0 77199807 450000000
77599806 1000000000 77599806 800000000
77599806 0 77599806 150000000
77999805 1000000000 77999805 400000000
77999805 0 77999805 450000000
78399804 1000000000 78399804 800000000
78399804 0 78399804 150000000
78799803 1000000000 78799803 400000000
78799803 0 78799803 450000000
79199802 1000000000 79199802 800000000
79199802 0 79199802 150000000
79599801 1000000000 79599801 400000000
79599801 0 79599801 450000000
79999800 1000000000 79999800 800000000
79999800 0 79999800 150000000
80399799 1000000000 80399799 400000000
80399799 0 80399799 450000000
80799798 1000000000 80799798 800000000
80799798 0 80799798 150000000
81199797 1000000000 81199797 400000000
81199797 0 81199797 450000000
81599796 1000000000 81599796 800000000
81599796 0 81599796 150000000
81999795 1000000000 81999795 400000000
81999795 0 81999795 450000000
82399794 1000000000 82399794 800000000
82399794 0 82399794 150000000
82799793 1000000000 82799793 400000000
82799793 0 82799793 450000000
83199792 1000000000 83199792 800000000
83199792 0 83199792 150000000
83599791 1000000000 83599791 400000000
83599791 0 83599791 450000000
83999790 1000000000 83999790 800000000
83999790 0 83999790 150000000
84399789 1000000000 84399789 400000000
84399789 0 84399789 450000000
84799788 1000000000 84799788 800000000
84799788 0 84799788 150000000
85199787 1000000000 85199787 400000000
85199787 0 85199787 450000000
85599786 1000000000 85599786 800000000
85599786 0 85599786 150000000
85999785 1000000000 85999785 400000000
85999785 0 85999785 450000000
86399784 1000000000 86399784 800000000
86399784 0 86399784 150000000
86799783 1000000000 86799783 400000000
86799783 0 86799783 450000000
87199782 1000000000 87199782 800000000
87199782 0 87199782 150000000
87599781 1000000000 87599781 400000000
87599781 0 87599781 450000000
87999780 1000000000 87999780 800000000
87999780 0 87999780 150000000
88399779 1000000000 88399779 400000000
88399779 0 88399779 450000000
88799778 1000000000 88799778 800000000
88799778 0 88799778 150000000
89199777 1000000000 89199777 400000000
89199777 0 89199777 450000000
89599776 1000000000 89599776 800000000
89599776 0 89599776 150000000
89999775 1000000000 89999775 400000000
89999775 0 89999775 450000000
90399774 1000000000 90399774 800000000
90399774 0 90399774 150000000
90799773 1000000000 90799773 400000000
90799773 0 90799773 450000000
91199772 1000000000 91199772 800000000
91199772 0 91199772 150000000
91599771 1000000000 91599771 400000000
91599771 0 91599771 450000000
91999770 1000000000 91999770 800000000
91999770 0 91999770 150000000
92399769 1000000000 92399769 400000000
92399769 0 92399769 450000000
92799768 1000000000 92799768 800000000
92799768 0 92799768 150000000
93199767 1000000000 93199767 400000000
93199767 0 93199767 450000000
93599766 1000000000 93599766 800000000
93599766 0 93599766 150000000
93999765 1000000000 93999765 400000000
93999765 0 93999765 450000000
94399764 1000000000 94399764 800000000
94399764 0 94399764 150000000
94799763 1000000000 94799763 400000000
94799763 0 94799763 450000000
95199762 1000000000 95199762 800000000
95199762 0 95199762 150000000
95599761 1000000000 95599761 400000000
95599761 0 95599761 450000000
95999760 1000000000 95999760 800000000
95999760 0 95999760 150000000
96399759 1000000000 96399759 400000000
96399759 0 96399759 450000000
96799758 1000000000 96799758 800000000
96799758 0 96799758 150000000
97199757 1000000000 97199757 400000000
97199757 0 97199757 450000000
97599756 1000000000 97599756 800000000
97599756 0 97599756 150000000
97999755 1000000000 97999755 400000000
97999755 0 97999755 450000000
98399754 1000000000 98399754 800000000
98399754 0 98399754 150000000
98799753 1000000000 98799753 400000000
98799753 0 98799753 450000000
99199752 1000000000 99199752 800000000
99199752 0 99199752 150000000
99599751 1000000000 99599751 400000000
99599751 0 99599751 450000000
99999750 1000000000 99999750 800000000
99999750 0 99999750 150000000
100399749 1000000000 100399749 400000000
100399749 0 100399749 450000000
100799748 1000000000 100799748 800000000
100799748 0 100799748 150000000
101199747 1000000000 101199747 400000000
101199747 0 101199747 450000000
101599746 1000000000 101599746 800000000
101599746 0 101599746 150000000
101999745 1000000000 101999745 400000000
101999745 0 101999745 450000000
102399744 1000000000 102399744 800000000
102399744 0 102399744 150000000
102799743 1000000000 102799743 400000000
102799743 0 102799743 450000000
103199742 1000000000 103199742 800000000
103199742 0 103199742 150000000
103599741 1000000000 103599741 400000000
103599741 0 103599741 450000000
103999740 1000000000 103999740 800000000
103999740 0 103999740 150000000
104399739 1000000000 104399739 400000000
104399739 0 104399739 450000000
104799738 1000000000 104799738 800000000
104799738 0 104799738 150000000
105199737 1000000000 105199737 400000000
105199737 0 105199737 450000000
105599736 1000000000 105599736 800000000
105599736 0 105599736 150000000
105999735 1000000000 105999735 400000000
105999735 0 105999735 450000000
106399734 1000000000 106399734 800000000
106399734 0 106399734 150000000
106799733 1000000000 106799733 400000000
106799733 0 106799733 450000000
107199732 1000000000 107199732 800000000
107199732 0 107199732 150000000
107599731 1000000000 107599731 400000000
107599731 0 107599731 450000000
107999730 1000000000 107999730 800000000
107999730 0 107999730 150000000
108399729 1000000000 108399729 400000000
108399729 0 108399729 450000000
108799728 1000000000 108799728 800000000
108799728 0 108799728 150000000
109199727 1000000000 109199727 400000000
109199727 0 109199727 450000000
109599726 1000000000 109599726 800000000
109599726 0 109599726 150000000
109999725 1000000000 109999725 400000000
109999725 0 109999725 450000000
110399724 1000000000 110399724 800000000
110399724 0 110399724 150000000
110799723 1000000000 110799723 400000000
110799723 0 110799723 450000000
111199722 1000000000 111199722 800000000
111199722 0 111199722 150000000
111599721 1000000000 111599721 400000000
111599721 0 111599721 450000000
111999720 1000000000 111999720 800000000
111999720 0 111999720 150000000
112399719 1000000000 112399719 400000000
112399719 0 112399719 450000000
112799718 1000000000 112799718 800000000
112799718 0 112799718 150000000
113199717 1000000000 113199717 400000000
113199717 0 113199717 450000000
113599716 1000000000 113599716 800000000
113599716 0 113599716 150000000
113999715 1000000000 113999715 400000000
113999715 0 113999715 450000000
114399714 1000000000 114399714 800000000
114399714 0 114399714 150000000
114799713 1000000000 114799713 400000000
114799713 0 114799713 450000000
115199712 1000000000 115199712 800000000
115199712 0 115199712 150000000
115599711 1000000000 115599711 400000000
115599711 0 115599711 450000000
115999710 1000000000 115999710 800000000
115999710 0 115999710 150000000
116399709 1000000000 116399709 400000000
116399709 0 116399709 450000000
116799708 1000000000 116799708 800000000
116799708 0 116799708 150000000
117199707 1000000000 117199707 400000000
117199707 0 117199707 450000000
117599706 1000000000 117599706 800000000
117599706 0 117599706 150000000
117999705 1000000000 117999705 400000000
117999705 0 117999705 450000000
118399704 1000000000 118399704 800000000
118399704 0 118399704 150000000
118799703 1000000000 118799703 400000000
118799703 0 118799703 450000000
119199702 1000000000 119199702 800000000
119199702 0 119199702 150000000
119599701 1000000000 119599701 400000000
119599701 0 119599701 450000000
119999700 1000000000 119999700 800000000
119999700 0 119999700 150000000
120399699 1000000000 120399699 400000000
120399699 0 120399699 450000000
120799698 1000000000 120799698 800000000
120799698 0 120799698 150000000
121199697 1000000000 121199697 400000000
121199697 0 121199697 450000000
121599696 1000000000 121599696 800000000
121599696 0 121599696 150000000
121999695 1000000000 121999695 400000000
121999695 0 121999695 450000000
122399694 1000000000 122399694 800000000
122399694 0 122399694 150000000
122799693 1000000000 122799693 400000000
122799693 0 122799693 450000000
123199692 1000000000 123199692 800000000
123199692 0 123199692 150000000
123599691 1000000000 123599691 400000000
123599691 0 123599691 450000000
123999690 1000000000 123999690 800000000
123999690 0 123999690 150000000
124399689 1000000000 124399689 400000000
124399689 0 124399689 450000000
124799688 1000000000 124799688 800000000
124799688 0 124799688 150000000
125199687 1000000000 125199687 400000000
125199687 0 125199687 450000000
125599686 1000000000 125599686 800000000
125599686 0 125599686 150000000
125999685 1000000000 125999685 400000000
125999685 0 125999685 450000000
126399684 1000000000 126399684 800000000
126399684 0 126399684 150000000
126799683 1000000000 126799683 400000000
126799683 0 126799683 450000000
127199682 1000000000 127199682 800000000
127199682 0 127199682 150000000
127599681 1000000000 127599681 400000000
127599681 0 127599681 450000000
127999680 1000000000 127999680 800000000
127999680 0 127999680 150000000
128399679 1000000000 128399679 400000000
128399679 0 128399679 450000000
128799678 1000000000 128799678 800000000
128799678 0 128799678 150000000
129199677 1000000000 129199677 400000000
129199677 0 129199677 450000000
129599676 1000000000 129599676 800000000
129599676 0 129599676 150000000
129999675 1000000000 129999675 400000000
129999675 0 129999675 450000000
130399674 1000000000 130399674 800000000
130399674 0 130399674 150000000
130799673 1000000000 130799673 400000000
130799673 0 130799673 450000000
131199672 1000000000 131199672 800000000
131199672 0 131199672 150000000
131599671 1000000000 131599671 400000000
131599671 0 131599671 450000000
131999670 1000000000 131999670 800000000
131999670 0 131999670 150000000
132399669 1000000000 132399669 400000000
132399669 0 132399669 450000000
132799668 1000000000 132799668 800000000
132799668 0 132799668 150000000
133199667 1000000000 133199667 400000000
133199667 0 133199667 450000000
133599666 1000000000 133599666 800000000
133599666 0 133599666 150000000
133999665 1000000000 133999665 400000000
133999665 0 133999665 450000000
134399664 1000000000 134399664 800000000
134399664 0 134399664 150000000
134799663 1000000000 134799663 400000000
134799663 0 134799663 450000000
135199662 1000000000 135199662 800000000
135199662 0 135199662 150000000
135599661 1000000000 135599661 400000000
135599661 0 135599661 450000000
135999660 1000000000 135999660 800000000
135999660 0 135999660 150000000
136399659 1000000000 136399659 400000000
136399659 0 136399659 450000000
136799658 1000000000 136799658 800000000
136799658 0 136799658 150000000
137199657 1000000000 137199657 400000000
137199657 0 137199657 450000000
137599656 1000000000 137599656 800000000
137599656 0 137599656 150000000
137999655 1000000000 137999655 400000000
137999655 0 137999655 450000000
138399654 1000000000 138399654 800000000
138399654 0 138399654 150000000
138799653 1000000000 138799653 400000000
138799653 0 138799653 450000000
139199652 1000000000 139199652 800000000
139199652 0 139199652 150000000
139599651 1000000000 139599651 400000000
139599651 0 139599651 450000000
139999650 1000000000 139999650 800000000
139999650 0 139999650 150000000
140399649 1000000000 140399649 400000000
140399649 0 140399649 450000000
140799648 1000000000 140799648 800000000
140799648 0 140799648 150000000
141199647 1000000000 141199647 400000000
141199647 0 141199647 450000000
141599646 1000000000 141599646 800000000
141599646 0 141599646 150000000
141999645 1000000000 141999645 400000000
141999645 0 141999645 450000000
142399644 1000000000 142399644 800000000
142399644 0 142399644 150000000
142799643 1000000000 142799643 400000000
142799643 0 142799643 450000000
143199642 1000000000 143199642 800000000
143199642 0 143199642 150000000
143599641 1000000000 143599641 400000000
143599641 0 143599641 450000000
143999640 1000000000 143999640 800000000
143999640 0 143999640 150000000
144399639 1000000000 144399639 400000000
144399639 0 144399639 450000000
144799638 1000000000 144799638 800000000
144799638 0 144799638 150000000
145199637 1000000000 145199637 400000000
145199637 0 145199637 450000000
145599636 1000000000 145599636 800000000
145599636 0 145599636 150000000
145999635 1000000000 145999635 400000000
145999635 0 145999635 450000000
146399634 1000000000 146399634 800000000
146399634 0 146399634 150000000
146799633 1000000000 146799633 400000000
146799633 0 146799633 450000000
147199632 1000000000 147199632 800000000
147199632 0 147199632 150000000
147599631 1000000000 147599631 400000000
147599631 0 147599631 450000000
147999630 1000000000 147999630 800000000
147999630 0 147999630 150000000
148399629 1000000000 148399629 400000000
148399629 0 148399629 450000000
148799628 1000000000 148799628 800000000
148799628 0 148799628 150000000
149199627 1000000000 149199627 400000000
149199627 0 149199627 450000000
149599626 1000000000 149599626 800000000
149599626 0 149599626 150000000
149999625 1000000000 149999625 400000000
149999625 0 149999625 450000000
150399624 1000000000 150399624 800000000
150399624 0 150399624 150000000
150799623 1000000000 150799623 400000000
150799623 0 150799623 450000000
151199622 1000000000 151199622 800000000
151199622 0 151199622 150000000
151599621 1000000000 151599621 400000000
151599621 0 151599621 450000000
151999620 1000000000 151999620 800000000
151999620 0 151999620 150000000
152399619 1000000000 152399619 400000000
152399619 0 152399619 450000000
152799618 1000000000 152799618 800000000
152799618 0 152799618 150000000
153199617 1000000000 153199617 400000000
153199617 0 153199617 450000000
153599616 1000000000 153599616 800000000
153599616 0 153599616 150000000
153999615 1000000000 153999615 400000000
153999615 0 153999615 450000000
154399614 1000000000 154399614 800000000
154399614 0 154399614 150000000
154799613 1000000000 154799613 400000000
154799613 0 154799613 450000000
155199612 1000000000 155199612 800000000
155199612 0 155199612 150000000
155599611 1000000000 155599611 400000000
155599611 0 155599611 450000000
155999610 1000000000 155999610 800000000
155999610 0 155999610 150000000
156399609 1000000000 156399609 400000000
156399609 0 156399609 450000000
156799608 1000000000 156799608 800000000
156799608 0 156799608 150000000
157199607 1000000000 157199607 400000000
157199607 0 157199607 450000000
157599606 1000000000 157599606 800000000
157599606 0 157599606 150000000
157999605 1000000000 157999605 400000000
157999605 0 157999605 450000000
158399604 1000000000 158399604 800000000
158399604 0 158399604 150000000
158799603 1000000000 158799603 400000000
158799603 0 158799603 450000000
159199602 1000000000 159199602 800000000
159199602 0 159199602 150000000
159599601 1000000000 159599601 400000000
159599601 0 159599601 450000000
159999600 1000000000 159999600 800000000
159999600 0 159999600 150000000
160399599 1000000000 160399599 400000000
160399599 0 160399599 450000000
160799598 1000000000 160799598 800000000
160799598 0 160799598 150000000
161199597 1000000000 161199597 400000000
161199597 0 161199597 450000000
161599596 1000000000 161599596 800000000
161599596 0 161599596 150000000
161999595 1000000000 161999595 400000000
161999595 0 161999595 450000000
162399594 1000000000 162399594 800000000
162399594 0 162399594 150000000
162799593 1000000000 162799593 400000000
162799593 0 162799593 450000000
163199592 1000000000 163199592 800000000
163199592 0 163199592 150000000
163599591 1000000000 163599591 400000000
163599591 0 163599591 450000000
163999590 1000000000 163999590 800000000
163999590 0 163999590 150000000
164399589 1000000000 164399589 400000000
164399589 0 164399589 450000000
164799588 1000000000 164799588 800000000
164799588 0 164799588 150000000
165199587 1000000000 165199587 400000000
165199587 0 165199587 450000000
165599586 1000000000 165599586 800000000
165599586 0 165599586 150000000
165999585 1000000000 165999585 400000000
165999585 0 165999585 450000000
166399584 1000000000 166399584 800000000
166399584 0 166399584 150000000
166799583 1000000000 166799583 400000000
166799583 0 166799583 450000000
167199582 1000000000 167199582 800000000
167199582 0 167199582 150000000
167599581 1000000000 167599581 400000000
167599581 0 167599581 450000000
167999580 1000000000 167999580 800000000
167999580 0 167999580 150000000
168399579 1000000000 168399579 400000000
168399579 0 168399579 450000000
168799578 1000000000 168799578 800000000
168799578 0 168799578 150000000
169199577 1000000000 169199577 400000000
169199577 0 169199577 450000000
169599576 1000000000 169599576 800000000
169599576 0 169599576 150000000
169999575 1000000000 169999575 400000000
169999575 0 169999575 450000000
170399574 1000000000 170399574 800000000
170399574 0 170399574 150000000
170799573 1000000000 170799573 400000000
170799573 0 170799573 450000000
171199572 1000000000 171199572 800000000
171199572 0 171199572 150000000
171599571 1000000000 171599571 400000000
171599571 0 171599571 450000000
171999570 1000000000 171999570 800000000
171999570 0 171999570 150000000
172399569 1000000000 172399569 400000000
172399569 0 172399569 450000000
172799568 1000000000 172799568 800000000
172799568 0 172799568 150000000
173199567 1000000000 173199567 400000000
173199567 0 173199567 450000000
173599566 1000000000 173599566 800000000
173599566 0 173599566 150000000
173999565 1000000000 173999565 400000000
173999565 0 173999565 450000000
174399564 1000000000 174399564 800000000
174399564 0 174399564 150000000
174799563 1000000000 174799563 400000000
174799563 0 174799563 450000000
175199562 1000000000 175199562 800000000
175199562 0 175199562 150000000
175599561 1000000000 175599561 400000000
175599561 0 175599561 450000000
175999560 1000000000 175999560 800000000
175999560 0 175999560 150000000
176399559 1000000000 176399559 400000000
176399559 0 176399559 450000000
176799558 1000000000 176799558 800000000
176799558 0 176799558 150000000
177199557 1000000000 177199557 400000000
177199557 0 177199557 450000000
177599556 1000000000 177599556 800000000
177599556 0 177599556 150000000
177999555 1000000000 177999555 400000000
177999555 0 177999555 450000000
178399554 1000000000 178399554 800000000
178399554 0 178399554 150000000
178799553 1000000000 178799553 400000000
178799553 0 178799553 450000000
179199552 1000000000 179199552 800000000
179199552 0 179199552 150000000
179599551 1000000000 179599551 400000000
179599551 0 179599551 450000000
179999550 1000000000 179999550 800000000
179999550 0 179999550 150000000
180399549 1000000000 180399549 400000000
180399549 0 180399549 450000000
180799548 1000000000 180799548 800000000
180799548 0 180799548 150000000
181199547 1000000000 181199547 400000000
181199547 0 181199547 450000000
181599546 1000000000 181599546 800000000
181599546 0 181599546 150000000
181999545 1000000000 181999545 400000000
181999545 0 181999545 450000000
182399544 1000000000 182399544 800000000
182399544 0 182399544 150000000
182799543 1000000000 182799543 400000000
182799543 0 182799543 450000000
183199542 1000000000 183199542 800000000
183199542 0 183199542 150000000
183599541 1000000000 183599541 400000000
183599541 0 183599541 450000000
183999540 1000000000 183999540 800000000
183999540 0 183999540 150000000
184399539 1000000000 184399539 400000000
184399539 0 184399539 450000000
184799538 1000000000 184799538 800000000
184799538 0 184799538 150000000
185199537 1000000000 185199537 400000000
185199537 0 185199537 450000000
185599536 1000000000 185599536 800000000
185599536 0 185599536 150000000
185999535 1000000000 185999535 400000000
185999535 0 185999535 450000000
186399534 1000000000 186399534 800000000
186399534 0 186399534 150000000
186799533 1000000000 186799533 400000000
186799533 0 186799533 450000000
187199532 1000000000 187199532 800000000
187199532 0 187199532 150000000
187599531 1000000000 187599531 400000000
187599531 0 187599531 450000000
187999530 1000000000 187999530 800000000
187999530 0 187999530 150000000
188399529 1000000000 188399529 400000000
188399529 0 188399529 450000000
188799528 1000000000 188799528 800000000
188799528 0 188799528 150000000
189199527 1000000000 189199527 400000000
189199527 0 189199527 450000000
189599526 1000000000 189599526 800000000
189599526 0 189599526 150000000
189999525 1000000000 189999525 400000000
189999525 0 189999525 450000000
190399524 1000000000 190399524 800000000
190399524 0 190399524 150000000
190799523 1000000000 190799523 400000000
190799523 0 190799523 450000000
191199522 1000000000 191199522 800000000
191199522 0 191199522 150000000
191599521 1000000000 191599521 400000000
191599521 0 191599521 450000000
191999520 1000000000 191999520 800000000
191999520 0 191999520 150000000
192399519 1000000000 192399519 400000000
192399519 0 192399519 450000000
192799518 1000000000 192799518 800000000
192799518 0 192799518 150000000
193199517 1000000000 193199517 400000000
193199517 0 193199517 450000000
193599516 1000000000 193599516 800000000
193599516 0 193599516 150000000
193999515 1000000000 193999515 400000000
193999515 0 193999515 450000000
194399514 1000000000 194399514 800000000
194399514 0 194399514 150000000
194799513 1000000000 194799513 400000000
194799513 0 194799513 450000000
195199512 1000000000 195199512 800000000
195199512 0 195199512 150000000
195599511 1000000000 195599511 400000000
195599511 0 195599511 450000000
195999510 1000000000 195999510 800000000
195999510 0 195999510 150000000
196399509 1000000000 196399509 400000000
196399509 0 196399509 450000000
196799508 1000000000 196799508 800000000
196799508 0 196799508 150000000
197199507 1000000000 197199507 400000000
197199507 0 197199507 450000000
197599506 1000000000 197599506 800000000
197599506 0 197599506 150000000
197999505 1000000000 197999505 400000000
197999505 0 197999505 450000000
198399504 1000000000 198399504 800000000
198399504 0 198399504 150000000
198799503 1000000000 198799503 400000000
198799503 0 198799503 450000000
199199502 1000000000 199199502 800000000
199199502 0 199199502 150000000
199599501 1000000000 199599501 400000000
199599501 0 199599501 450000000
199999500 1000000000 199999500 800000000
199999500 0 199999500 150000000
200399499 1000000000 200399499 400000000
200399499 0 200399499 450000000
200799498 1000000000 200799498 800000000
200799498 0 200799498 150000000
201199497 1000000000 201199497 400000000
201199497 0 201199497 450000000
201599496 1000000000 201599496 800000000
201599496 0 201599496 150000000
201999495 1000000000 201999495 400000000
201999495 0 201999495 450000000
202399494 1000000000 202399494 800000000
202399494 0 202399494 150000000
202799493 1000000000 202799493 400000000
202799493 0 202799493 450000000
203199492 1000000000 203199492 800000000
203199492 0 203199492 150000000
203599491 1000000000 203599491 400000000
203599491 0 203599491 450000000
203999490 1000000000 203999490 800000000
203999490 0 203999490 150000000
204399489 1000000000 204399489 400000000
204399489 0 204399489 450000000
204799488 1000000000 204799488 800000000
204799488 0 204799488 150000000
205199487 1000000000 205199487 400000000
205199487 0 205199487 450000000
205599486 1000000000 205599486 800000000
205599486 0 205599486 150000000
205999485 1000000000 205999485 400000000
205999485 0 205999485 450000000
206399484 1000000000 206399484 800000000
206399484 0 206399484 150000000
206799483 1000000000 206799483 400000000
206799483 0 206799483 450000000
207199482 1000000000 207199482 800000000
207199482 0 207199482 150000000
207599481 1000000000 207599481 400000000
207599481 0 207599481 450000000
207999480 1000000000 207999480 800000000
207999480 0 207999480 150000000
208399479 1000000000 208399479 400000000
208399479 0 208399479 450000000
208799478 1000000000 208799478 800000000
208799478 0 208799478 150000000
209199477 1000000000 209199477 400000000
209199477 0 209199477 450000000
209599476 1000000000 209599476 800000000
209599476 0 209599476 150000000
209999475 1000000000 209999475 400000000
209999475 0 209999475 450000000
210399474 1000000000 210399474 800000000
210399474 0 210399474 150000000
210799473 1000000000 210799473 400000000
210799473 0 210799473 450000000
211199472 1000000000 211199472 800000000
211199472 0 211199472 150000000
211599471 1000000000 211599471 400000000
211599471 0 211599471 450000000
211999470 1000000000 211999470 800000000
211999470 0 211999470 150000000
212399469 1000000000 212399469 400000000
212399469 0 212399469 450000000
212799468 1000000000 212799468 800000000
212799468 0 212799468 150000000
213199467 1000000000 213199467 400000000
213199467 0 213199467 450000000
213599466 1000000000 213599466 800000000
213599466 0 213599466 150000000
213999465 1000000000 213999465 400000000
213999465 0 213999465 450000000
214399464 1000000000 214399464 800000000
214399464 0 214399464 150000000
214799463 1000000000 214799463 400000000
214799463 0 214799463 450000000
215199462 1000000000 215199462 800000000
215199462 0 215199462 150000000
215599461 1000000000 215599461 400000000
215599461 0 215599461 450000000
215999460 1000000000 215999460 800000000
215999460 0 215999460 150000000
216399459 1000000000 216399459 400000000
216399459 0 216399459 450000000
216799458 1000000000 216799458 800000000
216799458 0 216799458 150000000
217199457 1000000000 217199457 400000000
217199457 0 217199457 450000000
217599456 1000000000 217599456 800000000
217599456 0 217599456 150000000
217999455 1000000000 217999455 400000000
217999455 0 217999455 450000000
218399454 1000000000 218399454 800000000
218399454 0 218399454 150000000
218799453 1000000000 218799453 400000000
218799453 0 218799453 450000000
219199452 1000000000 219199452 800000000
219199452 0 219199452 150000000
219599451 1000000000 219599451 400000000
219599451 0 219599451 450000000
219999450 1000000000 219999450 800000000
219999450 0 219999450 150000000
220399449 1000000000 220399449 400000000
220399449 0 220399449 450000000
220799448 1000000000 220799448 800000000
220799448 0 220799448 150000000
221199447 1000000000 221199447 400000000
221199447 0 221199447 450000000
221599446 1000000000 221599446 800000000
221599446 0 221599446 150000000
221999445 1000000000 221999445 400000000
221999445 0 221999445 450000000
222399444 1000000000 222399444 800000000
222399444 0 222399444 150000000
222799443 1000000000 222799443 400000000
222799443 0 222799443 450000000
223199442 1000000000 223199442 800000000
223199442 0 223199442 150000000
223599441 1000000000 223599441 400000000
223599441 0 223599441 450000000
223999440 1000000000 223999440 800000000
223999440 0 223999440 150000000
224399439 1000000000 224399439 400000000
224399439 0 224399439 450000000
224799438 1000000000 224799438 800000000
224799438 0 224799438 150000000
225199437 1000000000 225199437 400000000
225199437 0 225199437 450000000
225599436 1000000000 225599436 800000000
225599436 0 225599436 150000000
225999435 1000000000 225999435 400000000
225999435 0 225999435 450000000
226399434 1000000000 226399434 800000000
226399434 0 226399434 150000000
226799433 1000000000 226799433 400000000
226799433 0 226799433 450000000
227199432 1000000000 227199432 800000000
227199432 0 227199432 150000000
227599431 1000000000 227599431 400000000
227599431 0 227599431 450000000
227999430 1000000000 227999430 800000000
227999430 0 227999430 150000000
228399429 1000000000 228399429 400000000
228399429 0 228399429 450000000
228799428 1000000000 228799428 800000000
228799428 0 228799428 150000000
229199427 1000000000 229199427 400000000
229199427 0 229199427 450000000
229599426 1000000000 229599426 800000000
229599426 0 229599426 150000000
229999425 1000000000 229999425 400000000
229999425 0 229999425 450000000
230399424 1000000000 230399424 800000000
230399424 0 230399424 150000000
230799423 1000000000 230799423 400000000
230799423 0 230799423 450000000
231199422 1000000000 231199422 800000000
231199422 0 231199422 150000000
231599421 1000000000 231599421 400000000
231599421 0 231599421 450000000
231999420 1000000000 231999420 800000000
231999420 0 231999420 150000000
232399419 1000000000 232399419 400000000
232399419 0 232399419 450000000
232799418 1000000000 232799418 800000000
232799418 0 232799418 150000000
233199417 1000000000 233199417 400000000
233199417 0 233199417 450000000
233599416 1000000000 233599416 800000000
233599416 0 233599416 150000000
233999415 1000000000 233999415 400000000
233999415 0 233999415 450000000
234399414 1000000000 234399414 800000000
234399414 0 234399414 150000000
234799413 1000000000 234799413 400000000
234799413 0 234799413 450000000
235199412 1000000000 235199412 800000000
235199412 0 235199412 150000000
235599411 1000000000 235599411 400000000
235599411 0 235599411 450000000
235999410 1000000000 235999410 800000000
235999410 0 235999410 150000000
236399409 1000000000 236399409 400000000
236399409 0 236399409 450000000
236799408 1000000000 236799408 800000000
236799408 0 236799408 150000000
237199407 1000000000 237199407 400000000
237199407 0 237199407 450000000
237599406 1000000000 237599406 800000000
237599406 0 237599406 150000000
237999405 1000000000 237999405 400000000
237999405 0 237999405 450000000
238399404 1000000000 238399404 800000000
238399404 0 238399404 150000000
238799403 1000000000 238799403 400000000
238799403 0 238799403 450000000
239199402 1000000000 239199402 800000000
239199402 0 239199402 150000000
239599401 1000000000 239599401 400000000
239599401 0 239599401 450000000
239999400 1000000000 239999400 800000000
239999400 0 239999400 150000000
240399399 1000000000 240399399 400000000
240399399 0 240399399 450000000
240799398 1000000000 240799398 800000000
240799398 0 240799398 150000000
241199397 1000000000 241199397 400000000
241199397 0 241199397 450000000
241599396 1000000000 241599396 800000000
241599396 0 241599396 150000000
241999395 1000000000 241999395 400000000
241999395 0 241999395 450000000
242399394 1000000000 242399394 800000000
242399394 0 242399394 150000000
242799393 1000000000 242799393 400000000
242799393 0 242799393 450000000
243199392 1000000000 243199392 800000000
243199392 0 243199392 150000000
243599391 1000000000 243599391 400000000
243599391 0 243599391 450000000
243999390 1000000000 243999390 800000000
243999390 0 243999390 150000000
244399389 1000000000 244399389 400000000
244399389 0 244399389 450000000
244799388 1000000000 244799388 800000000
244799388 0 244799388 150000000
245199387 1000000000 245199387 400000000
245199387 0 245199387 450000000
245599386 1000000000 245599386 800000000
245599386 0 245599386 150000000
245999385 1000000000 245999385 400000000
245999385 0 245999385 450000000
246399384 1000000000 246399384 800000000
246399384 0 246399384 150000000
246799383 1000000000 246799383 400000000
246799383 0 246799383 450000000
247199382 1000000000 247199382 800000000
247199382 0 247199382 150000000
247599381 1000000000 247599381 400000000
247599381 0 247599381 450000000
247999380 1000000000 247999380 800000000
247999380 0 247999380 150000000
248399379 1000000000 248399379 400000000
248399379 0 248399379 450000000
248799378 1000000000 248799378 800000000
248799378 0 248799378 150000000
249199377 1000000000 249199377 400000000
249199377 0 249199377 450000000
249599376 1000000000 249599376 800000000
249599376 0 249599376 150000000
249999375 1000000000 249999375 400000000
249999375 0 249999375 450000000
250399374 1000000000 250399374 800000000
250399374 0 250399374 150000000
250799373 1000000000 250799373 400000000
250799373 0 250799373 450000000
251199372 1000000000 251199372 800000000
251199372 0 251199372 150000000
251599371 1000000000 251599371 400000000
251599371 0 251599371 450000000
251999370 1000000000 251999370 800000000
251999370 0 251999370 150000000
252399369 1000000000 252399369 400000000
252399369 0 252399369 450000000
252799368 1000000000 252799368 800000000
252799368 0 252799368 150000000
253199367 1000000000 253199367 400000000
253199367 0 253199367 450000000
253599366 1000000000 253599366 800000000
253599366 0 253599366 150000000
253999365 1000000000 253999365 400000000
253999365 0 253999365 450000000
254399364 1000000000 254399364 800000000
254399364 0 254399364 150000000
254799363 1000000000 254799363 400000000
254799363 0 254799363 450000000
255199362 1000000000 255199362 800000000
255199362 0 255199362 150000000
255599361 1000000000 255599361 400000000
255599361 0 255599361 450000000
255999360 1000000000 255999360 800000000
255999360 0 255999360 150000000
256399359 1000000000 256399359 400000000
256399359 0 256399359 450000000
256799358 1000000000 256799358 800000000
256799358 0 256799358 150000000
257199357 1000000000 257199357 400000000
257199357 0 257199357 450000000
257599356 1000000000 257599356 800000000
257599356 0 257599356 150000000
257999355 1000000000 257999355 400000000
257999355 0 257999355 450000000
258399354 1000000000 258399354 800000000
258399354 0 258399354 150000000
258799353 1000000000 258799353 400000000
258799353 0 258799353 450000000
259199352 1000000000 259199352 800000000
259199352 0 259199352 150000000
259599351 1000000000 259599351 400000000
259599351 0 259599351 450000000
259999350 1000000000 259999350 800000000
259999350 0 259999350 150000000
260399349 1000000000 260399349 400000000
260399349 0 260399349 450000000
260799348 1000000000 260799348 800000000
260799348 0 260799348 150000000
261199347 1000000000 261199347 400000000
261199347 0 261199347 450000000
261599346 1000000000 261599346 800000000
261599346 0 261599346 150000000
261999345 1000000000 261999345 400000000
261999345 0 261999345 450000000
262399344 1000000000 262399344 800000000
262399344 0 262399344 150000000
262799343 1000000000 262799343 400000000
262799343 0 262799343 450000000
263199342 1000000000 263199342 800000000
263199342 0 263199342 150000000
263599341 1000000000 263599341 400000000
263599341 0 263599341 450000000
263999340 1000000000 263999340 800000000
263999340 0 263999340 150000000
264399339 1000000000 264399339 400000000
264399339 0 264399339 450000000
264799338 1000000000 264799338 800000000
264799338 0 264799338 150000000
265199337 1000000000 265199337 400000000
265199337 0 265199337 450000000
265599336 1000000000 265599336 800000000
265599336 0 265599336 150000000
265999335 1000000000 265999335 400000000
265999335 0 265999335 450000000
266399334 1000000000 266399334 800000000
266399334 0 266399334 150000000
266799333 1000000000 266799333 400000000
266799333 0 266799333 450000000
267199332 1000000000 267199332 800000000
267199332 0 267199332 150000000
267599331 1000000000 267599331 400000000
267599331 0 267599331 450000000
267999330 1000000000 267999330 800000000
267999330 0 267999330 150000000
268399329 1000000000 268399329 400000000
268399329 0 268399329 450000000
268799328 1000000000 268799328 800000000
268799328 0 268799328 150000000
269199327 1000000000 269199327 400000000
269199327 0 269199327 450000000
269599326 1000000000 269599326 800000000
269599326 0 269599326 150000000
269999325 1000000000 269999325 400000000
269999325 0 269999325 450000000
270399324 1000000000 270399324 800000000
270399324 0 270399324 150000000
270799323 1000000000 270799323 400000000
270799323 0 270799323 450000000
271199322 1000000000 271199322 800000000
271199322 0 271199322 150000000
271599321 1000000000 271599321 400000000
271599321 0 271599321 450000000
271999320 1000000000 271999320 800000000
271999320 0 271999320 150000000
272399319 1000000000 272399319 400000000
272399319 0 272399319 450000000
272799318 1000000000 272799318 800000000
272799318 0 272799318 150000000
273199317 1000000000 273199317 400000000
273199317 0 273199317 450000000
273599316 1000000000 273599316 800000000
273599316 0 273599316 150000000
273999315 1000000000 273999315 400000000
273999315 0 273999315 450000000
274399314 1000000000 274399314 800000000
274399314 0 274399314 150000000
274799313 1000000000 274799313 400000000
274799313 0 274799313 450000000
275199312 1000000000 275199312 800000000
275199312 0 275199312 150000000
275599311 1000000000 275599311 400000000
275599311 0 275599311 450000000
275999310 1000000000 275999310 800000000
275999310 0 275999310 150000000
276399309 1000000000 276399309 400000000
276399309 0 276399309 450000000
276799308 1000000000 276799308 800000000
276799308 0 276799308 150000000
277199307 1000000000 277199307 400000000
277199307 0 277199307 450000000
277599306 1000000000 277599306 800000000
277599306 0 277599306 150000000
277999305 1000000000 277999305 400000000
277999305 0 277999305 450000000
278399304 1000000000 278399304 800000000
278399304 0 278399304 150000000
278799303 1000000000 278799303 400000000
278799303 0 278799303 450000000
279199302 1000000000 279199302 800000000
279199302 0 279199302 150000000
279599301 1000000000 279599301 400000000
279599301 0 279599301 450000000
279999300 1000000000 279999300 800000000
279999300 0 279999300 150000000
280399299 1000000000 280399299 400000000
280399299 0 280399299 450000000
280799298 1000000000 280799298 800000000
280799298 0 280799298 150000000
281199297 1000000000 281199297 400000000
281199297 0 281199297 450000000
281599296 1000000000 281599296 800000000
281599296 0 281599296 150000000
281999295 1000000000 281999295 400000000
281999295 0 281999295 450000000
282399294 1000000000 282399294 800000000
282399294 0 282399294 150000000
282799293 1000000000 282799293 400000000
282799293 0 282799293 450000000
283199292 1000000000 283199292 800000000
283199292 0 283199292 150000000
283599291 1000000000 283599291 400000000
283599291 0 283599291 450000000
283999290 1000000000 283999290 800000000
283999290 0 283999290 150000000
284399289 1000000000 284399289 400000000
284399289 0 284399289 450000000
284799288 1000000000 284799288 800000000
284799288 0 284799288 150000000
285199287 1000000000 285199287 400000000
285199287 0 285199287 450000000
285599286 1000000000 285599286 800000000
285599286 0 285599286 150000000
285999285 1000000000 285999285 400000000
285999285 0 285999285 450000000
286399284 1000000000 286399284 800000000
286399284 0 286399284 150000000
286799283 1000000000 286799283 400000000
286799283 0 286799283 450000000
287199282 1000000000 287199282 800000000
287199282 0 287199282 150000000
287599281 1000000000 287599281 400000000
287599281 0 287599281 450000000
287999280 1000000000 287999280 800000000
287999280 0 287999280 150000000
288399279 1000000000 288399279 400000000
288399279 0 288399279 450000000
288799278 1000000000 288799278 800000000
288799278 0 288799278 150000000
289199277 1000000000 289199277 400000000
289199277 0 289199277 450000000
289599276 1000000000 289599276 800000000
289599276 0 289599276 150000000
289999275 1000000000 289999275 400000000
289999275 0 289999275 450000000
290399274 1000000000 290399274 800000000
290399274 0 290399274 150000000
290799273 1000000000 290799273 400000000
290799273 0 290799273 450000000
291199272 1000000000 291199272 800000000
291199272 0 291199272 150000000
291599271 1000000000 291599271 400000000
291599271 0 291599271 450000000
291999270 1000000000 291999270 800000000
291999270 0 291999270 150000000
292399269 1000000000 292399269 400000000
292399269 0 292399269 450000000
292799268 1000000000 292799268 800000000
292799268 0 292799268 150000000
293199267 1000000000 293199267 400000000
293199267 0 293199267 450000000
293599266 1000000000 293599266 800000000
293599266 0 293599266 150000000
293999265 1000000000 293999265 400000000
293999265 0 293999265 450000000
294399264 1000000000 294399264 800000000
294399264 0 294399264 150000000
294799263 1000000000 294799263 400000000
294799263 0 294799263 450000000
295199262 1000000000 295199262 800000000
295199262 0 295199262 150000000
295599261 1000000000 295599261 400000000
295599261 0 295599261 450000000
295999260 1000000000 295999260 800000000
295999260 0 295999260 150000000
296399259 1000000000 296399259 400000000
296399259 0 296399259 450000000
296799258 1000000000 296799258 800000000
296799258 0 296799258 150000000
297199257 1000000000 297199257 400000000
297199257 0 297199257 450000000
297599256 1000000000 297599256 800000000
297599256 0 297599256 150000000
297999255 1000000000 297999255 400000000
297999255 0 297999255 450000000
298399254 1000000000 298399254 800000000
298399254 0 298399254 150000000
298799253 1000000000 298799253 400000000
298799253 0 298799253 450000000
299199252 1000000000 299199252 800000000
299199252 0 299199252 150000000
299599251 1000000000 299599251 400000000
299599251 0 299599251 450000000
299999250 1000000000 299999250 800000000
299999250 0 299999250 150000000
300399249 1000000000 300399249 400000000
300399249 0 300399249 450000000
300799248 1000000000 300799248 800000000
300799248 0 300799248 150000000
301199247 1000000000 301199247 400000000
301199247 0 301199247 450000000
301599246 1000000000 301599246 800000000
301599246 0 301599246 150000000
301999245 1000000000 301999245 400000000
301999245 0 301999245 450000000
302399244 1000000000 302399244 800000000
302399244 0 302399244 150000000
302799243 1000000000 302799243 400000000
302799243 0 302799243 450000000
303199242 1000000000 303199242 800000000
303199242 0 303199242 150000000
303599241 1000000000 303599241 400000000
303599241 0 303599241 450000000
303999240 1000000000 303999240 800000000
303999240 0 303999240 150000000
304399239 1000000000 304399239 400000000
304399239 0 304399239 450000000
304799238 1000000000 304799238 800000000
304799238 0 304799238 150000000
305199237 1000000000 305199237 400000000
305199237 0 305199237 450000000
305599236 1000000000 305599236 800000000
305599236 0 305599236 150000000
305999235 1000000000 305999235 400000000
305999235 0 305999235 450000000
306399234 1000000000 306399234 800000000
306399234 0 306399234 150000000
306799233 1000000000 306799233 400000000
306799233 0 306799233 450000000
307199232 1000000000 307199232 800000000
307199232 0 307199232 150000000
307599231 1000000000 307599231 400000000
307599231 0 307599231 450000000
307999230 1000000000 307999230 800000000
307999230 0 307999230 150000000
308399229 1000000000 308399229 400000000
308399229 0 308399229 450000000
308799228 1000000000 308799228 800000000
308799228 0 308799228 150000000
309199227 1000000000 309199227 400000000
309199227 0 309199227 450000000
309599226 1000000000 309599226 800000000
309599226 0 309599226 150000000
309999225 1000000000 309999225 400000000
309999225 0 309999225 450000000
310399224 1000000000 310399224 800000000
310399224 0 310399224 150000000
310799223 1000000000 310799223 400000000
310799223 0 310799223 450000000
311199222 1000000000 311199222 800000000
311199222 0 311199222 150000000
311599221 1000000000 311599221 400000000
311599221 0 311599221 450000000
311999220 1000000000 311999220 800000000
311999220 0 311999220 150000000
312399219 1000000000 312399219 400000000
312399219 0 312399219 450000000
312799218 1000000000 312799218 800000000
312799218 0 312799218 150000000
313199217 1000000000 313199217 400000000
313199217 0 313199217 450000000
313599216 1000000000 313599216 800000000
313599216 0 313599216 150000000
313999215 1000000000 313999215 400000000
313999215 0 313999215 450000000
314399214 1000000000 314399214 800000000
314399214 0 314399214 150000000
314799213 1000000000 314799213 400000000
314799213 0 314799213 450000000
315199212 1000000000 315199212 800000000
315199212 0 315199212 150000000
315599211 1000000000 315599211 400000000
315599211 0 315599211 450000000
315999210 1000000000 315999210 800000000
315999210 0 315999210 150000000
316399209 1000000000 316399209 400000000
316399209 0 316399209 450000000
316799208 1000000000 316799208 800000000
316799208 0 316799208 150000000
317199207 1000000000 317199207 400000000
317199207 0 317199207 450000000
317599206 1000000000 317599206 800000000
317599206 0 317599206 150000000
317999205 1000000000 317999205 400000000
317999205 0 317999205 450000000
318399204 1000000000 318399204 800000000
318399204 0 318399204 150000000
318799203 1000000000 318799203 400000000
318799203 0 318799203 450000000
319199202 1000000000 319199202 800000000
319199202 0 319199202 150000000
319599201 1000000000 319599201 400000000
319599201 0 319599201 450000000
319999200 1000000000 319999200 800000000
319999200 0 319999200 150000000
320399199 1000000000 320399199 400000000
320399199 0 320399199 450000000
320799198 1000000000 320799198 800000000
320799198 0 320799198 150000000
321199197 1000000000 321199197 400000000
321199197 0 321199197 450000000
321599196 1000000000 321599196 800000000
321599196 0 321599196 150000000
321999195 1000000000 321999195 400000000
321999195 0 321999195 450000000
322399194 1000000000 322399194 800000000
322399194 0 322399194 150000000
322799193 1000000000 322799193 400000000
322799193 0 322799193 450000000
323199192 1000000000 323199192 800000000
323199192 0 323199192 150000000
323599191 1000000000 323599191 400000000
323599191 0 323599191 450000000
323999190 1000000000 323999190 800000000
323999190 0 323999190 150000000
324399189 1000000000 324399189 400000000
324399189 0 324399189 450000000
324799188 1000000000 324799188 800000000
324799188 0 324799188 150000000
325199187 1000000000 325199187 400000000
325199187 0 325199187 450000000
325599186 1000000000 325599186 800000000
325599186 0 325599186 150000000
325999185 1000000000 325999185 400000000
325999185 0 325999185 450000000
326399184 1000000000 326399184 800000000
326399184 0 326399184 150000000
326799183 1000000000 326799183 400000000
326799183 0 326799183 450000000
327199182 1000000000 327199182 800000000
327199182 0 327199182 150000000
327599181 1000000000 327599181 400000000
327599181 0 327599181 450000000
327999180 1000000000 327999180 800000000
327999180 0 327999180 150000000
328399179 1000000000 328399179 400000000
328399179 0 328399179 450000000
328799178 1000000000 328799178 800000000
328799178 0 328799178 150000000
329199177 1000000000 329199177 400000000
329199177 0 329199177 450000000
329599176 1000000000 329599176 800000000
329599176 0 329599176 150000000
329999175 1000000000 329999175 400000000
329999175 0 329999175 450000000
330399174 1000000000 330399174 800000000
330399174 0 330399174 150000000
330799173 1000000000 330799173 400000000
330799173 0 330799173 450000000
331199172 1000000000 331199172 800000000
331199172 0 331199172 150000000
331599171 1000000000 331599171 400000000
331599171 0 331599171 450000000
331999170 1000000000 331999170 800000000
331999170 0 331999170 150000000
332399169 1000000000 332399169 400000000
332399169 0 332399169 450000000
332799168 1000000000 332799168 800000000
332799168 0 332799168 150000000
333199167 1000000000 333199167 400000000
333199167 0 333199167 450000000
333599166 1000000000 333599166 800000000
333599166 0 333599166 150000000
333999165 1000000000 333999165 400000000
333999165 0 333999165 450000000
334399164 1000000000 334399164 800000000
334399164 0 334399164 150000000
334799163 1000000000 334799163 400000000
334799163 0 334799163 450000000
335199162 1000000000 335199162 800000000
335199162 0 335199162 150000000
335599161 1000000000 335599161 400000000
335599161 0 335599161 450000000
335999160 1000000000 335999160 800000000
335999160 0 335999160 150000000
336399159 1000000000 336399159 400000000
336399159 0 336399159 450000000
336799158 1000000000 336799158 800000000
336799158 0 336799158 150000000
337199157 1000000000 337199157 400000000
337199157 0 337199157 450000000
337599156 1000000000 337599156 800000000
337599156 0 337599156 150000000
337999155 1000000000 337999155 400000000
337999155 0 337999155 450000000
338399154 1000000000 338399154 800000000
338399154 0 338399154 150000000
338799153 1000000000 338799153 400000000
338799153 0 338799153 450000000
339199152 1000000000 339199152 800000000
339199152 0 339199152 150000000
339599151 1000000000 339599151 400000000
339599151 0 339599151 450000000
339999150 1000000000 339999150 800000000
339999150 0 339999150 150000000
340399149 1000000000 340399149 400000000
340399149 0 340399149 450000000
340799148 1000000000 340799148 800000000
340799148 0 340799148 150000000
341199147 1000000000 341199147 400000000
341199147 0 341199147 450000000
341599146 1000000000 341599146 800000000
341599146 0 341599146 150000000
341999145 1000000000 341999145 400000000
341999145 0 341999145 450000000
342399144 1000000000 342399144 800000000
342399144 0 342399144 150000000
342799143 1000000000 342799143 400000000
342799143 0 342799143 450000000
343199142 1000000000 343199142 800000000
343199142 0 343199142 150000000
343599141 1000000000 343599141 400000000
343599141 0 343599141 450000000
343999140 1000000000 343999140 800000000
343999140 0 343999140 150000000
344399139 1000000000 344399139 400000000
344399139 0 344399139 450000000
344799138 1000000000 344799138 800000000
344799138 0 344799138 150000000
345199137 1000000000 345199137 400000000
345199137 0 345199137 450000000
345599136 1000000000 345599136 800000000
345599136 0 345599136 150000000
345999135 1000000000 345999135 400000000
345999135 0 345999135 450000000
346399134 1000000000 346399134 800000000
346399134 0 346399134 150000000
346799133 1000000000 346799133 400000000
346799133 0 346799133 450000000
347199132 1000000000 347199132 800000000
347199132 0 347199132 150000000
347599131 1000000000 347599131 400000000
347599131 0 347599131 450000000
347999130 1000000000 347999130 800000000
347999130 0 347999130 150000000
348399129 1000000000 348399129 400000000
348399129 0 348399129 450000000
348799128 1000000000 348799128 800000000
348799128 0 348799128 150000000
349199127 1000000000 349199127 400000000
349199127 0 349199127 450000000
349599126 1000000000 349599126 800000000
349599126 0 349599126 150000000
349999125 1000000000 349999125 400000000
349999125 0 349999125 450000000
350399124 1000000000 350399124 800000000
350399124 0 350399124 150000000
350799123 1000000000 350799123 400000000
350799123 0 350799123 450000000
351199122 1000000000 351199122 800000000
351199122 0 351199122 150000000
351599121 1000000000 351599121 400000000
351599121 0 351599121 450000000
351999120 1000000000 351999120 800000000
351999120 0 351999120 150000000
352399119 1000000000 352399119 400000000
352399119 0 352399119 450000000
352799118 1000000000 352799118 800000000
352799118 0 352799118 150000000
353199117 1000000000 353199117 400000000
353199117 0 353199117 450000000
353599116 1000000000 353599116 800000000
353599116 0 353599116 150000000
353999115 1000000000 353999115 400000000
353999115 0 353999115 450000000
354399114 1000000000 354399114 800000000
354399114 0 354399114 150000000
354799113 1000000000 354799113 400000000
354799113 0 354799113 450000000
355199112 1000000000 355199112 800000000
355199112 0 355199112 150000000
355599111 1000000000 355599111 400000000
355599111 0 355599111 450000000
355999110 1000000000 355999110 800000000
355999110 0 355999110 150000000
356399109 1000000000 356399109 400000000
356399109 0 356399109 450000000
356799108 1000000000 356799108 800000000
356799108 0 356799108 150000000
357199107 1000000000 357199107 400000000
357199107 0 357199107 450000000
357599106 1000000000 357599106 800000000
357599106 0 357599106 150000000
357999105 1000000000 357999105 400000000
357999105 0 357999105 450000000
358399104 1000000000 358399104 800000000
358399104 0 358399104 150000000
358799103 1000000000 358799103 400000000
358799103 0 358799103 450000000
359199102 1000000000 359199102 800000000
359199102 0 359199102 150000000
359599101 1000000000 359599101 400000000
359599101 0 359599101 450000000
359999100 1000000000 359999100 800000000
359999100 0 359999100 150000000
360399099 1000000000 360399099 400000000
360399099 0 360399099 450000000
360799098 1000000000 360799098 800000000
360799098 0 360799098 150000000
361199097 1000000000 361199097 400000000
361199097 0 361199097 450000000
361599096 1000000000 361599096 800000000
361599096 0 361599096 150000000
361999095 1000000000 361999095 400000000
361999095 0 361999095 450000000
362399094 1000000000 362399094 800000000
362399094 0 362399094 150000000
362799093 1000000000 362799093 400000000
362799093 0 362799093 450000000
363199092 1000000000 363199092 800000000
363199092 0 363199092 150000000
363599091 1000000000 363599091 400000000
363599091 0 363599091 450000000
363999090 1000000000 363999090 800000000
363999090 0 363999090 150000000
364399089 1000000000 364399089 400000000
364399089 0 364399089 450000000
364799088 1000000000 364799088 800000000
364799088 0 364799088 150000000
365199087 1000000000 365199087 400000000
365199087 0 365199087 450000000
365599086 1000000000 365599086 800000000
365599086 0 365599086 150000000
365999085 1000000000 365999085 400000000
365999085 0 365999085 450000000
366399084 1000000000 366399084 800000000
366399084 0 366399084 150000000
366799083 1000000000 366799083 400000000
366799083 0 366799083 450000000
367199082 1000000000 367199082 800000000
367199082 0 367199082 150000000
367599081 1000000000 367599081 400000000
367599081 0 367599081 450000000
367999080 1000000000 367999080 800000000
367999080 0 367999080 150000000
368399079 1000000000 368399079 400000000
368399079 0 368399079 450000000
368799078 1000000000 368799078 800000000
368799078 0 368799078 150000000
369199077 1000000000 369199077 400000000
369199077 0 369199077 450000000
369599076 1000000000 369599076 800000000
369599076 0 369599076 150000000
369999075 1000000000 369999075 400000000
369999075 0 369999075 450000000
370399074 1000000000 370399074 800000000
370399074 0 370399074 150000000
370799073 1000000000 370799073 400000000
370799073 0 370799073 450000000
371199072 1000000000 371199072 800000000
371199072 0 371199072 150000000
371599071 1000000000 371599071 400000000
371599071 0 371599071 450000000
371999070 1000000000 371999070 800000000
371999070 0 371999070 150000000
372399069 1000000000 372399069 400000000
372399069 0 372399069 450000000
372799068 1000000000 372799068 800000000
372799068 0 372799068 150000000
373199067 1000000000 373199067 400000000
373199067 0 373199067 450000000
373599066 1000000000 373599066 800000000
373599066 0 373599066 150000000
373999065 1000000000 373999065 400000000
373999065 0 373999065 450000000
374399064 1000000000 374399064 800000000
374399064 0 374399064 150000000
374799063 1000000000 374799063 400000000
374799063 0 374799063 450000000
375199062 1000000000 375199062 800000000
375199062 0 375199062 150000000
375599061 1000000000 375599061 400000000
375599061 0 375599061 450000000
375999060 1000000000 375999060 800000000
375999060 0 375999060 150000000
376399059 1000000000 376399059 400000000
376399059 0 376399059 450000000
376799058 1000000000 376799058 800000000
376799058 0 376799058 150000000
377199057 1000000000 377199057 400000000
377199057 0 377199057 450000000
377599056 1000000000 377599056 800000000
377599056 0 377599056 150000000
377999055 1000000000 377999055 400000000
377999055 0 377999055 450000000
378399054 1000000000 378399054 800000000
378399054 0 378399054 150000000
378799053 1000000000 378799053 400000000
378799053 0 378799053 450000000
379199052 1000000000 379199052 800000000
379199052 0 379199052 150000000
379599051 1000000000 379599051 400000000
379599051 0 379599051 450000000
379999050 1000000000 379999050 800000000
379999050 0 379999050 150000000
380399049 1000000000 380399049 400000000
380399049 0 380399049 450000000
380799048 1000000000 380799048 800000000
380799048 0 380799048 150000000
381199047 1000000000 381199047 400000000
381199047 0 381199047 450000000
381599046 1000000000 381599046 800000000
381599046 0 381599046 150000000
381999045 1000000000 381999045 400000000
381999045 0 381999045 450000000
382399044 1000000000 382399044 800000000
382399044 0 382399044 150000000
382799043 1000000000 382799043 400000000
382799043 0 382799043 450000000
383199042 1000000000 383199042 800000000
383199042 0 383199042 150000000
383599041 1000000000 383599041 400000000
383599041 0 383599041 450000000
383999040 1000000000 383999040 800000000
383999040 0 383999040 150000000
384399039 1000000000 384399039 400000000
384399039 0 384399039 450000000
384799038 1000000000 384799038 800000000
384799038 0 384799038 150000000
385199037 1000000000 385199037 400000000
385199037 0 385199037 450000000
385599036 1000000000 385599036 800000000
385599036 0 385599036 150000000
385999035 1000000000 385999035 400000000
385999035 0 385999035 450000000
386399034 1000000000 386399034 800000000
386399034 0 386399034 150000000
386799033 1000000000 386799033 400000000
386799033 0 386799033 450000000
387199032 1000000000 387199032 800000000
387199032 0 387199032 150000000
387599031 1000000000 387599031 400000000
387599031 0 387599031 450000000
387999030 1000000000 387999030 800000000
387999030 0 387999030 150000000
388399029 1000000000 388399029 400000000
388399029 0 388399029 450000000
388799028 1000000000 388799028 800000000
388799028 0 388799028 150000000
389199027 1000000000 389199027 400000000
389199027 0 389199027 450000000
389599026 1000000000 389599026 800000000
389599026 0 389599026 150000000
389999025 1000000000 389999025 400000000
389999025 0 389999025 450000000
390399024 1000000000 390399024 800000000
390399024 0 390399024 150000000
390799023 1000000000 390799023 400000000
390799023 0 390799023 450000000
391199022 1000000000 391199022 800000000
391199022 0 391199022 150000000
391599021 1000000000 391599021 400000000
391599021 0 391599021 450000000
391999020 1000000000 391999020 800000000
391999020 0 391999020 150000000
392399019 1000000000 392399019 400000000
392399019 0 392399019 450000000
392799018 1000000000 392799018 800000000
392799018 0 392799018 150000000
393199017 1000000000 393199017 400000000
393199017 0 393199017 450000000
393599016 1000000000 393599016 800000000
393599016 0 393599016 150000000
393999015 1000000000 393999015 400000000
393999015 0 393999015 450000000
394399014 1000000000 394399014 800000000
394399014 0 394399014 150000000
394799013 1000000000 394799013 400000000
394799013 0 394799013 450000000
395199012 1000000000 395199012 800000000
395199012 0 395199012 150000000
395599011 1000000000 395599011 400000000
395599011 0 395599011 450000000
395999010 1000000000 395999010 800000000
395999010 0 395999010 150000000
396399009 1000000000 396399009 400000000
396399009 0 396399009 450000000
396799008 1000000000 396799008 800000000
396799008 0 396799008 150000000
397199007 1000000000 397199007 400000000
397199007 0 397199007 450000000
397599006 1000000000 397599006 800000000
397599006 0 397599006 150000000
397999005 1000000000 397999005 400000000
397999005 0 397999005 450000000
398399004 1000000000 398399004 800000000
398399004 0 398399004 150000000
398799003 1000000000 398799003 400000000
398799003 0 398799003 450000000
399199002 1000000000 399199002 800000000
399199002 0 399199002 150000000
399599001 1000000000 399599001 400000000
399599001 0 399599001 450000000
399999000 1000000000 399999000 800000000
399999000 0 399999000 150000000
400398999 1000000000 400398999 400000000
400398999 0 400398999 450000000
400798998 1000000000 400798998 800000000
400798998 0 400798998 150000000
401198997 1000000000 401198997 400000000
401198997 0 401198997 450000000
401598996 1000000000 401598996 800000000
401598996 0 401598996 150000000
401998995 1000000000 401998995 400000000
401998995 0 401998995 450000000
402398994 1000000000 402398994 800000000
402398994 0 402398994 150000000
402798993 1000000000 402798993 400000000
402798993 0 402798993 450000000
403198992 1000000000 403198992 800000000
403198992 0 403198992 150000000
403598991 1000000000 403598991 400000000
403598991 0 403598991 450000000
403998990 1000000000 403998990 800000000
403998990 0 403998990 150000000
404398989 1000000000 404398989 400000000
404398989 0 404398989 450000000
404798988 1000000000 404798988 800000000
404798988 0 404798988 150000000
405198987 1000000000 405198987 400000000
405198987 0 405198987 450000000
405598986 1000000000 405598986 800000000
405598986 0 405598986 150000000
405998985 1000000000 405998985 400000000
405998985 0 405998985 450000000
406398984 1000000000 406398984 800000000
406398984 0 406398984 150000000
406798983 1000000000 406798983 400000000
406798983 0 406798983 450000000
407198982 1000000000 407198982 800000000
407198982 0 407198982 150000000
407598981 1000000000 407598981 400000000
407598981 0 407598981 450000000
407998980 1000000000 407998980 800000000
407998980 0 407998980 150000000
408398979 1000000000 408398979 400000000
408398979 0 408398979 450000000
408798978 1000000000 408798978 800000000
408798978 0 408798978 150000000
409198977 1000000000 409198977 400000000
409198977 0 409198977 450000000
409598976 1000000000 409598976 800000000
409598976 0 409598976 150000000
409998975 1000000000 409998975 400000000
409998975 0 409998975 450000000
410398974 1000000000 410398974 800000000
410398974 0 410398974 150000000
410798973 1000000000 410798973 400000000
410798973 0 410798973 450000000
411198972 1000000000 411198972 800000000
411198972 0 411198972 150000000
411598971 1000000000 411598971 400000000
411598971 0 411598971 450000000
411998970 1000000000 411998970 800000000
411998970 0 411998970 150000000
412398969 1000000000 412398969 400000000
412398969 0 412398969 450000000
412798968 1000000000 412798968 800000000
412798968 0 412798968 150000000
413198967 1000000000 413198967 400000000
413198967 0 413198967 450000000
413598966 1000000000 413598966 800000000
413598966 0 413598966 150000000
413998965 1000000000 413998965 400000000
413998965 0 413998965 450000000
414398964 1000000000 414398964 800000000
414398964 0 414398964 150000000
414798963 1000000000 414798963 400000000
414798963 0 414798963 450000000
415198962 1000000000 415198962 800000000
415198962 0 415198962 150000000
415598961 1000000000 415598961 400000000
415598961 0 415598961 450000000
415998960 1000000000 415998960 800000000
415998960 0 415998960 150000000
416398959 1000000000 416398959 400000000
416398959 0 416398959 450000000
416798958 1000000000 416798958 800000000
416798958 0 416798958 150000000
417198957 1000000000 417198957 400000000
417198957 0 417198957 450000000
417598956 1000000000 417598956 800000000
417598956 0 417598956 150000000
417998955 1000000000 417998955 400000000
417998955 0 417998955 450000000
418398954 1000000000 418398954 800000000
418398954 0 418398954 150000000
418798953 1000000000 418798953 400000000
418798953 0 418798953 450000000
419198952 1000000000 419198952 800000000
419198952 0 419198952 150000000
419598951 1000000000 419598951 400000000
419598951 0 419598951 450000000
419998950 1000000000 419998950 800000000
419998950 0 419998950 150000000
420398949 1000000000 420398949 400000000
420398949 0 420398949 450000000
420798948 1000000000 420798948 800000000
420798948 0 420798948 150000000
421198947 1000000000 421198947 400000000
421198947 0 421198947 450000000
421598946 1000000000 421598946 800000000
421598946 0 421598946 150000000
421998945 1000000000 421998945 400000000
421998945 0 421998945 450000000
422398944 1000000000 422398944 800000000
422398944 0 422398944 150000000
422798943 1000000000 422798943 400000000
422798943 0 422798943 450000000
423198942 1000000000 423198942 800000000
423198942 0 423198942 150000000
423598941 1000000000 423598941 400000000
423598941 0 423598941 450000000
423998940 1000000000 423998940 800000000
423998940 0 423998940 150000000
424398939 1000000000 424398939 400000000
424398939 0 424398939 450000000
424798938 1000000000 424798938 800000000
424798938 0 424798938 150000000
425198937 1000000000 425198937 400000000
425198937 0 425198937 450000000
425598936 1000000000 425598936 800000000
425598936 0 425598936 150000000
425998935 1000000000 425998935 400000000
425998935 0 425998935 450000000
426398934 1000000000 426398934 800000000
426398934 0 426398934 150000000
426798933 1000000000 426798933 400000000
426798933 0 426798933 450000000
427198932 1000000000 427198932 800000000
427198932 0 427198932 150000000
427598931 1000000000 427598931 400000000
427598931 0 427598931 450000000
427998930 1000000000 427998930 800000000
427998930 0 427998930 150000000
428398929 1000000000 428398929 400000000
428398929 0 428398929 450000000
428798928 1000000000 428798928 800000000
428798928 0 428798928 150000000
429198927 1000000000 429198927 400000000
429198927 0 429198927 450000000
429598926 1000000000 429598926 800000000
429598926 0 429598926 150000000
429998925 1000000000 429998925 400000000
429998925 0 429998925 450000000
430398924 1000000000 430398924 800000000
430398924 0 430398924 150000000
430798923 1000000000 430798923 400000000
430798923 0 430798923 450000000
431198922 1000000000 431198922 800000000
431198922 0 431198922 150000000
431598921 1000000000 431598921 400000000
431598921 0 431598921 450000000
431998920 1000000000 431998920 800000000
431998920 0 431998920 150000000
432398919 1000000000 432398919 400000000
432398919 0 432398919 450000000
432798918 1000000000 432798918 800000000
432798918 0 432798918 150000000
433198917 1000000000 433198917 400000000
433198917 0 433198917 450000000
433598916 1000000000 433598916 800000000
433598916 0 433598916 150000000
433998915 1000000000 433998915 400000000
433998915 0 433998915 450000000
434398914 1000000000 434398914 800000000
434398914 0 434398914 150000000
434798913 1000000000 434798913 400000000
434798913 0 434798913 450000000
435198912 1000000000 435198912 800000000
435198912 0 435198912 150000000
435598911 1000000000 435598911 400000000
435598911 0 435598911 450000000
435998910 1000000000 435998910 800000000
435998910 0 435998910 150000000
436398909 1000000000 436398909 400000000
436398909 0 436398909 450000000
436798908 1000000000 436798908 800000000
436798908 0 436798908 150000000
437198907 1000000000 437198907 400000000
437198907 0 437198907 450000000
437598906 1000000000 437598906 800000000
437598906 0 437598906 150000000
437998905 1000000000 437998905 400000000
437998905 0 437998905 450000000
438398904 1000000000 438398904 800000000
438398904 0 438398904 150000000
438798903 1000000000 438798903 400000000
438798903 0 438798903 450000000
439198902 1000000000 439198902 800000000
439198902 0 439198902 150000000
439598901 1000000000 439598901 400000000
439598901 0 439598901 450000000
439998900 1000000000 439998900 800000000
439998900 0 439998900 150000000
440398899 1000000000 440398899 400000000
440398899 0 440398899 450000000
440798898 1000000000 440798898 800000000
440798898 0 440798898 150000000
441198897 1000000000 441198897 400000000
441198897 0 441198897 450000000
441598896 1000000000 441598896 800000000
441598896 0 441598896 150000000
441998895 1000000000 441998895 400000000
441998895 0 441998895 450000000
442398894 1000000000 442398894 800000000
442398894 0 442398894 150000000
442798893 1000000000 442798893 400000000
442798893 0 442798893 450000000
443198892 1000000000 443198892 800000000
443198892 0 443198892 150000000
443598891 1000000000 443598891 400000000
443598891 0 443598891 450000000
443998890 1000000000 443998890 800000000
443998890 0 443998890 150000000
444398889 1000000000 444398889 400000000
444398889 0 444398889 450000000
444798888 1000000000 444798888 800000000
444798888 0 444798888 150000000
445198887 1000000000 445198887 400000000
445198887 0 445198887 450000000
445598886 1000000000 445598886 800000000
445598886 0 445598886 150000000
445998885 1000000000 445998885 400000000
445998885 0 445998885 450000000
446398884 1000000000 446398884 800000000
446398884 0 446398884 150000000
446798883 1000000000 446798883 400000000
446798883 0 446798883 450000000
447198882 1000000000 447198882 800000000
447198882 0 447198882 150000000
447598881 1000000000 447598881 400000000
447598881 0 447598881 450000000
447998880 1000000000 447998880 800000000
447998880 0 447998880 150000000
448398879 1000000000 448398879 400000000
448398879 0 448398879 450000000
448798878 1000000000 448798878 800000000
448798878 0 448798878 150000000
449198877 1000000000 449198877 400000000
449198877 0 449198877 450000000
449598876 1000000000 449598876 800000000
449598876 0 449598876 150000000
449998875 1000000000 449998875 400000000
449998875 0 449998875 450000000
450398874 1000000000 450398874 800000000
450398874 0 450398874 150000000
450798873 1000000000 450798873 400000000
450798873 0 450798873 450000000
451198872 1000000000 451198872 800000000
451198872 0 451198872 150000000
451598871 1000000000 451598871 400000000
451598871 0 451598871 450000000
451998870 1000000000 451998870 800000000
451998870 0 451998870 150000000
452398869 1000000000 452398869 400000000
452398869 0 452398869 450000000
452798868 1000000000 452798868 800000000
452798868 0 452798868 150000000
453198867 1000000000 453198867 400000000
453198867 0 453198867 450000000
453598866 1000000000 453598866 800000000
453598866 0 453598866 150000000
453998865 1000000000 453998865 400000000
453998865 0 453998865 450000000
454398864 1000000000 454398864 800000000
454398864 0 454398864 150000000
454798863 1000000000 454798863 400000000
454798863 0 454798863 450000000
455198862 1000000000 455198862 800000000
455198862 0 455198862 150000000
455598861 1000000000 455598861 400000000
455598861 0 455598861 450000000
455998860 1000000000 455998860 800000000
455998860 0 455998860 150000000
456398859 1000000000 456398859 400000000
456398859 0 456398859 450000000
456798858 1000000000 456798858 800000000
456798858 0 456798858 150000000
457198857 1000000000 457198857 400000000
457198857 0 457198857 450000000
457598856 1000000000 457598856 800000000
457598856 0 457598856 150000000
457998855 1000000000 457998855 400000000
457998855 0 457998855 450000000
458398854 1000000000 458398854 800000000
458398854 0 458398854 150000000
458798853 1000000000 458798853 400000000
458798853 0 458798853 450000000
459198852 1000000000 459198852 800000000
459198852 0 459198852 150000000
459598851 1000000000 459598851 400000000
459598851 0 459598851 450000000
459998850 1000000000 459998850 800000000
459998850 0 459998850 150000000
460398849 1000000000 460398849 400000000
460398849 0 460398849 450000000
460798848 1000000000 460798848 800000000
460798848 0 460798848 150000000
461198847 1000000000 461198847 400000000
461198847 0 461198847 450000000
461598846 1000000000 461598846 800000000
461598846 0 461598846 150000000
461998845 1000000000 461998845 400000000
461998845 0 461998845 450000000
462398844 1000000000 462398844 800000000
462398844 0 462398844 150000000
462798843 1000000000 462798843 400000000
462798843 0 462798843 450000000
463198842 1000000000 463198842 800000000
463198842 0 463198842 150000000
463598841 1000000000 463598841 400000000
463598841 0 463598841 450000000
463998840 1000000000 463998840 800000000
463998840 0 463998840 150000000
464398839 1000000000 464398839 400000000
464398839 0 464398839 450000000
464798838 1000000000 464798838 800000000
464798838 0 464798838 150000000
465198837 1000000000 465198837 400000000
465198837 0 465198837 450000000
465598836 1000000000 465598836 800000000
465598836 0 465598836 150000000
465998835 1000000000 465998835 400000000
465998835 0 465998835 450000000
466398834 1000000000 466398834 800000000
466398834 0 466398834 150000000
466798833 1000000000 466798833 400000000
466798833 0 466798833 450000000
467198832 1000000000 467198832 800000000
467198832 0 467198832 150000000
467598831 1000000000 467598831 400000000
467598831 0 467598831 450000000
467998830 1000000000 467998830 800000000
467998830 0 467998830 150000000
468398829 1000000000 468398829 400000000
468398829 0 468398829 450000000
468798828 1000000000 468798828 800000000
468798828 0 468798828 150000000
469198827 1000000000 469198827 400000000
469198827 0 469198827 450000000
469598826 1000000000 469598826 800000000
469598826 0 469598826 150000000
469998825 1000000000 469998825 400000000
469998825 0 469998825 450000000
470398824 1000000000 470398824 800000000
470398824 0 470398824 150000000
470798823 1000000000 470798823 400000000
470798823 0 470798823 450000000
471198822 1000000000 471198822 800000000
471198822 0 471198822 150000000
471598821 1000000000 471598821 400000000
471598821 0 471598821 450000000
471998820 1000000000 471998820 800000000
471998820 0 471998820 150000000
472398819 1000000000 472398819 400000000
472398819 0 472398819 450000000
472798818 1000000000 472798818 800000000
472798818 0 472798818 150000000
473198817 1000000000 473198817 400000000
473198817 0 473198817 450000000
473598816 1000000000 473598816 800000000
473598816 0 473598816 150000000
473998815 1000000000 473998815 400000000
473998815 0 473998815 450000000
474398814 1000000000 474398814 800000000
474398814 0 474398814 150000000
474798813 1000000000 474798813 400000000
474798813 0 474798813 450000000
475198812 1000000000 475198812 800000000
475198812 0 475198812 150000000
475598811 1000000000 475598811 400000000
475598811 0 475598811 450000000
475998810 1000000000 475998810 800000000
475998810 0 475998810 150000000
476398809 1000000000 476398809 400000000
476398809 0 476398809 450000000
476798808 1000000000 476798808 800000000
476798808 0 476798808 150000000
477198807 1000000000 477198807 400000000
477198807 0 477198807 450000000
477598806 1000000000 477598806 800000000
477598806 0 477598806 150000000
477998805 1000000000 477998805 400000000
477998805 0 477998805 450000000
478398804 1000000000 478398804 800000000
478398804 0 478398804 150000000
478798803 1000000000 478798803 400000000
478798803 0 478798803 450000000
479198802 1000000000 479198802 800000000
479198802 0 479198802 150000000
479598801 1000000000 479598801 400000000
479598801 0 479598801 450000000
479998800 1000000000 479998800 800000000
479998800 0 479998800 150000000
480398799 1000000000 480398799 400000000
480398799 0 480398799 450000000
480798798 1000000000 480798798 800000000
480798798 0 480798798 150000000
481198797 1000000000 481198797 400000000
481198797 0 481198797 450000000
481598796 1000000000 481598796 800000000
481598796 0 481598796 150000000
481998795 1000000000 481998795 400000000
481998795 0 481998795 450000000
482398794 1000000000 482398794 800000000
482398794 0 482398794 150000000
482798793 1000000000 482798793 400000000
482798793 0 482798793 450000000
483198792 1000000000 483198792 800000000
483198792 0 483198792 150000000
483598791 1000000000 483598791 400000000
483598791 0 483598791 450000000
483998790 1000000000 483998790 800000000
483998790 0 483998790 150000000
484398789 1000000000 484398789 400000000
484398789 0 484398789 450000000
484798788 1000000000 484798788 800000000
484798788 0 484798788 150000000
485198787 1000000000 485198787 400000000
485198787 0 485198787 450000000
485598786 1000000000 485598786 800000000
485598786 0 485598786 150000000
485998785 1000000000 485998785 400000000
485998785 0 485998785 450000000
486398784 1000000000 486398784 800000000
486398784 0 486398784 150000000
486798783 1000000000 486798783 400000000
486798783 0 486798783 450000000
487198782 1000000000 487198782 800000000
487198782 0 487198782 150000000
487598781 1000000000 487598781 400000000
487598781 0 487598781 450000000
487998780 1000000000 487998780 800000000
487998780 0 487998780 150000000
488398779 1000000000 488398779 400000000
488398779 0 488398779 450000000
488798778 1000000000 488798778 800000000
488798778 0 488798778 150000000
489198777 1000000000 489198777 400000000
489198777 0 489198777 450000000
489598776 1000000000 489598776 800000000
489598776 0 489598776 150000000
489998775 1000000000 489998775 400000000
489998775 0 489998775 450000000
490398774 1000000000 490398774 800000000
490398774 0 490398774 150000000
490798773 1000000000 490798773 400000000
490798773 0 490798773 450000000
491198772 1000000000 491198772 800000000
491198772 0 491198772 150000000
491598771 1000000000 491598771 400000000
491598771 0 491598771 450000000
491998770 1000000000 491998770 800000000
491998770 0 491998770 150000000
492398769 1000000000 492398769 400000000
492398769 0 492398769 450000000
492798768 1000000000 492798768 800000000
492798768 0 492798768 150000000
493198767 1000000000 493198767 400000000
493198767 0 493198767 450000000
493598766 1000000000 493598766 800000000
493598766 0 493598766 150000000
493998765 1000000000 493998765 400000000
493998765 0 493998765 450000000
494398764 1000000000 494398764 800000000
494398764 0 494398764 150000000
494798763 1000000000 494798763 400000000
494798763 0 494798763 450000000
495198762 1000000000 495198762 800000000
495198762 0 495198762 150000000
495598761 1000000000 495598761 400000000
495598761 0 495598761 450000000
495998760 1000000000 495998760 800000000
495998760 0 495998760 150000000
496398759 1000000000 496398759 400000000
496398759 0 496398759 450000000
496798758 1000000000 496798758 800000000
496798758 0 496798758 150000000
497198757 1000000000 497198757 400000000
497198757 0 497198757 450000000
497598756 1000000000 497598756 800000000
497598756 0 497598756 150000000
497998755 1000000000 497998755 400000000
497998755 0 497998755 450000000
498398754 1000000000 498398754 800000000
498398754 0 498398754 150000000
498798753 1000000000 498798753 400000000
498798753 0 498798753 450000000
499198752 1000000000 499198752 800000000
499198752 0 499198752 150000000
499598751 1000000000 499598751 400000000
499598751 0 499598751 450000000
499998750 1000000000 499998750 800000000
499998750 0 499998750 150000000
500398749 1000000000 500398749 400000000
500398749 0 500398749 450000000
500798748 1000000000 500798748 800000000
500798748 0 500798748 150000000
501198747 1000000000 501198747 400000000
501198747 0 501198747 450000000
501598746 1000000000 501598746 800000000
501598746 0 501598746 150000000
501998745 1000000000 501998745 400000000
501998745 0 501998745 450000000
502398744 1000000000 502398744 800000000
502398744 0 502398744 150000000
502798743 1000000000 502798743 400000000
502798743 0 502798743 450000000
503198742 1000000000 503198742 800000000
503198742 0 503198742 150000000
503598741 1000000000 503598741 400000000
503598741 0 503598741 450000000
503998740 1000000000 503998740 800000000
503998740 0 503998740 150000000
504398739 1000000000 504398739 400000000
504398739 0 504398739 450000000
504798738 1000000000 504798738 800000000
504798738 0 504798738 150000000
505198737 1000000000 505198737 400000000
505198737 0 505198737 450000000
505598736 1000000000 505598736 800000000
505598736 0 505598736 150000000
505998735 1000000000 505998735 400000000
505998735 0 505998735 450000000
506398734 1000000000 506398734 800000000
506398734 0 506398734 150000000
506798733 1000000000 506798733 400000000
506798733 0 506798733 450000000
507198732 1000000000 507198732 800000000
507198732 0 507198732 150000000
507598731 1000000000 507598731 400000000
507598731 0 507598731 450000000
507998730 1000000000 507998730 800000000
507998730 0 507998730 150000000
508398729 1000000000 508398729 400000000
508398729 0 508398729 450000000
508798728 1000000000 508798728 800000000
508798728 0 508798728 150000000
509198727 1000000000 509198727 400000000
509198727 0 509198727 450000000
509598726 1000000000 509598726 800000000
509598726 0 509598726 150000000
509998725 1000000000 509998725 400000000
509998725 0 509998725 450000000
510398724 1000000000 510398724 800000000
510398724 0 510398724 150000000
510798723 1000000000 510798723 400000000
510798723 0 510798723 450000000
511198722 1000000000 511198722 800000000
511198722 0 511198722 150000000
511598721 1000000000 511598721 400000000
511598721 0 511598721 450000000
511998720 1000000000 511998720 800000000
511998720 0 511998720 150000000
512398719 1000000000 512398719 400000000
512398719 0 512398719 450000000
512798718 1000000000 512798718 800000000
512798718 0 512798718 150000000
513198717 1000000000 513198717 400000000
513198717 0 513198717 450000000
513598716 1000000000 513598716 800000000
513598716 0 513598716 150000000
513998715 1000000000 513998715 400000000
513998715 0 513998715 450000000
514398714 1000000000 514398714 800000000
514398714 0 514398714 150000000
514798713 1000000000 514798713 400000000
514798713 0 514798713 450000000
515198712 1000000000 515198712 800000000
515198712 0 515198712 150000000
515598711 1000000000 515598711 400000000
515598711 0 515598711 450000000
515998710 1000000000 515998710 800000000
515998710 0 515998710 150000000
516398709 1000000000 516398709 400000000
516398709 0 516398709 450000000
516798708 1000000000 516798708 800000000
516798708 0 516798708 150000000
517198707 1000000000 517198707 400000000
517198707 0 517198707 450000000
517598706 1000000000 517598706 800000000
517598706 0 517598706 150000000
517998705 1000000000 517998705 400000000
517998705 0 517998705 450000000
518398704 1000000000 518398704 800000000
518398704 0 518398704 150000000
518798703 1000000000 518798703 400000000
518798703 0 518798703 450000000
519198702 1000000000 519198702 800000000
519198702 0 519198702 150000000
519598701 1000000000 519598701 400000000
519598701 0 519598701 450000000
519998700 1000000000 519998700 800000000
519998700 0 519998700 150000000
520398699 1000000000 520398699 400000000
520398699 0 520398699 450000000
520798698 1000000000 520798698 800000000
520798698 0 520798698 150000000
521198697 1000000000 521198697 400000000
521198697 0 521198697 450000000
521598696 1000000000 521598696 800000000
521598696 0 521598696 150000000
521998695 1000000000 521998695 400000000
521998695 0 521998695 450000000
522398694 1000000000 522398694 800000000
522398694 0 522398694 150000000
522798693 1000000000 522798693 400000000
522798693 0 522798693 450000000
523198692 1000000000 523198692 800000000
523198692 0 523198692 150000000
523598691 1000000000 523598691 400000000
523598691 0 523598691 450000000
523998690 1000000000 523998690 800000000
523998690 0 523998690 150000000
524398689 1000000000 524398689 400000000
524398689 0 524398689 450000000
524798688 1000000000 524798688 800000000
524798688 0 524798688 150000000
525198687 1000000000 525198687 400000000
525198687 0 525198687 450000000
525598686 1000000000 525598686 800000000
525598686 0 525598686 150000000
525998685 1000000000 525998685 400000000
525998685 0 525998685 450000000
526398684 1000000000 526398684 800000000
526398684 0 526398684 150000000
526798683 1000000000 526798683 400000000
526798683 0 526798683 450000000
527198682 1000000000 527198682 800000000
527198682 0 527198682 150000000
527598681 1000000000 527598681 400000000
527598681 0 527598681 450000000
527998680 1000000000 527998680 800000000
527998680 0 527998680 150000000
528398679 1000000000 528398679 400000000
528398679 0 528398679 450000000
528798678 1000000000 528798678 800000000
528798678 0 528798678 150000000
529198677 1000000000 529198677 400000000
529198677 0 529198677 450000000
529598676 1000000000 529598676 800000000
529598676 0 529598676 150000000
529998675 1000000000 529998675 400000000
529998675 0 529998675 450000000
530398674 1000000000 530398674 800000000
530398674 0 530398674 150000000
530798673 1000000000 530798673 400000000
530798673 0 530798673 450000000
531198672 1000000000 531198672 800000000
531198672 0 531198672 150000000
531598671 1000000000 531598671 400000000
531598671 0 531598671 450000000
531998670 1000000000 531998670 800000000
531998670 0 531998670 150000000
532398669 1000000000 532398669 400000000
532398669 0 532398669 450000000
532798668 1000000000 532798668 800000000
532798668 0 532798668 150000000
533198667 1000000000 533198667 400000000
533198667 0 533198667 450000000
533598666 1000000000 533598666 800000000
533598666 0 533598666 150000000
533998665 1000000000 533998665 400000000
533998665 0 533998665 450000000
534398664 1000000000 534398664 800000000
534398664 0 534398664 150000000
534798663 1000000000 534798663 400000000
534798663 0 534798663 450000000
535198662 1000000000 535198662 800000000
535198662 0 535198662 150000000
535598661 1000000000 535598661 400000000
535598661 0 535598661 450000000
535998660 1000000000 535998660 800000000
535998660 0 535998660 150000000
536398659 1000000000 536398659 400000000
536398659 0 536398659 450000000
536798658 1000000000 536798658 800000000
536798658 0 536798658 150000000
537198657 1000000000 537198657 400000000
537198657 0 537198657 450000000
537598656 1000000000 537598656 800000000
537598656 0 537598656 150000000
537998655 1000000000 537998655 400000000
537998655 0 537998655 450000000
538398654 1000000000 538398654 800000000
538398654 0 538398654 150000000
538798653 1000000000 538798653 400000000
538798653 0 538798653 450000000
539198652 1000000000 539198652 800000000
539198652 0 539198652 150000000
539598651 1000000000 539598651 400000000
539598651 0 539598651 450000000
539998650 1000000000 539998650 800000000
539998650 0 539998650 150000000
540398649 1000000000 540398649 400000000
540398649 0 540398649 450000000
540798648 1000000000 540798648 800000000
540798648 0 540798648 150000000
541198647 1000000000 541198647 400000000
541198647 0 541198647 450000000
541598646 1000000000 541598646 800000000
541598646 0 541598646 150000000
541998645 1000000000 541998645 400000000
541998645 0 541998645 450000000
542398644 1000000000 542398644 800000000
542398644 0 542398644 150000000
542798643 1000000000 542798643 400000000
542798643 0 542798643 450000000
543198642 1000000000 543198642 800000000
543198642 0 543198642 150000000
543598641 1000000000 543598641 400000000
543598641 0 543598641 450000000
543998640 1000000000 543998640 800000000
543998640 0 543998640 150000000
544398639 1000000000 544398639 400000000
544398639 0 544398639 450000000
544798638 1000000000 544798638 800000000
544798638 0 544798638 150000000
545198637 1000000000 545198637 400000000
545198637 0 545198637 450000000
545598636 1000000000 545598636 800000000
545598636 0 545598636 150000000
545998635 1000000000 545998635 400000000
545998635 0 545998635 450000000
546398634 1000000000 546398634 800000000
546398634 0 546398634 150000000
546798633 1000000000 546798633 400000000
546798633 0 546798633 450000000
547198632 1000000000 547198632 800000000
547198632 0 547198632 150000000
547598631 1000000000 547598631 400000000
547598631 0 547598631 450000000
547998630 1000000000 547998630 800000000
547998630 0 547998630 150000000
548398629 1000000000 548398629 400000000
548398629 0 548398629 450000000
548798628 1000000000 548798628 800000000
548798628 0 548798628 150000000
549198627 1000000000 549198627 400000000
549198627 0 549198627 450000000
549598626 1000000000 549598626 800000000
549598626 0 549598626 150000000
549998625 1000000000 549998625 400000000
549998625 0 549998625 450000000
550398624 1000000000 550398624 800000000
550398624 0 550398624 150000000
550798623 1000000000 550798623 400000000
550798623 0 550798623 450000000
551198622 1000000000 551198622 800000000
551198622 0 551198622 150000000
551598621 1000000000 551598621 400000000
551598621 0 551598621 450000000
551998620 1000000000 551998620 800000000
551998620 0 551998620 150000000
552398619 1000000000 552398619 400000000
552398619 0 552398619 450000000
552798618 1000000000 552798618 800000000
552798618 0 552798618 150000000
553198617 1000000000 553198617 400000000
553198617 0 553198617 450000000
553598616 1000000000 553598616 800000000
553598616 0 553598616 150000000
553998615 1000000000 553998615 400000000
553998615 0 553998615 450000000
554398614 1000000000 554398614 800000000
554398614 0 554398614 150000000
554798613 1000000000 554798613 400000000
554798613 0 554798613 450000000
555198612 1000000000 555198612 800000000
555198612 0 555198612 150000000
555598611 1000000000 555598611 400000000
555598611 0 555598611 450000000
555998610 1000000000 555998610 800000000
555998610 0 555998610 150000000
556398609 1000000000 556398609 400000000
556398609 0 556398609 450000000
556798608 1000000000 556798608 800000000
556798608 0 556798608 150000000
557198607 1000000000 557198607 400000000
557198607 0 557198607 450000000
557598606 1000000000 557598606 800000000
557598606 0 557598606 150000000
557998605 1000000000 557998605 400000000
557998605 0 557998605 450000000
558398604 1000000000 558398604 800000000
558398604 0 558398604 150000000
558798603 1000000000 558798603 400000000
558798603 0 558798603 450000000
559198602 1000000000 559198602 800000000
559198602 0 559198602 150000000
559598601 1000000000 559598601 400000000
559598601 0 559598601 450000000
559998600 1000000000 559998600 800000000
559998600 0 559998600 150000000
560398599 1000000000 560398599 400000000
560398599 0 560398599 450000000
560798598 1000000000 560798598 800000000
560798598 0 560798598 150000000
561198597 1000000000 561198597 400000000
561198597 0 561198597 450000000
561598596 1000000000 561598596 800000000
561598596 0 561598596 150000000
561998595 1000000000 561998595 400000000
561998595 0 561998595 450000000
562398594 1000000000 562398594 800000000
562398594 0 562398594 150000000
562798593 1000000000 562798593 400000000
562798593 0 562798593 450000000
563198592 1000000000 563198592 800000000
563198592 0 563198592 150000000
563598591 1000000000 563598591 400000000
563598591 0 563598591 450000000
563998590 1000000000 563998590 800000000
563998590 0 563998590 150000000
564398589 1000000000 564398589 400000000
564398589 0 564398589 450000000
564798588 1000000000 564798588 800000000
564798588 0 564798588 150000000
565198587 1000000000 565198587 400000000
565198587 0 565198587 450000000
565598586 1000000000 565598586 800000000
565598586 0 565598586 150000000
565998585 1000000000 565998585 400000000
565998585 0 565998585 450000000
566398584 1000000000 566398584 800000000
566398584 0 566398584 150000000
566798583 1000000000 566798583 400000000
566798583 0 566798583 450000000
567198582 1000000000 567198582 800000000
567198582 0 567198582 150000000
567598581 1000000000 567598581 400000000
567598581 0 567598581 450000000
567998580 1000000000 567998580 800000000
567998580 0 567998580 150000000
568398579 1000000000 568398579 400000000
568398579 0 568398579 450000000
568798578 1000000000 568798578 800000000
568798578 0 568798578 150000000
569198577 1000000000 569198577 400000000
569198577 0 569198577 450000000
569598576 1000000000 569598576 800000000
569598576 0 569598576 150000000
569998575 1000000000 569998575 400000000
569998575 0 569998575 450000000
570398574 1000000000 570398574 800000000
570398574 0 570398574 150000000
570798573 1000000000 570798573 400000000
570798573 0 570798573 450000000
571198572 1000000000 571198572 800000000
571198572 0 571198572 150000000
571598571 1000000000 571598571 400000000
571598571 0 571598571 450000000
571998570 1000000000 571998570 800000000
571998570 0 571998570 150000000
572398569 1000000000 572398569 400000000
572398569 0 572398569 450000000
572798568 1000000000 572798568 800000000
572798568 0 572798568 150000000
573198567 1000000000 573198567 400000000
573198567 0 573198567 450000000
573598566 1000000000 573598566 800000000
573598566 0 573598566 150000000
573998565 1000000000 573998565 400000000
573998565 0 573998565 450000000
574398564 1000000000 574398564 800000000
574398564 0 574398564 150000000
574798563 1000000000 574798563 400000000
574798563 0 574798563 450000000
575198562 1000000000 575198562 800000000
575198562 0 575198562 150000000
575598561 1000000000 575598561 400000000
575598561 0 575598561 450000000
575998560 1000000000 575998560 800000000
575998560 0 575998560 150000000
576398559 1000000000 576398559 400000000
576398559 0 576398559 450000000
576798558 1000000000 576798558 800000000
576798558 0 576798558 150000000
577198557 1000000000 577198557 400000000
577198557 0 577198557 450000000
577598556 1000000000 577598556 800000000
577598556 0 577598556 150000000
577998555 1000000000 577998555 400000000
577998555 0 577998555 450000000
578398554 1000000000 578398554 800000000
578398554 0 578398554 150000000
578798553 1000000000 578798553 400000000
578798553 0 578798553 450000000
579198552 1000000000 579198552 800000000
579198552 0 579198552 150000000
579598551 1000000000 579598551 400000000
579598551 0 579598551 450000000
579998550 1000000000 579998550 800000000
579998550 0 579998550 150000000
580398549 1000000000 580398549 400000000
580398549 0 580398549 450000000
580798548 1000000000 580798548 800000000
580798548 0 580798548 150000000
581198547 1000000000 581198547 400000000
581198547 0 581198547 450000000
581598546 1000000000 581598546 800000000
581598546 0 581598546 150000000
581998545 1000000000 581998545 400000000
581998545 0 581998545 450000000
582398544 1000000000 582398544 800000000
582398544 0 582398544 150000000
582798543 1000000000 582798543 400000000
582798543 0 582798543 450000000
583198542 1000000000 583198542 800000000
583198542 0 583198542 150000000
583598541 1000000000 583598541 400000000
583598541 0 583598541 450000000
583998540 1000000000 583998540 800000000
583998540 0 583998540 150000000
584398539 1000000000 584398539 400000000
584398539 0 584398539 450000000
584798538 1000000000 584798538 800000000
584798538 0 584798538 150000000
585198537 1000000000 585198537 400000000
585198537 0 585198537 450000000
585598536 1000000000 585598536 800000000
585598536 0 585598536 150000000
585998535 1000000000 585998535 400000000
585998535 0 585998535 450000000
586398534 1000000000 586398534 800000000
586398534 0 586398534 150000000
586798533 1000000000 586798533 400000000
586798533 0 586798533 450000000
587198532 1000000000 587198532 800000000
587198532 0 587198532 150000000
587598531 1000000000 587598531 400000000
587598531 0 587598531 450000000
587998530 1000000000 587998530 800000000
587998530 0 587998530 150000000
588398529 1000000000 588398529 400000000
588398529 0 588398529 450000000
588798528 1000000000 588798528 800000000
588798528 0 588798528 150000000
589198527 1000000000 589198527 400000000
589198527 0 589198527 450000000
589598526 1000000000 589598526 800000000
589598526 0 589598526 150000000
589998525 1000000000 589998525 400000000
589998525 0 589998525 450000000
590398524 1000000000 590398524 800000000
590398524 0 590398524 150000000
590798523 1000000000 590798523 400000000
590798523 0 590798523 450000000
591198522 1000000000 591198522 800000000
591198522 0 591198522 150000000
591598521 1000000000 591598521 400000000
591598521 0 591598521 450000000
591998520 1000000000 591998520 800000000
591998520 0 591998520 150000000
592398519 1000000000 592398519 400000000
592398519 0 592398519 450000000
592798518 1000000000 592798518 800000000
592798518 0 592798518 150000000
593198517 1000000000 593198517 400000000
593198517 0 593198517 450000000
593598516 1000000000 593598516 800000000
593598516 0 593598516 150000000
593998515 1000000000 593998515 400000000
593998515 0 593998515 450000000
594398514 1000000000 594398514 800000000
594398514 0 594398514 150000000
594798513 1000000000 594798513 400000000
594798513 0 594798513 450000000
595198512 1000000000 595198512 800000000
595198512 0 595198512 150000000
595598511 1000000000 595598511 400000000
595598511 0 595598511 450000000
595998510 1000000000 595998510 800000000
595998510 0 595998510 150000000
596398509 1000000000 596398509 400000000
596398509 0 596398509 450000000
596798508 1000000000 596798508 800000000
596798508 0 596798508 150000000
597198507 1000000000 597198507 400000000
597198507 0 597198507 450000000
597598506 1000000000 597598506 800000000
597598506 0 597598506 150000000
597998505 1000000000 597998505 400000000
597998505 0 597998505 450000000
598398504 1000000000 598398504 800000000
598398504 0 598398504 150000000
598798503 1000000000 598798503 400000000
598798503 0 598798503 450000000
599198502 1000000000 599198502 800000000
599198502 0 599198502 150000000
599598501 1000000000 599598501 400000000
599598501 0 599598501 450000000
599998500 1000000000 599998500 800000000
599998500 0 599998500 150000000
600398499 1000000000 600398499 400000000
600398499 0 600398499 450000000
600798498 1000000000 600798498 800000000
600798498 0 600798498 150000000
601198497 1000000000 601198497 400000000
601198497 0 601198497 450000000
601598496 1000000000 601598496 800000000
601598496 0 601598496 150000000
601998495 1000000000 601998495 400000000
601998495 0 601998495 450000000
602398494 1000000000 602398494 800000000
602398494 0 602398494 150000000
602798493 1000000000 602798493 400000000
602798493 0 602798493 450000000
603198492 1000000000 603198492 800000000
603198492 0 603198492 150000000
603598491 1000000000 603598491 400000000
603598491 0 603598491 450000000
603998490 1000000000 603998490 800000000
603998490 0 603998490 150000000
604398489 1000000000 604398489 400000000
604398489 0 604398489 450000000
604798488 1000000000 604798488 800000000
604798488 0 604798488 150000000
605198487 1000000000 605198487 400000000
605198487 0 605198487 450000000
605598486 1000000000 605598486 800000000
605598486 0 605598486 150000000
605998485 1000000000 605998485 400000000
605998485 0 605998485 450000000
606398484 1000000000 606398484 800000000
606398484 0 606398484 150000000
606798483 1000000000 606798483 400000000
606798483 0 606798483 450000000
607198482 1000000000 607198482 800000000
607198482 0 607198482 150000000
607598481 1000000000 607598481 400000000
607598481 0 607598481 450000000
607998480 1000000000 607998480 800000000
607998480 0 607998480 150000000
608398479 1000000000 608398479 400000000
608398479 0 608398479 450000000
608798478 1000000000 608798478 800000000
608798478 0 608798478 150000000
609198477 1000000000 609198477 400000000
609198477 0 609198477 450000000
609598476 1000000000 609598476 800000000
609598476 0 609598476 150000000
609998475 1000000000 609998475 400000000
609998475 0 609998475 450000000
610398474 1000000000 610398474 800000000
610398474 0 610398474 150000000
610798473 1000000000 610798473 400000000
610798473 0 610798473 450000000
611198472 1000000000 611198472 800000000
611198472 0 611198472 150000000
611598471 1000000000 611598471 400000000
611598471 0 611598471 450000000
611998470 1000000000 611998470 800000000
611998470 0 611998470 150000000
612398469 1000000000 612398469 400000000
612398469 0 612398469 450000000
612798468 1000000000 612798468 800000000
612798468 0 612798468 150000000
613198467 1000000000 613198467 400000000
613198467 0 613198467 450000000
613598466 1000000000 613598466 800000000
613598466 0 613598466 150000000
613998465 1000000000 613998465 400000000
613998465 0 613998465 450000000
614398464 1000000000 614398464 800000000
614398464 0 614398464 150000000
614798463 1000000000 614798463 400000000
614798463 0 614798463 450000000
615198462 1000000000 615198462 800000000
615198462 0 615198462 150000000
615598461 1000000000 615598461 400000000
615598461 0 615598461 450000000
615998460 1000000000 615998460 800000000
615998460 0 615998460 150000000
616398459 1000000000 616398459 400000000
616398459 0 616398459 450000000
616798458 1000000000 616798458 800000000
616798458 0 616798458 150000000
617198457 1000000000 617198457 400000000
617198457 0 617198457 450000000
617598456 1000000000 617598456 800000000
617598456 0 617598456 150000000
617998455 1000000000 617998455 400000000
617998455 0 617998455 450000000
618398454 1000000000 618398454 800000000
618398454 0 618398454 150000000
618798453 1000000000 618798453 400000000
618798453 0 618798453 450000000
619198452 1000000000 619198452 800000000
619198452 0 619198452 150000000
619598451 1000000000 619598451 400000000
619598451 0 619598451 450000000
619998450 1000000000 619998450 800000000
619998450 0 619998450 150000000
620398449 1000000000 620398449 400000000
620398449 0 620398449 450000000
620798448 1000000000 620798448 800000000
620798448 0 620798448 150000000
621198447 1000000000 621198447 400000000
621198447 0 621198447 450000000
621598446 1000000000 621598446 800000000
621598446 0 621598446 150000000
621998445 1000000000 621998445 400000000
621998445 0 621998445 450000000
622398444 1000000000 622398444 800000000
622398444 0 622398444 150000000
622798443 1000000000 622798443 400000000
622798443 0 622798443 450000000
623198442 1000000000 623198442 800000000
623198442 0 623198442 150000000
623598441 1000000000 623598441 400000000
623598441 0 623598441 450000000
623998440 1000000000 623998440 800000000
623998440 0 623998440 150000000
624398439 1000000000 624398439 400000000
624398439 0 624398439 450000000
624798438 1000000000 624798438 800000000
624798438 0 624798438 150000000
625198437 1000000000 625198437 400000000
625198437 0 625198437 450000000
625598436 1000000000 625598436 800000000
625598436 0 625598436 150000000
625998435 1000000000 625998435 400000000
625998435 0 625998435 450000000
626398434 1000000000 626398434 800000000
626398434 0 626398434 150000000
626798433 1000000000 626798433 400000000
626798433 0 626798433 450000000
627198432 1000000000 627198432 800000000
627198432 0 627198432 150000000
627598431 1000000000 627598431 400000000
627598431 0 627598431 450000000
627998430 1000000000 627998430 800000000
627998430 0 627998430 150000000
628398429 1000000000 628398429 400000000
628398429 0 628398429 450000000
628798428 1000000000 628798428 800000000
628798428 0 628798428 150000000
629198427 1000000000 629198427 400000000
629198427 0 629198427 450000000
629598426 1000000000 629598426 800000000
629598426 0 629598426 150000000
629998425 1000000000 629998425 400000000
629998425 0 629998425 450000000
630398424 1000000000 630398424 800000000
630398424 0 630398424 150000000
630798423 1000000000 630798423 400000000
630798423 0 630798423 450000000
631198422 1000000000 631198422 800000000
631198422 0 631198422 150000000
631598421 1000000000 631598421 400000000
631598421 0 631598421 450000000
631998420 1000000000 631998420 800000000
631998420 0 631998420 150000000
632398419 1000000000 632398419 400000000
632398419 0 632398419 450000000
632798418 1000000000 632798418 800000000
632798418 0 632798418 150000000
633198417 1000000000 633198417 400000000
633198417 0 633198417 450000000
633598416 1000000000 633598416 800000000
633598416 0 633598416 150000000
633998415 1000000000 633998415 400000000
633998415 0 633998415 450000000
634398414 1000000000 634398414 800000000
634398414 0 634398414 150000000
634798413 1000000000 634798413 400000000
634798413 0 634798413 450000000
635198412 1000000000 635198412 800000000
635198412 0 635198412 150000000
635598411 1000000000 635598411 400000000
635598411 0 635598411 450000000
635998410 1000000000 635998410 800000000
635998410 0 635998410 150000000
636398409 1000000000 636398409 400000000
636398409 0 636398409 450000000
636798408 1000000000 636798408 800000000
636798408 0 636798408 150000000
637198407 1000000000 637198407 400000000
637198407 0 637198407 450000000
637598406 1000000000 637598406 800000000
637598406 0 637598406 150000000
637998405 1000000000 637998405 400000000
637998405 0 637998405 450000000
638398404 1000000000 638398404 800000000
638398404 0 638398404 150000000
638798403 1000000000 638798403 400000000
638798403 0 638798403 450000000
639198402 1000000000 639198402 800000000
639198402 0 639198402 150000000
639598401 1000000000 639598401 400000000
639598401 0 639598401 450000000
639998400 1000000000 639998400 800000000
639998400 0 639998400 150000000
640398399 1000000000 640398399 400000000
640398399 0 640398399 450000000
640798398 1000000000 640798398 800000000
640798398 0 640798398 150000000
641198397 1000000000 641198397 400000000
641198397 0 641198397 450000000
641598396 1000000000 641598396 800000000
641598396 0 641598396 150000000
641998395 1000000000 641998395 400000000
641998395 0 641998395 450000000
642398394 1000000000 642398394 800000000
642398394 0 642398394 150000000
642798393 1000000000 642798393 400000000
642798393 0 642798393 450000000
643198392 1000000000 643198392 800000000
643198392 0 643198392 150000000
643598391 1000000000 643598391 400000000
643598391 0 643598391 450000000
643998390 1000000000 643998390 800000000
643998390 0 643998390 150000000
644398389 1000000000 644398389 400000000
644398389 0 644398389 450000000
644798388 1000000000 644798388 800000000
644798388 0 644798388 150000000
645198387 1000000000 645198387 400000000
645198387 0 645198387 450000000
645598386 1000000000 645598386 800000000
645598386 0 645598386 150000000
645998385 1000000000 645998385 400000000
645998385 0 645998385 450000000
646398384 1000000000 646398384 800000000
646398384 0 646398384 150000000
646798383 1000000000 646798383 400000000
646798383 0 646798383 450000000
647198382 1000000000 647198382 800000000
647198382 0 647198382 150000000
647598381 1000000000 647598381 400000000
647598381 0 647598381 450000000
647998380 1000000000 647998380 800000000
647998380 0 647998380 150000000
648398379 1000000000 648398379 400000000
648398379 0 648398379 450000000
648798378 1000000000 648798378 800000000
648798378 0 648798378 150000000
649198377 1000000000 649198377 400000000
649198377 0 649198377 450000000
649598376 1000000000 649598376 800000000
649598376 0 649598376 150000000
649998375 1000000000 649998375 400000000
649998375 0 649998375 450000000
650398374 1000000000 650398374 800000000
650398374 0 650398374 150000000
650798373 1000000000 650798373 400000000
650798373 0 650798373 450000000
651198372 1000000000 651198372 800000000
651198372 0 651198372 150000000
651598371 1000000000 651598371 400000000
651598371 0 651598371 450000000
651998370 1000000000 651998370 800000000
651998370 0 651998370 150000000
652398369 1000000000 652398369 400000000
652398369 0 652398369 450000000
652798368 1000000000 652798368 800000000
652798368 0 652798368 150000000
653198367 1000000000 653198367 400000000
653198367 0 653198367 450000000
653598366 1000000000 653598366 800000000
653598366 0 653598366 150000000
653998365 1000000000 653998365 400000000
653998365 0 653998365 450000000
654398364 1000000000 654398364 800000000
654398364 0 654398364 150000000
654798363 1000000000 654798363 400000000
654798363 0 654798363 450000000
655198362 1000000000 655198362 800000000
655198362 0 655198362 150000000
655598361 1000000000 655598361 400000000
655598361 0 655598361 450000000
655998360 1000000000 655998360 800000000
655998360 0 655998360 150000000
656398359 1000000000 656398359 400000000
656398359 0 656398359 450000000
656798358 1000000000 656798358 800000000
656798358 0 656798358 150000000
657198357 1000000000 657198357 400000000
657198357 0 657198357 450000000
657598356 1000000000 657598356 800000000
657598356 0 657598356 150000000
657998355 1000000000 657998355 400000000
657998355 0 657998355 450000000
658398354 1000000000 658398354 800000000
658398354 0 658398354 150000000
658798353 1000000000 658798353 400000000
658798353 0 658798353 450000000
659198352 1000000000 659198352 800000000
659198352 0 659198352 150000000
659598351 1000000000 659598351 400000000
659598351 0 659598351 450000000
659998350 1000000000 659998350 800000000
659998350 0 659998350 150000000
660398349 1000000000 660398349 400000000
660398349 0 660398349 450000000
660798348 1000000000 660798348 800000000
660798348 0 660798348 150000000
661198347 1000000000 661198347 400000000
661198347 0 661198347 450000000
661598346 1000000000 661598346 800000000
661598346 0 661598346 150000000
661998345 1000000000 661998345 400000000
661998345 0 661998345 450000000
662398344 1000000000 662398344 800000000
662398344 0 662398344 150000000
662798343 1000000000 662798343 400000000
662798343 0 662798343 450000000
663198342 1000000000 663198342 800000000
663198342 0 663198342 150000000
663598341 1000000000 663598341 400000000
663598341 0 663598341 450000000
663998340 1000000000 663998340 800000000
663998340 0 663998340 150000000
664398339 1000000000 664398339 400000000
664398339 0 664398339 450000000
664798338 1000000000 664798338 800000000
664798338 0 664798338 150000000
665198337 1000000000 665198337 400000000
665198337 0 665198337 450000000
665598336 1000000000 665598336 800000000
665598336 0 665598336 150000000
665998335 1000000000 665998335 400000000
665998335 0 665998335 450000000
666398334 1000000000 666398334 800000000
666398334 0 666398334 150000000
666798333 1000000000 666798333 400000000
666798333 0 666798333 450000000
667198332 1000000000 667198332 800000000
667198332 0 667198332 150000000
667598331 1000000000 667598331 400000000
667598331 0 667598331 450000000
667998330 1000000000 667998330 800000000
667998330 0 667998330 150000000
668398329 1000000000 668398329 400000000
668398329 0 668398329 450000000
668798328 1000000000 668798328 800000000
668798328 0 668798328 150000000
669198327 1000000000 669198327 400000000
669198327 0 669198327 450000000
669598326 1000000000 669598326 800000000
669598326 0 669598326 150000000
669998325 1000000000 669998325 400000000
669998325 0 669998325 450000000
670398324 1000000000 670398324 800000000
670398324 0 670398324 150000000
670798323 1000000000 670798323 400000000
670798323 0 670798323 450000000
671198322 1000000000 671198322 800000000
671198322 0 671198322 150000000
671598321 1000000000 671598321 400000000
671598321 0 671598321 450000000
671998320 1000000000 671998320 800000000
671998320 0 671998320 150000000
672398319 1000000000 672398319 400000000
672398319 0 672398319 450000000
672798318 1000000000 672798318 800000000
672798318 0 672798318 150000000
673198317 1000000000 673198317 400000000
673198317 0 673198317 450000000
673598316 1000000000 673598316 800000000
673598316 0 673598316 150000000
673998315 1000000000 673998315 400000000
673998315 0 673998315 450000000
674398314 1000000000 674398314 800000000
674398314 0 674398314 150000000
674798313 1000000000 674798313 400000000
674798313 0 674798313 450000000
675198312 1000000000 675198312 800000000
675198312 0 675198312 150000000
675598311 1000000000 675598311 400000000
675598311 0 675598311 450000000
675998310 1000000000 675998310 800000000
675998310 0 675998310 150000000
676398309 1000000000 676398309 400000000
676398309 0 676398309 450000000
676798308 1000000000 676798308 800000000
676798308 0 676798308 150000000
677198307 1000000000 677198307 400000000
677198307 0 677198307 450000000
677598306 1000000000 677598306 800000000
677598306 0 677598306 150000000
677998305 1000000000 677998305 400000000
677998305 0 677998305 450000000
678398304 1000000000 678398304 800000000
678398304 0 678398304 150000000
678798303 1000000000 678798303 400000000
678798303 0 678798303 450000000
679198302 1000000000 679198302 800000000
679198302 0 679198302 150000000
679598301 1000000000 679598301 400000000
679598301 0 679598301 450000000
679998300 1000000000 679998300 800000000
679998300 0 679998300 150000000
680398299 1000000000 680398299 400000000
680398299 0 680398299 450000000
680798298 1000000000 680798298 800000000
680798298 0 680798298 150000000
681198297 1000000000 681198297 400000000
681198297 0 681198297 450000000
681598296 1000000000 681598296 800000000
681598296 0 681598296 150000000
681998295 1000000000 681998295 400000000
681998295 0 681998295 450000000
682398294 1000000000 682398294 800000000
682398294 0 682398294 150000000
682798293 1000000000 682798293 400000000
682798293 0 682798293 450000000
683198292 1000000000 683198292 800000000
683198292 0 683198292 150000000
683598291 1000000000 683598291 400000000
683598291 0 683598291 450000000
683998290 1000000000 683998290 800000000
683998290 0 683998290 150000000
684398289 1000000000 684398289 400000000
684398289 0 684398289 450000000
684798288 1000000000 684798288 800000000
684798288 0 684798288 150000000
685198287 1000000000 685198287 400000000
685198287 0 685198287 450000000
685598286 1000000000 685598286 800000000
685598286 0 685598286 150000000
685998285 1000000000 685998285 400000000
685998285 0 685998285 450000000
686398284 1000000000 686398284 800000000
686398284 0 686398284 150000000
686798283 1000000000 686798283 400000000
686798283 0 686798283 450000000
687198282 1000000000 687198282 800000000
687198282 0 687198282 150000000
687598281 1000000000 687598281 400000000
687598281 0 687598281 450000000
687998280 1000000000 687998280 800000000
687998280 0 687998280 150000000
688398279 1000000000 688398279 400000000
688398279 0 688398279 450000000
688798278 1000000000 688798278 800000000
688798278 0 688798278 150000000
689198277 1000000000 689198277 400000000
689198277 0 689198277 450000000
689598276 1000000000 689598276 800000000
689598276 0 689598276 150000000
689998275 1000000000 689998275 400000000
689998275 0 689998275 450000000
690398274 1000000000 690398274 800000000
690398274 0 690398274 150000000
690798273 1000000000 690798273 400000000
690798273 0 690798273 450000000
691198272 1000000000 691198272 800000000
691198272 0 691198272 150000000
691598271 1000000000 691598271 400000000
691598271 0 691598271 450000000
691998270 1000000000 691998270 800000000
691998270 0 691998270 150000000
692398269 1000000000 692398269 400000000
692398269 0 692398269 450000000
692798268 1000000000 692798268 800000000
692798268 0 692798268 150000000
693198267 1000000000 693198267 400000000
693198267 0 693198267 450000000
693598266 1000000000 693598266 800000000
693598266 0 693598266 150000000
693998265 1000000000 693998265 400000000
693998265 0 693998265 450000000
694398264 1000000000 694398264 800000000
694398264 0 694398264 150000000
694798263 1000000000 694798263 400000000
694798263 0 694798263 450000000
695198262 1000000000 695198262 800000000
695198262 0 695198262 150000000
695598261 1000000000 695598261 400000000
695598261 0 695598261 450000000
695998260 1000000000 695998260 800000000
695998260 0 695998260 150000000
696398259 1000000000 696398259 400000000
696398259 0 696398259 450000000
696798258 1000000000 696798258 800000000
696798258 0 696798258 150000000
697198257 1000000000 697198257 400000000
697198257 0 697198257 450000000
697598256 1000000000 697598256 800000000
697598256 0 697598256 150000000
697998255 1000000000 697998255 400000000
697998255 0 697998255 450000000
698398254 1000000000 698398254 800000000
698398254 0 698398254 150000000
698798253 1000000000 698798253 400000000
698798253 0 698798253 450000000
699198252 1000000000 699198252 800000000
699198252 0 699198252 150000000
699598251 1000000000 699598251 400000000
699598251 0 699598251 450000000
699998250 1000000000 699998250 800000000
699998250 0 699998250 150000000
700398249 1000000000 700398249 400000000
700398249 0 700398249 450000000
700798248 1000000000 700798248 800000000
700798248 0 700798248 150000000
701198247 1000000000 701198247 400000000
701198247 0 701198247 450000000
701598246 1000000000 701598246 800000000
701598246 0 701598246 150000000
701998245 1000000000 701998245 400000000
701998245 0 701998245 450000000
702398244 1000000000 702398244 800000000
702398244 0 702398244 150000000
702798243 1000000000 702798243 400000000
702798243 0 702798243 450000000
703198242 1000000000 703198242 800000000
703198242 0 703198242 150000000
703598241 1000000000 703598241 400000000
703598241 0 703598241 450000000
703998240 1000000000 703998240 800000000
703998240 0 703998240 150000000
704398239 1000000000 704398239 400000000
704398239 0 704398239 450000000
704798238 1000000000 704798238 800000000
704798238 0 704798238 150000000
705198237 1000000000 705198237 400000000
705198237 0 705198237 450000000
705598236 1000000000 705598236 800000000
705598236 0 705598236 150000000
705998235 1000000000 705998235 400000000
705998235 0 705998235 450000000
706398234 1000000000 706398234 800000000
706398234 0 706398234 150000000
706798233 1000000000 706798233 400000000
706798233 0 706798233 450000000
707198232 1000000000 707198232 800000000
707198232 0 707198232 150000000
707598231 1000000000 707598231 400000000
707598231 0 707598231 450000000
707998230 1000000000 707998230 800000000
707998230 0 707998230 150000000
708398229 1000000000 708398229 400000000
708398229 0 708398229 450000000
708798228 1000000000 708798228 800000000
708798228 0 708798228 150000000
709198227 1000000000 709198227 400000000
709198227 0 709198227 450000000
709598226 1000000000 709598226 800000000
709598226 0 709598226 150000000
709998225 1000000000 709998225 400000000
709998225 0 709998225 450000000
710398224 1000000000 710398224 800000000
710398224 0 710398224 150000000
710798223 1000000000 710798223 400000000
710798223 0 710798223 450000000
711198222 1000000000 711198222 800000000
711198222 0 711198222 150000000
711598221 1000000000 711598221 400000000
711598221 0 711598221 450000000
711998220 1000000000 711998220 800000000
711998220 0 711998220 150000000
712398219 1000000000 712398219 400000000
712398219 0 712398219 450000000
712798218 1000000000 712798218 800000000
712798218 0 712798218 150000000
713198217 1000000000 713198217 400000000
713198217 0 713198217 450000000
713598216 1000000000 713598216 800000000
713598216 0 713598216 150000000
713998215 1000000000 713998215 400000000
713998215 0 713998215 450000000
714398214 1000000000 714398214 800000000
714398214 0 714398214 150000000
714798213 1000000000 714798213 400000000
714798213 0 714798213 450000000
715198212 1000000000 715198212 800000000
715198212 0 715198212 150000000
715598211 1000000000 715598211 400000000
715598211 0 715598211 450000000
715998210 1000000000 715998210 800000000
715998210 0 715998210 150000000
716398209 1000000000 716398209 400000000
716398209 0 716398209 450000000
716798208 1000000000 716798208 800000000
716798208 0 716798208 150000000
717198207 1000000000 717198207 400000000
717198207 0 717198207 450000000
717598206 1000000000 717598206 800000000
717598206 0 717598206 150000000
717998205 1000000000 717998205 400000000
717998205 0 717998205 450000000
718398204 1000000000 718398204 800000000
718398204 0 718398204 150000000
718798203 1000000000 718798203 400000000
718798203 0 718798203 450000000
719198202 1000000000 719198202 800000000
719198202 0 719198202 150000000
719598201 1000000000 719598201 400000000
719598201 0 719598201 450000000
719998200 1000000000 719998200 800000000
719998200 0 719998200 150000000
720398199 1000000000 720398199 400000000
720398199 0 720398199 450000000
720798198 1000000000 720798198 800000000
720798198 0 720798198 150000000
721198197 1000000000 721198197 400000000
721198197 0 721198197 450000000
721598196 1000000000 721598196 800000000
721598196 0 721598196 150000000
721998195 1000000000 721998195 400000000
721998195 0 721998195 450000000
722398194 1000000000 722398194 800000000
722398194 0 722398194 150000000
722798193 1000000000 722798193 400000000
722798193 0 722798193 450000000
723198192 1000000000 723198192 800000000
723198192 0 723198192 150000000
723598191 1000000000 723598191 400000000
723598191 0 723598191 450000000
723998190 1000000000 723998190 800000000
723998190 0 723998190 150000000
724398189 1000000000 724398189 400000000
724398189 0 724398189 450000000
724798188 1000000000 724798188 800000000
724798188 0 724798188 150000000
725198187 1000000000 725198187 400000000
725198187 0 725198187 450000000
725598186 1000000000 725598186 800000000
725598186 0 725598186 150000000
725998185 1000000000 725998185 400000000
725998185 0 725998185 450000000
726398184 1000000000 726398184 800000000
726398184 0 726398184 150000000
726798183 1000000000 726798183 400000000
726798183 0 726798183 450000000
727198182 1000000000 727198182 800000000
727198182 0 727198182 150000000
727598181 1000000000 727598181 400000000
727598181 0 727598181 450000000
727998180 1000000000 727998180 800000000
727998180 0 727998180 150000000
728398179 1000000000 728398179 400000000
728398179 0 728398179 450000000
728798178 1000000000 728798178 800000000
728798178 0 728798178 150000000
729198177 1000000000 729198177 400000000
729198177 0 729198177 450000000
729598176 1000000000 729598176 800000000
729598176 0 729598176 150000000
729998175 1000000000 729998175 400000000
729998175 0 729998175 450000000
730398174 1000000000 730398174 800000000
730398174 0 730398174 150000000
730798173 1000000000 730798173 400000000
730798173 0 730798173 450000000
731198172 1000000000 731198172 800000000
731198172 0 731198172 150000000
731598171 1000000000 731598171 400000000
731598171 0 731598171 450000000
731998170 1000000000 731998170 800000000
731998170 0 731998170 150000000
732398169 1000000000 732398169 400000000
732398169 0 732398169 450000000
732798168 1000000000 732798168 800000000
732798168 0 732798168 150000000
733198167 1000000000 733198167 400000000
733198167 0 733198167 450000000
733598166 1000000000 733598166 800000000
733598166 0 733598166 150000000
733998165 1000000000 733998165 400000000
733998165 0 733998165 450000000
734398164 1000000000 734398164 800000000
734398164 0 734398164 150000000
734798163 1000000000 734798163 400000000
734798163 0 734798163 450000000
735198162 1000000000 735198162 800000000
735198162 0 735198162 150000000
735598161 1000000000 735598161 400000000
735598161 0 735598161 450000000
735998160 1000000000 735998160 800000000
735998160 0 735998160 150000000
736398159 1000000000 736398159 400000000
736398159 0 736398159 450000000
736798158 1000000000 736798158 800000000
736798158 0 736798158 150000000
737198157 1000000000 737198157 400000000
737198157 0 737198157 450000000
737598156 1000000000 737598156 800000000
737598156 0 737598156 150000000
737998155 1000000000 737998155 400000000
737998155 0 737998155 450000000
738398154 1000000000 738398154 800000000
738398154 0 738398154 150000000
738798153 1000000000 738798153 400000000
738798153 0 738798153 450000000
739198152 1000000000 739198152 800000000
739198152 0 739198152 150000000
739598151 1000000000 739598151 400000000
739598151 0 739598151 450000000
739998150 1000000000 739998150 800000000
739998150 0 739998150 150000000
740398149 1000000000 740398149 400000000
740398149 0 740398149 450000000
740798148 1000000000 740798148 800000000
740798148 0 740798148 150000000
741198147 1000000000 741198147 400000000
741198147 0 741198147 450000000
741598146 1000000000 741598146 800000000
741598146 0 741598146 150000000
741998145 1000000000 741998145 400000000
741998145 0 741998145 450000000
742398144 1000000000 742398144 800000000
742398144 0 742398144 150000000
742798143 1000000000 742798143 400000000
742798143 0 742798143 450000000
743198142 1000000000 743198142 800000000
743198142 0 743198142 150000000
743598141 1000000000 743598141 400000000
743598141 0 743598141 450000000
743998140 1000000000 743998140 800000000
743998140 0 743998140 150000000
744398139 1000000000 744398139 400000000
744398139 0 744398139 450000000
744798138 1000000000 744798138 800000000
744798138 0 744798138 150000000
745198137 1000000000 745198137 400000000
745198137 0 745198137 450000000
745598136 1000000000 745598136 800000000
745598136 0 745598136 150000000
745998135 1000000000 745998135 400000000
745998135 0 745998135 450000000
746398134 1000000000 746398134 800000000
746398134 0 746398134 150000000
746798133 1000000000 746798133 400000000
746798133 0 746798133 450000000
747198132 1000000000 747198132 800000000
747198132 0 747198132 150000000
747598131 1000000000 747598131 400000000
747598131 0 747598131 450000000
747998130 1000000000 747998130 800000000
747998130 0 747998130 150000000
748398129 1000000000 748398129 400000000
748398129 0 748398129 450000000
748798128 1000000000 748798128 800000000
748798128 0 748798128 150000000
749198127 1000000000 749198127 400000000
749198127 0 749198127 450000000
749598126 1000000000 749598126 800000000
749598126 0 749598126 150000000
749998125 1000000000 749998125 400000000
749998125 0 749998125 450000000
750398124 1000000000 750398124 800000000
750398124 0 750398124 150000000
750798123 1000000000 750798123 400000000
750798123 0 750798123 450000000
751198122 1000000000 751198122 800000000
751198122 0 751198122 150000000
751598121 1000000000 751598121 400000000
751598121 0 751598121 450000000
751998120 1000000000 751998120 800000000
751998120 0 751998120 150000000
752398119 1000000000 752398119 400000000
752398119 0 752398119 450000000
752798118 1000000000 752798118 800000000
752798118 0 752798118 150000000
753198117 1000000000 753198117 400000000
753198117 0 753198117 450000000
753598116 1000000000 753598116 800000000
753598116 0 753598116 150000000
753998115 1000000000 753998115 400000000
753998115 0 753998115 450000000
754398114 1000000000 754398114 800000000
754398114 0 754398114 150000000
754798113 1000000000 754798113 400000000
754798113 0 754798113 450000000
755198112 1000000000 755198112 800000000
755198112 0 755198112 150000000
755598111 1000000000 755598111 400000000
755598111 0 755598111 450000000
755998110 1000000000 755998110 800000000
755998110 0 755998110 150000000
756398109 1000000000 756398109 400000000
756398109 0 756398109 450000000
756798108 1000000000 756798108 800000000
756798108 0 756798108 150000000
757198107 1000000000 757198107 400000000
757198107 0 757198107 450000000
757598106 1000000000 757598106 800000000
757598106 0 757598106 150000000
757998105 1000000000 757998105 400000000
757998105 0 757998105 450000000
758398104 1000000000 758398104 800000000
758398104 0 758398104 150000000
758798103 1000000000 758798103 400000000
758798103 0 758798103 450000000
759198102 1000000000 759198102 800000000
759198102 0 759198102 150000000
759598101 1000000000 759598101 400000000
759598101 0 759598101 450000000
759998100 1000000000 759998100 800000000
759998100 0 759998100 150000000
760398099 1000000000 760398099 400000000
760398099 0 760398099 450000000
760798098 1000000000 760798098 800000000
760798098 0 760798098 150000000
761198097 1000000000 761198097 400000000
761198097 0 761198097 450000000
761598096 1000000000 761598096 800000000
761598096 0 761598096 150000000
761998095 1000000000 761998095 400000000
761998095 0 761998095 450000000
762398094 1000000000 762398094 800000000
762398094 0 762398094 150000000
762798093 1000000000 762798093 400000000
762798093 0 762798093 450000000
763198092 1000000000 763198092 800000000
763198092 0 763198092 150000000
763598091 1000000000 763598091 400000000
763598091 0 763598091 450000000
763998090 1000000000 763998090 800000000
763998090 0 763998090 150000000
764398089 1000000000 764398089 400000000
764398089 0 764398089 450000000
764798088 1000000000 764798088 800000000
764798088 0 764798088 150000000
765198087 1000000000 765198087 400000000
765198087 0 765198087 450000000
765598086 1000000000 765598086 800000000
765598086 0 765598086 150000000
765998085 1000000000 765998085 400000000
765998085 0 765998085 450000000
766398084 1000000000 766398084 800000000
766398084 0 766398084 150000000
766798083 1000000000 766798083 400000000
766798083 0 766798083 450000000
767198082 1000000000 767198082 800000000
767198082 0 767198082 150000000
767598081 1000000000 767598081 400000000
767598081 0 767598081 450000000
767998080 1000000000 767998080 800000000
767998080 0 767998080 150000000
768398079 1000000000 768398079 400000000
768398079 0 768398079 450000000
768798078 1000000000 768798078 800000000
768798078 0 768798078 150000000
769198077 1000000000 769198077 400000000
769198077 0 769198077 450000000
769598076 1000000000 769598076 800000000
769598076 0 769598076 150000000
769998075 1000000000 769998075 400000000
769998075 0 769998075 450000000
770398074 1000000000 770398074 800000000
770398074 0 770398074 150000000
770798073 1000000000 770798073 400000000
770798073 0 770798073 450000000
771198072 1000000000 771198072 800000000
771198072 0 771198072 150000000
771598071 1000000000 771598071 400000000
771598071 0 771598071 450000000
771998070 1000000000 771998070 800000000
771998070 0 771998070 150000000
772398069 1000000000 772398069 400000000
772398069 0 772398069 450000000
772798068 1000000000 772798068 800000000
772798068 0 772798068 150000000
773198067 1000000000 773198067 400000000
773198067 0 773198067 450000000
773598066 1000000000 773598066 800000000
773598066 0 773598066 150000000
773998065 1000000000 773998065 400000000
773998065 0 773998065 450000000
774398064 1000000000 774398064 800000000
774398064 0 774398064 150000000
774798063 1000000000 774798063 400000000
774798063 0 774798063 450000000
775198062 1000000000 775198062 800000000
775198062 0 775198062 150000000
775598061 1000000000 775598061 400000000
775598061 0 775598061 450000000
775998060 1000000000 775998060 800000000
775998060 0 775998060 150000000
776398059 1000000000 776398059 400000000
776398059 0 776398059 450000000
776798058 1000000000 776798058 800000000
776798058 0 776798058 150000000
777198057 1000000000 777198057 400000000
777198057 0 777198057 450000000
777598056 1000000000 777598056 800000000
777598056 0 777598056 150000000
777998055 1000000000 777998055 400000000
777998055 0 777998055 450000000
778398054 1000000000 778398054 800000000
778398054 0 778398054 150000000
778798053 1000000000 778798053 400000000
778798053 0 778798053 450000000
779198052 1000000000 779198052 800000000
779198052 0 779198052 150000000
779598051 1000000000 779598051 400000000
779598051 0 779598051 450000000
779998050 1000000000 779998050 800000000
779998050 0 779998050 150000000
780398049 1000000000 780398049 400000000
780398049 0 780398049 450000000
780798048 1000000000 780798048 800000000
780798048 0 780798048 150000000
781198047 1000000000 781198047 400000000
781198047 0 781198047 450000000
781598046 1000000000 781598046 800000000
781598046 0 781598046 150000000
781998045 1000000000 781998045 400000000
781998045 0 781998045 450000000
782398044 1000000000 782398044 800000000
782398044 0 782398044 150000000
782798043 1000000000 782798043 400000000
782798043 0 782798043 450000000
783198042 1000000000 783198042 800000000
783198042 0 783198042 150000000
783598041 1000000000 783598041 400000000
783598041 0 783598041 450000000
783998040 1000000000 783998040 800000000
783998040 0 783998040 150000000
784398039 1000000000 784398039 400000000
784398039 0 784398039 450000000
784798038 1000000000 784798038 800000000
784798038 0 784798038 150000000
785198037 1000000000 785198037 400000000
785198037 0 785198037 450000000
785598036 1000000000 785598036 800000000
785598036 0 785598036 150000000
785998035 1000000000 785998035 400000000
785998035 0 785998035 450000000
786398034 1000000000 786398034 800000000
786398034 0 786398034 150000000
786798033 1000000000 786798033 400000000
786798033 0 786798033 450000000
787198032 1000000000 787198032 800000000
787198032 0 787198032 150000000
787598031 1000000000 787598031 400000000
787598031 0 787598031 450000000
787998030 1000000000 787998030 800000000
787998030 0 787998030 150000000
788398029 1000000000 788398029 400000000
788398029 0 788398029 450000000
788798028 1000000000 788798028 800000000
788798028 0 788798028 150000000
789198027 1000000000 789198027 400000000
789198027 0 789198027 450000000
789598026 1000000000 789598026 800000000
789598026 0 789598026 150000000
789998025 1000000000 789998025 400000000
789998025 0 789998025 450000000
790398024 1000000000 790398024 800000000
790398024 0 790398024 150000000
790798023 1000000000 790798023 400000000
790798023 0 790798023 450000000
791198022 1000000000 791198022 800000000
791198022 0 791198022 150000000
791598021 1000000000 791598021 400000000
791598021 0 791598021 450000000
791998020 1000000000 791998020 800000000
791998020 0 791998020 150000000
792398019 1000000000 792398019 400000000
792398019 0 792398019 450000000
792798018 1000000000 792798018 800000000
792798018 0 792798018 150000000
793198017 1000000000 793198017 400000000
793198017 0 793198017 450000000
793598016 1000000000 793598016 800000000
793598016 0 793598016 150000000
793998015 1000000000 793998015 400000000
793998015 0 793998015 450000000
794398014 1000000000 794398014 800000000
794398014 0 794398014 150000000
794798013 1000000000 794798013 400000000
794798013 0 794798013 450000000
795198012 1000000000 795198012 800000000
795198012 0 795198012 150000000
795598011 1000000000 795598011 400000000
795598011 0 795598011 450000000
795998010 1000000000 795998010 800000000
795998010 0 795998010 150000000
796398009 1000000000 796398009 400000000
796398009 0 796398009 450000000
796798008 1000000000 796798008 800000000
796798008 0 796798008 150000000
797198007 1000000000 797198007 400000000
797198007 0 797198007 450000000
797598006 1000000000 797598006 800000000
797598006 0 797598006 150000000
797998005 1000000000 797998005 400000000
797998005 0 797998005 450000000
798398004 1000000000 798398004 800000000
798398004 0 798398004 150000000
798798003 1000000000 798798003 400000000
798798003 0 798798003 450000000
799198002 1000000000 799198002 800000000
799198002 0 799198002 150000000
799598001 1000000000 799598001 400000000
799598001 0 799598001 450000000
799998000 1000000000 799998000 800000000
799998000 0 799998000 150000000
800397999 1000000000 800397999 400000000
800397999 0 800397999 450000000
800797998 1000000000 800797998 800000000
800797998 0 800797998 150000000
801197997 1000000000 801197997 400000000
801197997 0 801197997 450000000
801597996 1000000000 801597996 800000000
801597996 0 801597996 150000000
801997995 1000000000 801997995 400000000
801997995 0 801997995 450000000
802397994 1000000000 802397994 800000000
802397994 0 802397994 150000000
802797993 1000000000 802797993 400000000
802797993 0 802797993 450000000
803197992 1000000000 803197992 800000000
803197992 0 803197992 150000000
803597991 1000000000 803597991 400000000
803597991 0 803597991 450000000
803997990 1000000000 803997990 800000000
803997990 0 803997990 150000000
804397989 1000000000 804397989 400000000
804397989 0 804397989 450000000
804797988 1000000000 804797988 800000000
804797988 0 804797988 150000000
805197987 1000000000 805197987 400000000
805197987 0 805197987 450000000
805597986 1000000000 805597986 800000000
805597986 0 805597986 150000000
805997985 1000000000 805997985 400000000
805997985 0 805997985 450000000
806397984 1000000000 806397984 800000000
806397984 0 806397984 150000000
806797983 1000000000 806797983 400000000
806797983 0 806797983 450000000
807197982 1000000000 807197982 800000000
807197982 0 807197982 150000000
807597981 1000000000 807597981 400000000
807597981 0 807597981 450000000
807997980 1000000000 807997980 800000000
807997980 0 807997980 150000000
808397979 1000000000 808397979 400000000
808397979 0 808397979 450000000
808797978 1000000000 808797978 800000000
808797978 0 808797978 150000000
809197977 1000000000 809197977 400000000
809197977 0 809197977 450000000
809597976 1000000000 809597976 800000000
809597976 0 809597976 150000000
809997975 1000000000 809997975 400000000
809997975 0 809997975 450000000
810397974 1000000000 810397974 800000000
810397974 0 810397974 150000000
810797973 1000000000 810797973 400000000
810797973 0 810797973 450000000
811197972 1000000000 811197972 800000000
811197972 0 811197972 150000000
811597971 1000000000 811597971 400000000
811597971 0 811597971 450000000
811997970 1000000000 811997970 800000000
811997970 0 811997970 150000000
812397969 1000000000 812397969 400000000
812397969 0 812397969 450000000
812797968 1000000000 812797968 800000000
812797968 0 812797968 150000000
813197967 1000000000 813197967 400000000
813197967 0 813197967 450000000
813597966 1000000000 813597966 800000000
813597966 0 813597966 150000000
813997965 1000000000 813997965 400000000
813997965 0 813997965 450000000
814397964 1000000000 814397964 800000000
814397964 0 814397964 150000000
814797963 1000000000 814797963 400000000
814797963 0 814797963 450000000
815197962 1000000000 815197962 800000000
815197962 0 815197962 150000000
815597961 1000000000 815597961 400000000
815597961 0 815597961 450000000
815997960 1000000000 815997960 800000000
815997960 0 815997960 150000000
816397959 1000000000 816397959 400000000
816397959 0 816397959 450000000
816797958 1000000000 816797958 800000000
816797958 0 816797958 150000000
817197957 1000000000 817197957 400000000
817197957 0 817197957 450000000
817597956 1000000000 817597956 800000000
817597956 0 817597956 150000000
817997955 1000000000 817997955 400000000
817997955 0 817997955 450000000
818397954 1000000000 818397954 800000000
818397954 0 818397954 150000000
818797953 1000000000 818797953 400000000
818797953 0 818797953 450000000
819197952 1000000000 819197952 800000000
819197952 0 819197952 150000000
819597951 1000000000 819597951 400000000
819597951 0 819597951 450000000
819997950 1000000000 819997950 800000000
819997950 0 819997950 150000000
820397949 1000000000 820397949 400000000
820397949 0 820397949 450000000
820797948 1000000000 820797948 800000000
820797948 0 820797948 150000000
821197947 1000000000 821197947 400000000
821197947 0 821197947 450000000
821597946 1000000000 821597946 800000000
821597946 0 821597946 150000000
821997945 1000000000 821997945 400000000
821997945 0 821997945 450000000
822397944 1000000000 822397944 800000000
822397944 0 822397944 150000000
822797943 1000000000 822797943 400000000
822797943 0 822797943 450000000
823197942 1000000000 823197942 800000000
823197942 0 823197942 150000000
823597941 1000000000 823597941 400000000
823597941 0 823597941 450000000
823997940 1000000000 823997940 800000000
823997940 0 823997940 150000000
824397939 1000000000 824397939 400000000
824397939 0 824397939 450000000
824797938 1000000000 824797938 800000000
824797938 0 824797938 150000000
825197937 1000000000 825197937 400000000
825197937 0 825197937 450000000
825597936 1000000000 825597936 800000000
825597936 0 825597936 150000000
825997935 1000000000 825997935 400000000
825997935 0 825997935 450000000
826397934 1000000000 826397934 800000000
826397934 0 826397934 150000000
826797933 1000000000 826797933 400000000
826797933 0 826797933 450000000
827197932 1000000000 827197932 800000000
827197932 0 827197932 150000000
827597931 1000000000 827597931 400000000
827597931 0 827597931 450000000
827997930 1000000000 827997930 800000000
827997930 0 827997930 150000000
828397929 1000000000 828397929 400000000
828397929 0 828397929 450000000
828797928 1000000000 828797928 800000000
828797928 0 828797928 150000000
829197927 1000000000 829197927 400000000
829197927 0 829197927 450000000
829597926 1000000000 829597926 800000000
829597926 0 829597926 150000000
829997925 1000000000 829997925 400000000
829997925 0 829997925 450000000
830397924 1000000000 830397924 800000000
830397924 0 830397924 150000000
830797923 1000000000 830797923 400000000
830797923 0 830797923 450000000
831197922 1000000000 831197922 800000000
831197922 0 831197922 150000000
831597921 1000000000 831597921 400000000
831597921 0 831597921 450000000
831997920 1000000000 831997920 800000000
831997920 0 831997920 150000000
832397919 1000000000 832397919 400000000
832397919 0 832397919 450000000
832797918 1000000000 832797918 800000000
832797918 0 832797918 150000000
833197917 1000000000 833197917 400000000
833197917 0 833197917 450000000
833597916 1000000000 833597916 800000000
833597916 0 833597916 150000000
833997915 1000000000 833997915 400000000
833997915 0 833997915 450000000
834397914 1000000000 834397914 800000000
834397914 0 834397914 150000000
834797913 1000000000 834797913 400000000
834797913 0 834797913 450000000
835197912 1000000000 835197912 800000000
835197912 0 835197912 150000000
835597911 1000000000 835597911 400000000
835597911 0 835597911 450000000
835997910 1000000000 835997910 800000000
835997910 0 835997910 150000000
836397909 1000000000 836397909 400000000
836397909 0 836397909 450000000
836797908 1000000000 836797908 800000000
836797908 0 836797908 150000000
837197907 1000000000 837197907 400000000
837197907 0 837197907 450000000
837597906 1000000000 837597906 800000000
837597906 0 837597906 150000000
837997905 1000000000 837997905 400000000
837997905 0 837997905 450000000
838397904 1000000000 838397904 800000000
838397904 0 838397904 150000000
838797903 1000000000 838797903 400000000
838797903 0 838797903 450000000
839197902 1000000000 839197902 800000000
839197902 0 839197902 150000000
839597901 1000000000 839597901 400000000
839597901 0 839597901 450000000
839997900 1000000000 839997900 800000000
839997900 0 839997900 150000000
840397899 1000000000 840397899 400000000
840397899 0 840397899 450000000
840797898 1000000000 840797898 800000000
840797898 0 840797898 150000000
841197897 1000000000 841197897 400000000
841197897 0 841197897 450000000
841597896 1000000000 841597896 800000000
841597896 0 841597896 150000000
841997895 1000000000 841997895 400000000
841997895 0 841997895 450000000
842397894 1000000000 842397894 800000000
842397894 0 842397894 150000000
842797893 1000000000 842797893 400000000
842797893 0 842797893 450000000
843197892 1000000000 843197892 800000000
843197892 0 843197892 150000000
843597891 1000000000 843597891 400000000
843597891 0 843597891 450000000
843997890 1000000000 843997890 800000000
843997890 0 843997890 150000000
844397889 1000000000 844397889 400000000
844397889 0 844397889 450000000
844797888 1000000000 844797888 800000000
844797888 0 844797888 150000000
845197887 1000000000 845197887 400000000
845197887 0 845197887 450000000
845597886 1000000000 845597886 800000000
845597886 0 845597886 150000000
845997885 1000000000 845997885 400000000
845997885 0 845997885 450000000
846397884 1000000000 846397884 800000000
846397884 0 846397884 150000000
846797883 1000000000 846797883 400000000
846797883 0 846797883 450000000
847197882 1000000000 847197882 800000000
847197882 0 847197882 150000000
847597881 1000000000 847597881 400000000
847597881 0 847597881 450000000
847997880 1000000000 847997880 800000000
847997880 0 847997880 150000000
848397879 1000000000 848397879 400000000
848397879 0 848397879 450000000
848797878 1000000000 848797878 800000000
848797878 0 848797878 150000000
849197877 1000000000 849197877 400000000
849197877 0 849197877 450000000
849597876 1000000000 849597876 800000000
849597876 0 849597876 150000000
849997875 1000000000 849997875 400000000
849997875 0 849997875 450000000
850397874 1000000000 850397874 800000000
850397874 0 850397874 150000000
850797873 1000000000 850797873 400000000
850797873 0 850797873 450000000
851197872 1000000000 851197872 800000000
851197872 0 851197872 150000000
851597871 1000000000 851597871 400000000
851597871 0 851597871 450000000
851997870 1000000000 851997870 800000000
851997870 0 851997870 150000000
852397869 1000000000 852397869 400000000
852397869 0 852397869 450000000
852797868 1000000000 852797868 800000000
852797868 0 852797868 150000000
853197867 1000000000 853197867 400000000
853197867 0 853197867 450000000
853597866 1000000000 853597866 800000000
853597866 0 853597866 150000000
853997865 1000000000 853997865 400000000
853997865 0 853997865 450000000
854397864 1000000000 854397864 800000000
854397864 0 854397864 150000000
854797863 1000000000 854797863 400000000
854797863 0 854797863 450000000
855197862 1000000000 855197862 800000000
855197862 0 855197862 150000000
855597861 1000000000 855597861 400000000
855597861 0 855597861 450000000
855997860 1000000000 855997860 800000000
855997860 0 855997860 150000000
856397859 1000000000 856397859 400000000
856397859 0 856397859 450000000
856797858 1000000000 856797858 800000000
856797858 0 856797858 150000000
857197857 1000000000 857197857 400000000
857197857 0 857197857 450000000
857597856 1000000000 857597856 800000000
857597856 0 857597856 150000000
857997855 1000000000 857997855 400000000
857997855 0 857997855 450000000
858397854 1000000000 858397854 800000000
858397854 0 858397854 150000000
858797853 1000000000 858797853 400000000
858797853 0 858797853 450000000
859197852 1000000000 859197852 800000000
859197852 0 859197852 150000000
859597851 1000000000 859597851 400000000
859597851 0 859597851 450000000
859997850 1000000000 859997850 800000000
859997850 0 859997850 150000000
860397849 1000000000 860397849 400000000
860397849 0 860397849 450000000
860797848 1000000000 860797848 800000000
860797848 0 860797848 150000000
861197847 1000000000 861197847 400000000
861197847 0 861197847 450000000
861597846 1000000000 861597846 800000000
861597846 0 861597846 150000000
861997845 1000000000 861997845 400000000
861997845 0 861997845 450000000
862397844 1000000000 862397844 800000000
862397844 0 862397844 150000000
862797843 1000000000 862797843 400000000
862797843 0 862797843 450000000
863197842 1000000000 863197842 800000000
863197842 0 863197842 150000000
863597841 1000000000 863597841 400000000
863597841 0 863597841 450000000
863997840 1000000000 863997840 800000000
863997840 0 863997840 150000000
864397839 1000000000 864397839 400000000
864397839 0 864397839 450000000
864797838 1000000000 864797838 800000000
864797838 0 864797838 150000000
865197837 1000000000 865197837 400000000
865197837 0 865197837 450000000
865597836 1000000000 865597836 800000000
865597836 0 865597836 150000000
865997835 1000000000 865997835 400000000
865997835 0 865997835 450000000
866397834 1000000000 866397834 800000000
866397834 0 866397834 150000000
866797833 1000000000 866797833 400000000
866797833 0 866797833 450000000
867197832 1000000000 867197832 800000000
867197832 0 867197832 150000000
867597831 1000000000 867597831 400000000
867597831 0 867597831 450000000
867997830 1000000000 867997830 800000000
867997830 0 867997830 150000000
868397829 1000000000 868397829 400000000
868397829 0 868397829 450000000
868797828 1000000000 868797828 800000000
868797828 0 868797828 150000000
869197827 1000000000 869197827 400000000
869197827 0 869197827 450000000
869597826 1000000000 869597826 800000000
869597826 0 869597826 150000000
869997825 1000000000 869997825 400000000
869997825 0 869997825 450000000
870397824 1000000000 870397824 800000000
870397824 0 870397824 150000000
870797823 1000000000 870797823 400000000
870797823 0 870797823 450000000
871197822 1000000000 871197822 800000000
871197822 0 871197822 150000000
871597821 1000000000 871597821 400000000
871597821 0 871597821 450000000
871997820 1000000000 871997820 800000000
871997820 0 871997820 150000000
872397819 1000000000 872397819 400000000
872397819 0 872397819 450000000
872797818 1000000000 872797818 800000000
872797818 0 872797818 150000000
873197817 1000000000 873197817 400000000
873197817 0 873197817 450000000
873597816 1000000000 873597816 800000000
873597816 0 873597816 150000000
873997815 1000000000 873997815 400000000
873997815 0 873997815 450000000
874397814 1000000000 874397814 800000000
874397814 0 874397814 150000000
874797813 1000000000 874797813 400000000
874797813 0 874797813 450000000
875197812 1000000000 875197812 800000000
875197812 0 875197812 150000000
875597811 1000000000 875597811 400000000
875597811 0 875597811 450000000
875997810 1000000000 875997810 800000000
875997810 0 875997810 150000000
876397809 1000000000 876397809 400000000
876397809 0 876397809 450000000
876797808 1000000000 876797808 800000000
876797808 0 876797808 150000000
877197807 1000000000 877197807 400000000
877197807 0 877197807 450000000
877597806 1000000000 877597806 800000000
877597806 0 877597806 150000000
877997805 1000000000 877997805 400000000
877997805 0 877997805 450000000
878397804 1000000000 878397804 800000000
878397804 0 878397804 150000000
878797803 1000000000 878797803 400000000
878797803 0 878797803 450000000
879197802 1000000000 879197802 800000000
879197802 0 879197802 150000000
879597801 1000000000 879597801 400000000
879597801 0 879597801 450000000
879997800 1000000000 879997800 800000000
879997800 0 879997800 150000000
880397799 1000000000 880397799 400000000
880397799 0 880397799 450000000
880797798 1000000000 880797798 800000000
880797798 0 880797798 150000000
881197797 1000000000 881197797 400000000
881197797 0 881197797 450000000
881597796 1000000000 881597796 800000000
881597796 0 881597796 150000000
881997795 1000000000 881997795 400000000
881997795 0 881997795 450000000
882397794 1000000000 882397794 800000000
882397794 0 882397794 150000000
882797793 1000000000 882797793 400000000
882797793 0 882797793 450000000
883197792 1000000000 883197792 800000000
883197792 0 883197792 150000000
883597791 1000000000 883597791 400000000
883597791 0 883597791 450000000
883997790 1000000000 883997790 800000000
883997790 0 883997790 150000000
884397789 1000000000 884397789 400000000
884397789 0 884397789 450000000
884797788 1000000000 884797788 800000000
884797788 0 884797788 150000000
885197787 1000000000 885197787 400000000
885197787 0 885197787 450000000
885597786 1000000000 885597786 800000000
885597786 0 885597786 150000000
885997785 1000000000 885997785 400000000
885997785 0 885997785 450000000
886397784 1000000000 886397784 800000000
886397784 0 886397784 150000000
886797783 1000000000 886797783 400000000
886797783 0 886797783 450000000
887197782 1000000000 887197782 800000000
887197782 0 887197782 150000000
887597781 1000000000 887597781 400000000
887597781 0 887597781 450000000
887997780 1000000000 887997780 800000000
887997780 0 887997780 150000000
888397779 1000000000 888397779 400000000
888397779 0 888397779 450000000
888797778 1000000000 888797778 800000000
888797778 0 888797778 150000000
889197777 1000000000 889197777 400000000
889197777 0 889197777 450000000
889597776 1000000000 889597776 800000000
889597776 0 889597776 150000000
889997775 1000000000 889997775 400000000
889997775 0 889997775 450000000
890397774 1000000000 890397774 800000000
890397774 0 890397774 150000000
890797773 1000000000 890797773 400000000
890797773 0 890797773 450000000
891197772 1000000000 891197772 800000000
891197772 0 891197772 150000000
891597771 1000000000 891597771 400000000
891597771 0 891597771 450000000
891997770 1000000000 891997770 800000000
891997770 0 891997770 150000000
892397769 1000000000 892397769 400000000
892397769 0 892397769 450000000
892797768 1000000000 892797768 800000000
892797768 0 892797768 150000000
893197767 1000000000 893197767 400000000
893197767 0 893197767 450000000
893597766 1000000000 893597766 800000000
893597766 0 893597766 150000000
893997765 1000000000 893997765 400000000
893997765 0 893997765 450000000
894397764 1000000000 894397764 800000000
894397764 0 894397764 150000000
894797763 1000000000 894797763 400000000
894797763 0 894797763 450000000
895197762 1000000000 895197762 800000000
895197762 0 895197762 150000000
895597761 1000000000 895597761 400000000
895597761 0 895597761 450000000
895997760 1000000000 895997760 800000000
895997760 0 895997760 150000000
896397759 1000000000 896397759 400000000
896397759 0 896397759 450000000
896797758 1000000000 896797758 800000000
896797758 0 896797758 150000000
897197757 1000000000 897197757 400000000
897197757 0 897197757 450000000
897597756 1000000000 897597756 800000000
897597756 0 897597756 150000000
897997755 1000000000 897997755 400000000
897997755 0 897997755 450000000
898397754 1000000000 898397754 800000000
898397754 0 898397754 150000000
898797753 1000000000 898797753 400000000
898797753 0 898797753 450000000
899197752 1000000000 899197752 800000000
899197752 0 899197752 150000000
899597751 1000000000 899597751 400000000
899597751 0 899597751 450000000
899997750 1000000000 899997750 800000000
899997750 0 899997750 150000000
900397749 1000000000 900397749 400000000
900397749 0 900397749 450000000
900797748 1000000000 900797748 800000000
900797748 0 900797748 150000000
901197747 1000000000 901197747 400000000
901197747 0 901197747 450000000
901597746 1000000000 901597746 800000000
901597746 0 901597746 150000000
901997745 1000000000 901997745 400000000
901997745 0 901997745 450000000
902397744 1000000000 902397744 800000000
902397744 0 902397744 150000000
902797743 1000000000 902797743 400000000
902797743 0 902797743 450000000
903197742 1000000000 903197742 800000000
903197742 0 903197742 150000000
903597741 1000000000 903597741 400000000
903597741 0 903597741 450000000
903997740 1000000000 903997740 800000000
903997740 0 903997740 150000000
904397739 1000000000 904397739 400000000
904397739 0 904397739 450000000
904797738 1000000000 904797738 800000000
904797738 0 904797738 150000000
905197737 1000000000 905197737 400000000
905197737 0 905197737 450000000
905597736 1000000000 905597736 800000000
905597736 0 905597736 150000000
905997735 1000000000 905997735 400000000
905997735 0 905997735 450000000
906397734 1000000000 906397734 800000000
906397734 0 906397734 150000000
906797733 1000000000 906797733 400000000
906797733 0 906797733 450000000
907197732 1000000000 907197732 800000000
907197732 0 907197732 150000000
907597731 1000000000 907597731 400000000
907597731 0 907597731 450000000
907997730 1000000000 907997730 800000000
907997730 0 907997730 150000000
908397729 1000000000 908397729 400000000
908397729 0 908397729 450000000
908797728 1000000000 908797728 800000000
908797728 0 908797728 150000000
909197727 1000000000 909197727 400000000
909197727 0 909197727 450000000
909597726 1000000000 909597726 800000000
909597726 0 909597726 150000000
909997725 1000000000 909997725 400000000
909997725 0 909997725 450000000
910397724 1000000000 910397724 800000000
910397724 0 910397724 150000000
910797723 1000000000 910797723 400000000
910797723 0 910797723 450000000
911197722 1000000000 911197722 800000000
911197722 0 911197722 150000000
911597721 1000000000 911597721 400000000
911597721 0 911597721 450000000
911997720 1000000000 911997720 800000000
911997720 0 911997720 150000000
912397719 1000000000 912397719 400000000
912397719 0 912397719 450000000
912797718 1000000000 912797718 800000000
912797718 0 912797718 150000000
913197717 1000000000 913197717 400000000
913197717 0 913197717 450000000
913597716 1000000000 913597716 800000000
913597716 0 913597716 150000000
913997715 1000000000 913997715 400000000
913997715 0 913997715 450000000
914397714 1000000000 914397714 800000000
914397714 0 914397714 150000000
914797713 1000000000 914797713 400000000
914797713 0 914797713 450000000
915197712 1000000000 915197712 800000000
915197712 0 915197712 150000000
915597711 1000000000 915597711 400000000
915597711 0 915597711 450000000
915997710 1000000000 915997710 800000000
915997710 0 915997710 150000000
916397709 1000000000 916397709 400000000
916397709 0 916397709 450000000
916797708 1000000000 916797708 800000000
916797708 0 916797708 150000000
917197707 1000000000 917197707 400000000
917197707 0 917197707 450000000
917597706 1000000000 917597706 800000000
917597706 0 917597706 150000000
917997705 1000000000 917997705 400000000
917997705 0 917997705 450000000
918397704 1000000000 918397704 800000000
918397704 0 918397704 150000000
918797703 1000000000 918797703 400000000
918797703 0 918797703 450000000
919197702 1000000000 919197702 800000000
919197702 0 919197702 150000000
919597701 1000000000 919597701 400000000
919597701 0 919597701 450000000
919997700 1000000000 919997700 800000000
919997700 0 919997700 150000000
920397699 1000000000 920397699 400000000
920397699 0 920397699 450000000
920797698 1000000000 920797698 800000000
920797698 0 920797698 150000000
921197697 1000000000 921197697 400000000
921197697 0 921197697 450000000
921597696 1000000000 921597696 800000000
921597696 0 921597696 150000000
921997695 1000000000 921997695 400000000
921997695 0 921997695 450000000
922397694 1000000000 922397694 800000000
922397694 0 922397694 150000000
922797693 1000000000 922797693 400000000
922797693 0 922797693 450000000
923197692 1000000000 923197692 800000000
923197692 0 923197692 150000000
923597691 1000000000 923597691 400000000
923597691 0 923597691 450000000
923997690 1000000000 923997690 800000000
923997690 0 923997690 150000000
924397689 1000000000 924397689 400000000
924397689 0 924397689 450000000
924797688 1000000000 924797688 800000000
924797688 0 924797688 150000000
925197687 1000000000 925197687 400000000
925197687 0 925197687 450000000
925597686 1000000000 925597686 800000000
925597686 0 925597686 150000000
925997685 1000000000 925997685 400000000
925997685 0 925997685 450000000
926397684 1000000000 926397684 800000000
926397684 0 926397684 150000000
926797683 1000000000 926797683 400000000
926797683 0 926797683 450000000
927197682 1000000000 927197682 800000000
927197682 0 927197682 150000000
927597681 1000000000 927597681 400000000
927597681 0 927597681 450000000
927997680 1000000000 927997680 800000000
927997680 0 927997680 150000000
928397679 1000000000 928397679 400000000
928397679 0 928397679 450000000
928797678 1000000000 928797678 800000000
928797678 0 928797678 150000000
929197677 1000000000 929197677 400000000
929197677 0 929197677 450000000
929597676 1000000000 929597676 800000000
929597676 0 929597676 150000000
929997675 1000000000 929997675 400000000
929997675 0 929997675 450000000
930397674 1000000000 930397674 800000000
930397674 0 930397674 150000000
930797673 1000000000 930797673 400000000
930797673 0 930797673 450000000
931197672 1000000000 931197672 800000000
931197672 0 931197672 150000000
931597671 1000000000 931597671 400000000
931597671 0 931597671 450000000
931997670 1000000000 931997670 800000000
931997670 0 931997670 150000000
932397669 1000000000 932397669 400000000
932397669 0 932397669 450000000
932797668 1000000000 932797668 800000000
932797668 0 932797668 150000000
933197667 1000000000 933197667 400000000
933197667 0 933197667 450000000
933597666 1000000000 933597666 800000000
933597666 0 933597666 150000000
933997665 1000000000 933997665 400000000
933997665 0 933997665 450000000
934397664 1000000000 934397664 800000000
934397664 0 934397664 150000000
934797663 1000000000 934797663 400000000
934797663 0 934797663 450000000
935197662 1000000000 935197662 800000000
935197662 0 935197662 150000000
935597661 1000000000 935597661 400000000
935597661 0 935597661 450000000
935997660 1000000000 935997660 800000000
935997660 0 935997660 150000000
936397659 1000000000 936397659 400000000
936397659 0 936397659 450000000
936797658 1000000000 936797658 800000000
936797658 0 936797658 150000000
937197657 1000000000 937197657 400000000
937197657 0 937197657 450000000
937597656 1000000000 937597656 800000000
937597656 0 937597656 150000000
937997655 1000000000 937997655 400000000
937997655 0 937997655 450000000
938397654 1000000000 938397654 800000000
938397654 0 938397654 150000000
938797653 1000000000 938797653 400000000
938797653 0 938797653 450000000
939197652 1000000000 939197652 800000000
939197652 0 939197652 150000000
939597651 1000000000 939597651 400000000
939597651 0 939597651 450000000
939997650 1000000000 939997650 800000000
939997650 0 939997650 150000000
940397649 1000000000 940397649 400000000
940397649 0 940397649 450000000
940797648 1000000000 940797648 800000000
940797648 0 940797648 150000000
941197647 1000000000 941197647 400000000
941197647 0 941197647 450000000
941597646 1000000000 941597646 800000000
941597646 0 941597646 150000000
941997645 1000000000 941997645 400000000
941997645 0 941997645 450000000
942397644 1000000000 942397644 800000000
942397644 0 942397644 150000000
942797643 1000000000 942797643 400000000
942797643 0 942797643 450000000
943197642 1000000000 943197642 800000000
943197642 0 943197642 150000000
943597641 1000000000 943597641 400000000
943597641 0 943597641 450000000
943997640 1000000000 943997640 800000000
943997640 0 943997640 150000000
944397639 1000000000 944397639 400000000
944397639 0 944397639 450000000
944797638 1000000000 944797638 800000000
944797638 0 944797638 150000000
945197637 1000000000 945197637 400000000
945197637 0 945197637 450000000
945597636 1000000000 945597636 800000000
945597636 0 945597636 150000000
945997635 1000000000 945997635 400000000
945997635 0 945997635 450000000
946397634 1000000000 946397634 800000000
946397634 0 946397634 150000000
946797633 1000000000 946797633 400000000
946797633 0 946797633 450000000
947197632 1000000000 947197632 800000000
947197632 0 947197632 150000000
947597631 1000000000 947597631 400000000
947597631 0 947597631 450000000
947997630 1000000000 947997630 800000000
947997630 0 947997630 150000000
948397629 1000000000 948397629 400000000
948397629 0 948397629 450000000
948797628 1000000000 948797628 800000000
948797628 0 948797628 150000000
949197627 1000000000 949197627 400000000
949197627 0 949197627 450000000
949597626 1000000000 949597626 800000000
949597626 0 949597626 150000000
949997625 1000000000 949997625 400000000
949997625 0 949997625 450000000
950397624 1000000000 950397624 800000000
950397624 0 950397624 150000000
950797623 1000000000 950797623 400000000
950797623 0 950797623 450000000
951197622 1000000000 951197622 800000000
951197622 0 951197622 150000000
951597621 1000000000 951597621 400000000
951597621 0 951597621 450000000
951997620 1000000000 951997620 800000000
951997620 0 951997620 150000000
952397619 1000000000 952397619 400000000
952397619 0 952397619 450000000
952797618 1000000000 952797618 800000000
952797618 0 952797618 150000000
953197617 1000000000 953197617 400000000
953197617 0 953197617 450000000
953597616 1000000000 953597616 800000000
953597616 0 953597616 150000000
953997615 1000000000 953997615 400000000
953997615 0 953997615 450000000
954397614 1000000000 954397614 800000000
954397614 0 954397614 150000000
954797613 1000000000 954797613 400000000
954797613 0 954797613 450000000
955197612 1000000000 955197612 800000000
955197612 0 955197612 150000000
955597611 1000000000 955597611 400000000
955597611 0 955597611 450000000
955997610 1000000000 955997610 800000000
955997610 0 955997610 150000000
956397609 1000000000 956397609 400000000
956397609 0 956397609 450000000
956797608 1000000000 956797608 800000000
956797608 0 956797608 150000000
957197607 1000000000 957197607 400000000
957197607 0 957197607 450000000
957597606 1000000000 957597606 800000000
957597606 0 957597606 150000000
957997605 1000000000 957997605 400000000
957997605 0 957997605 450000000
958397604 1000000000 958397604 800000000
958397604 0 958397604 150000000
958797603 1000000000 958797603 400000000
958797603 0 958797603 450000000
959197602 1000000000 959197602 800000000
959197602 0 959197602 150000000
959597601 1000000000 959597601 400000000
959597601 0 959597601 450000000
959997600 1000000000 959997600 800000000
959997600 0 959997600 150000000
960397599 1000000000 960397599 400000000
960397599 0 960397599 450000000
960797598 1000000000 960797598 800000000
960797598 0 960797598 150000000
961197597 1000000000 961197597 400000000
961197597 0 961197597 450000000
961597596 1000000000 961597596 800000000
961597596 0 961597596 150000000
961997595 1000000000 961997595 400000000
961997595 0 961997595 450000000
962397594 1000000000 962397594 800000000
962397594 0 962397594 150000000
962797593 1000000000 962797593 400000000
962797593 0 962797593 450000000
963197592 1000000000 963197592 800000000
963197592 0 963197592 150000000
963597591 1000000000 963597591 400000000
963597591 0 963597591 450000000
963997590 1000000000 963997590 800000000
963997590 0 963997590 150000000
964397589 1000000000 964397589 400000000
964397589 0 964397589 450000000
964797588 1000000000 964797588 800000000
964797588 0 964797588 150000000
965197587 1000000000 965197587 400000000
965197587 0 965197587 450000000
965597586 1000000000 965597586 800000000
965597586 0 965597586 150000000
965997585 1000000000 965997585 400000000
965997585 0 965997585 450000000
966397584 1000000000 966397584 800000000
966397584 0 966397584 150000000
966797583 1000000000 966797583 400000000
966797583 0 966797583 450000000
967197582 1000000000 967197582 800000000
967197582 0 967197582 150000000
967597581 1000000000 967597581 400000000
967597581 0 967597581 450000000
967997580 1000000000 967997580 800000000
967997580 0 967997580 150000000
968397579 1000000000 968397579 400000000
968397579 0 968397579 450000000
968797578 1000000000 968797578 800000000
968797578 0 968797578 150000000
969197577 1000000000 969197577 400000000
969197577 0 969197577 450000000
969597576 1000000000 969597576 800000000
969597576 0 969597576 150000000
969997575 1000000000 969997575 400000000
969997575 0 969997575 450000000
970397574 1000000000 970397574 800000000
970397574 0 970397574 150000000
970797573 1000000000 970797573 400000000
970797573 0 970797573 450000000
971197572 1000000000 971197572 800000000
971197572 0 971197572 150000000
971597571 1000000000 971597571 400000000
971597571 0 971597571 450000000
971997570 1000000000 971997570 800000000
971997570 0 971997570 150000000
972397569 1000000000 972397569 400000000
972397569 0 972397569 450000000
972797568 1000000000 972797568 800000000
972797568 0 972797568 150000000
973197567 1000000000 973197567 400000000
973197567 0 973197567 450000000
973597566 1000000000 973597566 800000000
973597566 0 973597566 150000000
973997565 1000000000 973997565 400000000
973997565 0 973997565 450000000
974397564 1000000000 974397564 800000000
974397564 0 974397564 150000000
974797563 1000000000 974797563 400000000
974797563 0 974797563 450000000
975197562 1000000000 975197562 800000000
975197562 0 975197562 150000000
975597561 1000000000 975597561 400000000
975597561 0 975597561 450000000
975997560 1000000000 975997560 800000000
975997560 0 975997560 150000000
976397559 1000000000 976397559 400000000
976397559 0 976397559 450000000
976797558 1000000000 976797558 800000000
976797558 0 976797558 150000000
977197557 1000000000 977197557 400000000
977197557 0 977197557 450000000
977597556 1000000000 977597556 800000000
977597556 0 977597556 150000000
977997555 1000000000 977997555 400000000
977997555 0 977997555 450000000
978397554 1000000000 978397554 800000000
978397554 0 978397554 150000000
978797553 1000000000 978797553 400000000
978797553 0 978797553 450000000
979197552 1000000000 979197552 800000000
979197552 0 979197552 150000000
979597551 1000000000 979597551 400000000
979597551 0 979597551 450000000
979997550 1000000000 979997550 800000000
979997550 0 979997550 150000000
980397549 1000000000 980397549 400000000
980397549 0 980397549 450000000
980797548 1000000000 980797548 800000000
980797548 0 980797548 150000000
981197547 1000000000 981197547 400000000
981197547 0 981197547 450000000
981597546 1000000000 981597546 800000000
981597546 0 981597546 150000000
981997545 1000000000 981997545 400000000
981997545 0 981997545 450000000
982397544 1000000000 982397544 800000000
982397544 0 982397544 150000000
982797543 1000000000 982797543 400000000
982797543 0 982797543 450000000
983197542 1000000000 983197542 800000000
983197542 0 983197542 150000000
983597541 1000000000 983597541 400000000
983597541 0 983597541 450000000
983997540 1000000000 983997540 800000000
983997540 0 983997540 150000000
984397539 1000000000 984397539 400000000
984397539 0 984397539 450000000
984797538 1000000000 984797538 800000000
984797538 0 984797538 150000000
985197537 1000000000 985197537 400000000
985197537 0 985197537 450000000
985597536 1000000000 985597536 800000000
985597536 0 985597536 150000000
985997535 1000000000 985997535 400000000
985997535 0 985997535 450000000
986397534 1000000000 986397534 800000000
986397534 0 986397534 150000000
986797533 1000000000 986797533 400000000
986797533 0 986797533 450000000
987197532 1000000000 987197532 800000000
987197532 0 987197532 150000000
987597531 1000000000 987597531 400000000
987597531 0 987597531 450000000
987997530 1000000000 987997530 800000000
987997530 0 987997530 150000000
988397529 1000000000 988397529 400000000
988397529 0 988397529 450000000
988797528 1000000000 988797528 800000000
988797528 0 988797528 150000000
989197527 1000000000 989197527 400000000
989197527 0 989197527 450000000
989597526 1000000000 989597526 800000000
989597526 0 989597526 150000000
989997525 1000000000 989997525 400000000
989997525 0 989997525 450000000
990397524 1000000000 990397524 800000000
990397524 0 990397524 150000000
990797523 1000000000 990797523 400000000
990797523 0 990797523 450000000
991197522 1000000000 991197522 800000000
991197522 0 991197522 150000000
991597521 1000000000 991597521 400000000
991597521 0 991597521 450000000
991997520 1000000000 991997520 800000000
991997520 0 991997520 150000000
992397519 1000000000 992397519 400000000
992397519 0 992397519 450000000
992797518 1000000000 992797518 800000000
992797518 0 992797518 150000000
993197517 1000000000 993197517 400000000
993197517 0 993197517 450000000
993597516 1000000000 993597516 800000000
993597516 0 993597516 150000000
993997515 1000000000 993997515 400000000
993997515 0 993997515 450000000
994397514 1000000000 994397514 800000000
994397514 0 994397514 150000000
994797513 1000000000 994797513 400000000
994797513 0 994797513 450000000
995197512 1000000000 995197512 800000000
995197512 0 995197512 150000000
995597511 1000000000 995597511 400000000
995597511 0 995597511 450000000
995997510 1000000000 995997510 800000000
995997510 0 995997510 150000000
996397509 1000000000 996397509 400000000
996397509 0 996397509 450000000
996797508 1000000000 996797508 800000000
996797508 0 996797508 150000000
997197507 1000000000 997197507 400000000
997197507 0 997197507 450000000
997597506 1000000000 997597506 800000000
997597506 0 997597506 150000000
997997505 1000000000 997997505 400000000
997997505 0 997997505 450000000
998397504 1000000000 998397504 800000000
998397504 0 998397504 150000000
998797503 1000000000 998797503 400000000
998797503 0 998797503 450000000
999197502 1000000000 999197502 800000000
999197502 0 999197502 150000000
999597501 1000000000 999597501 400000000
999597501 0 999597501 450000000
999997500 1000000000 999997500 800000000
999997500 0 999997500 150000000
