1000000000 1000000000 5000
399999 0 399999 1000000000
0 399999 1000000000 399999
799998 0 799998 1000000000
0 799998 1000000000 799998
1199997 0 1199997 1000000000
0 1199997 1000000000 1199997
1599996 0 1599996 1000000000
0 1599996 1000000000 1599996
1999995 0 1999995 1000000000
0 1999995 1000000000 1999995
2399994 0 2399994 1000000000
0 2399994 1000000000 2399994
2799993 0 2799993 1000000000
0 2799993 1000000000 2799993
3199992 0 3199992 1000000000
0 3199992 1000000000 3199992
3599991 0 3599991 1000000000
0 3599991 1000000000 3599991
3999990 0 3999990 1000000000
0 3999990 1000000000 3999990
4399989 0 4399989 1000000000
0 4399989 1000000000 4399989
4799988 0 4799988 1000000000
0 4799988 1000000000 4799988
5199987 0 5199987 1000000000
0 5199987 1000000000 5199987
5599986 0 5599986 1000000000
0 5599986 1000000000 5599986
5999985 0 5999985 1000000000
0 5999985 1000000000 5999985
6399984 0 6399984 1000000000
0 6399984 1000000000 6399984
6799983 0 6799983 1000000000
0 6799983 1000000000 6799983
7199982 0 7199982 1000000000
0 7199982 1000000000 7199982
7599981 0 7599981 1000000000
0 7599981 1000000000 7599981
7999980 0 7999980 1000000000
0 7999980 1000000000 7999980
8399979 0 8399979 1000000000
0 8399979 1000000000 8399979
8799978 0 8799978 1000000000
0 8799978 1000000000 8799978
9199977 0 9199977 1000000000
0 9199977 1000000000 9199977
9599976 0 9599976 1000000000
0 9599976 1000000000 9599976
9999975 0 9999975 1000000000
0 9999975 1000000000 9999975
10399974 0 10399974 1000000000
0 10399974 1000000000 10399974
10799973 0 10799973 1000000000
0 10799973 1000000000 10799973
11199972 0 11199972 1000000000
0 11199972 1000000000 11199972
11599971 0 11599971 1000000000
0 11599971 1000000000 11599971
11999970 0 11999970 1000000000
0 11999970 1000000000 11999970
12399969 0 12399969 1000000000
0 12399969 1000000000 12399969
12799968 0 12799968 1000000000
0 12799968 1000000000 12799968
13199967 0 13199967 1000000000
0 13199967 1000000000 13199967
13599966 0 13599966 1000000000
0 13599966 1000000000 13599966
13999965 0 13999965 1000000000
0 13999965 1000000000 13999965
14399964 0 14399964 1000000000
0 14399964 1000000000 14399964
14799963 0 14799963 1000000000
0 14799963 1000000000 14799963
15199962 0 15199962 1000000000
0 15199962 1000000000 15199962
15599961 0 15599961 1000000000
0 15599961 1000000000 15599961
15999960 0 15999960 1000000000
0 15999960 1000000000 15999960
16399959 0 16399959 1000000000
0 16399959 1000000000 16399959
16799958 0 16799958 1000000000
0 16799958 1000000000 16799958
17199957 0 17199957 1000000000
0 17199957 1000000000 17199957
17599956 0 17599956 1000000000
0 17599956 1000000000 17599956
17999955 0 17999955 1000000000
0 17999955 1000000000 17999955
18399954 0 18399954 1000000000
0 18399954 1000000000 18399954
18799953 0 18799953 1000000000
0 18799953 1000000000 18799953
19199952 0 19199952 1000000000
0 19199952 1000000000 19199952
19599951 0 19599951 1000000000
0 19599951 1000000000 19599951
19999950 0 19999950 1000000000
0 19999950 1000000000 19999950
20399949 0 20399949 1000000000
0 20399949 1000000000 20399949
20799948 0 20799948 1000000000
0 20799948 1000000000 20799948
21199947 0 21199947 1000000000
0 21199947 1000000000 21199947
21599946 0 21599946 1000000000
0 21599946 1000000000 21599946
21999945 0 21999945 1000000000
0 21999945 1000000000 21999945
22399944 0 22399944 1000000000
0 22399944 1000000000 22399944
22799943 0 22799943 1000000000
0 22799943 1000000000 22799943
23199942 0 23199942 1000000000
0 23199942 1000000000 23199942
23599941 0 23599941 1000000000
0 23599941 1000000000 23599941
23999940 0 23999940 1000000000
0 23999940 1000000000 23999940
24399939 0 24399939 1000000000
0 24399939 1000000000 24399939
24799938 0 24799938 1000000000
0 24799938 1000000000 24799938
25199937 0 25199937 1000000000
0 25199937 1000000000 25199937
25599936 0 25599936 1000000000
0 25599936 1000000000 25599936
25999935 0 25999935 1000000000
0 25999935 1000000000 25999935
26399934 0 26399934 1000000000
0 26399934 1000000000 26399934
26799933 0 26799933 1000000000
0 26799933 1000000000 26799933
27199932 0 27199932 1000000000
0 27199932 1000000000 27199932
27599931 0 27599931 1000000000
0 27599931 1000000000 27599931
27999930 0 27999930 1000000000
0 27999930 1000000000 27999930
28399929 0 28399929 1000000000
0 28399929 1000000000 28399929
28799928 0 28799928 1000000000
0 28799928 1000000000 28799928
29199927 0 29199927 1000000000
0 29199927 1000000000 29199927
29599926 0 29599926 1000000000
0 29599926 1000000000 29599926
29999925 0 29999925 1000000000
0 29999925 1000000000 29999925
30399924 0 30399924 1000000000
0 30399924 1000000000 30399924
30799923 0 30799923 1000000000
0 30799923 1000000000 30799923
31199922 0 31199922 1000000000
0 31199922 1000000000 31199922
31599921 0 31599921 1000000000
0 31599921 1000000000 31599921
31999920 0 31999920 1000000000
0 31999920 1000000000 31999920
32399919 0 32399919 1000000000
0 32399919 1000000000 32399919
32799918 0 32799918 1000000000
0 32799918 1000000000 32799918
33199917 0 33199917 1000000000
0 33199917 1000000000 33199917
33599916 0 33599916 1000000000
0 33599916 1000000000 33599916
33999915 0 33999915 1000000000
0 33999915 1000000000 33999915
34399914 0 34399914 1000000000
0 34399914 1000000000 34399914
34799913 0 34799913 1000000000
0 34799913 1000000000 34799913
35199912 0 35199912 1000000000
0 35199912 1000000000 35199912
35599911 0 35599911 1000000000
0 35599911 1000000000 35599911
35999910 0 35999910 1000000000
0 35999910 1000000000 35999910
36399909 0 36399909 1000000000
0 36399909 1000000000 36399909
36799908 0 36799908 1000000000
0 36799908 1000000000 36799908
37199907 0 37199907 1000000000
0 37199907 1000000000 37199907
37599906 0 37599906 1000000000
0 37599906 1000000000 37599906
37999905 0 37999905 1000000000
0 37999905 1000000000 37999905
38399904 0 38399904 1000000000
0 38399904 1000000000 38399904
38799903 0 38799903 1000000000
0 38799903 1000000000 38799903
39199902 0 39199902 1000000000
0 39199902 1000000000 39199902
39599901 0 39599901 1000000000
0 39599901 1000000000 39599901
39999900 0 39999900 1000000000
0 39999900 1000000000 39999900
40399899 0 40399899 1000000000
0 40399899 1000000000 40399899
40799898 0 40799898 1000000000
0 40799898 1000000000 40799898
41199897 0 41199897 1000000000
0 41199897 1000000000 41199897
41599896 0 41599896 1000000000
0 41599896 1000000000 41599896
41999895 0 41999895 1000000000
0 41999895 1000000000 41999895
42399894 0 42399894 1000000000
0 42399894 1000000000 42399894
42799893 0 42799893 1000000000
0 42799893 1000000000 42799893
43199892 0 43199892 1000000000
0 43199892 1000000000 43199892
43599891 0 43599891 1000000000
0 43599891 1000000000 43599891
43999890 0 43999890 1000000000
0 43999890 1000000000 43999890
44399889 0 44399889 1000000000
0 44399889 1000000000 44399889
44799888 0 44799888 1000000000
0 44799888 1000000000 44799888
45199887 0 45199887 1000000000
0 45199887 1000000000 45199887
45599886 0 45599886 1000000000
0 45599886 1000000000 45599886
45999885 0 45999885 1000000000
0 45999885 1000000000 45999885
46399884 0 46399884 1000000000
0 46399884 1000000000 46399884
46799883 0 46799883 1000000000
0 46799883 1000000000 46799883
47199882 0 47199882 1000000000
0 47199882 1000000000 47199882
47599881 0 47599881 1000000000
0 47599881 1000000000 47599881
47999880 0 47999880 1000000000
0 47999880 1000000000 47999880
48399879 0 48399879 1000000000
0 48399879 1000000000 48399879
48799878 0 48799878 1000000000
0 48799878 1000000000 48799878
49199877 0 49199877 1000000000
0 49199877 1000000000 49199877
49599876 0 49599876 1000000000
0 49599876 1000000000 49599876
49999875 0 49999875 1000000000
0 49999875 1000000000 49999875
50399874 0 50399874 1000000000
0 50399874 1000000000 50399874
50799873 0 50799873 1000000000
0 50799873 1000000000 50799873
51199872 0 51199872 1000000000
0 51199872 1000000000 51199872
51599871 0 51599871 1000000000
0 51599871 1000000000 51599871
51999870 0 51999870 1000000000
0 51999870 1000000000 51999870
52399869 0 52399869 1000000000
0 52399869 1000000000 52399869
52799868 0 52799868 1000000000
0 52799868 1000000000 52799868
53199867 0 53199867 1000000000
0 53199867 1000000000 53199867
53599866 0 53599866 1000000000
0 53599866 1000000000 53599866
53999865 0 53999865 1000000000
0 53999865 1000000000 53999865
54399864 0 54399864 1000000000
0 54399864 1000000000 54399864
54799863 0 54799863 1000000000
0 54799863 1000000000 54799863
55199862 0 55199862 1000000000
0 55199862 1000000000 55199862
55599861 0 55599861 1000000000
0 55599861 1000000000 55599861
55999860 0 55999860 1000000000
0 55999860 1000000000 55999860
56399859 0 56399859 1000000000
0 56399859 1000000000 56399859
56799858 0 56799858 1000000000
0 56799858 1000000000 56799858
57199857 0 57199857 1000000000
0 57199857 1000000000 57199857
57599856 0 57599856 1000000000
0 57599856 1000000000 57599856
57999855 0 57999855 1000000000
0 57999855 1000000000 57999855
58399854 0 58399854 1000000000
0 58399854 1000000000 58399854
58799853 0 58799853 1000000000
0 58799853 1000000000 58799853
59199852 0 59199852 1000000000
0 59199852 1000000000 59199852
59599851 0 59599851 1000000000
0 59599851 1000000000 59599851
59999850 0 59999850 1000000000
0 59999850 1000000000 59999850
60399849 0 60399849 1000000000
0 60399849 1000000000 60399849
60799848 0 60799848 1000000000
0 60799848 1000000000 60799848
61199847 0 61199847 1000000000
0 61199847 1000000000 61199847
61599846 0 61599846 1000000000
0 61599846 1000000000 61599846
61999845 0 61999845 1000000000
0 61999845 1000000000 61999845
62399844 0 62399844 1000000000
0 62399844 1000000000 62399844
62799843 0 62799843 1000000000
0 62799843 1000000000 62799843
63199842 0 63199842 1000000000
0 63199842 1000000000 63199842
63599841 0 63599841 1000000000
0 63599841 1000000000 63599841
63999840 0 63999840 1000000000
0 63999840 1000000000 63999840
64399839 0 64399839 1000000000
0 64399839 1000000000 64399839
64799838 0 64799838 1000000000
0 64799838 1000000000 64799838
65199837 0 65199837 1000000000
0 65199837 1000000000 65199837
65599836 0 65599836 1000000000
0 65599836 1000000000 65599836
65999835 0 65999835 1000000000
0 65999835 1000000000 65999835
66399834 0 66399834 1000000000
0 66399834 1000000000 66399834
66799833 0 66799833 1000000000
0 66799833 1000000000 66799833
67199832 0 67199832 1000000000
0 67199832 1000000000 67199832
67599831 0 67599831 1000000000
0 67599831 1000000000 67599831
67999830 0 67999830 1000000000
0 67999830 1000000000 67999830
68399829 0 68399829 1000000000
0 68399829 1000000000 68399829
68799828 0 68799828 1000000000
0 68799828 1000000000 68799828
69199827 0 69199827 1000000000
0 69199827 1000000000 69199827
69599826 0 69599826 1000000000
0 69599826 1000000000 69599826
69999825 0 69999825 1000000000
0 69999825 1000000000 69999825
70399824 0 70399824 1000000000
0 70399824 1000000000 70399824
70799823 0 70799823 1000000000
0 70799823 1000000000 70799823
71199822 0 71199822 1000000000
0 71199822 1000000000 71199822
71599821 0 71599821 1000000000
0 71599821 1000000000 71599821
71999820 0 71999820 1000000000
0 71999820 1000000000 71999820
72399819 0 72399819 1000000000
0 72399819 1000000000 72399819
72799818 0 72799818 1000000000
0 72799818 1000000000 72799818
73199817 0 73199817 1000000000
0 73199817 1000000000 73199817
73599816 0 73599816 1000000000
0 73599816 1000000000 73599816
73999815 0 73999815 1000000000
0 73999815 1000000000 73999815
74399814 0 74399814 1000000000
0 74399814 1000000000 74399814
74799813 0 74799813 1000000000
0 74799813 1000000000 74799813
75199812 0 75199812 1000000000
0 75199812 1000000000 75199812
75599811 0 75599811 1000000000
0 75599811 1000000000 75599811
75999810 0 75999810 1000000000
0 75999810 1000000000 75999810
76399809 0 76399809 1000000000
0 76399809 1000000000 76399809
76799808 0 76799808 1000000000
0 76799808 1000000000 76799808
77199807 0 77199807 1000000000
0 77199807 1000000000 77199807
77599806 0 77599806 1000000000
0 77599806 1000000000 77599806
77999805 0 77999805 1000000000
0 77999805 1000000000 77999805
78399804 0 78399804 1000000000
0 78399804 1000000000 78399804
78799803 0 78799803 1000000000
0 78799803 1000000000 78799803
79199802 0 79199802 1000000000
0 79199802 1000000000 79199802
79599801 0 79599801 1000000000
0 79599801 1000000000 79599801
79999800 0 79999800 1000000000
0 79999800 1000000000 79999800
80399799 0 80399799 1000000000
0 80399799 1000000000 80399799
80799798 0 80799798 1000000000
0 80799798 1000000000 80799798
81199797 0 81199797 1000000000
0 81199797 1000000000 81199797
81599796 0 81599796 1000000000
0 81599796 1000000000 81599796
81999795 0 81999795 1000000000
0 81999795 1000000000 81999795
82399794 0 82399794 1000000000
0 82399794 1000000000 82399794
82799793 0 82799793 1000000000
0 82799793 1000000000 82799793
83199792 0 83199792 1000000000
0 83199792 1000000000 83199792
83599791 0 83599791 1000000000
0 83599791 1000000000 83599791
83999790 0 83999790 1000000000
0 83999790 1000000000 83999790
84399789 0 84399789 1000000000
0 84399789 1000000000 84399789
84799788 0 84799788 1000000000
0 84799788 1000000000 84799788
85199787 0 85199787 1000000000
0 85199787 1000000000 85199787
85599786 0 85599786 1000000000
0 85599786 1000000000 85599786
85999785 0 85999785 1000000000
0 85999785 1000000000 85999785
86399784 0 86399784 1000000000
0 86399784 1000000000 86399784
86799783 0 86799783 1000000000
0 86799783 1000000000 86799783
87199782 0 87199782 1000000000
0 87199782 1000000000 87199782
87599781 0 87599781 1000000000
0 87599781 1000000000 87599781
87999780 0 87999780 1000000000
0 87999780 1000000000 87999780
88399779 0 88399779 1000000000
0 88399779 1000000000 88399779
88799778 0 88799778 1000000000
0 88799778 1000000000 88799778
89199777 0 89199777 1000000000
0 89199777 1000000000 89199777
89599776 0 89599776 1000000000
0 89599776 1000000000 89599776
89999775 0 89999775 1000000000
0 89999775 1000000000 89999775
90399774 0 90399774 1000000000
0 90399774 1000000000 90399774
90799773 0 90799773 1000000000
0 90799773 1000000000 90799773
91199772 0 91199772 1000000000
0 91199772 1000000000 91199772
91599771 0 91599771 1000000000
0 91599771 1000000000 91599771
91999770 0 91999770 1000000000
0 91999770 1000000000 91999770
92399769 0 92399769 1000000000
0 92399769 1000000000 92399769
92799768 0 92799768 1000000000
0 92799768 1000000000 92799768
93199767 0 93199767 1000000000
0 93199767 1000000000 93199767
93599766 0 93599766 1000000000
0 93599766 1000000000 93599766
93999765 0 93999765 1000000000
0 93999765 1000000000 93999765
94399764 0 94399764 1000000000
0 94399764 1000000000 94399764
94799763 0 94799763 1000000000
0 94799763 1000000000 94799763
95199762 0 95199762 1000000000
0 95199762 1000000000 95199762
95599761 0 95599761 1000000000
0 95599761 1000000000 95599761
95999760 0 95999760 1000000000
0 95999760 1000000000 95999760
96399759 0 96399759 1000000000
0 96399759 1000000000 96399759
96799758 0 96799758 1000000000
0 96799758 1000000000 96799758
97199757 0 97199757 1000000000
0 97199757 1000000000 97199757
97599756 0 97599756 1000000000
0 97599756 1000000000 97599756
97999755 0 97999755 1000000000
0 97999755 1000000000 97999755
98399754 0 98399754 1000000000
0 98399754 1000000000 98399754
98799753 0 98799753 1000000000
0 98799753 1000000000 98799753
99199752 0 99199752 1000000000
0 99199752 1000000000 99199752
99599751 0 99599751 1000000000
0 99599751 1000000000 99599751
99999750 0 99999750 1000000000
0 99999750 1000000000 99999750
100399749 0 100399749 1000000000
0 100399749 1000000000 100399749
100799748 0 100799748 1000000000
0 100799748 1000000000 100799748
101199747 0 101199747 1000000000
0 101199747 1000000000 101199747
101599746 0 101599746 1000000000
0 101599746 1000000000 101599746
101999745 0 101999745 1000000000
0 101999745 1000000000 101999745
102399744 0 102399744 1000000000
0 102399744 1000000000 102399744
102799743 0 102799743 1000000000
0 102799743 1000000000 102799743
103199742 0 103199742 1000000000
0 103199742 1000000000 103199742
103599741 0 103599741 1000000000
0 103599741 1000000000 103599741
103999740 0 103999740 1000000000
0 103999740 1000000000 103999740
104399739 0 104399739 1000000000
0 104399739 1000000000 104399739
104799738 0 104799738 1000000000
0 104799738 1000000000 104799738
105199737 0 105199737 1000000000
0 105199737 1000000000 105199737
105599736 0 105599736 1000000000
0 105599736 1000000000 105599736
105999735 0 105999735 1000000000
0 105999735 1000000000 105999735
106399734 0 106399734 1000000000
0 106399734 1000000000 106399734
106799733 0 106799733 1000000000
0 106799733 1000000000 106799733
107199732 0 107199732 1000000000
0 107199732 1000000000 107199732
107599731 0 107599731 1000000000
0 107599731 1000000000 107599731
107999730 0 107999730 1000000000
0 107999730 1000000000 107999730
108399729 0 108399729 1000000000
0 108399729 1000000000 108399729
108799728 0 108799728 1000000000
0 108799728 1000000000 108799728
109199727 0 109199727 1000000000
0 109199727 1000000000 109199727
109599726 0 109599726 1000000000
0 109599726 1000000000 109599726
109999725 0 109999725 1000000000
0 109999725 1000000000 109999725
110399724 0 110399724 1000000000
0 110399724 1000000000 110399724
110799723 0 110799723 1000000000
0 110799723 1000000000 110799723
111199722 0 111199722 1000000000
0 111199722 1000000000 111199722
111599721 0 111599721 1000000000
0 111599721 1000000000 111599721
111999720 0 111999720 1000000000
0 111999720 1000000000 111999720
112399719 0 112399719 1000000000
0 112399719 1000000000 112399719
112799718 0 112799718 1000000000
0 112799718 1000000000 112799718
113199717 0 113199717 1000000000
0 113199717 1000000000 113199717
113599716 0 113599716 1000000000
0 113599716 1000000000 113599716
113999715 0 113999715 1000000000
0 113999715 1000000000 113999715
114399714 0 114399714 1000000000
0 114399714 1000000000 114399714
114799713 0 114799713 1000000000
0 114799713 1000000000 114799713
115199712 0 115199712 1000000000
0 115199712 1000000000 115199712
115599711 0 115599711 1000000000
0 115599711 1000000000 115599711
115999710 0 115999710 1000000000
0 115999710 1000000000 115999710
116399709 0 116399709 1000000000
0 116399709 1000000000 116399709
116799708 0 116799708 1000000000
0 116799708 1000000000 116799708
117199707 0 117199707 1000000000
0 117199707 1000000000 117199707
117599706 0 117599706 1000000000
0 117599706 1000000000 117599706
117999705 0 117999705 1000000000
0 117999705 1000000000 117999705
118399704 0 118399704 1000000000
0 118399704 1000000000 118399704
118799703 0 118799703 1000000000
0 118799703 1000000000 118799703
119199702 0 119199702 1000000000
0 119199702 1000000000 119199702
119599701 0 119599701 1000000000
0 119599701 1000000000 119599701
119999700 0 119999700 1000000000
0 119999700 1000000000 119999700
120399699 0 120399699 1000000000
0 120399699 1000000000 120399699
120799698 0 120799698 1000000000
0 120799698 1000000000 120799698
121199697 0 121199697 1000000000
0 121199697 1000000000 121199697
121599696 0 121599696 1000000000
0 121599696 1000000000 121599696
121999695 0 121999695 1000000000
0 121999695 1000000000 121999695
122399694 0 122399694 1000000000
0 122399694 1000000000 122399694
122799693 0 122799693 1000000000
0 122799693 1000000000 122799693
123199692 0 123199692 1000000000
0 123199692 1000000000 123199692
123599691 0 123599691 1000000000
0 123599691 1000000000 123599691
123999690 0 123999690 1000000000
0 123999690 1000000000 123999690
124399689 0 124399689 1000000000
0 124399689 1000000000 124399689
124799688 0 124799688 1000000000
0 124799688 1000000000 124799688
125199687 0 125199687 1000000000
0 125199687 1000000000 125199687
125599686 0 125599686 1000000000
0 125599686 1000000000 125599686
125999685 0 125999685 1000000000
0 125999685 1000000000 125999685
126399684 0 126399684 1000000000
0 126399684 1000000000 126399684
126799683 0 126799683 1000000000
0 126799683 1000000000 126799683
127199682 0 127199682 1000000000
0 127199682 1000000000 127199682
127599681 0 127599681 1000000000
0 127599681 1000000000 127599681
127999680 0 127999680 1000000000
0 127999680 1000000000 127999680
128399679 0 128399679 1000000000
0 128399679 1000000000 128399679
128799678 0 128799678 1000000000
0 128799678 1000000000 128799678
129199677 0 129199677 1000000000
0 129199677 1000000000 129199677
129599676 0 129599676 1000000000
0 129599676 1000000000 129599676
129999675 0 129999675 1000000000
0 129999675 1000000000 129999675
130399674 0 130399674 1000000000
0 130399674 1000000000 130399674
130799673 0 130799673 1000000000
0 130799673 1000000000 130799673
131199672 0 131199672 1000000000
0 131199672 1000000000 131199672
131599671 0 131599671 1000000000
0 131599671 1000000000 131599671
131999670 0 131999670 1000000000
0 131999670 1000000000 131999670
132399669 0 132399669 1000000000
0 132399669 1000000000 132399669
132799668 0 132799668 1000000000
0 132799668 1000000000 132799668
133199667 0 133199667 1000000000
0 133199667 1000000000 133199667
133599666 0 133599666 1000000000
0 133599666 1000000000 133599666
133999665 0 133999665 1000000000
0 133999665 1000000000 133999665
134399664 0 134399664 1000000000
0 134399664 1000000000 134399664
134799663 0 134799663 1000000000
0 134799663 1000000000 134799663
135199662 0 135199662 1000000000
0 135199662 1000000000 135199662
135599661 0 135599661 1000000000
0 135599661 1000000000 135599661
135999660 0 135999660 1000000000
0 135999660 1000000000 135999660
136399659 0 136399659 1000000000
0 136399659 1000000000 136399659
136799658 0 136799658 1000000000
0 136799658 1000000000 136799658
137199657 0 137199657 1000000000
0 137199657 1000000000 137199657
137599656 0 137599656 1000000000
0 137599656 1000000000 137599656
137999655 0 137999655 1000000000
0 137999655 1000000000 137999655
138399654 0 138399654 1000000000
0 138399654 1000000000 138399654
138799653 0 138799653 1000000000
0 138799653 1000000000 138799653
139199652 0 139199652 1000000000
0 139199652 1000000000 139199652
139599651 0 139599651 1000000000
0 139599651 1000000000 139599651
139999650 0 139999650 1000000000
0 139999650 1000000000 139999650
140399649 0 140399649 1000000000
0 140399649 1000000000 140399649
140799648 0 140799648 1000000000
0 140799648 1000000000 140799648
141199647 0 141199647 1000000000
0 141199647 1000000000 141199647
141599646 0 141599646 1000000000
0 141599646 1000000000 141599646
141999645 0 141999645 1000000000
0 141999645 1000000000 141999645
142399644 0 142399644 1000000000
0 142399644 1000000000 142399644
142799643 0 142799643 1000000000
0 142799643 1000000000 142799643
143199642 0 143199642 1000000000
0 143199642 1000000000 143199642
143599641 0 143599641 1000000000
0 143599641 1000000000 143599641
143999640 0 143999640 1000000000
0 143999640 1000000000 143999640
144399639 0 144399639 1000000000
0 144399639 1000000000 144399639
144799638 0 144799638 1000000000
0 144799638 1000000000 144799638
145199637 0 145199637 1000000000
0 145199637 1000000000 145199637
145599636 0 145599636 1000000000
0 145599636 1000000000 145599636
145999635 0 145999635 1000000000
0 145999635 1000000000 145999635
146399634 0 146399634 1000000000
0 146399634 1000000000 146399634
146799633 0 146799633 1000000000
0 146799633 1000000000 146799633
147199632 0 147199632 1000000000
0 147199632 1000000000 147199632
147599631 0 147599631 1000000000
0 147599631 1000000000 147599631
147999630 0 147999630 1000000000
0 147999630 1000000000 147999630
148399629 0 148399629 1000000000
0 148399629 1000000000 148399629
148799628 0 148799628 1000000000
0 148799628 1000000000 148799628
149199627 0 149199627 1000000000
0 149199627 1000000000 149199627
149599626 0 149599626 1000000000
0 149599626 1000000000 149599626
149999625 0 149999625 1000000000
0 149999625 1000000000 149999625
150399624 0 150399624 1000000000
0 150399624 1000000000 150399624
150799623 0 150799623 1000000000
0 150799623 1000000000 150799623
151199622 0 151199622 1000000000
0 151199622 1000000000 151199622
151599621 0 151599621 1000000000
0 151599621 1000000000 151599621
151999620 0 151999620 1000000000
0 151999620 1000000000 151999620
152399619 0 152399619 1000000000
0 152399619 1000000000 152399619
152799618 0 152799618 1000000000
0 152799618 1000000000 152799618
153199617 0 153199617 1000000000
0 153199617 1000000000 153199617
153599616 0 153599616 1000000000
0 153599616 1000000000 153599616
153999615 0 153999615 1000000000
0 153999615 1000000000 153999615
154399614 0 154399614 1000000000
0 154399614 1000000000 154399614
154799613 0 154799613 1000000000
0 154799613 1000000000 154799613
155199612 0 155199612 1000000000
0 155199612 1000000000 155199612
155599611 0 155599611 1000000000
0 155599611 1000000000 155599611
155999610 0 155999610 1000000000
0 155999610 1000000000 155999610
156399609 0 156399609 1000000000
0 156399609 1000000000 156399609
156799608 0 156799608 1000000000
0 156799608 1000000000 156799608
157199607 0 157199607 1000000000
0 157199607 1000000000 157199607
157599606 0 157599606 1000000000
0 157599606 1000000000 157599606
157999605 0 157999605 1000000000
0 157999605 1000000000 157999605
158399604 0 158399604 1000000000
0 158399604 1000000000 158399604
158799603 0 158799603 1000000000
0 158799603 1000000000 158799603
159199602 0 159199602 1000000000
0 159199602 1000000000 159199602
159599601 0 159599601 1000000000
0 159599601 1000000000 159599601
159999600 0 159999600 1000000000
0 159999600 1000000000 159999600
160399599 0 160399599 1000000000
0 160399599 1000000000 160399599
160799598 0 160799598 1000000000
0 160799598 1000000000 160799598
161199597 0 161199597 1000000000
0 161199597 1000000000 161199597
161599596 0 161599596 1000000000
0 161599596 1000000000 161599596
161999595 0 161999595 1000000000
0 161999595 1000000000 161999595
162399594 0 162399594 1000000000
0 162399594 1000000000 162399594
162799593 0 162799593 1000000000
0 162799593 1000000000 162799593
163199592 0 163199592 1000000000
0 163199592 1000000000 163199592
163599591 0 163599591 1000000000
0 163599591 1000000000 163599591
163999590 0 163999590 1000000000
0 163999590 1000000000 163999590
164399589 0 164399589 1000000000
0 164399589 1000000000 164399589
164799588 0 164799588 1000000000
0 164799588 1000000000 164799588
165199587 0 165199587 1000000000
0 165199587 1000000000 165199587
165599586 0 165599586 1000000000
0 165599586 1000000000 165599586
165999585 0 165999585 1000000000
0 165999585 1000000000 165999585
166399584 0 166399584 1000000000
0 166399584 1000000000 166399584
166799583 0 166799583 1000000000
0 166799583 1000000000 166799583
167199582 0 167199582 1000000000
0 167199582 1000000000 167199582
167599581 0 167599581 1000000000
0 167599581 1000000000 167599581
167999580 0 167999580 1000000000
0 167999580 1000000000 167999580
168399579 0 168399579 1000000000
0 168399579 1000000000 168399579
168799578 0 168799578 1000000000
0 168799578 1000000000 168799578
169199577 0 169199577 1000000000
0 169199577 1000000000 169199577
169599576 0 169599576 1000000000
0 169599576 1000000000 169599576
169999575 0 169999575 1000000000
0 169999575 1000000000 169999575
170399574 0 170399574 1000000000
0 170399574 1000000000 170399574
170799573 0 170799573 1000000000
0 170799573 1000000000 170799573
171199572 0 171199572 1000000000
0 171199572 1000000000 171199572
171599571 0 171599571 1000000000
0 171599571 1000000000 171599571
171999570 0 171999570 1000000000
0 171999570 1000000000 171999570
172399569 0 172399569 1000000000
0 172399569 1000000000 172399569
172799568 0 172799568 1000000000
0 172799568 1000000000 172799568
173199567 0 173199567 1000000000
0 173199567 1000000000 173199567
173599566 0 173599566 1000000000
0 173599566 1000000000 173599566
173999565 0 173999565 1000000000
0 173999565 1000000000 173999565
174399564 0 174399564 1000000000
0 174399564 1000000000 174399564
174799563 0 174799563 1000000000
0 174799563 1000000000 174799563
175199562 0 175199562 1000000000
0 175199562 1000000000 175199562
175599561 0 175599561 1000000000
0 175599561 1000000000 175599561
175999560 0 175999560 1000000000
0 175999560 1000000000 175999560
176399559 0 176399559 1000000000
0 176399559 1000000000 176399559
176799558 0 176799558 1000000000
0 176799558 1000000000 176799558
177199557 0 177199557 1000000000
0 177199557 1000000000 177199557
177599556 0 177599556 1000000000
0 177599556 1000000000 177599556
177999555 0 177999555 1000000000
0 177999555 1000000000 177999555
178399554 0 178399554 1000000000
0 178399554 1000000000 178399554
178799553 0 178799553 1000000000
0 178799553 1000000000 178799553
179199552 0 179199552 1000000000
0 179199552 1000000000 179199552
179599551 0 179599551 1000000000
0 179599551 1000000000 179599551
179999550 0 179999550 1000000000
0 179999550 1000000000 179999550
180399549 0 180399549 1000000000
0 180399549 1000000000 180399549
180799548 0 180799548 1000000000
0 180799548 1000000000 180799548
181199547 0 181199547 1000000000
0 181199547 1000000000 181199547
181599546 0 181599546 1000000000
0 181599546 1000000000 181599546
181999545 0 181999545 1000000000
0 181999545 1000000000 181999545
182399544 0 182399544 1000000000
0 182399544 1000000000 182399544
182799543 0 182799543 1000000000
0 182799543 1000000000 182799543
183199542 0 183199542 1000000000
0 183199542 1000000000 183199542
183599541 0 183599541 1000000000
0 183599541 1000000000 183599541
183999540 0 183999540 1000000000
0 183999540 1000000000 183999540
184399539 0 184399539 1000000000
0 184399539 1000000000 184399539
184799538 0 184799538 1000000000
0 184799538 1000000000 184799538
185199537 0 185199537 1000000000
0 185199537 1000000000 185199537
185599536 0 185599536 1000000000
0 185599536 1000000000 185599536
185999535 0 185999535 1000000000
0 185999535 1000000000 185999535
186399534 0 186399534 1000000000
0 186399534 1000000000 186399534
186799533 0 186799533 1000000000
0 186799533 1000000000 186799533
187199532 0 187199532 1000000000
0 187199532 1000000000 187199532
187599531 0 187599531 1000000000
0 187599531 1000000000 187599531
187999530 0 187999530 1000000000
0 187999530 1000000000 187999530
188399529 0 188399529 1000000000
0 188399529 1000000000 188399529
188799528 0 188799528 1000000000
0 188799528 1000000000 188799528
189199527 0 189199527 1000000000
0 189199527 1000000000 189199527
189599526 0 189599526 1000000000
0 189599526 1000000000 189599526
189999525 0 189999525 1000000000
0 189999525 1000000000 189999525
190399524 0 190399524 1000000000
0 190399524 1000000000 190399524
190799523 0 190799523 1000000000
0 190799523 1000000000 190799523
191199522 0 191199522 1000000000
0 191199522 1000000000 191199522
191599521 0 191599521 1000000000
0 191599521 1000000000 191599521
191999520 0 191999520 1000000000
0 191999520 1000000000 191999520
192399519 0 192399519 1000000000
0 192399519 1000000000 192399519
192799518 0 192799518 1000000000
0 192799518 1000000000 192799518
193199517 0 193199517 1000000000
0 193199517 1000000000 193199517
193599516 0 193599516 1000000000
0 193599516 1000000000 193599516
193999515 0 193999515 1000000000
0 193999515 1000000000 193999515
194399514 0 194399514 1000000000
0 194399514 1000000000 194399514
194799513 0 194799513 1000000000
0 194799513 1000000000 194799513
195199512 0 195199512 1000000000
0 195199512 1000000000 195199512
195599511 0 195599511 1000000000
0 195599511 1000000000 195599511
195999510 0 195999510 1000000000
0 195999510 1000000000 195999510
196399509 0 196399509 1000000000
0 196399509 1000000000 196399509
196799508 0 196799508 1000000000
0 196799508 1000000000 196799508
197199507 0 197199507 1000000000
0 197199507 1000000000 197199507
197599506 0 197599506 1000000000
0 197599506 1000000000 197599506
197999505 0 197999505 1000000000
0 197999505 1000000000 197999505
198399504 0 198399504 1000000000
0 198399504 1000000000 198399504
198799503 0 198799503 1000000000
0 198799503 1000000000 198799503
199199502 0 199199502 1000000000
0 199199502 1000000000 199199502
199599501 0 199599501 1000000000
0 199599501 1000000000 199599501
199999500 0 199999500 1000000000
0 199999500 1000000000 199999500
200399499 0 200399499 1000000000
0 200399499 1000000000 200399499
200799498 0 200799498 1000000000
0 200799498 1000000000 200799498
201199497 0 201199497 1000000000
0 201199497 1000000000 201199497
201599496 0 201599496 1000000000
0 201599496 1000000000 201599496
201999495 0 201999495 1000000000
0 201999495 1000000000 201999495
202399494 0 202399494 1000000000
0 202399494 1000000000 202399494
202799493 0 202799493 1000000000
0 202799493 1000000000 202799493
203199492 0 203199492 1000000000
0 203199492 1000000000 203199492
203599491 0 203599491 1000000000
0 203599491 1000000000 203599491
203999490 0 203999490 1000000000
0 203999490 1000000000 203999490
204399489 0 204399489 1000000000
0 204399489 1000000000 204399489
204799488 0 204799488 1000000000
0 204799488 1000000000 204799488
205199487 0 205199487 1000000000
0 205199487 1000000000 205199487
205599486 0 205599486 1000000000
0 205599486 1000000000 205599486
205999485 0 205999485 1000000000
0 205999485 1000000000 205999485
206399484 0 206399484 1000000000
0 206399484 1000000000 206399484
206799483 0 206799483 1000000000
0 206799483 1000000000 206799483
207199482 0 207199482 1000000000
0 207199482 1000000000 207199482
207599481 0 207599481 1000000000
0 207599481 1000000000 207599481
207999480 0 207999480 1000000000
0 207999480 1000000000 207999480
208399479 0 208399479 1000000000
0 208399479 1000000000 208399479
208799478 0 208799478 1000000000
0 208799478 1000000000 208799478
209199477 0 209199477 1000000000
0 209199477 1000000000 209199477
209599476 0 209599476 1000000000
0 209599476 1000000000 209599476
209999475 0 209999475 1000000000
0 209999475 1000000000 209999475
210399474 0 210399474 1000000000
0 210399474 1000000000 210399474
210799473 0 210799473 1000000000
0 210799473 1000000000 210799473
211199472 0 211199472 1000000000
0 211199472 1000000000 211199472
211599471 0 211599471 1000000000
0 211599471 1000000000 211599471
211999470 0 211999470 1000000000
0 211999470 1000000000 211999470
212399469 0 212399469 1000000000
0 212399469 1000000000 212399469
212799468 0 212799468 1000000000
0 212799468 1000000000 212799468
213199467 0 213199467 1000000000
0 213199467 1000000000 213199467
213599466 0 213599466 1000000000
0 213599466 1000000000 213599466
213999465 0 213999465 1000000000
0 213999465 1000000000 213999465
214399464 0 214399464 1000000000
0 214399464 1000000000 214399464
214799463 0 214799463 1000000000
0 214799463 1000000000 214799463
215199462 0 215199462 1000000000
0 215199462 1000000000 215199462
215599461 0 215599461 1000000000
0 215599461 1000000000 215599461
215999460 0 215999460 1000000000
0 215999460 1000000000 215999460
216399459 0 216399459 1000000000
0 216399459 1000000000 216399459
216799458 0 216799458 1000000000
0 216799458 1000000000 216799458
217199457 0 217199457 1000000000
0 217199457 1000000000 217199457
217599456 0 217599456 1000000000
0 217599456 1000000000 217599456
217999455 0 217999455 1000000000
0 217999455 1000000000 217999455
218399454 0 218399454 1000000000
0 218399454 1000000000 218399454
218799453 0 218799453 1000000000
0 218799453 1000000000 218799453
219199452 0 219199452 1000000000
0 219199452 1000000000 219199452
219599451 0 219599451 1000000000
0 219599451 1000000000 219599451
219999450 0 219999450 1000000000
0 219999450 1000000000 219999450
220399449 0 220399449 1000000000
0 220399449 1000000000 220399449
220799448 0 220799448 1000000000
0 220799448 1000000000 220799448
221199447 0 221199447 1000000000
0 221199447 1000000000 221199447
221599446 0 221599446 1000000000
0 221599446 1000000000 221599446
221999445 0 221999445 1000000000
0 221999445 1000000000 221999445
222399444 0 222399444 1000000000
0 222399444 1000000000 222399444
222799443 0 222799443 1000000000
0 222799443 1000000000 222799443
223199442 0 223199442 1000000000
0 223199442 1000000000 223199442
223599441 0 223599441 1000000000
0 223599441 1000000000 223599441
223999440 0 223999440 1000000000
0 223999440 1000000000 223999440
224399439 0 224399439 1000000000
0 224399439 1000000000 224399439
224799438 0 224799438 1000000000
0 224799438 1000000000 224799438
225199437 0 225199437 1000000000
0 225199437 1000000000 225199437
225599436 0 225599436 1000000000
0 225599436 1000000000 225599436
225999435 0 225999435 1000000000
0 225999435 1000000000 225999435
226399434 0 226399434 1000000000
0 226399434 1000000000 226399434
226799433 0 226799433 1000000000
0 226799433 1000000000 226799433
227199432 0 227199432 1000000000
0 227199432 1000000000 227199432
227599431 0 227599431 1000000000
0 227599431 1000000000 227599431
227999430 0 227999430 1000000000
0 227999430 1000000000 227999430
228399429 0 228399429 1000000000
0 228399429 1000000000 228399429
228799428 0 228799428 1000000000
0 228799428 1000000000 228799428
229199427 0 229199427 1000000000
0 229199427 1000000000 229199427
229599426 0 229599426 1000000000
0 229599426 1000000000 229599426
229999425 0 229999425 1000000000
0 229999425 1000000000 229999425
230399424 0 230399424 1000000000
0 230399424 1000000000 230399424
230799423 0 230799423 1000000000
0 230799423 1000000000 230799423
231199422 0 231199422 1000000000
0 231199422 1000000000 231199422
231599421 0 231599421 1000000000
0 231599421 1000000000 231599421
231999420 0 231999420 1000000000
0 231999420 1000000000 231999420
232399419 0 232399419 1000000000
0 232399419 1000000000 232399419
232799418 0 232799418 1000000000
0 232799418 1000000000 232799418
233199417 0 233199417 1000000000
0 233199417 1000000000 233199417
233599416 0 233599416 1000000000
0 233599416 1000000000 233599416
233999415 0 233999415 1000000000
0 233999415 1000000000 233999415
234399414 0 234399414 1000000000
0 234399414 1000000000 234399414
234799413 0 234799413 1000000000
0 234799413 1000000000 234799413
235199412 0 235199412 1000000000
0 235199412 1000000000 235199412
235599411 0 235599411 1000000000
0 235599411 1000000000 235599411
235999410 0 235999410 1000000000
0 235999410 1000000000 235999410
236399409 0 236399409 1000000000
0 236399409 1000000000 236399409
236799408 0 236799408 1000000000
0 236799408 1000000000 236799408
237199407 0 237199407 1000000000
0 237199407 1000000000 237199407
237599406 0 237599406 1000000000
0 237599406 1000000000 237599406
237999405 0 237999405 1000000000
0 237999405 1000000000 237999405
238399404 0 238399404 1000000000
0 238399404 1000000000 238399404
238799403 0 238799403 1000000000
0 238799403 1000000000 238799403
239199402 0 239199402 1000000000
0 239199402 1000000000 239199402
239599401 0 239599401 1000000000
0 239599401 1000000000 239599401
239999400 0 239999400 1000000000
0 239999400 1000000000 239999400
240399399 0 240399399 1000000000
0 240399399 1000000000 240399399
240799398 0 240799398 1000000000
0 240799398 1000000000 240799398
241199397 0 241199397 1000000000
0 241199397 1000000000 241199397
241599396 0 241599396 1000000000
0 241599396 1000000000 241599396
241999395 0 241999395 1000000000
0 241999395 1000000000 241999395
242399394 0 242399394 1000000000
0 242399394 1000000000 242399394
242799393 0 242799393 1000000000
0 242799393 1000000000 242799393
243199392 0 243199392 1000000000
0 243199392 1000000000 243199392
243599391 0 243599391 1000000000
0 243599391 1000000000 243599391
243999390 0 243999390 1000000000
0 243999390 1000000000 243999390
244399389 0 244399389 1000000000
0 244399389 1000000000 244399389
244799388 0 244799388 1000000000
0 244799388 1000000000 244799388
245199387 0 245199387 1000000000
0 245199387 1000000000 245199387
245599386 0 245599386 1000000000
0 245599386 1000000000 245599386
245999385 0 245999385 1000000000
0 245999385 1000000000 245999385
246399384 0 246399384 1000000000
0 246399384 1000000000 246399384
246799383 0 246799383 1000000000
0 246799383 1000000000 246799383
247199382 0 247199382 1000000000
0 247199382 1000000000 247199382
247599381 0 247599381 1000000000
0 247599381 1000000000 247599381
247999380 0 247999380 1000000000
0 247999380 1000000000 247999380
248399379 0 248399379 1000000000
0 248399379 1000000000 248399379
248799378 0 248799378 1000000000
0 248799378 1000000000 248799378
249199377 0 249199377 1000000000
0 249199377 1000000000 249199377
249599376 0 249599376 1000000000
0 249599376 1000000000 249599376
249999375 0 249999375 1000000000
0 249999375 1000000000 249999375
250399374 0 250399374 1000000000
0 250399374 1000000000 250399374
250799373 0 250799373 1000000000
0 250799373 1000000000 250799373
251199372 0 251199372 1000000000
0 251199372 1000000000 251199372
251599371 0 251599371 1000000000
0 251599371 1000000000 251599371
251999370 0 251999370 1000000000
0 251999370 1000000000 251999370
252399369 0 252399369 1000000000
0 252399369 1000000000 252399369
252799368 0 252799368 1000000000
0 252799368 1000000000 252799368
253199367 0 253199367 1000000000
0 253199367 1000000000 253199367
253599366 0 253599366 1000000000
0 253599366 1000000000 253599366
253999365 0 253999365 1000000000
0 253999365 1000000000 253999365
254399364 0 254399364 1000000000
0 254399364 1000000000 254399364
254799363 0 254799363 1000000000
0 254799363 1000000000 254799363
255199362 0 255199362 1000000000
0 255199362 1000000000 255199362
255599361 0 255599361 1000000000
0 255599361 1000000000 255599361
255999360 0 255999360 1000000000
0 255999360 1000000000 255999360
256399359 0 256399359 1000000000
0 256399359 1000000000 256399359
256799358 0 256799358 1000000000
0 256799358 1000000000 256799358
257199357 0 257199357 1000000000
0 257199357 1000000000 257199357
257599356 0 257599356 1000000000
0 257599356 1000000000 257599356
257999355 0 257999355 1000000000
0 257999355 1000000000 257999355
258399354 0 258399354 1000000000
0 258399354 1000000000 258399354
258799353 0 258799353 1000000000
0 258799353 1000000000 258799353
259199352 0 259199352 1000000000
0 259199352 1000000000 259199352
259599351 0 259599351 1000000000
0 259599351 1000000000 259599351
259999350 0 259999350 1000000000
0 259999350 1000000000 259999350
260399349 0 260399349 1000000000
0 260399349 1000000000 260399349
260799348 0 260799348 1000000000
0 260799348 1000000000 260799348
261199347 0 261199347 1000000000
0 261199347 1000000000 261199347
261599346 0 261599346 1000000000
0 261599346 1000000000 261599346
261999345 0 261999345 1000000000
0 261999345 1000000000 261999345
262399344 0 262399344 1000000000
0 262399344 1000000000 262399344
262799343 0 262799343 1000000000
0 262799343 1000000000 262799343
263199342 0 263199342 1000000000
0 263199342 1000000000 263199342
263599341 0 263599341 1000000000
0 263599341 1000000000 263599341
263999340 0 263999340 1000000000
0 263999340 1000000000 263999340
264399339 0 264399339 1000000000
0 264399339 1000000000 264399339
264799338 0 264799338 1000000000
0 264799338 1000000000 264799338
265199337 0 265199337 1000000000
0 265199337 1000000000 265199337
265599336 0 265599336 1000000000
0 265599336 1000000000 265599336
265999335 0 265999335 1000000000
0 265999335 1000000000 265999335
266399334 0 266399334 1000000000
0 266399334 1000000000 266399334
266799333 0 266799333 1000000000
0 266799333 1000000000 266799333
267199332 0 267199332 1000000000
0 267199332 1000000000 267199332
267599331 0 267599331 1000000000
0 267599331 1000000000 267599331
267999330 0 267999330 1000000000
0 267999330 1000000000 267999330
268399329 0 268399329 1000000000
0 268399329 1000000000 268399329
268799328 0 268799328 1000000000
0 268799328 1000000000 268799328
269199327 0 269199327 1000000000
0 269199327 1000000000 269199327
269599326 0 269599326 1000000000
0 269599326 1000000000 269599326
269999325 0 269999325 1000000000
0 269999325 1000000000 269999325
270399324 0 270399324 1000000000
0 270399324 1000000000 270399324
270799323 0 270799323 1000000000
0 270799323 1000000000 270799323
271199322 0 271199322 1000000000
0 271199322 1000000000 271199322
271599321 0 271599321 1000000000
0 271599321 1000000000 271599321
271999320 0 271999320 1000000000
0 271999320 1000000000 271999320
272399319 0 272399319 1000000000
0 272399319 1000000000 272399319
272799318 0 272799318 1000000000
0 272799318 1000000000 272799318
273199317 0 273199317 1000000000
0 273199317 1000000000 273199317
273599316 0 273599316 1000000000
0 273599316 1000000000 273599316
273999315 0 273999315 1000000000
0 273999315 1000000000 273999315
274399314 0 274399314 1000000000
0 274399314 1000000000 274399314
274799313 0 274799313 1000000000
0 274799313 1000000000 274799313
275199312 0 275199312 1000000000
0 275199312 1000000000 275199312
275599311 0 275599311 1000000000
0 275599311 1000000000 275599311
275999310 0 275999310 1000000000
0 275999310 1000000000 275999310
276399309 0 276399309 1000000000
0 276399309 1000000000 276399309
276799308 0 276799308 1000000000
0 276799308 1000000000 276799308
277199307 0 277199307 1000000000
0 277199307 1000000000 277199307
277599306 0 277599306 1000000000
0 277599306 1000000000 277599306
277999305 0 277999305 1000000000
0 277999305 1000000000 277999305
278399304 0 278399304 1000000000
0 278399304 1000000000 278399304
278799303 0 278799303 1000000000
0 278799303 1000000000 278799303
279199302 0 279199302 1000000000
0 279199302 1000000000 279199302
279599301 0 279599301 1000000000
0 279599301 1000000000 279599301
279999300 0 279999300 1000000000
0 279999300 1000000000 279999300
280399299 0 280399299 1000000000
0 280399299 1000000000 280399299
280799298 0 280799298 1000000000
0 280799298 1000000000 280799298
281199297 0 281199297 1000000000
0 281199297 1000000000 281199297
281599296 0 281599296 1000000000
0 281599296 1000000000 281599296
281999295 0 281999295 1000000000
0 281999295 1000000000 281999295
282399294 0 282399294 1000000000
0 282399294 1000000000 282399294
282799293 0 282799293 1000000000
0 282799293 1000000000 282799293
283199292 0 283199292 1000000000
0 283199292 1000000000 283199292
283599291 0 283599291 1000000000
0 283599291 1000000000 283599291
283999290 0 283999290 1000000000
0 283999290 1000000000 283999290
284399289 0 284399289 1000000000
0 284399289 1000000000 284399289
284799288 0 284799288 1000000000
0 284799288 1000000000 284799288
285199287 0 285199287 1000000000
0 285199287 1000000000 285199287
285599286 0 285599286 1000000000
0 285599286 1000000000 285599286
285999285 0 285999285 1000000000
0 285999285 1000000000 285999285
286399284 0 286399284 1000000000
0 286399284 1000000000 286399284
286799283 0 286799283 1000000000
0 286799283 1000000000 286799283
287199282 0 287199282 1000000000
0 287199282 1000000000 287199282
287599281 0 287599281 1000000000
0 287599281 1000000000 287599281
287999280 0 287999280 1000000000
0 287999280 1000000000 287999280
288399279 0 288399279 1000000000
0 288399279 1000000000 288399279
288799278 0 288799278 1000000000
0 288799278 1000000000 288799278
289199277 0 289199277 1000000000
0 289199277 1000000000 289199277
289599276 0 289599276 1000000000
0 289599276 1000000000 289599276
289999275 0 289999275 1000000000
0 289999275 1000000000 289999275
290399274 0 290399274 1000000000
0 290399274 1000000000 290399274
290799273 0 290799273 1000000000
0 290799273 1000000000 290799273
291199272 0 291199272 1000000000
0 291199272 1000000000 291199272
291599271 0 291599271 1000000000
0 291599271 1000000000 291599271
291999270 0 291999270 1000000000
0 291999270 1000000000 291999270
292399269 0 292399269 1000000000
0 292399269 1000000000 292399269
292799268 0 292799268 1000000000
0 292799268 1000000000 292799268
293199267 0 293199267 1000000000
0 293199267 1000000000 293199267
293599266 0 293599266 1000000000
0 293599266 1000000000 293599266
293999265 0 293999265 1000000000
0 293999265 1000000000 293999265
294399264 0 294399264 1000000000
0 294399264 1000000000 294399264
294799263 0 294799263 1000000000
0 294799263 1000000000 294799263
295199262 0 295199262 1000000000
0 295199262 1000000000 295199262
295599261 0 295599261 1000000000
0 295599261 1000000000 295599261
295999260 0 295999260 1000000000
0 295999260 1000000000 295999260
296399259 0 296399259 1000000000
0 296399259 1000000000 296399259
296799258 0 296799258 1000000000
0 296799258 1000000000 296799258
297199257 0 297199257 1000000000
0 297199257 1000000000 297199257
297599256 0 297599256 1000000000
0 297599256 1000000000 297599256
297999255 0 297999255 1000000000
0 297999255 1000000000 297999255
298399254 0 298399254 1000000000
0 298399254 1000000000 298399254
298799253 0 298799253 1000000000
0 298799253 1000000000 298799253
299199252 0 299199252 1000000000
0 299199252 1000000000 299199252
299599251 0 299599251 1000000000
0 299599251 1000000000 299599251
299999250 0 299999250 1000000000
0 299999250 1000000000 299999250
300399249 0 300399249 1000000000
0 300399249 1000000000 300399249
300799248 0 300799248 1000000000
0 300799248 1000000000 300799248
301199247 0 301199247 1000000000
0 301199247 1000000000 301199247
301599246 0 301599246 1000000000
0 301599246 1000000000 301599246
301999245 0 301999245 1000000000
0 301999245 1000000000 301999245
302399244 0 302399244 1000000000
0 302399244 1000000000 302399244
302799243 0 302799243 1000000000
0 302799243 1000000000 302799243
303199242 0 303199242 1000000000
0 303199242 1000000000 303199242
303599241 0 303599241 1000000000
0 303599241 1000000000 303599241
303999240 0 303999240 1000000000
0 303999240 1000000000 303999240
304399239 0 304399239 1000000000
0 304399239 1000000000 304399239
304799238 0 304799238 1000000000
0 304799238 1000000000 304799238
305199237 0 305199237 1000000000
0 305199237 1000000000 305199237
305599236 0 305599236 1000000000
0 305599236 1000000000 305599236
305999235 0 305999235 1000000000
0 305999235 1000000000 305999235
306399234 0 306399234 1000000000
0 306399234 1000000000 306399234
306799233 0 306799233 1000000000
0 306799233 1000000000 306799233
307199232 0 307199232 1000000000
0 307199232 1000000000 307199232
307599231 0 307599231 1000000000
0 307599231 1000000000 307599231
307999230 0 307999230 1000000000
0 307999230 1000000000 307999230
308399229 0 308399229 1000000000
0 308399229 1000000000 308399229
308799228 0 308799228 1000000000
0 308799228 1000000000 308799228
309199227 0 309199227 1000000000
0 309199227 1000000000 309199227
309599226 0 309599226 1000000000
0 309599226 1000000000 309599226
309999225 0 309999225 1000000000
0 309999225 1000000000 309999225
310399224 0 310399224 1000000000
0 310399224 1000000000 310399224
310799223 0 310799223 1000000000
0 310799223 1000000000 310799223
311199222 0 311199222 1000000000
0 311199222 1000000000 311199222
311599221 0 311599221 1000000000
0 311599221 1000000000 311599221
311999220 0 311999220 1000000000
0 311999220 1000000000 311999220
312399219 0 312399219 1000000000
0 312399219 1000000000 312399219
312799218 0 312799218 1000000000
0 312799218 1000000000 312799218
313199217 0 313199217 1000000000
0 313199217 1000000000 313199217
313599216 0 313599216 1000000000
0 313599216 1000000000 313599216
313999215 0 313999215 1000000000
0 313999215 1000000000 313999215
314399214 0 314399214 1000000000
0 314399214 1000000000 314399214
314799213 0 314799213 1000000000
0 314799213 1000000000 314799213
315199212 0 315199212 1000000000
0 315199212 1000000000 315199212
315599211 0 315599211 1000000000
0 315599211 1000000000 315599211
315999210 0 315999210 1000000000
0 315999210 1000000000 315999210
316399209 0 316399209 1000000000
0 316399209 1000000000 316399209
316799208 0 316799208 1000000000
0 316799208 1000000000 316799208
317199207 0 317199207 1000000000
0 317199207 1000000000 317199207
317599206 0 317599206 1000000000
0 317599206 1000000000 317599206
317999205 0 317999205 1000000000
0 317999205 1000000000 317999205
318399204 0 318399204 1000000000
0 318399204 1000000000 318399204
318799203 0 318799203 1000000000
0 318799203 1000000000 318799203
319199202 0 319199202 1000000000
0 319199202 1000000000 319199202
319599201 0 319599201 1000000000
0 319599201 1000000000 319599201
319999200 0 319999200 1000000000
0 319999200 1000000000 319999200
320399199 0 320399199 1000000000
0 320399199 1000000000 320399199
320799198 0 320799198 1000000000
0 320799198 1000000000 320799198
321199197 0 321199197 1000000000
0 321199197 1000000000 321199197
321599196 0 321599196 1000000000
0 321599196 1000000000 321599196
321999195 0 321999195 1000000000
0 321999195 1000000000 321999195
322399194 0 322399194 1000000000
0 322399194 1000000000 322399194
322799193 0 322799193 1000000000
0 322799193 1000000000 322799193
323199192 0 323199192 1000000000
0 323199192 1000000000 323199192
323599191 0 323599191 1000000000
0 323599191 1000000000 323599191
323999190 0 323999190 1000000000
0 323999190 1000000000 323999190
324399189 0 324399189 1000000000
0 324399189 1000000000 324399189
324799188 0 324799188 1000000000
0 324799188 1000000000 324799188
325199187 0 325199187 1000000000
0 325199187 1000000000 325199187
325599186 0 325599186 1000000000
0 325599186 1000000000 325599186
325999185 0 325999185 1000000000
0 325999185 1000000000 325999185
326399184 0 326399184 1000000000
0 326399184 1000000000 326399184
326799183 0 326799183 1000000000
0 326799183 1000000000 326799183
327199182 0 327199182 1000000000
0 327199182 1000000000 327199182
327599181 0 327599181 1000000000
0 327599181 1000000000 327599181
327999180 0 327999180 1000000000
0 327999180 1000000000 327999180
328399179 0 328399179 1000000000
0 328399179 1000000000 328399179
328799178 0 328799178 1000000000
0 328799178 1000000000 328799178
329199177 0 329199177 1000000000
0 329199177 1000000000 329199177
329599176 0 329599176 1000000000
0 329599176 1000000000 329599176
329999175 0 329999175 1000000000
0 329999175 1000000000 329999175
330399174 0 330399174 1000000000
0 330399174 1000000000 330399174
330799173 0 330799173 1000000000
0 330799173 1000000000 330799173
331199172 0 331199172 1000000000
0 331199172 1000000000 331199172
331599171 0 331599171 1000000000
0 331599171 1000000000 331599171
331999170 0 331999170 1000000000
0 331999170 1000000000 331999170
332399169 0 332399169 1000000000
0 332399169 1000000000 332399169
332799168 0 332799168 1000000000
0 332799168 1000000000 332799168
333199167 0 333199167 1000000000
0 333199167 1000000000 333199167
333599166 0 333599166 1000000000
0 333599166 1000000000 333599166
333999165 0 333999165 1000000000
0 333999165 1000000000 333999165
334399164 0 334399164 1000000000
0 334399164 1000000000 334399164
334799163 0 334799163 1000000000
0 334799163 1000000000 334799163
335199162 0 335199162 1000000000
0 335199162 1000000000 335199162
335599161 0 335599161 1000000000
0 335599161 1000000000 335599161
335999160 0 335999160 1000000000
0 335999160 1000000000 335999160
336399159 0 336399159 1000000000
0 336399159 1000000000 336399159
336799158 0 336799158 1000000000
0 336799158 1000000000 336799158
337199157 0 337199157 1000000000
0 337199157 1000000000 337199157
337599156 0 337599156 1000000000
0 337599156 1000000000 337599156
337999155 0 337999155 1000000000
0 337999155 1000000000 337999155
338399154 0 338399154 1000000000
0 338399154 1000000000 338399154
338799153 0 338799153 1000000000
0 338799153 1000000000 338799153
339199152 0 339199152 1000000000
0 339199152 1000000000 339199152
339599151 0 339599151 1000000000
0 339599151 1000000000 339599151
339999150 0 339999150 1000000000
0 339999150 1000000000 339999150
340399149 0 340399149 1000000000
0 340399149 1000000000 340399149
340799148 0 340799148 1000000000
0 340799148 1000000000 340799148
341199147 0 341199147 1000000000
0 341199147 1000000000 341199147
341599146 0 341599146 1000000000
0 341599146 1000000000 341599146
341999145 0 341999145 1000000000
0 341999145 1000000000 341999145
342399144 0 342399144 1000000000
0 342399144 1000000000 342399144
342799143 0 342799143 1000000000
0 342799143 1000000000 342799143
343199142 0 343199142 1000000000
0 343199142 1000000000 343199142
343599141 0 343599141 1000000000
0 343599141 1000000000 343599141
343999140 0 343999140 1000000000
0 343999140 1000000000 343999140
344399139 0 344399139 1000000000
0 344399139 1000000000 344399139
344799138 0 344799138 1000000000
0 344799138 1000000000 344799138
345199137 0 345199137 1000000000
0 345199137 1000000000 345199137
345599136 0 345599136 1000000000
0 345599136 1000000000 345599136
345999135 0 345999135 1000000000
0 345999135 1000000000 345999135
346399134 0 346399134 1000000000
0 346399134 1000000000 346399134
346799133 0 346799133 1000000000
0 346799133 1000000000 346799133
347199132 0 347199132 1000000000
0 347199132 1000000000 347199132
347599131 0 347599131 1000000000
0 347599131 1000000000 347599131
347999130 0 347999130 1000000000
0 347999130 1000000000 347999130
348399129 0 348399129 1000000000
0 348399129 1000000000 348399129
348799128 0 348799128 1000000000
0 348799128 1000000000 348799128
349199127 0 349199127 1000000000
0 349199127 1000000000 349199127
349599126 0 349599126 1000000000
0 349599126 1000000000 349599126
349999125 0 349999125 1000000000
0 349999125 1000000000 349999125
350399124 0 350399124 1000000000
0 350399124 1000000000 350399124
350799123 0 350799123 1000000000
0 350799123 1000000000 350799123
351199122 0 351199122 1000000000
0 351199122 1000000000 351199122
351599121 0 351599121 1000000000
0 351599121 1000000000 351599121
351999120 0 351999120 1000000000
0 351999120 1000000000 351999120
352399119 0 352399119 1000000000
0 352399119 1000000000 352399119
352799118 0 352799118 1000000000
0 352799118 1000000000 352799118
353199117 0 353199117 1000000000
0 353199117 1000000000 353199117
353599116 0 353599116 1000000000
0 353599116 1000000000 353599116
353999115 0 353999115 1000000000
0 353999115 1000000000 353999115
354399114 0 354399114 1000000000
0 354399114 1000000000 354399114
354799113 0 354799113 1000000000
0 354799113 1000000000 354799113
355199112 0 355199112 1000000000
0 355199112 1000000000 355199112
355599111 0 355599111 1000000000
0 355599111 1000000000 355599111
355999110 0 355999110 1000000000
0 355999110 1000000000 355999110
356399109 0 356399109 1000000000
0 356399109 1000000000 356399109
356799108 0 356799108 1000000000
0 356799108 1000000000 356799108
357199107 0 357199107 1000000000
0 357199107 1000000000 357199107
357599106 0 357599106 1000000000
0 357599106 1000000000 357599106
357999105 0 357999105 1000000000
0 357999105 1000000000 357999105
358399104 0 358399104 1000000000
0 358399104 1000000000 358399104
358799103 0 358799103 1000000000
0 358799103 1000000000 358799103
359199102 0 359199102 1000000000
0 359199102 1000000000 359199102
359599101 0 359599101 1000000000
0 359599101 1000000000 359599101
359999100 0 359999100 1000000000
0 359999100 1000000000 359999100
360399099 0 360399099 1000000000
0 360399099 1000000000 360399099
360799098 0 360799098 1000000000
0 360799098 1000000000 360799098
361199097 0 361199097 1000000000
0 361199097 1000000000 361199097
361599096 0 361599096 1000000000
0 361599096 1000000000 361599096
361999095 0 361999095 1000000000
0 361999095 1000000000 361999095
362399094 0 362399094 1000000000
0 362399094 1000000000 362399094
362799093 0 362799093 1000000000
0 362799093 1000000000 362799093
363199092 0 363199092 1000000000
0 363199092 1000000000 363199092
363599091 0 363599091 1000000000
0 363599091 1000000000 363599091
363999090 0 363999090 1000000000
0 363999090 1000000000 363999090
364399089 0 364399089 1000000000
0 364399089 1000000000 364399089
364799088 0 364799088 1000000000
0 364799088 1000000000 364799088
365199087 0 365199087 1000000000
0 365199087 1000000000 365199087
365599086 0 365599086 1000000000
0 365599086 1000000000 365599086
365999085 0 365999085 1000000000
0 365999085 1000000000 365999085
366399084 0 366399084 1000000000
0 366399084 1000000000 366399084
366799083 0 366799083 1000000000
0 366799083 1000000000 366799083
367199082 0 367199082 1000000000
0 367199082 1000000000 367199082
367599081 0 367599081 1000000000
0 367599081 1000000000 367599081
367999080 0 367999080 1000000000
0 367999080 1000000000 367999080
368399079 0 368399079 1000000000
0 368399079 1000000000 368399079
368799078 0 368799078 1000000000
0 368799078 1000000000 368799078
369199077 0 369199077 1000000000
0 369199077 1000000000 369199077
369599076 0 369599076 1000000000
0 369599076 1000000000 369599076
369999075 0 369999075 1000000000
0 369999075 1000000000 369999075
370399074 0 370399074 1000000000
0 370399074 1000000000 370399074
370799073 0 370799073 1000000000
0 370799073 1000000000 370799073
371199072 0 371199072 1000000000
0 371199072 1000000000 371199072
371599071 0 371599071 1000000000
0 371599071 1000000000 371599071
371999070 0 371999070 1000000000
0 371999070 1000000000 371999070
372399069 0 372399069 1000000000
0 372399069 1000000000 372399069
372799068 0 372799068 1000000000
0 372799068 1000000000 372799068
373199067 0 373199067 1000000000
0 373199067 1000000000 373199067
373599066 0 373599066 1000000000
0 373599066 1000000000 373599066
373999065 0 373999065 1000000000
0 373999065 1000000000 373999065
374399064 0 374399064 1000000000
0 374399064 1000000000 374399064
374799063 0 374799063 1000000000
0 374799063 1000000000 374799063
375199062 0 375199062 1000000000
0 375199062 1000000000 375199062
375599061 0 375599061 1000000000
0 375599061 1000000000 375599061
375999060 0 375999060 1000000000
0 375999060 1000000000 375999060
376399059 0 376399059 1000000000
0 376399059 1000000000 376399059
376799058 0 376799058 1000000000
0 376799058 1000000000 376799058
377199057 0 377199057 1000000000
0 377199057 1000000000 377199057
377599056 0 377599056 1000000000
0 377599056 1000000000 377599056
377999055 0 377999055 1000000000
0 377999055 1000000000 377999055
378399054 0 378399054 1000000000
0 378399054 1000000000 378399054
378799053 0 378799053 1000000000
0 378799053 1000000000 378799053
379199052 0 379199052 1000000000
0 379199052 1000000000 379199052
379599051 0 379599051 1000000000
0 379599051 1000000000 379599051
379999050 0 379999050 1000000000
0 379999050 1000000000 379999050
380399049 0 380399049 1000000000
0 380399049 1000000000 380399049
380799048 0 380799048 1000000000
0 380799048 1000000000 380799048
381199047 0 381199047 1000000000
0 381199047 1000000000 381199047
381599046 0 381599046 1000000000
0 381599046 1000000000 381599046
381999045 0 381999045 1000000000
0 381999045 1000000000 381999045
382399044 0 382399044 1000000000
0 382399044 1000000000 382399044
382799043 0 382799043 1000000000
0 382799043 1000000000 382799043
383199042 0 383199042 1000000000
0 383199042 1000000000 383199042
383599041 0 383599041 1000000000
0 383599041 1000000000 383599041
383999040 0 383999040 1000000000
0 383999040 1000000000 383999040
384399039 0 384399039 1000000000
0 384399039 1000000000 384399039
384799038 0 384799038 1000000000
0 384799038 1000000000 384799038
385199037 0 385199037 1000000000
0 385199037 1000000000 385199037
385599036 0 385599036 1000000000
0 385599036 1000000000 385599036
385999035 0 385999035 1000000000
0 385999035 1000000000 385999035
386399034 0 386399034 1000000000
0 386399034 1000000000 386399034
386799033 0 386799033 1000000000
0 386799033 1000000000 386799033
387199032 0 387199032 1000000000
0 387199032 1000000000 387199032
387599031 0 387599031 1000000000
0 387599031 1000000000 387599031
387999030 0 387999030 1000000000
0 387999030 1000000000 387999030
388399029 0 388399029 1000000000
0 388399029 1000000000 388399029
388799028 0 388799028 1000000000
0 388799028 1000000000 388799028
389199027 0 389199027 1000000000
0 389199027 1000000000 389199027
389599026 0 389599026 1000000000
0 389599026 1000000000 389599026
389999025 0 389999025 1000000000
0 389999025 1000000000 389999025
390399024 0 390399024 1000000000
0 390399024 1000000000 390399024
390799023 0 390799023 1000000000
0 390799023 1000000000 390799023
391199022 0 391199022 1000000000
0 391199022 1000000000 391199022
391599021 0 391599021 1000000000
0 391599021 1000000000 391599021
391999020 0 391999020 1000000000
0 391999020 1000000000 391999020
392399019 0 392399019 1000000000
0 392399019 1000000000 392399019
392799018 0 392799018 1000000000
0 392799018 1000000000 392799018
393199017 0 393199017 1000000000
0 393199017 1000000000 393199017
393599016 0 393599016 1000000000
0 393599016 1000000000 393599016
393999015 0 393999015 1000000000
0 393999015 1000000000 393999015
394399014 0 394399014 1000000000
0 394399014 1000000000 394399014
394799013 0 394799013 1000000000
0 394799013 1000000000 394799013
395199012 0 395199012 1000000000
0 395199012 1000000000 395199012
395599011 0 395599011 1000000000
0 395599011 1000000000 395599011
395999010 0 395999010 1000000000
0 395999010 1000000000 395999010
396399009 0 396399009 1000000000
0 396399009 1000000000 396399009
396799008 0 396799008 1000000000
0 396799008 1000000000 396799008
397199007 0 397199007 1000000000
0 397199007 1000000000 397199007
397599006 0 397599006 1000000000
0 397599006 1000000000 397599006
397999005 0 397999005 1000000000
0 397999005 1000000000 397999005
398399004 0 398399004 1000000000
0 398399004 1000000000 398399004
398799003 0 398799003 1000000000
0 398799003 1000000000 398799003
399199002 0 399199002 1000000000
0 399199002 1000000000 399199002
399599001 0 399599001 1000000000
0 399599001 1000000000 399599001
399999000 0 399999000 1000000000
0 399999000 1000000000 399999000
400398999 0 400398999 1000000000
0 400398999 1000000000 400398999
400798998 0 400798998 1000000000
0 400798998 1000000000 400798998
401198997 0 401198997 1000000000
0 401198997 1000000000 401198997
401598996 0 401598996 1000000000
0 401598996 1000000000 401598996
401998995 0 401998995 1000000000
0 401998995 1000000000 401998995
402398994 0 402398994 1000000000
0 402398994 1000000000 402398994
402798993 0 402798993 1000000000
0 402798993 1000000000 402798993
403198992 0 403198992 1000000000
0 403198992 1000000000 403198992
403598991 0 403598991 1000000000
0 403598991 1000000000 403598991
403998990 0 403998990 1000000000
0 403998990 1000000000 403998990
404398989 0 404398989 1000000000
0 404398989 1000000000 404398989
404798988 0 404798988 1000000000
0 404798988 1000000000 404798988
405198987 0 405198987 1000000000
0 405198987 1000000000 405198987
405598986 0 405598986 1000000000
0 405598986 1000000000 405598986
405998985 0 405998985 1000000000
0 405998985 1000000000 405998985
406398984 0 406398984 1000000000
0 406398984 1000000000 406398984
406798983 0 406798983 1000000000
0 406798983 1000000000 406798983
407198982 0 407198982 1000000000
0 407198982 1000000000 407198982
407598981 0 407598981 1000000000
0 407598981 1000000000 407598981
407998980 0 407998980 1000000000
0 407998980 1000000000 407998980
408398979 0 408398979 1000000000
0 408398979 1000000000 408398979
408798978 0 408798978 1000000000
0 408798978 1000000000 408798978
409198977 0 409198977 1000000000
0 409198977 1000000000 409198977
409598976 0 409598976 1000000000
0 409598976 1000000000 409598976
409998975 0 409998975 1000000000
0 409998975 1000000000 409998975
410398974 0 410398974 1000000000
0 410398974 1000000000 410398974
410798973 0 410798973 1000000000
0 410798973 1000000000 410798973
411198972 0 411198972 1000000000
0 411198972 1000000000 411198972
411598971 0 411598971 1000000000
0 411598971 1000000000 411598971
411998970 0 411998970 1000000000
0 411998970 1000000000 411998970
412398969 0 412398969 1000000000
0 412398969 1000000000 412398969
412798968 0 412798968 1000000000
0 412798968 1000000000 412798968
413198967 0 413198967 1000000000
0 413198967 1000000000 413198967
413598966 0 413598966 1000000000
0 413598966 1000000000 413598966
413998965 0 413998965 1000000000
0 413998965 1000000000 413998965
414398964 0 414398964 1000000000
0 414398964 1000000000 414398964
414798963 0 414798963 1000000000
0 414798963 1000000000 414798963
415198962 0 415198962 1000000000
0 415198962 1000000000 415198962
415598961 0 415598961 1000000000
0 415598961 1000000000 415598961
415998960 0 415998960 1000000000
0 415998960 1000000000 415998960
416398959 0 416398959 1000000000
0 416398959 1000000000 416398959
416798958 0 416798958 1000000000
0 416798958 1000000000 416798958
417198957 0 417198957 1000000000
0 417198957 1000000000 417198957
417598956 0 417598956 1000000000
0 417598956 1000000000 417598956
417998955 0 417998955 1000000000
0 417998955 1000000000 417998955
418398954 0 418398954 1000000000
0 418398954 1000000000 418398954
418798953 0 418798953 1000000000
0 418798953 1000000000 418798953
419198952 0 419198952 1000000000
0 419198952 1000000000 419198952
419598951 0 419598951 1000000000
0 419598951 1000000000 419598951
419998950 0 419998950 1000000000
0 419998950 1000000000 419998950
420398949 0 420398949 1000000000
0 420398949 1000000000 420398949
420798948 0 420798948 1000000000
0 420798948 1000000000 420798948
421198947 0 421198947 1000000000
0 421198947 1000000000 421198947
421598946 0 421598946 1000000000
0 421598946 1000000000 421598946
421998945 0 421998945 1000000000
0 421998945 1000000000 421998945
422398944 0 422398944 1000000000
0 422398944 1000000000 422398944
422798943 0 422798943 1000000000
0 422798943 1000000000 422798943
423198942 0 423198942 1000000000
0 423198942 1000000000 423198942
423598941 0 423598941 1000000000
0 423598941 1000000000 423598941
423998940 0 423998940 1000000000
0 423998940 1000000000 423998940
424398939 0 424398939 1000000000
0 424398939 1000000000 424398939
424798938 0 424798938 1000000000
0 424798938 1000000000 424798938
425198937 0 425198937 1000000000
0 425198937 1000000000 425198937
425598936 0 425598936 1000000000
0 425598936 1000000000 425598936
425998935 0 425998935 1000000000
0 425998935 1000000000 425998935
426398934 0 426398934 1000000000
0 426398934 1000000000 426398934
426798933 0 426798933 1000000000
0 426798933 1000000000 426798933
427198932 0 427198932 1000000000
0 427198932 1000000000 427198932
427598931 0 427598931 1000000000
0 427598931 1000000000 427598931
427998930 0 427998930 1000000000
0 427998930 1000000000 427998930
428398929 0 428398929 1000000000
0 428398929 1000000000 428398929
428798928 0 428798928 1000000000
0 428798928 1000000000 428798928
429198927 0 429198927 1000000000
0 429198927 1000000000 429198927
429598926 0 429598926 1000000000
0 429598926 1000000000 429598926
429998925 0 429998925 1000000000
0 429998925 1000000000 429998925
430398924 0 430398924 1000000000
0 430398924 1000000000 430398924
430798923 0 430798923 1000000000
0 430798923 1000000000 430798923
431198922 0 431198922 1000000000
0 431198922 1000000000 431198922
431598921 0 431598921 1000000000
0 431598921 1000000000 431598921
431998920 0 431998920 1000000000
0 431998920 1000000000 431998920
432398919 0 432398919 1000000000
0 432398919 1000000000 432398919
432798918 0 432798918 1000000000
0 432798918 1000000000 432798918
433198917 0 433198917 1000000000
0 433198917 1000000000 433198917
433598916 0 433598916 1000000000
0 433598916 1000000000 433598916
433998915 0 433998915 1000000000
0 433998915 1000000000 433998915
434398914 0 434398914 1000000000
0 434398914 1000000000 434398914
434798913 0 434798913 1000000000
0 434798913 1000000000 434798913
435198912 0 435198912 1000000000
0 435198912 1000000000 435198912
435598911 0 435598911 1000000000
0 435598911 1000000000 435598911
435998910 0 435998910 1000000000
0 435998910 1000000000 435998910
436398909 0 436398909 1000000000
0 436398909 1000000000 436398909
436798908 0 436798908 1000000000
0 436798908 1000000000 436798908
437198907 0 437198907 1000000000
0 437198907 1000000000 437198907
437598906 0 437598906 1000000000
0 437598906 1000000000 437598906
437998905 0 437998905 1000000000
0 437998905 1000000000 437998905
438398904 0 438398904 1000000000
0 438398904 1000000000 438398904
438798903 0 438798903 1000000000
0 438798903 1000000000 438798903
439198902 0 439198902 1000000000
0 439198902 1000000000 439198902
439598901 0 439598901 1000000000
0 439598901 1000000000 439598901
439998900 0 439998900 1000000000
0 439998900 1000000000 439998900
440398899 0 440398899 1000000000
0 440398899 1000000000 440398899
440798898 0 440798898 1000000000
0 440798898 1000000000 440798898
441198897 0 441198897 1000000000
0 441198897 1000000000 441198897
441598896 0 441598896 1000000000
0 441598896 1000000000 441598896
441998895 0 441998895 1000000000
0 441998895 1000000000 441998895
442398894 0 442398894 1000000000
0 442398894 1000000000 442398894
442798893 0 442798893 1000000000
0 442798893 1000000000 442798893
443198892 0 443198892 1000000000
0 443198892 1000000000 443198892
443598891 0 443598891 1000000000
0 443598891 1000000000 443598891
443998890 0 443998890 1000000000
0 443998890 1000000000 443998890
444398889 0 444398889 1000000000
0 444398889 1000000000 444398889
444798888 0 444798888 1000000000
0 444798888 1000000000 444798888
445198887 0 445198887 1000000000
0 445198887 1000000000 445198887
445598886 0 445598886 1000000000
0 445598886 1000000000 445598886
445998885 0 445998885 1000000000
0 445998885 1000000000 445998885
446398884 0 446398884 1000000000
0 446398884 1000000000 446398884
446798883 0 446798883 1000000000
0 446798883 1000000000 446798883
447198882 0 447198882 1000000000
0 447198882 1000000000 447198882
447598881 0 447598881 1000000000
0 447598881 1000000000 447598881
447998880 0 447998880 1000000000
0 447998880 1000000000 447998880
448398879 0 448398879 1000000000
0 448398879 1000000000 448398879
448798878 0 448798878 1000000000
0 448798878 1000000000 448798878
449198877 0 449198877 1000000000
0 449198877 1000000000 449198877
449598876 0 449598876 1000000000
0 449598876 1000000000 449598876
449998875 0 449998875 1000000000
0 449998875 1000000000 449998875
450398874 0 450398874 1000000000
0 450398874 1000000000 450398874
450798873 0 450798873 1000000000
0 450798873 1000000000 450798873
451198872 0 451198872 1000000000
0 451198872 1000000000 451198872
451598871 0 451598871 1000000000
0 451598871 1000000000 451598871
451998870 0 451998870 1000000000
0 451998870 1000000000 451998870
452398869 0 452398869 1000000000
0 452398869 1000000000 452398869
452798868 0 452798868 1000000000
0 452798868 1000000000 452798868
453198867 0 453198867 1000000000
0 453198867 1000000000 453198867
453598866 0 453598866 1000000000
0 453598866 1000000000 453598866
453998865 0 453998865 1000000000
0 453998865 1000000000 453998865
454398864 0 454398864 1000000000
0 454398864 1000000000 454398864
454798863 0 454798863 1000000000
0 454798863 1000000000 454798863
455198862 0 455198862 1000000000
0 455198862 1000000000 455198862
455598861 0 455598861 1000000000
0 455598861 1000000000 455598861
455998860 0 455998860 1000000000
0 455998860 1000000000 455998860
456398859 0 456398859 1000000000
0 456398859 1000000000 456398859
456798858 0 456798858 1000000000
0 456798858 1000000000 456798858
457198857 0 457198857 1000000000
0 457198857 1000000000 457198857
457598856 0 457598856 1000000000
0 457598856 1000000000 457598856
457998855 0 457998855 1000000000
0 457998855 1000000000 457998855
458398854 0 458398854 1000000000
0 458398854 1000000000 458398854
458798853 0 458798853 1000000000
0 458798853 1000000000 458798853
459198852 0 459198852 1000000000
0 459198852 1000000000 459198852
459598851 0 459598851 1000000000
0 459598851 1000000000 459598851
459998850 0 459998850 1000000000
0 459998850 1000000000 459998850
460398849 0 460398849 1000000000
0 460398849 1000000000 460398849
460798848 0 460798848 1000000000
0 460798848 1000000000 460798848
461198847 0 461198847 1000000000
0 461198847 1000000000 461198847
461598846 0 461598846 1000000000
0 461598846 1000000000 461598846
461998845 0 461998845 1000000000
0 461998845 1000000000 461998845
462398844 0 462398844 1000000000
0 462398844 1000000000 462398844
462798843 0 462798843 1000000000
0 462798843 1000000000 462798843
463198842 0 463198842 1000000000
0 463198842 1000000000 463198842
463598841 0 463598841 1000000000
0 463598841 1000000000 463598841
463998840 0 463998840 1000000000
0 463998840 1000000000 463998840
464398839 0 464398839 1000000000
0 464398839 1000000000 464398839
464798838 0 464798838 1000000000
0 464798838 1000000000 464798838
465198837 0 465198837 1000000000
0 465198837 1000000000 465198837
465598836 0 465598836 1000000000
0 465598836 1000000000 465598836
465998835 0 465998835 1000000000
0 465998835 1000000000 465998835
466398834 0 466398834 1000000000
0 466398834 1000000000 466398834
466798833 0 466798833 1000000000
0 466798833 1000000000 466798833
467198832 0 467198832 1000000000
0 467198832 1000000000 467198832
467598831 0 467598831 1000000000
0 467598831 1000000000 467598831
467998830 0 467998830 1000000000
0 467998830 1000000000 467998830
468398829 0 468398829 1000000000
0 468398829 1000000000 468398829
468798828 0 468798828 1000000000
0 468798828 1000000000 468798828
469198827 0 469198827 1000000000
0 469198827 1000000000 469198827
469598826 0 469598826 1000000000
0 469598826 1000000000 469598826
469998825 0 469998825 1000000000
0 469998825 1000000000 469998825
470398824 0 470398824 1000000000
0 470398824 1000000000 470398824
470798823 0 470798823 1000000000
0 470798823 1000000000 470798823
471198822 0 471198822 1000000000
0 471198822 1000000000 471198822
471598821 0 471598821 1000000000
0 471598821 1000000000 471598821
471998820 0 471998820 1000000000
0 471998820 1000000000 471998820
472398819 0 472398819 1000000000
0 472398819 1000000000 472398819
472798818 0 472798818 1000000000
0 472798818 1000000000 472798818
473198817 0 473198817 1000000000
0 473198817 1000000000 473198817
473598816 0 473598816 1000000000
0 473598816 1000000000 473598816
473998815 0 473998815 1000000000
0 473998815 1000000000 473998815
474398814 0 474398814 1000000000
0 474398814 1000000000 474398814
474798813 0 474798813 1000000000
0 474798813 1000000000 474798813
475198812 0 475198812 1000000000
0 475198812 1000000000 475198812
475598811 0 475598811 1000000000
0 475598811 1000000000 475598811
475998810 0 475998810 1000000000
0 475998810 1000000000 475998810
476398809 0 476398809 1000000000
0 476398809 1000000000 476398809
476798808 0 476798808 1000000000
0 476798808 1000000000 476798808
477198807 0 477198807 1000000000
0 477198807 1000000000 477198807
477598806 0 477598806 1000000000
0 477598806 1000000000 477598806
477998805 0 477998805 1000000000
0 477998805 1000000000 477998805
478398804 0 478398804 1000000000
0 478398804 1000000000 478398804
478798803 0 478798803 1000000000
0 478798803 1000000000 478798803
479198802 0 479198802 1000000000
0 479198802 1000000000 479198802
479598801 0 479598801 1000000000
0 479598801 1000000000 479598801
479998800 0 479998800 1000000000
0 479998800 1000000000 479998800
480398799 0 480398799 1000000000
0 480398799 1000000000 480398799
480798798 0 480798798 1000000000
0 480798798 1000000000 480798798
481198797 0 481198797 1000000000
0 481198797 1000000000 481198797
481598796 0 481598796 1000000000
0 481598796 1000000000 481598796
481998795 0 481998795 1000000000
0 481998795 1000000000 481998795
482398794 0 482398794 1000000000
0 482398794 1000000000 482398794
482798793 0 482798793 1000000000
0 482798793 1000000000 482798793
483198792 0 483198792 1000000000
0 483198792 1000000000 483198792
483598791 0 483598791 1000000000
0 483598791 1000000000 483598791
483998790 0 483998790 1000000000
0 483998790 1000000000 483998790
484398789 0 484398789 1000000000
0 484398789 1000000000 484398789
484798788 0 484798788 1000000000
0 484798788 1000000000 484798788
485198787 0 485198787 1000000000
0 485198787 1000000000 485198787
485598786 0 485598786 1000000000
0 485598786 1000000000 485598786
485998785 0 485998785 1000000000
0 485998785 1000000000 485998785
486398784 0 486398784 1000000000
0 486398784 1000000000 486398784
486798783 0 486798783 1000000000
0 486798783 1000000000 486798783
487198782 0 487198782 1000000000
0 487198782 1000000000 487198782
487598781 0 487598781 1000000000
0 487598781 1000000000 487598781
487998780 0 487998780 1000000000
0 487998780 1000000000 487998780
488398779 0 488398779 1000000000
0 488398779 1000000000 488398779
488798778 0 488798778 1000000000
0 488798778 1000000000 488798778
489198777 0 489198777 1000000000
0 489198777 1000000000 489198777
489598776 0 489598776 1000000000
0 489598776 1000000000 489598776
489998775 0 489998775 1000000000
0 489998775 1000000000 489998775
490398774 0 490398774 1000000000
0 490398774 1000000000 490398774
490798773 0 490798773 1000000000
0 490798773 1000000000 490798773
491198772 0 491198772 1000000000
0 491198772 1000000000 491198772
491598771 0 491598771 1000000000
0 491598771 1000000000 491598771
491998770 0 491998770 1000000000
0 491998770 1000000000 491998770
492398769 0 492398769 1000000000
0 492398769 1000000000 492398769
492798768 0 492798768 1000000000
0 492798768 1000000000 492798768
493198767 0 493198767 1000000000
0 493198767 1000000000 493198767
493598766 0 493598766 1000000000
0 493598766 1000000000 493598766
493998765 0 493998765 1000000000
0 493998765 1000000000 493998765
494398764 0 494398764 1000000000
0 494398764 1000000000 494398764
494798763 0 494798763 1000000000
0 494798763 1000000000 494798763
495198762 0 495198762 1000000000
0 495198762 1000000000 495198762
495598761 0 495598761 1000000000
0 495598761 1000000000 495598761
495998760 0 495998760 1000000000
0 495998760 1000000000 495998760
496398759 0 496398759 1000000000
0 496398759 1000000000 496398759
496798758 0 496798758 1000000000
0 496798758 1000000000 496798758
497198757 0 497198757 1000000000
0 497198757 1000000000 497198757
497598756 0 497598756 1000000000
0 497598756 1000000000 497598756
497998755 0 497998755 1000000000
0 497998755 1000000000 497998755
498398754 0 498398754 1000000000
0 498398754 1000000000 498398754
498798753 0 498798753 1000000000
0 498798753 1000000000 498798753
499198752 0 499198752 1000000000
0 499198752 1000000000 499198752
499598751 0 499598751 1000000000
0 499598751 1000000000 499598751
499998750 0 499998750 1000000000
0 499998750 1000000000 499998750
500398749 0 500398749 1000000000
0 500398749 1000000000 500398749
500798748 0 500798748 1000000000
0 500798748 1000000000 500798748
501198747 0 501198747 1000000000
0 501198747 1000000000 501198747
501598746 0 501598746 1000000000
0 501598746 1000000000 501598746
501998745 0 501998745 1000000000
0 501998745 1000000000 501998745
502398744 0 502398744 1000000000
0 502398744 1000000000 502398744
502798743 0 502798743 1000000000
0 502798743 1000000000 502798743
503198742 0 503198742 1000000000
0 503198742 1000000000 503198742
503598741 0 503598741 1000000000
0 503598741 1000000000 503598741
503998740 0 503998740 1000000000
0 503998740 1000000000 503998740
504398739 0 504398739 1000000000
0 504398739 1000000000 504398739
504798738 0 504798738 1000000000
0 504798738 1000000000 504798738
505198737 0 505198737 1000000000
0 505198737 1000000000 505198737
505598736 0 505598736 1000000000
0 505598736 1000000000 505598736
505998735 0 505998735 1000000000
0 505998735 1000000000 505998735
506398734 0 506398734 1000000000
0 506398734 1000000000 506398734
506798733 0 506798733 1000000000
0 506798733 1000000000 506798733
507198732 0 507198732 1000000000
0 507198732 1000000000 507198732
507598731 0 507598731 1000000000
0 507598731 1000000000 507598731
507998730 0 507998730 1000000000
0 507998730 1000000000 507998730
508398729 0 508398729 1000000000
0 508398729 1000000000 508398729
508798728 0 508798728 1000000000
0 508798728 1000000000 508798728
509198727 0 509198727 1000000000
0 509198727 1000000000 509198727
509598726 0 509598726 1000000000
0 509598726 1000000000 509598726
509998725 0 509998725 1000000000
0 509998725 1000000000 509998725
510398724 0 510398724 1000000000
0 510398724 1000000000 510398724
510798723 0 510798723 1000000000
0 510798723 1000000000 510798723
511198722 0 511198722 1000000000
0 511198722 1000000000 511198722
511598721 0 511598721 1000000000
0 511598721 1000000000 511598721
511998720 0 511998720 1000000000
0 511998720 1000000000 511998720
512398719 0 512398719 1000000000
0 512398719 1000000000 512398719
512798718 0 512798718 1000000000
0 512798718 1000000000 512798718
513198717 0 513198717 1000000000
0 513198717 1000000000 513198717
513598716 0 513598716 1000000000
0 513598716 1000000000 513598716
513998715 0 513998715 1000000000
0 513998715 1000000000 513998715
514398714 0 514398714 1000000000
0 514398714 1000000000 514398714
514798713 0 514798713 1000000000
0 514798713 1000000000 514798713
515198712 0 515198712 1000000000
0 515198712 1000000000 515198712
515598711 0 515598711 1000000000
0 515598711 1000000000 515598711
515998710 0 515998710 1000000000
0 515998710 1000000000 515998710
516398709 0 516398709 1000000000
0 516398709 1000000000 516398709
516798708 0 516798708 1000000000
0 516798708 1000000000 516798708
517198707 0 517198707 1000000000
0 517198707 1000000000 517198707
517598706 0 517598706 1000000000
0 517598706 1000000000 517598706
517998705 0 517998705 1000000000
0 517998705 1000000000 517998705
518398704 0 518398704 1000000000
0 518398704 1000000000 518398704
518798703 0 518798703 1000000000
0 518798703 1000000000 518798703
519198702 0 519198702 1000000000
0 519198702 1000000000 519198702
519598701 0 519598701 1000000000
0 519598701 1000000000 519598701
519998700 0 519998700 1000000000
0 519998700 1000000000 519998700
520398699 0 520398699 1000000000
0 520398699 1000000000 520398699
520798698 0 520798698 1000000000
0 520798698 1000000000 520798698
521198697 0 521198697 1000000000
0 521198697 1000000000 521198697
521598696 0 521598696 1000000000
0 521598696 1000000000 521598696
521998695 0 521998695 1000000000
0 521998695 1000000000 521998695
522398694 0 522398694 1000000000
0 522398694 1000000000 522398694
522798693 0 522798693 1000000000
0 522798693 1000000000 522798693
523198692 0 523198692 1000000000
0 523198692 1000000000 523198692
523598691 0 523598691 1000000000
0 523598691 1000000000 523598691
523998690 0 523998690 1000000000
0 523998690 1000000000 523998690
524398689 0 524398689 1000000000
0 524398689 1000000000 524398689
524798688 0 524798688 1000000000
0 524798688 1000000000 524798688
525198687 0 525198687 1000000000
0 525198687 1000000000 525198687
525598686 0 525598686 1000000000
0 525598686 1000000000 525598686
525998685 0 525998685 1000000000
0 525998685 1000000000 525998685
526398684 0 526398684 1000000000
0 526398684 1000000000 526398684
526798683 0 526798683 1000000000
0 526798683 1000000000 526798683
527198682 0 527198682 1000000000
0 527198682 1000000000 527198682
527598681 0 527598681 1000000000
0 527598681 1000000000 527598681
527998680 0 527998680 1000000000
0 527998680 1000000000 527998680
528398679 0 528398679 1000000000
0 528398679 1000000000 528398679
528798678 0 528798678 1000000000
0 528798678 1000000000 528798678
529198677 0 529198677 1000000000
0 529198677 1000000000 529198677
529598676 0 529598676 1000000000
0 529598676 1000000000 529598676
529998675 0 529998675 1000000000
0 529998675 1000000000 529998675
530398674 0 530398674 1000000000
0 530398674 1000000000 530398674
530798673 0 530798673 1000000000
0 530798673 1000000000 530798673
531198672 0 531198672 1000000000
0 531198672 1000000000 531198672
531598671 0 531598671 1000000000
0 531598671 1000000000 531598671
531998670 0 531998670 1000000000
0 531998670 1000000000 531998670
532398669 0 532398669 1000000000
0 532398669 1000000000 532398669
532798668 0 532798668 1000000000
0 532798668 1000000000 532798668
533198667 0 533198667 1000000000
0 533198667 1000000000 533198667
533598666 0 533598666 1000000000
0 533598666 1000000000 533598666
533998665 0 533998665 1000000000
0 533998665 1000000000 533998665
534398664 0 534398664 1000000000
0 534398664 1000000000 534398664
534798663 0 534798663 1000000000
0 534798663 1000000000 534798663
535198662 0 535198662 1000000000
0 535198662 1000000000 535198662
535598661 0 535598661 1000000000
0 535598661 1000000000 535598661
535998660 0 535998660 1000000000
0 535998660 1000000000 535998660
536398659 0 536398659 1000000000
0 536398659 1000000000 536398659
536798658 0 536798658 1000000000
0 536798658 1000000000 536798658
537198657 0 537198657 1000000000
0 537198657 1000000000 537198657
537598656 0 537598656 1000000000
0 537598656 1000000000 537598656
537998655 0 537998655 1000000000
0 537998655 1000000000 537998655
538398654 0 538398654 1000000000
0 538398654 1000000000 538398654
538798653 0 538798653 1000000000
0 538798653 1000000000 538798653
539198652 0 539198652 1000000000
0 539198652 1000000000 539198652
539598651 0 539598651 1000000000
0 539598651 1000000000 539598651
539998650 0 539998650 1000000000
0 539998650 1000000000 539998650
540398649 0 540398649 1000000000
0 540398649 1000000000 540398649
540798648 0 540798648 1000000000
0 540798648 1000000000 540798648
541198647 0 541198647 1000000000
0 541198647 1000000000 541198647
541598646 0 541598646 1000000000
0 541598646 1000000000 541598646
541998645 0 541998645 1000000000
0 541998645 1000000000 541998645
542398644 0 542398644 1000000000
0 542398644 1000000000 542398644
542798643 0 542798643 1000000000
0 542798643 1000000000 542798643
543198642 0 543198642 1000000000
0 543198642 1000000000 543198642
543598641 0 543598641 1000000000
0 543598641 1000000000 543598641
543998640 0 543998640 1000000000
0 543998640 1000000000 543998640
544398639 0 544398639 1000000000
0 544398639 1000000000 544398639
544798638 0 544798638 1000000000
0 544798638 1000000000 544798638
545198637 0 545198637 1000000000
0 545198637 1000000000 545198637
545598636 0 545598636 1000000000
0 545598636 1000000000 545598636
545998635 0 545998635 1000000000
0 545998635 1000000000 545998635
546398634 0 546398634 1000000000
0 546398634 1000000000 546398634
546798633 0 546798633 1000000000
0 546798633 1000000000 546798633
547198632 0 547198632 1000000000
0 547198632 1000000000 547198632
547598631 0 547598631 1000000000
0 547598631 1000000000 547598631
547998630 0 547998630 1000000000
0 547998630 1000000000 547998630
548398629 0 548398629 1000000000
0 548398629 1000000000 548398629
548798628 0 548798628 1000000000
0 548798628 1000000000 548798628
549198627 0 549198627 1000000000
0 549198627 1000000000 549198627
549598626 0 549598626 1000000000
0 549598626 1000000000 549598626
549998625 0 549998625 1000000000
0 549998625 1000000000 549998625
550398624 0 550398624 1000000000
0 550398624 1000000000 550398624
550798623 0 550798623 1000000000
0 550798623 1000000000 550798623
551198622 0 551198622 1000000000
0 551198622 1000000000 551198622
551598621 0 551598621 1000000000
0 551598621 1000000000 551598621
551998620 0 551998620 1000000000
0 551998620 1000000000 551998620
552398619 0 552398619 1000000000
0 552398619 1000000000 552398619
552798618 0 552798618 1000000000
0 552798618 1000000000 552798618
553198617 0 553198617 1000000000
0 553198617 1000000000 553198617
553598616 0 553598616 1000000000
0 553598616 1000000000 553598616
553998615 0 553998615 1000000000
0 553998615 1000000000 553998615
554398614 0 554398614 1000000000
0 554398614 1000000000 554398614
554798613 0 554798613 1000000000
0 554798613 1000000000 554798613
555198612 0 555198612 1000000000
0 555198612 1000000000 555198612
555598611 0 555598611 1000000000
0 555598611 1000000000 555598611
555998610 0 555998610 1000000000
0 555998610 1000000000 555998610
556398609 0 556398609 1000000000
0 556398609 1000000000 556398609
556798608 0 556798608 1000000000
0 556798608 1000000000 556798608
557198607 0 557198607 1000000000
0 557198607 1000000000 557198607
557598606 0 557598606 1000000000
0 557598606 1000000000 557598606
557998605 0 557998605 1000000000
0 557998605 1000000000 557998605
558398604 0 558398604 1000000000
0 558398604 1000000000 558398604
558798603 0 558798603 1000000000
0 558798603 1000000000 558798603
559198602 0 559198602 1000000000
0 559198602 1000000000 559198602
559598601 0 559598601 1000000000
0 559598601 1000000000 559598601
559998600 0 559998600 1000000000
0 559998600 1000000000 559998600
560398599 0 560398599 1000000000
0 560398599 1000000000 560398599
560798598 0 560798598 1000000000
0 560798598 1000000000 560798598
561198597 0 561198597 1000000000
0 561198597 1000000000 561198597
561598596 0 561598596 1000000000
0 561598596 1000000000 561598596
561998595 0 561998595 1000000000
0 561998595 1000000000 561998595
562398594 0 562398594 1000000000
0 562398594 1000000000 562398594
562798593 0 562798593 1000000000
0 562798593 1000000000 562798593
563198592 0 563198592 1000000000
0 563198592 1000000000 563198592
563598591 0 563598591 1000000000
0 563598591 1000000000 563598591
563998590 0 563998590 1000000000
0 563998590 1000000000 563998590
564398589 0 564398589 1000000000
0 564398589 1000000000 564398589
564798588 0 564798588 1000000000
0 564798588 1000000000 564798588
565198587 0 565198587 1000000000
0 565198587 1000000000 565198587
565598586 0 565598586 1000000000
0 565598586 1000000000 565598586
565998585 0 565998585 1000000000
0 565998585 1000000000 565998585
566398584 0 566398584 1000000000
0 566398584 1000000000 566398584
566798583 0 566798583 1000000000
0 566798583 1000000000 566798583
567198582 0 567198582 1000000000
0 567198582 1000000000 567198582
567598581 0 567598581 1000000000
0 567598581 1000000000 567598581
567998580 0 567998580 1000000000
0 567998580 1000000000 567998580
568398579 0 568398579 1000000000
0 568398579 1000000000 568398579
568798578 0 568798578 1000000000
0 568798578 1000000000 568798578
569198577 0 569198577 1000000000
0 569198577 1000000000 569198577
569598576 0 569598576 1000000000
0 569598576 1000000000 569598576
569998575 0 569998575 1000000000
0 569998575 1000000000 569998575
570398574 0 570398574 1000000000
0 570398574 1000000000 570398574
570798573 0 570798573 1000000000
0 570798573 1000000000 570798573
571198572 0 571198572 1000000000
0 571198572 1000000000 571198572
571598571 0 571598571 1000000000
0 571598571 1000000000 571598571
571998570 0 571998570 1000000000
0 571998570 1000000000 571998570
572398569 0 572398569 1000000000
0 572398569 1000000000 572398569
572798568 0 572798568 1000000000
0 572798568 1000000000 572798568
573198567 0 573198567 1000000000
0 573198567 1000000000 573198567
573598566 0 573598566 1000000000
0 573598566 1000000000 573598566
573998565 0 573998565 1000000000
0 573998565 1000000000 573998565
574398564 0 574398564 1000000000
0 574398564 1000000000 574398564
574798563 0 574798563 1000000000
0 574798563 1000000000 574798563
575198562 0 575198562 1000000000
0 575198562 1000000000 575198562
575598561 0 575598561 1000000000
0 575598561 1000000000 575598561
575998560 0 575998560 1000000000
0 575998560 1000000000 575998560
576398559 0 576398559 1000000000
0 576398559 1000000000 576398559
576798558 0 576798558 1000000000
0 576798558 1000000000 576798558
577198557 0 577198557 1000000000
0 577198557 1000000000 577198557
577598556 0 577598556 1000000000
0 577598556 1000000000 577598556
577998555 0 577998555 1000000000
0 577998555 1000000000 577998555
578398554 0 578398554 1000000000
0 578398554 1000000000 578398554
578798553 0 578798553 1000000000
0 578798553 1000000000 578798553
579198552 0 579198552 1000000000
0 579198552 1000000000 579198552
579598551 0 579598551 1000000000
0 579598551 1000000000 579598551
579998550 0 579998550 1000000000
0 579998550 1000000000 579998550
580398549 0 580398549 1000000000
0 580398549 1000000000 580398549
580798548 0 580798548 1000000000
0 580798548 1000000000 580798548
581198547 0 581198547 1000000000
0 581198547 1000000000 581198547
581598546 0 581598546 1000000000
0 581598546 1000000000 581598546
581998545 0 581998545 1000000000
0 581998545 1000000000 581998545
582398544 0 582398544 1000000000
0 582398544 1000000000 582398544
582798543 0 582798543 1000000000
0 582798543 1000000000 582798543
583198542 0 583198542 1000000000
0 583198542 1000000000 583198542
583598541 0 583598541 1000000000
0 583598541 1000000000 583598541
583998540 0 583998540 1000000000
0 583998540 1000000000 583998540
584398539 0 584398539 1000000000
0 584398539 1000000000 584398539
584798538 0 584798538 1000000000
0 584798538 1000000000 584798538
585198537 0 585198537 1000000000
0 585198537 1000000000 585198537
585598536 0 585598536 1000000000
0 585598536 1000000000 585598536
585998535 0 585998535 1000000000
0 585998535 1000000000 585998535
586398534 0 586398534 1000000000
0 586398534 1000000000 586398534
586798533 0 586798533 1000000000
0 586798533 1000000000 586798533
587198532 0 587198532 1000000000
0 587198532 1000000000 587198532
587598531 0 587598531 1000000000
0 587598531 1000000000 587598531
587998530 0 587998530 1000000000
0 587998530 1000000000 587998530
588398529 0 588398529 1000000000
0 588398529 1000000000 588398529
588798528 0 588798528 1000000000
0 588798528 1000000000 588798528
589198527 0 589198527 1000000000
0 589198527 1000000000 589198527
589598526 0 589598526 1000000000
0 589598526 1000000000 589598526
589998525 0 589998525 1000000000
0 589998525 1000000000 589998525
590398524 0 590398524 1000000000
0 590398524 1000000000 590398524
590798523 0 590798523 1000000000
0 590798523 1000000000 590798523
591198522 0 591198522 1000000000
0 591198522 1000000000 591198522
591598521 0 591598521 1000000000
0 591598521 1000000000 591598521
591998520 0 591998520 1000000000
0 591998520 1000000000 591998520
592398519 0 592398519 1000000000
0 592398519 1000000000 592398519
592798518 0 592798518 1000000000
0 592798518 1000000000 592798518
593198517 0 593198517 1000000000
0 593198517 1000000000 593198517
593598516 0 593598516 1000000000
0 593598516 1000000000 593598516
593998515 0 593998515 1000000000
0 593998515 1000000000 593998515
594398514 0 594398514 1000000000
0 594398514 1000000000 594398514
594798513 0 594798513 1000000000
0 594798513 1000000000 594798513
595198512 0 595198512 1000000000
0 595198512 1000000000 595198512
595598511 0 595598511 1000000000
0 595598511 1000000000 595598511
595998510 0 595998510 1000000000
0 595998510 1000000000 595998510
596398509 0 596398509 1000000000
0 596398509 1000000000 596398509
596798508 0 596798508 1000000000
0 596798508 1000000000 596798508
597198507 0 597198507 1000000000
0 597198507 1000000000 597198507
597598506 0 597598506 1000000000
0 597598506 1000000000 597598506
597998505 0 597998505 1000000000
0 597998505 1000000000 597998505
598398504 0 598398504 1000000000
0 598398504 1000000000 598398504
598798503 0 598798503 1000000000
0 598798503 1000000000 598798503
599198502 0 599198502 1000000000
0 599198502 1000000000 599198502
599598501 0 599598501 1000000000
0 599598501 1000000000 599598501
599998500 0 599998500 1000000000
0 599998500 1000000000 599998500
600398499 0 600398499 1000000000
0 600398499 1000000000 600398499
600798498 0 600798498 1000000000
0 600798498 1000000000 600798498
601198497 0 601198497 1000000000
0 601198497 1000000000 601198497
601598496 0 601598496 1000000000
0 601598496 1000000000 601598496
601998495 0 601998495 1000000000
0 601998495 1000000000 601998495
602398494 0 602398494 1000000000
0 602398494 1000000000 602398494
602798493 0 602798493 1000000000
0 602798493 1000000000 602798493
603198492 0 603198492 1000000000
0 603198492 1000000000 603198492
603598491 0 603598491 1000000000
0 603598491 1000000000 603598491
603998490 0 603998490 1000000000
0 603998490 1000000000 603998490
604398489 0 604398489 1000000000
0 604398489 1000000000 604398489
604798488 0 604798488 1000000000
0 604798488 1000000000 604798488
605198487 0 605198487 1000000000
0 605198487 1000000000 605198487
605598486 0 605598486 1000000000
0 605598486 1000000000 605598486
605998485 0 605998485 1000000000
0 605998485 1000000000 605998485
606398484 0 606398484 1000000000
0 606398484 1000000000 606398484
606798483 0 606798483 1000000000
0 606798483 1000000000 606798483
607198482 0 607198482 1000000000
0 607198482 1000000000 607198482
607598481 0 607598481 1000000000
0 607598481 1000000000 607598481
607998480 0 607998480 1000000000
0 607998480 1000000000 607998480
608398479 0 608398479 1000000000
0 608398479 1000000000 608398479
608798478 0 608798478 1000000000
0 608798478 1000000000 608798478
609198477 0 609198477 1000000000
0 609198477 1000000000 609198477
609598476 0 609598476 1000000000
0 609598476 1000000000 609598476
609998475 0 609998475 1000000000
0 609998475 1000000000 609998475
610398474 0 610398474 1000000000
0 610398474 1000000000 610398474
610798473 0 610798473 1000000000
0 610798473 1000000000 610798473
611198472 0 611198472 1000000000
0 611198472 1000000000 611198472
611598471 0 611598471 1000000000
0 611598471 1000000000 611598471
611998470 0 611998470 1000000000
0 611998470 1000000000 611998470
612398469 0 612398469 1000000000
0 612398469 1000000000 612398469
612798468 0 612798468 1000000000
0 612798468 1000000000 612798468
613198467 0 613198467 1000000000
0 613198467 1000000000 613198467
613598466 0 613598466 1000000000
0 613598466 1000000000 613598466
613998465 0 613998465 1000000000
0 613998465 1000000000 613998465
614398464 0 614398464 1000000000
0 614398464 1000000000 614398464
614798463 0 614798463 1000000000
0 614798463 1000000000 614798463
615198462 0 615198462 1000000000
0 615198462 1000000000 615198462
615598461 0 615598461 1000000000
0 615598461 1000000000 615598461
615998460 0 615998460 1000000000
0 615998460 1000000000 615998460
616398459 0 616398459 1000000000
0 616398459 1000000000 616398459
616798458 0 616798458 1000000000
0 616798458 1000000000 616798458
617198457 0 617198457 1000000000
0 617198457 1000000000 617198457
617598456 0 617598456 1000000000
0 617598456 1000000000 617598456
617998455 0 617998455 1000000000
0 617998455 1000000000 617998455
618398454 0 618398454 1000000000
0 618398454 1000000000 618398454
618798453 0 618798453 1000000000
0 618798453 1000000000 618798453
619198452 0 619198452 1000000000
0 619198452 1000000000 619198452
619598451 0 619598451 1000000000
0 619598451 1000000000 619598451
619998450 0 619998450 1000000000
0 619998450 1000000000 619998450
620398449 0 620398449 1000000000
0 620398449 1000000000 620398449
620798448 0 620798448 1000000000
0 620798448 1000000000 620798448
621198447 0 621198447 1000000000
0 621198447 1000000000 621198447
621598446 0 621598446 1000000000
0 621598446 1000000000 621598446
621998445 0 621998445 1000000000
0 621998445 1000000000 621998445
622398444 0 622398444 1000000000
0 622398444 1000000000 622398444
622798443 0 622798443 1000000000
0 622798443 1000000000 622798443
623198442 0 623198442 1000000000
0 623198442 1000000000 623198442
623598441 0 623598441 1000000000
0 623598441 1000000000 623598441
623998440 0 623998440 1000000000
0 623998440 1000000000 623998440
624398439 0 624398439 1000000000
0 624398439 1000000000 624398439
624798438 0 624798438 1000000000
0 624798438 1000000000 624798438
625198437 0 625198437 1000000000
0 625198437 1000000000 625198437
625598436 0 625598436 1000000000
0 625598436 1000000000 625598436
625998435 0 625998435 1000000000
0 625998435 1000000000 625998435
626398434 0 626398434 1000000000
0 626398434 1000000000 626398434
626798433 0 626798433 1000000000
0 626798433 1000000000 626798433
627198432 0 627198432 1000000000
0 627198432 1000000000 627198432
627598431 0 627598431 1000000000
0 627598431 1000000000 627598431
627998430 0 627998430 1000000000
0 627998430 1000000000 627998430
628398429 0 628398429 1000000000
0 628398429 1000000000 628398429
628798428 0 628798428 1000000000
0 628798428 1000000000 628798428
629198427 0 629198427 1000000000
0 629198427 1000000000 629198427
629598426 0 629598426 1000000000
0 629598426 1000000000 629598426
629998425 0 629998425 1000000000
0 629998425 1000000000 629998425
630398424 0 630398424 1000000000
0 630398424 1000000000 630398424
630798423 0 630798423 1000000000
0 630798423 1000000000 630798423
631198422 0 631198422 1000000000
0 631198422 1000000000 631198422
631598421 0 631598421 1000000000
0 631598421 1000000000 631598421
631998420 0 631998420 1000000000
0 631998420 1000000000 631998420
632398419 0 632398419 1000000000
0 632398419 1000000000 632398419
632798418 0 632798418 1000000000
0 632798418 1000000000 632798418
633198417 0 633198417 1000000000
0 633198417 1000000000 633198417
633598416 0 633598416 1000000000
0 633598416 1000000000 633598416
633998415 0 633998415 1000000000
0 633998415 1000000000 633998415
634398414 0 634398414 1000000000
0 634398414 1000000000 634398414
634798413 0 634798413 1000000000
0 634798413 1000000000 634798413
635198412 0 635198412 1000000000
0 635198412 1000000000 635198412
635598411 0 635598411 1000000000
0 635598411 1000000000 635598411
635998410 0 635998410 1000000000
0 635998410 1000000000 635998410
636398409 0 636398409 1000000000
0 636398409 1000000000 636398409
636798408 0 636798408 1000000000
0 636798408 1000000000 636798408
637198407 0 637198407 1000000000
0 637198407 1000000000 637198407
637598406 0 637598406 1000000000
0 637598406 1000000000 637598406
637998405 0 637998405 1000000000
0 637998405 1000000000 637998405
638398404 0 638398404 1000000000
0 638398404 1000000000 638398404
638798403 0 638798403 1000000000
0 638798403 1000000000 638798403
639198402 0 639198402 1000000000
0 639198402 1000000000 639198402
639598401 0 639598401 1000000000
0 639598401 1000000000 639598401
639998400 0 639998400 1000000000
0 639998400 1000000000 639998400
640398399 0 640398399 1000000000
0 640398399 1000000000 640398399
640798398 0 640798398 1000000000
0 640798398 1000000000 640798398
641198397 0 641198397 1000000000
0 641198397 1000000000 641198397
641598396 0 641598396 1000000000
0 641598396 1000000000 641598396
641998395 0 641998395 1000000000
0 641998395 1000000000 641998395
642398394 0 642398394 1000000000
0 642398394 1000000000 642398394
642798393 0 642798393 1000000000
0 642798393 1000000000 642798393
643198392 0 643198392 1000000000
0 643198392 1000000000 643198392
643598391 0 643598391 1000000000
0 643598391 1000000000 643598391
643998390 0 643998390 1000000000
0 643998390 1000000000 643998390
644398389 0 644398389 1000000000
0 644398389 1000000000 644398389
644798388 0 644798388 1000000000
0 644798388 1000000000 644798388
645198387 0 645198387 1000000000
0 645198387 1000000000 645198387
645598386 0 645598386 1000000000
0 645598386 1000000000 645598386
645998385 0 645998385 1000000000
0 645998385 1000000000 645998385
646398384 0 646398384 1000000000
0 646398384 1000000000 646398384
646798383 0 646798383 1000000000
0 646798383 1000000000 646798383
647198382 0 647198382 1000000000
0 647198382 1000000000 647198382
647598381 0 647598381 1000000000
0 647598381 1000000000 647598381
647998380 0 647998380 1000000000
0 647998380 1000000000 647998380
648398379 0 648398379 1000000000
0 648398379 1000000000 648398379
648798378 0 648798378 1000000000
0 648798378 1000000000 648798378
649198377 0 649198377 1000000000
0 649198377 1000000000 649198377
649598376 0 649598376 1000000000
0 649598376 1000000000 649598376
649998375 0 649998375 1000000000
0 649998375 1000000000 649998375
650398374 0 650398374 1000000000
0 650398374 1000000000 650398374
650798373 0 650798373 1000000000
0 650798373 1000000000 650798373
651198372 0 651198372 1000000000
0 651198372 1000000000 651198372
651598371 0 651598371 1000000000
0 651598371 1000000000 651598371
651998370 0 651998370 1000000000
0 651998370 1000000000 651998370
652398369 0 652398369 1000000000
0 652398369 1000000000 652398369
652798368 0 652798368 1000000000
0 652798368 1000000000 652798368
653198367 0 653198367 1000000000
0 653198367 1000000000 653198367
653598366 0 653598366 1000000000
0 653598366 1000000000 653598366
653998365 0 653998365 1000000000
0 653998365 1000000000 653998365
654398364 0 654398364 1000000000
0 654398364 1000000000 654398364
654798363 0 654798363 1000000000
0 654798363 1000000000 654798363
655198362 0 655198362 1000000000
0 655198362 1000000000 655198362
655598361 0 655598361 1000000000
0 655598361 1000000000 655598361
655998360 0 655998360 1000000000
0 655998360 1000000000 655998360
656398359 0 656398359 1000000000
0 656398359 1000000000 656398359
656798358 0 656798358 1000000000
0 656798358 1000000000 656798358
657198357 0 657198357 1000000000
0 657198357 1000000000 657198357
657598356 0 657598356 1000000000
0 657598356 1000000000 657598356
657998355 0 657998355 1000000000
0 657998355 1000000000 657998355
658398354 0 658398354 1000000000
0 658398354 1000000000 658398354
658798353 0 658798353 1000000000
0 658798353 1000000000 658798353
659198352 0 659198352 1000000000
0 659198352 1000000000 659198352
659598351 0 659598351 1000000000
0 659598351 1000000000 659598351
659998350 0 659998350 1000000000
0 659998350 1000000000 659998350
660398349 0 660398349 1000000000
0 660398349 1000000000 660398349
660798348 0 660798348 1000000000
0 660798348 1000000000 660798348
661198347 0 661198347 1000000000
0 661198347 1000000000 661198347
661598346 0 661598346 1000000000
0 661598346 1000000000 661598346
661998345 0 661998345 1000000000
0 661998345 1000000000 661998345
662398344 0 662398344 1000000000
0 662398344 1000000000 662398344
662798343 0 662798343 1000000000
0 662798343 1000000000 662798343
663198342 0 663198342 1000000000
0 663198342 1000000000 663198342
663598341 0 663598341 1000000000
0 663598341 1000000000 663598341
663998340 0 663998340 1000000000
0 663998340 1000000000 663998340
664398339 0 664398339 1000000000
0 664398339 1000000000 664398339
664798338 0 664798338 1000000000
0 664798338 1000000000 664798338
665198337 0 665198337 1000000000
0 665198337 1000000000 665198337
665598336 0 665598336 1000000000
0 665598336 1000000000 665598336
665998335 0 665998335 1000000000
0 665998335 1000000000 665998335
666398334 0 666398334 1000000000
0 666398334 1000000000 666398334
666798333 0 666798333 1000000000
0 666798333 1000000000 666798333
667198332 0 667198332 1000000000
0 667198332 1000000000 667198332
667598331 0 667598331 1000000000
0 667598331 1000000000 667598331
667998330 0 667998330 1000000000
0 667998330 1000000000 667998330
668398329 0 668398329 1000000000
0 668398329 1000000000 668398329
668798328 0 668798328 1000000000
0 668798328 1000000000 668798328
669198327 0 669198327 1000000000
0 669198327 1000000000 669198327
669598326 0 669598326 1000000000
0 669598326 1000000000 669598326
669998325 0 669998325 1000000000
0 669998325 1000000000 669998325
670398324 0 670398324 1000000000
0 670398324 1000000000 670398324
670798323 0 670798323 1000000000
0 670798323 1000000000 670798323
671198322 0 671198322 1000000000
0 671198322 1000000000 671198322
671598321 0 671598321 1000000000
0 671598321 1000000000 671598321
671998320 0 671998320 1000000000
0 671998320 1000000000 671998320
672398319 0 672398319 1000000000
0 672398319 1000000000 672398319
672798318 0 672798318 1000000000
0 672798318 1000000000 672798318
673198317 0 673198317 1000000000
0 673198317 1000000000 673198317
673598316 0 673598316 1000000000
0 673598316 1000000000 673598316
673998315 0 673998315 1000000000
0 673998315 1000000000 673998315
674398314 0 674398314 1000000000
0 674398314 1000000000 674398314
674798313 0 674798313 1000000000
0 674798313 1000000000 674798313
675198312 0 675198312 1000000000
0 675198312 1000000000 675198312
675598311 0 675598311 1000000000
0 675598311 1000000000 675598311
675998310 0 675998310 1000000000
0 675998310 1000000000 675998310
676398309 0 676398309 1000000000
0 676398309 1000000000 676398309
676798308 0 676798308 1000000000
0 676798308 1000000000 676798308
677198307 0 677198307 1000000000
0 677198307 1000000000 677198307
677598306 0 677598306 1000000000
0 677598306 1000000000 677598306
677998305 0 677998305 1000000000
0 677998305 1000000000 677998305
678398304 0 678398304 1000000000
0 678398304 1000000000 678398304
678798303 0 678798303 1000000000
0 678798303 1000000000 678798303
679198302 0 679198302 1000000000
0 679198302 1000000000 679198302
679598301 0 679598301 1000000000
0 679598301 1000000000 679598301
679998300 0 679998300 1000000000
0 679998300 1000000000 679998300
680398299 0 680398299 1000000000
0 680398299 1000000000 680398299
680798298 0 680798298 1000000000
0 680798298 1000000000 680798298
681198297 0 681198297 1000000000
0 681198297 1000000000 681198297
681598296 0 681598296 1000000000
0 681598296 1000000000 681598296
681998295 0 681998295 1000000000
0 681998295 1000000000 681998295
682398294 0 682398294 1000000000
0 682398294 1000000000 682398294
682798293 0 682798293 1000000000
0 682798293 1000000000 682798293
683198292 0 683198292 1000000000
0 683198292 1000000000 683198292
683598291 0 683598291 1000000000
0 683598291 1000000000 683598291
683998290 0 683998290 1000000000
0 683998290 1000000000 683998290
684398289 0 684398289 1000000000
0 684398289 1000000000 684398289
684798288 0 684798288 1000000000
0 684798288 1000000000 684798288
685198287 0 685198287 1000000000
0 685198287 1000000000 685198287
685598286 0 685598286 1000000000
0 685598286 1000000000 685598286
685998285 0 685998285 1000000000
0 685998285 1000000000 685998285
686398284 0 686398284 1000000000
0 686398284 1000000000 686398284
686798283 0 686798283 1000000000
0 686798283 1000000000 686798283
687198282 0 687198282 1000000000
0 687198282 1000000000 687198282
687598281 0 687598281 1000000000
0 687598281 1000000000 687598281
687998280 0 687998280 1000000000
0 687998280 1000000000 687998280
688398279 0 688398279 1000000000
0 688398279 1000000000 688398279
688798278 0 688798278 1000000000
0 688798278 1000000000 688798278
689198277 0 689198277 1000000000
0 689198277 1000000000 689198277
689598276 0 689598276 1000000000
0 689598276 1000000000 689598276
689998275 0 689998275 1000000000
0 689998275 1000000000 689998275
690398274 0 690398274 1000000000
0 690398274 1000000000 690398274
690798273 0 690798273 1000000000
0 690798273 1000000000 690798273
691198272 0 691198272 1000000000
0 691198272 1000000000 691198272
691598271 0 691598271 1000000000
0 691598271 1000000000 691598271
691998270 0 691998270 1000000000
0 691998270 1000000000 691998270
692398269 0 692398269 1000000000
0 692398269 1000000000 692398269
692798268 0 692798268 1000000000
0 692798268 1000000000 692798268
693198267 0 693198267 1000000000
0 693198267 1000000000 693198267
693598266 0 693598266 1000000000
0 693598266 1000000000 693598266
693998265 0 693998265 1000000000
0 693998265 1000000000 693998265
694398264 0 694398264 1000000000
0 694398264 1000000000 694398264
694798263 0 694798263 1000000000
0 694798263 1000000000 694798263
695198262 0 695198262 1000000000
0 695198262 1000000000 695198262
695598261 0 695598261 1000000000
0 695598261 1000000000 695598261
695998260 0 695998260 1000000000
0 695998260 1000000000 695998260
696398259 0 696398259 1000000000
0 696398259 1000000000 696398259
696798258 0 696798258 1000000000
0 696798258 1000000000 696798258
697198257 0 697198257 1000000000
0 697198257 1000000000 697198257
697598256 0 697598256 1000000000
0 697598256 1000000000 697598256
697998255 0 697998255 1000000000
0 697998255 1000000000 697998255
698398254 0 698398254 1000000000
0 698398254 1000000000 698398254
698798253 0 698798253 1000000000
0 698798253 1000000000 698798253
699198252 0 699198252 1000000000
0 699198252 1000000000 699198252
699598251 0 699598251 1000000000
0 699598251 1000000000 699598251
699998250 0 699998250 1000000000
0 699998250 1000000000 699998250
700398249 0 700398249 1000000000
0 700398249 1000000000 700398249
700798248 0 700798248 1000000000
0 700798248 1000000000 700798248
701198247 0 701198247 1000000000
0 701198247 1000000000 701198247
701598246 0 701598246 1000000000
0 701598246 1000000000 701598246
701998245 0 701998245 1000000000
0 701998245 1000000000 701998245
702398244 0 702398244 1000000000
0 702398244 1000000000 702398244
702798243 0 702798243 1000000000
0 702798243 1000000000 702798243
703198242 0 703198242 1000000000
0 703198242 1000000000 703198242
703598241 0 703598241 1000000000
0 703598241 1000000000 703598241
703998240 0 703998240 1000000000
0 703998240 1000000000 703998240
704398239 0 704398239 1000000000
0 704398239 1000000000 704398239
704798238 0 704798238 1000000000
0 704798238 1000000000 704798238
705198237 0 705198237 1000000000
0 705198237 1000000000 705198237
705598236 0 705598236 1000000000
0 705598236 1000000000 705598236
705998235 0 705998235 1000000000
0 705998235 1000000000 705998235
706398234 0 706398234 1000000000
0 706398234 1000000000 706398234
706798233 0 706798233 1000000000
0 706798233 1000000000 706798233
707198232 0 707198232 1000000000
0 707198232 1000000000 707198232
707598231 0 707598231 1000000000
0 707598231 1000000000 707598231
707998230 0 707998230 1000000000
0 707998230 1000000000 707998230
708398229 0 708398229 1000000000
0 708398229 1000000000 708398229
708798228 0 708798228 1000000000
0 708798228 1000000000 708798228
709198227 0 709198227 1000000000
0 709198227 1000000000 709198227
709598226 0 709598226 1000000000
0 709598226 1000000000 709598226
709998225 0 709998225 1000000000
0 709998225 1000000000 709998225
710398224 0 710398224 1000000000
0 710398224 1000000000 710398224
710798223 0 710798223 1000000000
0 710798223 1000000000 710798223
711198222 0 711198222 1000000000
0 711198222 1000000000 711198222
711598221 0 711598221 1000000000
0 711598221 1000000000 711598221
711998220 0 711998220 1000000000
0 711998220 1000000000 711998220
712398219 0 712398219 1000000000
0 712398219 1000000000 712398219
712798218 0 712798218 1000000000
0 712798218 1000000000 712798218
713198217 0 713198217 1000000000
0 713198217 1000000000 713198217
713598216 0 713598216 1000000000
0 713598216 1000000000 713598216
713998215 0 713998215 1000000000
0 713998215 1000000000 713998215
714398214 0 714398214 1000000000
0 714398214 1000000000 714398214
714798213 0 714798213 1000000000
0 714798213 1000000000 714798213
715198212 0 715198212 1000000000
0 715198212 1000000000 715198212
715598211 0 715598211 1000000000
0 715598211 1000000000 715598211
715998210 0 715998210 1000000000
0 715998210 1000000000 715998210
716398209 0 716398209 1000000000
0 716398209 1000000000 716398209
716798208 0 716798208 1000000000
0 716798208 1000000000 716798208
717198207 0 717198207 1000000000
0 717198207 1000000000 717198207
717598206 0 717598206 1000000000
0 717598206 1000000000 717598206
717998205 0 717998205 1000000000
0 717998205 1000000000 717998205
718398204 0 718398204 1000000000
0 718398204 1000000000 718398204
718798203 0 718798203 1000000000
0 718798203 1000000000 718798203
719198202 0 719198202 1000000000
0 719198202 1000000000 719198202
719598201 0 719598201 1000000000
0 719598201 1000000000 719598201
719998200 0 719998200 1000000000
0 719998200 1000000000 719998200
720398199 0 720398199 1000000000
0 720398199 1000000000 720398199
720798198 0 720798198 1000000000
0 720798198 1000000000 720798198
721198197 0 721198197 1000000000
0 721198197 1000000000 721198197
721598196 0 721598196 1000000000
0 721598196 1000000000 721598196
721998195 0 721998195 1000000000
0 721998195 1000000000 721998195
722398194 0 722398194 1000000000
0 722398194 1000000000 722398194
722798193 0 722798193 1000000000
0 722798193 1000000000 722798193
723198192 0 723198192 1000000000
0 723198192 1000000000 723198192
723598191 0 723598191 1000000000
0 723598191 1000000000 723598191
723998190 0 723998190 1000000000
0 723998190 1000000000 723998190
724398189 0 724398189 1000000000
0 724398189 1000000000 724398189
724798188 0 724798188 1000000000
0 724798188 1000000000 724798188
725198187 0 725198187 1000000000
0 725198187 1000000000 725198187
725598186 0 725598186 1000000000
0 725598186 1000000000 725598186
725998185 0 725998185 1000000000
0 725998185 1000000000 725998185
726398184 0 726398184 1000000000
0 726398184 1000000000 726398184
726798183 0 726798183 1000000000
0 726798183 1000000000 726798183
727198182 0 727198182 1000000000
0 727198182 1000000000 727198182
727598181 0 727598181 1000000000
0 727598181 1000000000 727598181
727998180 0 727998180 1000000000
0 727998180 1000000000 727998180
728398179 0 728398179 1000000000
0 728398179 1000000000 728398179
728798178 0 728798178 1000000000
0 728798178 1000000000 728798178
729198177 0 729198177 1000000000
0 729198177 1000000000 729198177
729598176 0 729598176 1000000000
0 729598176 1000000000 729598176
729998175 0 729998175 1000000000
0 729998175 1000000000 729998175
730398174 0 730398174 1000000000
0 730398174 1000000000 730398174
730798173 0 730798173 1000000000
0 730798173 1000000000 730798173
731198172 0 731198172 1000000000
0 731198172 1000000000 731198172
731598171 0 731598171 1000000000
0 731598171 1000000000 731598171
731998170 0 731998170 1000000000
0 731998170 1000000000 731998170
732398169 0 732398169 1000000000
0 732398169 1000000000 732398169
732798168 0 732798168 1000000000
0 732798168 1000000000 732798168
733198167 0 733198167 1000000000
0 733198167 1000000000 733198167
733598166 0 733598166 1000000000
0 733598166 1000000000 733598166
733998165 0 733998165 1000000000
0 733998165 1000000000 733998165
734398164 0 734398164 1000000000
0 734398164 1000000000 734398164
734798163 0 734798163 1000000000
0 734798163 1000000000 734798163
735198162 0 735198162 1000000000
0 735198162 1000000000 735198162
735598161 0 735598161 1000000000
0 735598161 1000000000 735598161
735998160 0 735998160 1000000000
0 735998160 1000000000 735998160
736398159 0 736398159 1000000000
0 736398159 1000000000 736398159
736798158 0 736798158 1000000000
0 736798158 1000000000 736798158
737198157 0 737198157 1000000000
0 737198157 1000000000 737198157
737598156 0 737598156 1000000000
0 737598156 1000000000 737598156
737998155 0 737998155 1000000000
0 737998155 1000000000 737998155
738398154 0 738398154 1000000000
0 738398154 1000000000 738398154
738798153 0 738798153 1000000000
0 738798153 1000000000 738798153
739198152 0 739198152 1000000000
0 739198152 1000000000 739198152
739598151 0 739598151 1000000000
0 739598151 1000000000 739598151
739998150 0 739998150 1000000000
0 739998150 1000000000 739998150
740398149 0 740398149 1000000000
0 740398149 1000000000 740398149
740798148 0 740798148 1000000000
0 740798148 1000000000 740798148
741198147 0 741198147 1000000000
0 741198147 1000000000 741198147
741598146 0 741598146 1000000000
0 741598146 1000000000 741598146
741998145 0 741998145 1000000000
0 741998145 1000000000 741998145
742398144 0 742398144 1000000000
0 742398144 1000000000 742398144
742798143 0 742798143 1000000000
0 742798143 1000000000 742798143
743198142 0 743198142 1000000000
0 743198142 1000000000 743198142
743598141 0 743598141 1000000000
0 743598141 1000000000 743598141
743998140 0 743998140 1000000000
0 743998140 1000000000 743998140
744398139 0 744398139 1000000000
0 744398139 1000000000 744398139
744798138 0 744798138 1000000000
0 744798138 1000000000 744798138
745198137 0 745198137 1000000000
0 745198137 1000000000 745198137
745598136 0 745598136 1000000000
0 745598136 1000000000 745598136
745998135 0 745998135 1000000000
0 745998135 1000000000 745998135
746398134 0 746398134 1000000000
0 746398134 1000000000 746398134
746798133 0 746798133 1000000000
0 746798133 1000000000 746798133
747198132 0 747198132 1000000000
0 747198132 1000000000 747198132
747598131 0 747598131 1000000000
0 747598131 1000000000 747598131
747998130 0 747998130 1000000000
0 747998130 1000000000 747998130
748398129 0 748398129 1000000000
0 748398129 1000000000 748398129
748798128 0 748798128 1000000000
0 748798128 1000000000 748798128
749198127 0 749198127 1000000000
0 749198127 1000000000 749198127
749598126 0 749598126 1000000000
0 749598126 1000000000 749598126
749998125 0 749998125 1000000000
0 749998125 1000000000 749998125
750398124 0 750398124 1000000000
0 750398124 1000000000 750398124
750798123 0 750798123 1000000000
0 750798123 1000000000 750798123
751198122 0 751198122 1000000000
0 751198122 1000000000 751198122
751598121 0 751598121 1000000000
0 751598121 1000000000 751598121
751998120 0 751998120 1000000000
0 751998120 1000000000 751998120
752398119 0 752398119 1000000000
0 752398119 1000000000 752398119
752798118 0 752798118 1000000000
0 752798118 1000000000 752798118
753198117 0 753198117 1000000000
0 753198117 1000000000 753198117
753598116 0 753598116 1000000000
0 753598116 1000000000 753598116
753998115 0 753998115 1000000000
0 753998115 1000000000 753998115
754398114 0 754398114 1000000000
0 754398114 1000000000 754398114
754798113 0 754798113 1000000000
0 754798113 1000000000 754798113
755198112 0 755198112 1000000000
0 755198112 1000000000 755198112
755598111 0 755598111 1000000000
0 755598111 1000000000 755598111
755998110 0 755998110 1000000000
0 755998110 1000000000 755998110
756398109 0 756398109 1000000000
0 756398109 1000000000 756398109
756798108 0 756798108 1000000000
0 756798108 1000000000 756798108
757198107 0 757198107 1000000000
0 757198107 1000000000 757198107
757598106 0 757598106 1000000000
0 757598106 1000000000 757598106
757998105 0 757998105 1000000000
0 757998105 1000000000 757998105
758398104 0 758398104 1000000000
0 758398104 1000000000 758398104
758798103 0 758798103 1000000000
0 758798103 1000000000 758798103
759198102 0 759198102 1000000000
0 759198102 1000000000 759198102
759598101 0 759598101 1000000000
0 759598101 1000000000 759598101
759998100 0 759998100 1000000000
0 759998100 1000000000 759998100
760398099 0 760398099 1000000000
0 760398099 1000000000 760398099
760798098 0 760798098 1000000000
0 760798098 1000000000 760798098
761198097 0 761198097 1000000000
0 761198097 1000000000 761198097
761598096 0 761598096 1000000000
0 761598096 1000000000 761598096
761998095 0 761998095 1000000000
0 761998095 1000000000 761998095
762398094 0 762398094 1000000000
0 762398094 1000000000 762398094
762798093 0 762798093 1000000000
0 762798093 1000000000 762798093
763198092 0 763198092 1000000000
0 763198092 1000000000 763198092
763598091 0 763598091 1000000000
0 763598091 1000000000 763598091
763998090 0 763998090 1000000000
0 763998090 1000000000 763998090
764398089 0 764398089 1000000000
0 764398089 1000000000 764398089
764798088 0 764798088 1000000000
0 764798088 1000000000 764798088
765198087 0 765198087 1000000000
0 765198087 1000000000 765198087
765598086 0 765598086 1000000000
0 765598086 1000000000 765598086
765998085 0 765998085 1000000000
0 765998085 1000000000 765998085
766398084 0 766398084 1000000000
0 766398084 1000000000 766398084
766798083 0 766798083 1000000000
0 766798083 1000000000 766798083
767198082 0 767198082 1000000000
0 767198082 1000000000 767198082
767598081 0 767598081 1000000000
0 767598081 1000000000 767598081
767998080 0 767998080 1000000000
0 767998080 1000000000 767998080
768398079 0 768398079 1000000000
0 768398079 1000000000 768398079
768798078 0 768798078 1000000000
0 768798078 1000000000 768798078
769198077 0 769198077 1000000000
0 769198077 1000000000 769198077
769598076 0 769598076 1000000000
0 769598076 1000000000 769598076
769998075 0 769998075 1000000000
0 769998075 1000000000 769998075
770398074 0 770398074 1000000000
0 770398074 1000000000 770398074
770798073 0 770798073 1000000000
0 770798073 1000000000 770798073
771198072 0 771198072 1000000000
0 771198072 1000000000 771198072
771598071 0 771598071 1000000000
0 771598071 1000000000 771598071
771998070 0 771998070 1000000000
0 771998070 1000000000 771998070
772398069 0 772398069 1000000000
0 772398069 1000000000 772398069
772798068 0 772798068 1000000000
0 772798068 1000000000 772798068
773198067 0 773198067 1000000000
0 773198067 1000000000 773198067
773598066 0 773598066 1000000000
0 773598066 1000000000 773598066
773998065 0 773998065 1000000000
0 773998065 1000000000 773998065
774398064 0 774398064 1000000000
0 774398064 1000000000 774398064
774798063 0 774798063 1000000000
0 774798063 1000000000 774798063
775198062 0 775198062 1000000000
0 775198062 1000000000 775198062
775598061 0 775598061 1000000000
0 775598061 1000000000 775598061
775998060 0 775998060 1000000000
0 775998060 1000000000 775998060
776398059 0 776398059 1000000000
0 776398059 1000000000 776398059
776798058 0 776798058 1000000000
0 776798058 1000000000 776798058
777198057 0 777198057 1000000000
0 777198057 1000000000 777198057
777598056 0 777598056 1000000000
0 777598056 1000000000 777598056
777998055 0 777998055 1000000000
0 777998055 1000000000 777998055
778398054 0 778398054 1000000000
0 778398054 1000000000 778398054
778798053 0 778798053 1000000000
0 778798053 1000000000 778798053
779198052 0 779198052 1000000000
0 779198052 1000000000 779198052
779598051 0 779598051 1000000000
0 779598051 1000000000 779598051
779998050 0 779998050 1000000000
0 779998050 1000000000 779998050
780398049 0 780398049 1000000000
0 780398049 1000000000 780398049
780798048 0 780798048 1000000000
0 780798048 1000000000 780798048
781198047 0 781198047 1000000000
0 781198047 1000000000 781198047
781598046 0 781598046 1000000000
0 781598046 1000000000 781598046
781998045 0 781998045 1000000000
0 781998045 1000000000 781998045
782398044 0 782398044 1000000000
0 782398044 1000000000 782398044
782798043 0 782798043 1000000000
0 782798043 1000000000 782798043
783198042 0 783198042 1000000000
0 783198042 1000000000 783198042
783598041 0 783598041 1000000000
0 783598041 1000000000 783598041
783998040 0 783998040 1000000000
0 783998040 1000000000 783998040
784398039 0 784398039 1000000000
0 784398039 1000000000 784398039
784798038 0 784798038 1000000000
0 784798038 1000000000 784798038
785198037 0 785198037 1000000000
0 785198037 1000000000 785198037
785598036 0 785598036 1000000000
0 785598036 1000000000 785598036
785998035 0 785998035 1000000000
0 785998035 1000000000 785998035
786398034 0 786398034 1000000000
0 786398034 1000000000 786398034
786798033 0 786798033 1000000000
0 786798033 1000000000 786798033
787198032 0 787198032 1000000000
0 787198032 1000000000 787198032
787598031 0 787598031 1000000000
0 787598031 1000000000 787598031
787998030 0 787998030 1000000000
0 787998030 1000000000 787998030
788398029 0 788398029 1000000000
0 788398029 1000000000 788398029
788798028 0 788798028 1000000000
0 788798028 1000000000 788798028
789198027 0 789198027 1000000000
0 789198027 1000000000 789198027
789598026 0 789598026 1000000000
0 789598026 1000000000 789598026
789998025 0 789998025 1000000000
0 789998025 1000000000 789998025
790398024 0 790398024 1000000000
0 790398024 1000000000 790398024
790798023 0 790798023 1000000000
0 790798023 1000000000 790798023
791198022 0 791198022 1000000000
0 791198022 1000000000 791198022
791598021 0 791598021 1000000000
0 791598021 1000000000 791598021
791998020 0 791998020 1000000000
0 791998020 1000000000 791998020
792398019 0 792398019 1000000000
0 792398019 1000000000 792398019
792798018 0 792798018 1000000000
0 792798018 1000000000 792798018
793198017 0 793198017 1000000000
0 793198017 1000000000 793198017
793598016 0 793598016 1000000000
0 793598016 1000000000 793598016
793998015 0 793998015 1000000000
0 793998015 1000000000 793998015
794398014 0 794398014 1000000000
0 794398014 1000000000 794398014
794798013 0 794798013 1000000000
0 794798013 1000000000 794798013
795198012 0 795198012 1000000000
0 795198012 1000000000 795198012
795598011 0 795598011 1000000000
0 795598011 1000000000 795598011
795998010 0 795998010 1000000000
0 795998010 1000000000 795998010
796398009 0 796398009 1000000000
0 796398009 1000000000 796398009
796798008 0 796798008 1000000000
0 796798008 1000000000 796798008
797198007 0 797198007 1000000000
0 797198007 1000000000 797198007
797598006 0 797598006 1000000000
0 797598006 1000000000 797598006
797998005 0 797998005 1000000000
0 797998005 1000000000 797998005
798398004 0 798398004 1000000000
0 798398004 1000000000 798398004
798798003 0 798798003 1000000000
0 798798003 1000000000 798798003
799198002 0 799198002 1000000000
0 799198002 1000000000 799198002
799598001 0 799598001 1000000000
0 799598001 1000000000 799598001
799998000 0 799998000 1000000000
0 799998000 1000000000 799998000
800397999 0 800397999 1000000000
0 800397999 1000000000 800397999
800797998 0 800797998 1000000000
0 800797998 1000000000 800797998
801197997 0 801197997 1000000000
0 801197997 1000000000 801197997
801597996 0 801597996 1000000000
0 801597996 1000000000 801597996
801997995 0 801997995 1000000000
0 801997995 1000000000 801997995
802397994 0 802397994 1000000000
0 802397994 1000000000 802397994
802797993 0 802797993 1000000000
0 802797993 1000000000 802797993
803197992 0 803197992 1000000000
0 803197992 1000000000 803197992
803597991 0 803597991 1000000000
0 803597991 1000000000 803597991
803997990 0 803997990 1000000000
0 803997990 1000000000 803997990
804397989 0 804397989 1000000000
0 804397989 1000000000 804397989
804797988 0 804797988 1000000000
0 804797988 1000000000 804797988
805197987 0 805197987 1000000000
0 805197987 1000000000 805197987
805597986 0 805597986 1000000000
0 805597986 1000000000 805597986
805997985 0 805997985 1000000000
0 805997985 1000000000 805997985
806397984 0 806397984 1000000000
0 806397984 1000000000 806397984
806797983 0 806797983 1000000000
0 806797983 1000000000 806797983
807197982 0 807197982 1000000000
0 807197982 1000000000 807197982
807597981 0 807597981 1000000000
0 807597981 1000000000 807597981
807997980 0 807997980 1000000000
0 807997980 1000000000 807997980
808397979 0 808397979 1000000000
0 808397979 1000000000 808397979
808797978 0 808797978 1000000000
0 808797978 1000000000 808797978
809197977 0 809197977 1000000000
0 809197977 1000000000 809197977
809597976 0 809597976 1000000000
0 809597976 1000000000 809597976
809997975 0 809997975 1000000000
0 809997975 1000000000 809997975
810397974 0 810397974 1000000000
0 810397974 1000000000 810397974
810797973 0 810797973 1000000000
0 810797973 1000000000 810797973
811197972 0 811197972 1000000000
0 811197972 1000000000 811197972
811597971 0 811597971 1000000000
0 811597971 1000000000 811597971
811997970 0 811997970 1000000000
0 811997970 1000000000 811997970
812397969 0 812397969 1000000000
0 812397969 1000000000 812397969
812797968 0 812797968 1000000000
0 812797968 1000000000 812797968
813197967 0 813197967 1000000000
0 813197967 1000000000 813197967
813597966 0 813597966 1000000000
0 813597966 1000000000 813597966
813997965 0 813997965 1000000000
0 813997965 1000000000 813997965
814397964 0 814397964 1000000000
0 814397964 1000000000 814397964
814797963 0 814797963 1000000000
0 814797963 1000000000 814797963
815197962 0 815197962 1000000000
0 815197962 1000000000 815197962
815597961 0 815597961 1000000000
0 815597961 1000000000 815597961
815997960 0 815997960 1000000000
0 815997960 1000000000 815997960
816397959 0 816397959 1000000000
0 816397959 1000000000 816397959
816797958 0 816797958 1000000000
0 816797958 1000000000 816797958
817197957 0 817197957 1000000000
0 817197957 1000000000 817197957
817597956 0 817597956 1000000000
0 817597956 1000000000 817597956
817997955 0 817997955 1000000000
0 817997955 1000000000 817997955
818397954 0 818397954 1000000000
0 818397954 1000000000 818397954
818797953 0 818797953 1000000000
0 818797953 1000000000 818797953
819197952 0 819197952 1000000000
0 819197952 1000000000 819197952
819597951 0 819597951 1000000000
0 819597951 1000000000 819597951
819997950 0 819997950 1000000000
0 819997950 1000000000 819997950
820397949 0 820397949 1000000000
0 820397949 1000000000 820397949
820797948 0 820797948 1000000000
0 820797948 1000000000 820797948
821197947 0 821197947 1000000000
0 821197947 1000000000 821197947
821597946 0 821597946 1000000000
0 821597946 1000000000 821597946
821997945 0 821997945 1000000000
0 821997945 1000000000 821997945
822397944 0 822397944 1000000000
0 822397944 1000000000 822397944
822797943 0 822797943 1000000000
0 822797943 1000000000 822797943
823197942 0 823197942 1000000000
0 823197942 1000000000 823197942
823597941 0 823597941 1000000000
0 823597941 1000000000 823597941
823997940 0 823997940 1000000000
0 823997940 1000000000 823997940
824397939 0 824397939 1000000000
0 824397939 1000000000 824397939
824797938 0 824797938 1000000000
0 824797938 1000000000 824797938
825197937 0 825197937 1000000000
0 825197937 1000000000 825197937
825597936 0 825597936 1000000000
0 825597936 1000000000 825597936
825997935 0 825997935 1000000000
0 825997935 1000000000 825997935
826397934 0 826397934 1000000000
0 826397934 1000000000 826397934
826797933 0 826797933 1000000000
0 826797933 1000000000 826797933
827197932 0 827197932 1000000000
0 827197932 1000000000 827197932
827597931 0 827597931 1000000000
0 827597931 1000000000 827597931
827997930 0 827997930 1000000000
0 827997930 1000000000 827997930
828397929 0 828397929 1000000000
0 828397929 1000000000 828397929
828797928 0 828797928 1000000000
0 828797928 1000000000 828797928
829197927 0 829197927 1000000000
0 829197927 1000000000 829197927
829597926 0 829597926 1000000000
0 829597926 1000000000 829597926
829997925 0 829997925 1000000000
0 829997925 1000000000 829997925
830397924 0 830397924 1000000000
0 830397924 1000000000 830397924
830797923 0 830797923 1000000000
0 830797923 1000000000 830797923
831197922 0 831197922 1000000000
0 831197922 1000000000 831197922
831597921 0 831597921 1000000000
0 831597921 1000000000 831597921
831997920 0 831997920 1000000000
0 831997920 1000000000 831997920
832397919 0 832397919 1000000000
0 832397919 1000000000 832397919
832797918 0 832797918 1000000000
0 832797918 1000000000 832797918
833197917 0 833197917 1000000000
0 833197917 1000000000 833197917
833597916 0 833597916 1000000000
0 833597916 1000000000 833597916
833997915 0 833997915 1000000000
0 833997915 1000000000 833997915
834397914 0 834397914 1000000000
0 834397914 1000000000 834397914
834797913 0 834797913 1000000000
0 834797913 1000000000 834797913
835197912 0 835197912 1000000000
0 835197912 1000000000 835197912
835597911 0 835597911 1000000000
0 835597911 1000000000 835597911
835997910 0 835997910 1000000000
0 835997910 1000000000 835997910
836397909 0 836397909 1000000000
0 836397909 1000000000 836397909
836797908 0 836797908 1000000000
0 836797908 1000000000 836797908
837197907 0 837197907 1000000000
0 837197907 1000000000 837197907
837597906 0 837597906 1000000000
0 837597906 1000000000 837597906
837997905 0 837997905 1000000000
0 837997905 1000000000 837997905
838397904 0 838397904 1000000000
0 838397904 1000000000 838397904
838797903 0 838797903 1000000000
0 838797903 1000000000 838797903
839197902 0 839197902 1000000000
0 839197902 1000000000 839197902
839597901 0 839597901 1000000000
0 839597901 1000000000 839597901
839997900 0 839997900 1000000000
0 839997900 1000000000 839997900
840397899 0 840397899 1000000000
0 840397899 1000000000 840397899
840797898 0 840797898 1000000000
0 840797898 1000000000 840797898
841197897 0 841197897 1000000000
0 841197897 1000000000 841197897
841597896 0 841597896 1000000000
0 841597896 1000000000 841597896
841997895 0 841997895 1000000000
0 841997895 1000000000 841997895
842397894 0 842397894 1000000000
0 842397894 1000000000 842397894
842797893 0 842797893 1000000000
0 842797893 1000000000 842797893
843197892 0 843197892 1000000000
0 843197892 1000000000 843197892
843597891 0 843597891 1000000000
0 843597891 1000000000 843597891
843997890 0 843997890 1000000000
0 843997890 1000000000 843997890
844397889 0 844397889 1000000000
0 844397889 1000000000 844397889
844797888 0 844797888 1000000000
0 844797888 1000000000 844797888
845197887 0 845197887 1000000000
0 845197887 1000000000 845197887
845597886 0 845597886 1000000000
0 845597886 1000000000 845597886
845997885 0 845997885 1000000000
0 845997885 1000000000 845997885
846397884 0 846397884 1000000000
0 846397884 1000000000 846397884
846797883 0 846797883 1000000000
0 846797883 1000000000 846797883
847197882 0 847197882 1000000000
0 847197882 1000000000 847197882
847597881 0 847597881 1000000000
0 847597881 1000000000 847597881
847997880 0 847997880 1000000000
0 847997880 1000000000 847997880
848397879 0 848397879 1000000000
0 848397879 1000000000 848397879
848797878 0 848797878 1000000000
0 848797878 1000000000 848797878
849197877 0 849197877 1000000000
0 849197877 1000000000 849197877
849597876 0 849597876 1000000000
0 849597876 1000000000 849597876
849997875 0 849997875 1000000000
0 849997875 1000000000 849997875
850397874 0 850397874 1000000000
0 850397874 1000000000 850397874
850797873 0 850797873 1000000000
0 850797873 1000000000 850797873
851197872 0 851197872 1000000000
0 851197872 1000000000 851197872
851597871 0 851597871 1000000000
0 851597871 1000000000 851597871
851997870 0 851997870 1000000000
0 851997870 1000000000 851997870
852397869 0 852397869 1000000000
0 852397869 1000000000 852397869
852797868 0 852797868 1000000000
0 852797868 1000000000 852797868
853197867 0 853197867 1000000000
0 853197867 1000000000 853197867
853597866 0 853597866 1000000000
0 853597866 1000000000 853597866
853997865 0 853997865 1000000000
0 853997865 1000000000 853997865
854397864 0 854397864 1000000000
0 854397864 1000000000 854397864
854797863 0 854797863 1000000000
0 854797863 1000000000 854797863
855197862 0 855197862 1000000000
0 855197862 1000000000 855197862
855597861 0 855597861 1000000000
0 855597861 1000000000 855597861
855997860 0 855997860 1000000000
0 855997860 1000000000 855997860
856397859 0 856397859 1000000000
0 856397859 1000000000 856397859
856797858 0 856797858 1000000000
0 856797858 1000000000 856797858
857197857 0 857197857 1000000000
0 857197857 1000000000 857197857
857597856 0 857597856 1000000000
0 857597856 1000000000 857597856
857997855 0 857997855 1000000000
0 857997855 1000000000 857997855
858397854 0 858397854 1000000000
0 858397854 1000000000 858397854
858797853 0 858797853 1000000000
0 858797853 1000000000 858797853
859197852 0 859197852 1000000000
0 859197852 1000000000 859197852
859597851 0 859597851 1000000000
0 859597851 1000000000 859597851
859997850 0 859997850 1000000000
0 859997850 1000000000 859997850
860397849 0 860397849 1000000000
0 860397849 1000000000 860397849
860797848 0 860797848 1000000000
0 860797848 1000000000 860797848
861197847 0 861197847 1000000000
0 861197847 1000000000 861197847
861597846 0 861597846 1000000000
0 861597846 1000000000 861597846
861997845 0 861997845 1000000000
0 861997845 1000000000 861997845
862397844 0 862397844 1000000000
0 862397844 1000000000 862397844
862797843 0 862797843 1000000000
0 862797843 1000000000 862797843
863197842 0 863197842 1000000000
0 863197842 1000000000 863197842
863597841 0 863597841 1000000000
0 863597841 1000000000 863597841
863997840 0 863997840 1000000000
0 863997840 1000000000 863997840
864397839 0 864397839 1000000000
0 864397839 1000000000 864397839
864797838 0 864797838 1000000000
0 864797838 1000000000 864797838
865197837 0 865197837 1000000000
0 865197837 1000000000 865197837
865597836 0 865597836 1000000000
0 865597836 1000000000 865597836
865997835 0 865997835 1000000000
0 865997835 1000000000 865997835
866397834 0 866397834 1000000000
0 866397834 1000000000 866397834
866797833 0 866797833 1000000000
0 866797833 1000000000 866797833
867197832 0 867197832 1000000000
0 867197832 1000000000 867197832
867597831 0 867597831 1000000000
0 867597831 1000000000 867597831
867997830 0 867997830 1000000000
0 867997830 1000000000 867997830
868397829 0 868397829 1000000000
0 868397829 1000000000 868397829
868797828 0 868797828 1000000000
0 868797828 1000000000 868797828
869197827 0 869197827 1000000000
0 869197827 1000000000 869197827
869597826 0 869597826 1000000000
0 869597826 1000000000 869597826
869997825 0 869997825 1000000000
0 869997825 1000000000 869997825
870397824 0 870397824 1000000000
0 870397824 1000000000 870397824
870797823 0 870797823 1000000000
0 870797823 1000000000 870797823
871197822 0 871197822 1000000000
0 871197822 1000000000 871197822
871597821 0 871597821 1000000000
0 871597821 1000000000 871597821
871997820 0 871997820 1000000000
0 871997820 1000000000 871997820
872397819 0 872397819 1000000000
0 872397819 1000000000 872397819
872797818 0 872797818 1000000000
0 872797818 1000000000 872797818
873197817 0 873197817 1000000000
0 873197817 1000000000 873197817
873597816 0 873597816 1000000000
0 873597816 1000000000 873597816
873997815 0 873997815 1000000000
0 873997815 1000000000 873997815
874397814 0 874397814 1000000000
0 874397814 1000000000 874397814
874797813 0 874797813 1000000000
0 874797813 1000000000 874797813
875197812 0 875197812 1000000000
0 875197812 1000000000 875197812
875597811 0 875597811 1000000000
0 875597811 1000000000 875597811
875997810 0 875997810 1000000000
0 875997810 1000000000 875997810
876397809 0 876397809 1000000000
0 876397809 1000000000 876397809
876797808 0 876797808 1000000000
0 876797808 1000000000 876797808
877197807 0 877197807 1000000000
0 877197807 1000000000 877197807
877597806 0 877597806 1000000000
0 877597806 1000000000 877597806
877997805 0 877997805 1000000000
0 877997805 1000000000 877997805
878397804 0 878397804 1000000000
0 878397804 1000000000 878397804
878797803 0 878797803 1000000000
0 878797803 1000000000 878797803
879197802 0 879197802 1000000000
0 879197802 1000000000 879197802
879597801 0 879597801 1000000000
0 879597801 1000000000 879597801
879997800 0 879997800 1000000000
0 879997800 1000000000 879997800
880397799 0 880397799 1000000000
0 880397799 1000000000 880397799
880797798 0 880797798 1000000000
0 880797798 1000000000 880797798
881197797 0 881197797 1000000000
0 881197797 1000000000 881197797
881597796 0 881597796 1000000000
0 881597796 1000000000 881597796
881997795 0 881997795 1000000000
0 881997795 1000000000 881997795
882397794 0 882397794 1000000000
0 882397794 1000000000 882397794
882797793 0 882797793 1000000000
0 882797793 1000000000 882797793
883197792 0 883197792 1000000000
0 883197792 1000000000 883197792
883597791 0 883597791 1000000000
0 883597791 1000000000 883597791
883997790 0 883997790 1000000000
0 883997790 1000000000 883997790
884397789 0 884397789 1000000000
0 884397789 1000000000 884397789
884797788 0 884797788 1000000000
0 884797788 1000000000 884797788
885197787 0 885197787 1000000000
0 885197787 1000000000 885197787
885597786 0 885597786 1000000000
0 885597786 1000000000 885597786
885997785 0 885997785 1000000000
0 885997785 1000000000 885997785
886397784 0 886397784 1000000000
0 886397784 1000000000 886397784
886797783 0 886797783 1000000000
0 886797783 1000000000 886797783
887197782 0 887197782 1000000000
0 887197782 1000000000 887197782
887597781 0 887597781 1000000000
0 887597781 1000000000 887597781
887997780 0 887997780 1000000000
0 887997780 1000000000 887997780
888397779 0 888397779 1000000000
0 888397779 1000000000 888397779
888797778 0 888797778 1000000000
0 888797778 1000000000 888797778
889197777 0 889197777 1000000000
0 889197777 1000000000 889197777
889597776 0 889597776 1000000000
0 889597776 1000000000 889597776
889997775 0 889997775 1000000000
0 889997775 1000000000 889997775
890397774 0 890397774 1000000000
0 890397774 1000000000 890397774
890797773 0 890797773 1000000000
0 890797773 1000000000 890797773
891197772 0 891197772 1000000000
0 891197772 1000000000 891197772
891597771 0 891597771 1000000000
0 891597771 1000000000 891597771
891997770 0 891997770 1000000000
0 891997770 1000000000 891997770
892397769 0 892397769 1000000000
0 892397769 1000000000 892397769
892797768 0 892797768 1000000000
0 892797768 1000000000 892797768
893197767 0 893197767 1000000000
0 893197767 1000000000 893197767
893597766 0 893597766 1000000000
0 893597766 1000000000 893597766
893997765 0 893997765 1000000000
0 893997765 1000000000 893997765
894397764 0 894397764 1000000000
0 894397764 1000000000 894397764
894797763 0 894797763 1000000000
0 894797763 1000000000 894797763
895197762 0 895197762 1000000000
0 895197762 1000000000 895197762
895597761 0 895597761 1000000000
0 895597761 1000000000 895597761
895997760 0 895997760 1000000000
0 895997760 1000000000 895997760
896397759 0 896397759 1000000000
0 896397759 1000000000 896397759
896797758 0 896797758 1000000000
0 896797758 1000000000 896797758
897197757 0 897197757 1000000000
0 897197757 1000000000 897197757
897597756 0 897597756 1000000000
0 897597756 1000000000 897597756
897997755 0 897997755 1000000000
0 897997755 1000000000 897997755
898397754 0 898397754 1000000000
0 898397754 1000000000 898397754
898797753 0 898797753 1000000000
0 898797753 1000000000 898797753
899197752 0 899197752 1000000000
0 899197752 1000000000 899197752
899597751 0 899597751 1000000000
0 899597751 1000000000 899597751
899997750 0 899997750 1000000000
0 899997750 1000000000 899997750
900397749 0 900397749 1000000000
0 900397749 1000000000 900397749
900797748 0 900797748 1000000000
0 900797748 1000000000 900797748
901197747 0 901197747 1000000000
0 901197747 1000000000 901197747
901597746 0 901597746 1000000000
0 901597746 1000000000 901597746
901997745 0 901997745 1000000000
0 901997745 1000000000 901997745
902397744 0 902397744 1000000000
0 902397744 1000000000 902397744
902797743 0 902797743 1000000000
0 902797743 1000000000 902797743
903197742 0 903197742 1000000000
0 903197742 1000000000 903197742
903597741 0 903597741 1000000000
0 903597741 1000000000 903597741
903997740 0 903997740 1000000000
0 903997740 1000000000 903997740
904397739 0 904397739 1000000000
0 904397739 1000000000 904397739
904797738 0 904797738 1000000000
0 904797738 1000000000 904797738
905197737 0 905197737 1000000000
0 905197737 1000000000 905197737
905597736 0 905597736 1000000000
0 905597736 1000000000 905597736
905997735 0 905997735 1000000000
0 905997735 1000000000 905997735
906397734 0 906397734 1000000000
0 906397734 1000000000 906397734
906797733 0 906797733 1000000000
0 906797733 1000000000 906797733
907197732 0 907197732 1000000000
0 907197732 1000000000 907197732
907597731 0 907597731 1000000000
0 907597731 1000000000 907597731
907997730 0 907997730 1000000000
0 907997730 1000000000 907997730
908397729 0 908397729 1000000000
0 908397729 1000000000 908397729
908797728 0 908797728 1000000000
0 908797728 1000000000 908797728
909197727 0 909197727 1000000000
0 909197727 1000000000 909197727
909597726 0 909597726 1000000000
0 909597726 1000000000 909597726
909997725 0 909997725 1000000000
0 909997725 1000000000 909997725
910397724 0 910397724 1000000000
0 910397724 1000000000 910397724
910797723 0 910797723 1000000000
0 910797723 1000000000 910797723
911197722 0 911197722 1000000000
0 911197722 1000000000 911197722
911597721 0 911597721 1000000000
0 911597721 1000000000 911597721
911997720 0 911997720 1000000000
0 911997720 1000000000 911997720
912397719 0 912397719 1000000000
0 912397719 1000000000 912397719
912797718 0 912797718 1000000000
0 912797718 1000000000 912797718
913197717 0 913197717 1000000000
0 913197717 1000000000 913197717
913597716 0 913597716 1000000000
0 913597716 1000000000 913597716
913997715 0 913997715 1000000000
0 913997715 1000000000 913997715
914397714 0 914397714 1000000000
0 914397714 1000000000 914397714
914797713 0 914797713 1000000000
0 914797713 1000000000 914797713
915197712 0 915197712 1000000000
0 915197712 1000000000 915197712
915597711 0 915597711 1000000000
0 915597711 1000000000 915597711
915997710 0 915997710 1000000000
0 915997710 1000000000 915997710
916397709 0 916397709 1000000000
0 916397709 1000000000 916397709
916797708 0 916797708 1000000000
0 916797708 1000000000 916797708
917197707 0 917197707 1000000000
0 917197707 1000000000 917197707
917597706 0 917597706 1000000000
0 917597706 1000000000 917597706
917997705 0 917997705 1000000000
0 917997705 1000000000 917997705
918397704 0 918397704 1000000000
0 918397704 1000000000 918397704
918797703 0 918797703 1000000000
0 918797703 1000000000 918797703
919197702 0 919197702 1000000000
0 919197702 1000000000 919197702
919597701 0 919597701 1000000000
0 919597701 1000000000 919597701
919997700 0 919997700 1000000000
0 919997700 1000000000 919997700
920397699 0 920397699 1000000000
0 920397699 1000000000 920397699
920797698 0 920797698 1000000000
0 920797698 1000000000 920797698
921197697 0 921197697 1000000000
0 921197697 1000000000 921197697
921597696 0 921597696 1000000000
0 921597696 1000000000 921597696
921997695 0 921997695 1000000000
0 921997695 1000000000 921997695
922397694 0 922397694 1000000000
0 922397694 1000000000 922397694
922797693 0 922797693 1000000000
0 922797693 1000000000 922797693
923197692 0 923197692 1000000000
0 923197692 1000000000 923197692
923597691 0 923597691 1000000000
0 923597691 1000000000 923597691
923997690 0 923997690 1000000000
0 923997690 1000000000 923997690
924397689 0 924397689 1000000000
0 924397689 1000000000 924397689
924797688 0 924797688 1000000000
0 924797688 1000000000 924797688
925197687 0 925197687 1000000000
0 925197687 1000000000 925197687
925597686 0 925597686 1000000000
0 925597686 1000000000 925597686
925997685 0 925997685 1000000000
0 925997685 1000000000 925997685
926397684 0 926397684 1000000000
0 926397684 1000000000 926397684
926797683 0 926797683 1000000000
0 926797683 1000000000 926797683
927197682 0 927197682 1000000000
0 927197682 1000000000 927197682
927597681 0 927597681 1000000000
0 927597681 1000000000 927597681
927997680 0 927997680 1000000000
0 927997680 1000000000 927997680
928397679 0 928397679 1000000000
0 928397679 1000000000 928397679
928797678 0 928797678 1000000000
0 928797678 1000000000 928797678
929197677 0 929197677 1000000000
0 929197677 1000000000 929197677
929597676 0 929597676 1000000000
0 929597676 1000000000 929597676
929997675 0 929997675 1000000000
0 929997675 1000000000 929997675
930397674 0 930397674 1000000000
0 930397674 1000000000 930397674
930797673 0 930797673 1000000000
0 930797673 1000000000 930797673
931197672 0 931197672 1000000000
0 931197672 1000000000 931197672
931597671 0 931597671 1000000000
0 931597671 1000000000 931597671
931997670 0 931997670 1000000000
0 931997670 1000000000 931997670
932397669 0 932397669 1000000000
0 932397669 1000000000 932397669
932797668 0 932797668 1000000000
0 932797668 1000000000 932797668
933197667 0 933197667 1000000000
0 933197667 1000000000 933197667
933597666 0 933597666 1000000000
0 933597666 1000000000 933597666
933997665 0 933997665 1000000000
0 933997665 1000000000 933997665
934397664 0 934397664 1000000000
0 934397664 1000000000 934397664
934797663 0 934797663 1000000000
0 934797663 1000000000 934797663
935197662 0 935197662 1000000000
0 935197662 1000000000 935197662
935597661 0 935597661 1000000000
0 935597661 1000000000 935597661
935997660 0 935997660 1000000000
0 935997660 1000000000 935997660
936397659 0 936397659 1000000000
0 936397659 1000000000 936397659
936797658 0 936797658 1000000000
0 936797658 1000000000 936797658
937197657 0 937197657 1000000000
0 937197657 1000000000 937197657
937597656 0 937597656 1000000000
0 937597656 1000000000 937597656
937997655 0 937997655 1000000000
0 937997655 1000000000 937997655
938397654 0 938397654 1000000000
0 938397654 1000000000 938397654
938797653 0 938797653 1000000000
0 938797653 1000000000 938797653
939197652 0 939197652 1000000000
0 939197652 1000000000 939197652
939597651 0 939597651 1000000000
0 939597651 1000000000 939597651
939997650 0 939997650 1000000000
0 939997650 1000000000 939997650
940397649 0 940397649 1000000000
0 940397649 1000000000 940397649
940797648 0 940797648 1000000000
0 940797648 1000000000 940797648
941197647 0 941197647 1000000000
0 941197647 1000000000 941197647
941597646 0 941597646 1000000000
0 941597646 1000000000 941597646
941997645 0 941997645 1000000000
0 941997645 1000000000 941997645
942397644 0 942397644 1000000000
0 942397644 1000000000 942397644
942797643 0 942797643 1000000000
0 942797643 1000000000 942797643
943197642 0 943197642 1000000000
0 943197642 1000000000 943197642
943597641 0 943597641 1000000000
0 943597641 1000000000 943597641
943997640 0 943997640 1000000000
0 943997640 1000000000 943997640
944397639 0 944397639 1000000000
0 944397639 1000000000 944397639
944797638 0 944797638 1000000000
0 944797638 1000000000 944797638
945197637 0 945197637 1000000000
0 945197637 1000000000 945197637
945597636 0 945597636 1000000000
0 945597636 1000000000 945597636
945997635 0 945997635 1000000000
0 945997635 1000000000 945997635
946397634 0 946397634 1000000000
0 946397634 1000000000 946397634
946797633 0 946797633 1000000000
0 946797633 1000000000 946797633
947197632 0 947197632 1000000000
0 947197632 1000000000 947197632
947597631 0 947597631 1000000000
0 947597631 1000000000 947597631
947997630 0 947997630 1000000000
0 947997630 1000000000 947997630
948397629 0 948397629 1000000000
0 948397629 1000000000 948397629
948797628 0 948797628 1000000000
0 948797628 1000000000 948797628
949197627 0 949197627 1000000000
0 949197627 1000000000 949197627
949597626 0 949597626 1000000000
0 949597626 1000000000 949597626
949997625 0 949997625 1000000000
0 949997625 1000000000 949997625
950397624 0 950397624 1000000000
0 950397624 1000000000 950397624
950797623 0 950797623 1000000000
0 950797623 1000000000 950797623
951197622 0 951197622 1000000000
0 951197622 1000000000 951197622
951597621 0 951597621 1000000000
0 951597621 1000000000 951597621
951997620 0 951997620 1000000000
0 951997620 1000000000 951997620
952397619 0 952397619 1000000000
0 952397619 1000000000 952397619
952797618 0 952797618 1000000000
0 952797618 1000000000 952797618
953197617 0 953197617 1000000000
0 953197617 1000000000 953197617
953597616 0 953597616 1000000000
0 953597616 1000000000 953597616
953997615 0 953997615 1000000000
0 953997615 1000000000 953997615
954397614 0 954397614 1000000000
0 954397614 1000000000 954397614
954797613 0 954797613 1000000000
0 954797613 1000000000 954797613
955197612 0 955197612 1000000000
0 955197612 1000000000 955197612
955597611 0 955597611 1000000000
0 955597611 1000000000 955597611
955997610 0 955997610 1000000000
0 955997610 1000000000 955997610
956397609 0 956397609 1000000000
0 956397609 1000000000 956397609
956797608 0 956797608 1000000000
0 956797608 1000000000 956797608
957197607 0 957197607 1000000000
0 957197607 1000000000 957197607
957597606 0 957597606 1000000000
0 957597606 1000000000 957597606
957997605 0 957997605 1000000000
0 957997605 1000000000 957997605
958397604 0 958397604 1000000000
0 958397604 1000000000 958397604
958797603 0 958797603 1000000000
0 958797603 1000000000 958797603
959197602 0 959197602 1000000000
0 959197602 1000000000 959197602
959597601 0 959597601 1000000000
0 959597601 1000000000 959597601
959997600 0 959997600 1000000000
0 959997600 1000000000 959997600
960397599 0 960397599 1000000000
0 960397599 1000000000 960397599
960797598 0 960797598 1000000000
0 960797598 1000000000 960797598
961197597 0 961197597 1000000000
0 961197597 1000000000 961197597
961597596 0 961597596 1000000000
0 961597596 1000000000 961597596
961997595 0 961997595 1000000000
0 961997595 1000000000 961997595
962397594 0 962397594 1000000000
0 962397594 1000000000 962397594
962797593 0 962797593 1000000000
0 962797593 1000000000 962797593
963197592 0 963197592 1000000000
0 963197592 1000000000 963197592
963597591 0 963597591 1000000000
0 963597591 1000000000 963597591
963997590 0 963997590 1000000000
0 963997590 1000000000 963997590
964397589 0 964397589 1000000000
0 964397589 1000000000 964397589
964797588 0 964797588 1000000000
0 964797588 1000000000 964797588
965197587 0 965197587 1000000000
0 965197587 1000000000 965197587
965597586 0 965597586 1000000000
0 965597586 1000000000 965597586
965997585 0 965997585 1000000000
0 965997585 1000000000 965997585
966397584 0 966397584 1000000000
0 966397584 1000000000 966397584
966797583 0 966797583 1000000000
0 966797583 1000000000 966797583
967197582 0 967197582 1000000000
0 967197582 1000000000 967197582
967597581 0 967597581 1000000000
0 967597581 1000000000 967597581
967997580 0 967997580 1000000000
0 967997580 1000000000 967997580
968397579 0 968397579 1000000000
0 968397579 1000000000 968397579
968797578 0 968797578 1000000000
0 968797578 1000000000 968797578
969197577 0 969197577 1000000000
0 969197577 1000000000 969197577
969597576 0 969597576 1000000000
0 969597576 1000000000 969597576
969997575 0 969997575 1000000000
0 969997575 1000000000 969997575
970397574 0 970397574 1000000000
0 970397574 1000000000 970397574
970797573 0 970797573 1000000000
0 970797573 1000000000 970797573
971197572 0 971197572 1000000000
0 971197572 1000000000 971197572
971597571 0 971597571 1000000000
0 971597571 1000000000 971597571
971997570 0 971997570 1000000000
0 971997570 1000000000 971997570
972397569 0 972397569 1000000000
0 972397569 1000000000 972397569
972797568 0 972797568 1000000000
0 972797568 1000000000 972797568
973197567 0 973197567 1000000000
0 973197567 1000000000 973197567
973597566 0 973597566 1000000000
0 973597566 1000000000 973597566
973997565 0 973997565 1000000000
0 973997565 1000000000 973997565
974397564 0 974397564 1000000000
0 974397564 1000000000 974397564
974797563 0 974797563 1000000000
0 974797563 1000000000 974797563
975197562 0 975197562 1000000000
0 975197562 1000000000 975197562
975597561 0 975597561 1000000000
0 975597561 1000000000 975597561
975997560 0 975997560 1000000000
0 975997560 1000000000 975997560
976397559 0 976397559 1000000000
0 976397559 1000000000 976397559
976797558 0 976797558 1000000000
0 976797558 1000000000 976797558
977197557 0 977197557 1000000000
0 977197557 1000000000 977197557
977597556 0 977597556 1000000000
0 977597556 1000000000 977597556
977997555 0 977997555 1000000000
0 977997555 1000000000 977997555
978397554 0 978397554 1000000000
0 978397554 1000000000 978397554
978797553 0 978797553 1000000000
0 978797553 1000000000 978797553
979197552 0 979197552 1000000000
0 979197552 1000000000 979197552
979597551 0 979597551 1000000000
0 979597551 1000000000 979597551
979997550 0 979997550 1000000000
0 979997550 1000000000 979997550
980397549 0 980397549 1000000000
0 980397549 1000000000 980397549
980797548 0 980797548 1000000000
0 980797548 1000000000 980797548
981197547 0 981197547 1000000000
0 981197547 1000000000 981197547
981597546 0 981597546 1000000000
0 981597546 1000000000 981597546
981997545 0 981997545 1000000000
0 981997545 1000000000 981997545
982397544 0 982397544 1000000000
0 982397544 1000000000 982397544
982797543 0 982797543 1000000000
0 982797543 1000000000 982797543
983197542 0 983197542 1000000000
0 983197542 1000000000 983197542
983597541 0 983597541 1000000000
0 983597541 1000000000 983597541
983997540 0 983997540 1000000000
0 983997540 1000000000 983997540
984397539 0 984397539 1000000000
0 984397539 1000000000 984397539
984797538 0 984797538 1000000000
0 984797538 1000000000 984797538
985197537 0 985197537 1000000000
0 985197537 1000000000 985197537
985597536 0 985597536 1000000000
0 985597536 1000000000 985597536
985997535 0 985997535 1000000000
0 985997535 1000000000 985997535
986397534 0 986397534 1000000000
0 986397534 1000000000 986397534
986797533 0 986797533 1000000000
0 986797533 1000000000 986797533
987197532 0 987197532 1000000000
0 987197532 1000000000 987197532
987597531 0 987597531 1000000000
0 987597531 1000000000 987597531
987997530 0 987997530 1000000000
0 987997530 1000000000 987997530
988397529 0 988397529 1000000000
0 988397529 1000000000 988397529
988797528 0 988797528 1000000000
0 988797528 1000000000 988797528
989197527 0 989197527 1000000000
0 989197527 1000000000 989197527
989597526 0 989597526 1000000000
0 989597526 1000000000 989597526
989997525 0 989997525 1000000000
0 989997525 1000000000 989997525
990397524 0 990397524 1000000000
0 990397524 1000000000 990397524
990797523 0 990797523 1000000000
0 990797523 1000000000 990797523
991197522 0 991197522 1000000000
0 991197522 1000000000 991197522
991597521 0 991597521 1000000000
0 991597521 1000000000 991597521
991997520 0 991997520 1000000000
0 991997520 1000000000 991997520
992397519 0 992397519 1000000000
0 992397519 1000000000 992397519
992797518 0 992797518 1000000000
0 992797518 1000000000 992797518
993197517 0 993197517 1000000000
0 993197517 1000000000 993197517
993597516 0 993597516 1000000000
0 993597516 1000000000 993597516
993997515 0 993997515 1000000000
0 993997515 1000000000 993997515
994397514 0 994397514 1000000000
0 994397514 1000000000 994397514
994797513 0 994797513 1000000000
0 994797513 1000000000 994797513
995197512 0 995197512 1000000000
0 995197512 1000000000 995197512
995597511 0 995597511 1000000000
0 995597511 1000000000 995597511
995997510 0 995997510 1000000000
0 995997510 1000000000 995997510
996397509 0 996397509 1000000000
0 996397509 1000000000 996397509
996797508 0 996797508 1000000000
0 996797508 1000000000 996797508
997197507 0 997197507 1000000000
0 997197507 1000000000 997197507
997597506 0 997597506 1000000000
0 997597506 1000000000 997597506
997997505 0 997997505 1000000000
0 997997505 1000000000 997997505
998397504 0 998397504 1000000000
0 998397504 1000000000 998397504
998797503 0 998797503 1000000000
0 998797503 1000000000 998797503
999197502 0 999197502 1000000000
0 999197502 1000000000 999197502
999597501 0 999597501 1000000000
0 999597501 1000000000 999597501
999997500 0 999997500 1000000000
0 999997500 1000000000 999997500
