4998
4998
4998
4998
4998
4998
4998
4998
4998
4998
4998
4998
4998
4998
4998
4998
4998
4998
4998
4998
4998
4998
4998
4998
4998
4998
4998
4998
4998
4998
4998
4998
4998
4998
4998
4998
4998
4998
4998
4998
4998
4998
4998
4998
4998
4998
4998
4998
4998
4998
4998
4998
4998
4998
4998
4998
4998
4998
4998
4998
4998
4998
4998
4998
4998
4998
4998
4998
4998
4998
4998
4998
4998
4998
4998
4998
4998
4998
4998
4998
4998
4998
4998
4998
4998
4998
4998
4998
4998
4998
4998
4998
4998
4998
4998
4998
4998
4998
4998
4998
4998
4998
4998
4998
4998
4998
4998
4998
4998
4998
4998
4998
4998
4998
4998
4998
4998
4998
4998
4998
4998
4998
4998
4998
4998
4998
4998
4998
4998
4998
4998
4998
4998
4998
4998
4998
4998
4998
4998
4998
4998
4998
4998
4998
4998
4998
4998
4998
4998
4998
4998
4998
4998
4998
4998
4998
4998
4998
4998
4998
4998
4998
4998
4998
4998
4998
4998
4998
4998
4998
4998
4998
4998
4998
4998
4998
4998
4998
4998
4998
4998
4998
4998
4998
4998
4998
4998
4998
4998
4998
4998
4998
4998
4998
4998
4998
4998
4998
4998
4998
4998
4998
4998
4998
4998
4998
4998
4998
4998
4998
4998
4998
4998
4998
4998
4998
4998
4998
4998
4998
4998
4998
4998
4998
4998
4998
4998
4998
4998
4998
4998
4998
4998
4998
4998
4998
4998
4998
4998
4998
4998
4998
4998
4998
4998
4998
4998
4998
4998
4998
4998
4998
4998
4998
4998
4998
4998
4998
4998
4998
4998
4998
4998
4998
4998
4998
4998
4998
4998
4998
4998
4998
4998
4998
4998
4998
4998
4998
4998
4998
4998
4998
4998
4998
4998
4998
4998
4998
4998
4998
4998
4998
4998
4998
4998
4998
4998
4998
4998
4998
4998
4998
4998
4998
4998
4998
4998
4998
4998
4998
4998
4998
4998
4998
4998
4998
4998
4998
4998
4998
4998
4998
4998
4998
4998
4998
4998
4998
4998
4998
4998
4998
4998
4998
4998
4998
4998
4998
4998
4998
4998
4998
4998
4998
4998
4998
4998
4998
4998
4998
4998
4998
4998
4998
4998
4998
4998
4998
4998
4998
4998
4998
4998
4998
4998
4998
4998
4998
4998
4998
4998
4998
4998
4998
4998
4998
4998
4998
4998
4998
4998
4998
4998
4998
4998
4998
4998
4998
4998
4998
4998
4998
4998
4998
4998
4998
4998
4998
4998
4998
4998
4998
4998
4998
4998
4998
4998
4998
4998
4998
4998
4998
4998
4998
4998
4998
4998
4998
4998
4998
4998
4998
4998
4998
4998
4998
4998
4998
4998
4998
4998
4998
4998
4998
4998
4998
4998
4998
4998
4998
4998
4998
4998
4998
4998
4998
4998
4998
4998
4998
4998
4998
4998
4998
4998
4998
4998
4998
4998
4998
4998
4998
4998
4998
4998
4998
4998
4998
4998
4998
4998
4998
4998
4998
4998
4998
4998
4998
4998
4998
4998
4998
4998
4998
4998
4998
4998
4998
4998
4998
4998
4998
4998
4998
4998
4998
4998
4998
4998
4998
4998
4998
4998
4998
4998
4998
4998
4998
4998
4998
4998
4998
4998
4998
4998
4998
4998
4998
4998
4998
4998
4998
4998
4998
4998
4998
4998
4998
4998
4998
4998
4998
4998
4998
4998
4998
4998
4998
4998
4998
4998
4998
4998
4998
4998
4998
4998
4998
4998
4998
4998
4998
4998
4998
4998
4998
4998
4998
4998
4998
4998
4998
4998
4998
4998
4998
4998
4998
4998
4998
4998
4998
4998
4998
4998
4998
4998
4998
4998
4998
4998
4998
4998
4998
4998
4998
4998
4998
4998
4998
4998
4998
4998
4998
4998
4998
4998
4998
4998
4998
4998
4998
4998
4998
4998
4998
4998
4998
4998
4998
4998
4998
4998
4998
4998
4998
4998
4998
4998
4998
4998
4998
4998
4998
4998
4998
4998
4998
4998
4998
4998
4998
4998
4998
4998
4998
4998
4998
4998
4998
4998
4998
4998
4998
4998
4998
4998
4998
4998
4998
4998
4998
4998
4998
4998
4998
4998
4998
4998
4998
4998
4998
4998
4998
4998
4998
4998
4998
4998
4998
4998
4998
4998
4998
4998
4998
4998
4998
4998
4998
4998
4998
4998
4998
4998
4998
4998
4998
4998
4998
4998
4998
4998
4998
4998
4998
4998
4998
4998
4998
4998
4998
4998
4998
4998
4998
4998
4998
4998
4998
4998
4998
4998
4998
4998
4998
4998
4998
4998
4998
4998
4998
4998
4998
4998
4998
4998
4998
4998
4998
4998
4998
4998
4998
4998
4998
4998
4998
4998
4998
4998
4998
4998
4998
4998
4998
4998
4998
4998
4998
4998
4998
4998
4998
4998
4998
4998
4998
4998
4998
4998
4998
4998
4998
4998
4998
4998
4998
4998
4998
4998
4998
4998
4998
4998
4998
4998
4998
4998
4998
4998
4998
4998
4998
4998
4998
4998
4998
4998
4998
4998
4998
4998
4998
4998
4998
4998
4998
4998
4998
4998
4998
4998
4998
4998
4998
4998
4998
4998
4998
4998
4998
4998
4998
4998
4998
4998
4998
4998
4998
4998
4998
4998
4998
4998
4998
4998
4998
4998
4998
4998
4998
4998
4998
4998
4998
4998
4998
4998
4998
4998
4998
4998
4998
4998
4998
4998
4998
4998
4998
4998
4998
4998
4998
4998
4998
4998
4998
4998
4998
4998
4998
4998
4998
4998
4998
4998
4998
4998
4998
4998
4998
4998
4998
4998
4998
4998
4998
4998
4998
4998
4998
4998
4998
4998
4998
4998
4998
4998
4998
4998
4998
4998
4998
4998
4998
4998
4998
4998
4998
4998
4998
4998
4998
4998
4998
4998
4998
4998
4998
4998
4998
4998
4998
4998
4998
4998
4998
4998
4998
4998
4998
4998
4998
4998
4998
4998
4998
4998
4998
4998
4998
4998
4998
4998
4998
4998
4998
4998
4998
4998
4998
4998
4998
4998
4998
4998
4998
4998
4998
4998
4998
4998
4998
4998
4998
4998
4998
4998
4998
4998
4998
4998
4998
4998
4998
4998
4998
4998
4998
4998
4998
4998
4998
4998
4998
4998
4998
4998
4998
4998
4998
4998
4998
4998
4998
4998
4998
4998
4998
4998
4998
4998
4998
4998
4998
4998
4998
4998
4998
4998
4998
4998
4998
4998
4998
4998
4998
4998
4998
4998
4998
4998
4998
4998
4998
4998
4998
4998
4998
4998
4998
4998
4998
4998
4998
4998
4998
4998
4998
4998
4998
4998
4998
4998
4998
4998
4998
4998
4998
4998
4998
4998
4998
4998
4998
4998
4998
4998
4998
4998
4998
4998
4998
4998
4998
4998
4998
4998
4998
4998
4998
4998
4998
4998
4998
4998
4998
4998
4998
4998
4998
4998
4998
4998
4998
4998
4998
4998
4998
4998
4998
4998
4998
4998
4998
4998
4998
4998
4998
4998
4998
4998
4998
4998
4998
4998
4998
4998
4998
4998
4998
4998
4998
4998
4998
4998
4998
4998
4998
4998
4998
4998
4998
4998
4998
4998
4998
4998
4998
4998
4998
4998
4998
4998
4998
4998
4998
4998
4998
4998
4998
4998
4998
4998
4998
4998
4998
4998
4998
4998
4998
4998
4998
4998
4998
4998
4998
4998
4998
4998
4998
4998
4998
4998
4998
4998
4998
4998
4998
4998
4998
4998
4998
4998
4998
4998
4998
4998
4998
4998
4998
4998
4998
4998
4998
4998
4998
4998
4998
4998
4998
4998
4998
4998
4998
4998
4998
4998
4998
4998
4998
4998
4998
4998
4998
4998
4998
4998
4998
4998
4998
4998
4998
4998
4998
4998
4998
4998
4998
4998
4998
4998
4998
4998
4998
4998
4998
4998
4998
4998
4998
4998
4998
4998
4998
4998
4998
4998
4998
4998
4998
4998
4998
4998
4998
4998
4998
4998
4998
4998
4998
4998
4998
4998
4998
4998
4998
4998
4998
4998
4998
4998
4998
4998
4998
4998
4998
4998
4998
4998
4998
4998
4998
4998
4998
4998
4998
4998
4998
4998
4998
4998
4998
4998
4998
4998
4998
4998
4998
4998
4998
4998
4998
4998
4998
4998
4998
4998
4998
4998
4998
4998
4998
4998
4998
4998
4998
4998
4998
4998
4998
4998
4998
4998
4998
4998
4998
4998
4998
4998
4998
4998
4998
4998
4998
4998
4998
4998
4998
4998
4998
4998
4998
4998
4998
4998
4998
4998
4998
4998
4998
4998
4998
4998
4998
4998
4998
4998
4998
4998
4998
4998
4998
4998
4998
4998
4998
4998
4998
4998
4998
4998
4998
4998
4998
4998
4998
4998
4998
4998
4998
4998
4998
4998
4998
4998
4998
4998
4998
4998
4998
4998
4998
4998
4998
4998
4998
4998
4998
4998
4998
4998
4998
4998
4998
4998
4998
4998
4998
4998
4998
4998
4998
4998
4998
4998
4998
4998
4998
4998
4998
4998
4998
4998
4998
4998
4998
4998
4998
4998
4998
4998
4998
4998
4998
4998
4998
4998
4998
4998
4998
4998
4998
4998
4998
4998
4998
4998
4998
4998
4998
4998
4998
4998
4998
4998
4998
4998
4998
4998
4998
4998
4998
4998
4998
4998
4998
4998
4998
4998
4998
4998
4998
4998
4998
4998
4998
4998
4998
4998
4998
4998
4998
4998
4998
4998
4998
4998
4998
4998
4998
4998
4998
4998
4998
4998
4998
4998
4998
4998
4998
4998
4998
4998
4998
4998
4998
4998
4998
4998
4998
4998
4998
4998
4998
4998
4998
4998
4998
4998
4998
4998
4998
4998
4998
4998
4998
4998
4998
4998
4998
4998
4998
4998
4998
4998
4998
4998
4998
4998
4998
4998
4998
4998
4998
4998
4998
4998
4998
4998
4998
4998
4998
4998
4998
4998
4998
4998
4998
4998
4998
4998
4998
4998
4998
4998
4998
4998
4998
4998
4998
4998
4998
4998
4998
4998
4998
4998
4998
4998
4998
4998
4998
4998
4998
4998
4998
4998
4998
4998
4998
4998
4998
4998
4998
4998
4998
4998
4998
4998
4998
4998
4998
4998
4998
4998
4998
4998
4998
4998
4998
4998
4998
4998
4998
4998
4998
4998
4998
4998
4998
4998
4998
4998
4998
4998
4998
4998
4998
4998
4998
4998
4998
4998
4998
4998
4998
4998
4998
4998
4998
4998
4998
4998
4998
4998
4998
4998
4998
4998
4998
4998
4998
4998
4998
4998
4998
4998
4998
4998
4998
4998
4998
4998
4998
4998
4998
4998
4998
4998
4998
4998
4998
4998
4998
4998
4998
4998
4998
4998
4998
4998
4998
4998
4998
4998
4998
4998
4998
4998
4998
4998
4998
4998
4998
4998
4998
4998
4998
4998
4998
4998
4998
4998
4998
4998
4998
4998
4998
4998
4998
4998
4998
4998
4998
4998
4998
4998
4998
4998
4998
4998
4998
4998
4998
4998
4998
4998
4998
4998
4998
4998
4998
4998
4998
4998
4998
4998
4998
4998
4998
4998
4998
4998
4998
4998
4998
4998
4998
4998
4998
4998
4998
4998
4998
4998
4998
4998
4998
4998
4998
4998
4998
4998
4998
4998
4998
4998
4998
4998
4998
4998
4998
4998
4998
4998
4998
4998
4998
4998
4998
4998
4998
4998
4998
4998
4998
4998
4998
4998
4998
4998
4998
4998
4998
4998
4998
4998
4998
4998
4998
4998
4998
4998
4998
4998
4998
4998
4998
4998
4998
4998
4998
4998
4998
4998
4998
4998
4998
4998
4998
4998
4998
4998
4998
4998
4998
4998
4998
4998
4998
4998
4998
4998
4998
4998
4998
4998
4998
4998
4998
4998
4998
4998
4998
4998
4998
4998
4998
4998
4998
4998
4998
4998
4998
4998
4998
4998
4998
4998
4998
4998
4998
4998
4998
4998
4998
4998
4998
4998
4998
4998
4998
4998
4998
4998
4998
4998
4998
4998
4998
4998
4998
4998
4998
4998
4998
4998
4998
4998
4998
4998
4998
4998
4998
4998
4998
4998
4998
4998
4998
4998
4998
4998
4998
4998
4998
4998
4998
4998
4998
4998
4998
4998
4998
4998
4998
4998
4998
4998
4998
4998
4998
4998
4998
4998
4998
4998
4998
4998
4998
4998
4998
4998
4998
4998
4998
4998
4998
4998
4998
4998
4998
4998
4998
4998
4998
4998
4998
4998
4998
4998
4998
4998
4998
4998
4998
4998
4998
4998
4998
4998
4998
4998
4998
4998
4998
4998
4998
4998
4998
4998
4998
4998
4998
4998
4998
4998
4998
4998
4998
4998
4998
4998
4998
4998
4998
4998
4998
4998
4998
4998
4998
4998
4998
4998
4998
4998
4998
4998
4998
4998
4998
4998
4998
4998
4998
4998
4998
4998
4998
4998
4998
4998
4998
4998
4998
4998
4998
4998
4998
4998
4998
4998
4998
4998
4998
4998
4998
4998
4998
4998
4998
4998
4998
4998
4998
4998
4998
4998
4998
4998
4998
4998
4998
4998
4998
4998
4998
4998
4998
4998
4998
4998
4998
4998
4998
4998
4998
4998
4998
4998
4998
4998
4998
4998
4998
4998
4998
4998
4998
4998
4998
4998
4998
4998
4998
4998
4998
4998
4998
4998
4998
4998
4998
4998
4998
4998
4998
4998
4998
4998
4998
4998
4998
4998
4998
4998
4998
4998
4998
4998
4998
4998
4998
4998
4998
4998
4998
4998
4998
4998
4998
4998
4998
4998
4998
4998
4998
4998
4998
4998
4998
4998
4998
4998
4998
4998
4998
4998
4998
4998
4998
4998
4998
4998
4998
4998
4998
4998
4998
4998
4998
4998
4998
4998
4998
4998
4998
4998
4998
4998
4998
4998
4998
4998
4998
4998
4998
4998
4998
4998
4998
4998
4998
4998
4998
4998
4998
4998
4998
4998
4998
4998
4998
4998
4998
4998
4998
4998
4998
4998
4998
4998
4998
4998
4998
4998
4998
4998
4998
4998
4998
4998
4998
4998
4998
4998
4998
4998
4998
4998
4998
4998
4998
4998
4998
4998
4998
4998
4998
4998
4998
4998
4998
4998
4998
4998
4998
4998
4998
4998
4998
4998
4998
4998
4998
4998
4998
4998
4998
4998
4998
4998
4998
4998
4998
4998
4998
4998
4998
4998
4998
4998
4998
4998
4998
4998
4998
4998
4998
4998
4998
4998
4998
4998
4998
4998
4998
4998
4998
4998
4998
4998
4998
4998
4998
4998
4998
4998
4998
4998
4998
4998
4998
4998
4998
4998
4998
4998
4998
4998
4998
4998
4998
4998
4998
4998
4998
4998
4998
4998
4998
4998
4998
4998
4998
4998
4998
4998
4998
4998
4998
4998
4998
4998
4998
4998
4998
4998
4998
4998
4998
4998
4998
4998
4998
4998
4998
4998
4998
4998
4998
4998
4998
4998
4998
4998
4998
4998
4998
4998
4998
4998
4998
4998
4998
4998
4998
4998
4998
4998
4998
4998
4998
4998
4998
4998
4998
4998
4998
4998
4998
4998
4998
4998
4998
4998
4998
4998
4998
4998
4998
4998
4998
4998
4998
4998
4998
4998
4998
4998
4998
4998
4998
4998
4998
4998
4998
4998
4998
4998
4998
4998
4998
4998
4998
4998
4998
4998
4998
4998
4998
4998
4998
4998
4998
4998
4998
4998
4998
4998
4998
4998
4998
4998
4998
4998
4998
4998
4998
4998
4998
4998
4998
4998
4998
4998
4998
4998
4998
4998
4998
4998
4998
4998
4998
4998
4998
4998
4998
4998
4998
4998
4998
4998
4998
4998
4998
4998
4998
4998
4998
4998
4998
4998
4998
4998
4998
4998
4998
4998
4998
4998
4998
4998
4998
4998
4998
4998
4998
4998
4998
4998
4998
4998
4998
4998
4998
4998
4998
4998
4998
4998
4998
4998
4998
4998
4998
4998
4998
4998
4998
4998
4998
4998
4998
4998
4998
4998
4998
4998
4998
4998
4998
4998
4998
4998
4998
4998
4998
4998
4998
4998
4998
4998
4998
4998
4998
4998
4998
4998
4998
4998
4998
4998
4998
4998
4998
4998
4998
4998
4998
4998
4998
4998
4998
4998
4998
4998
4998
4998
4998
4998
4998
4998
4998
4998
4998
4998
4998
4998
4998
4998
4998
4998
4998
4998
4998
4998
4998
4998
4998
4998
4998
4998
4998
4998
4998
4998
4998
4998
4998
4998
4998
4998
4998
4998
4998
4998
4998
4998
4998
4998
4998
4998
4998
4998
4998
4998
4998
4998
4998
4998
4998
4998
4998
4998
4998
4998
4998
4998
4998
4998
4998
4998
4998
4998
4998
4998
4998
4998
4998
4998
4998
4998
4998
4998
4998
4998
4998
4998
4998
4998
4998
4998
4998
4998
4998
4998
4998
4998
4998
4998
4998
4998
4998
4998
4998
4998
4998
4998
4998
4998
4998
4998
4998
4998
4998
4998
4998
4998
4998
4998
4998
4998
4998
4998
4998
4998
4998
4998
4998
4998
4998
4998
4998
4998
4998
4998
4998
4998
4998
4998
4998
4998
4998
4998
4998
4998
4998
4998
4998
4998
4998
4998
4998
4998
4998
4998
4998
4998
4998
4998
4998
4998
4998
4998
4998
4998
4998
4998
4998
4998
4998
4998
4998
4998
4998
4998
4998
4998
4998
4998
4998
4998
4998
4998
4998
4998
4998
4998
4998
4998
4998
4998
4998
4998
4998
4998
4998
4998
4998
4998
4998
4998
4998
4998
4998
4998
4998
4998
4998
4998
4998
4998
4998
4998
4998
4998
4998
4998
4998
4998
4998
4998
4998
4998
4998
4998
4998
4998
4998
4998
4998
4998
4998
4998
4998
4998
4998
4998
4998
4998
4998
4998
4998
4998
4998
4998
4998
4998
4998
4998
4998
4998
4998
4998
4998
4998
4998
4998
4998
4998
4998
4998
4998
4998
4998
4998
4998
4998
4998
4998
4998
4998
4998
4998
4998
4998
4998
4998
4998
4998
4998
4998
4998
4998
4998
4998
4998
4998
4998
4998
4998
4998
4998
4998
4998
4998
4998
4998
4998
4998
4998
4998
4998
4998
4998
4998
4998
4998
4998
4998
4998
4998
4998
4998
4998
4998
4998
4998
4998
4998
4998
4998
4998
4998
4998
4998
4998
4998
4998
4998
4998
4998
4998
4998
4998
4998
4998
4998
4998
4998
4998
4998
4998
4998
4998
4998
4998
4998
4998
4998
4998
4998
4998
4998
4998
4998
4998
4998
4998
4998
4998
4998
4998
4998
4998
4998
4998
4998
4998
4998
4998
4998
4998
4998
4998
4998
4998
4998
4998
4998
4998
4998
4998
4998
4998
4998
4998
4998
4998
4998
4998
4998
4998
4998
4998
4998
4998
4998
4998
4998
4998
4998
4998
4998
4998
4998
4998
4998
4998
4998
4998
4998
4998
4998
4998
4998
4998
4998
4998
4998
4998
4998
4998
4998
4998
4998
4998
4998
4998
4998
4998
4998
4998
4998
4998
4998
4998
4998
4998
4998
4998
4998
4998
4998
4998
4998
4998
4998
4998
4998
4998
4998
4998
4998
4998
4998
4998
4998
4998
4998
4998
4998
4998
4998
4998
4998
4998
4998
4998
4998
4998
4998
4998
4998
4998
4998
4998
4998
4998
4998
4998
4998
4998
4998
4998
4998
4998
4998
4998
4998
4998
4998
4998
4998
4998
4998
4998
4998
4998
4998
4998
4998
4998
4998
4998
4998
4998
4998
4998
4998
4998
4998
4998
4998
4998
4998
4998
4998
4998
4998
4998
4998
4998
4998
4998
4998
4998
4998
4998
4998
4998
4998
4998
4998
4998
4998
4998
4998
4998
4998
4998
4998
4998
4998
4998
4998
4998
4998
4998
4998
4998
4998
4998
4998
4998
4998
4998
4998
4998
4998
4998
4998
4998
4998
4998
4998
4998
4998
4998
4998
4998
4998
4998
4998
4998
4998
4998
4998
4998
4998
4998
4998
4998
4998
4998
4998
4998
4998
4998
4998
4998
4998
4998
4998
4998
4998
4998
4998
4998
4998
4998
4998
4998
4998
4998
4998
4998
4998
4998
4998
4998
4998
4998
4998
4998
4998
4998
4998
4998
4998
4998
4998
4998
4998
4998
4998
4998
4998
4998
4998
4998
4998
4998
4998
4998
4998
4998
4998
4998
4998
4998
4998
4998
4998
4998
4998
4998
4998
4998
4998
4998
4998
4998
4998
4998
4998
4998
4998
4998
4998
4998
4998
4998
4998
4998
4998
4998
4998
4998
4998
4998
4998
4998
4998
4998
4998
4998
4998
4998
4998
4998
4998
4998
4998
4998
4998
4998
4998
4998
4998
4998
4998
4998
4998
4998
4998
4998
4998
4998
4998
4998
4998
4998
4998
4998
4998
4998
4998
4998
4998
4998
4998
4998
4998
4998
4998
4998
4998
4998
4998
4998
4998
4998
4998
4998
4998
4998
4998
4998
4998
4998
4998
4998
4998
4998
4998
4998
4998
4998
4998
4998
4998
4998
4998
4998
4998
4998
4998
4998
4998
4998
4998
4998
4998
4998
4998
4998
4998
4998
4998
4998
4998
4998
4998
4998
4998
4998
4998
4998
4998
4998
4998
4998
4998
4998
4998
4998
4998
4998
4998
4998
4998
4998
4998
4998
4998
4998
4998
4998
4998
4998
4998
4998
4998
4998
4998
4998
4998
4998
4998
4998
4998
4998
4998
4998
4998
4998
4998
4998
4998
4998
4998
4998
4998
4998
4998
4998
4998
4998
4998
4998
4998
4998
4998
4998
4998
4998
4998
4998
4998
4998
4998
4998
4998
4998
4998
4998
4998
4998
4998
4998
4998
4998
4998
4998
4998
4998
4998
4998
4998
4998
4998
4998
4998
4998
4998
4998
4998
4998
4998
4998
4998
4998
4998
4998
4998
4998
4998
4998
4998
4998
4998
4998
4998
4998
4998
4998
4998
4998
4998
4998
4998
4998
4998
4998
4998
4998
4998
4998
4998
4998
4998
4998
4998
4998
4998
4998
4998
4998
4998
4998
4998
4998
4998
4998
4998
4998
4998
4998
4998
4998
4998
4998
4998
4998
4998
4998
4998
4998
4998
4998
4998
4998
4998
4998
4998
4998
4998
4998
4998
4998
4998
4998
4998
4998
4998
4998
4998
4998
4998
4998
4998
4998
4998
4998
4998
4998
4998
4998
4998
4998
4998
4998
4998
4998
4998
4998
4998
4998
4998
4998
4998
4998
4998
4998
4998
4998
4998
4998
4998
4998
4998
4998
4998
4998
4998
4998
4998
4998
4998
4998
4998
4998
4998
4998
4998
4998
4998
4998
4998
4998
4998
4998
4998
4998
4998
4998
4998
4998
4998
4998
4998
4998
4998
4998
4998
4998
4998
4998
4998
4998
4998
4998
4998
4998
4998
4998
4998
4998
4998
4998
4998
4998
4998
4998
4998
4998
4998
4998
4998
4998
4998
4998
4998
4998
4998
4998
4998
4998
4998
4998
4998
4998
4998
4998
4998
4998
4998
4998
4998
4998
4998
4998
4998
4998
4998
4998
4998
4998
4998
4998
4998
4998
4998
4998
4998
4998
4998
4998
4998
4998
4998
4998
4998
4998
4998
4998
4998
4998
4998
4998
4998
4998
4998
4998
4998
4998
4998
4998
4998
4998
4998
4998
4998
4998
4998
4998
4998
4998
4998
4998
4998
4998
4998
4998
4998
4998
4998
4998
4998
4998
4998
4998
4998
4998
4998
4998
4998
4998
4998
4998
4998
4998
4998
4998
4998
4998
4998
4998
4998
4998
4998
4998
4998
4998
4998
4998
4998
4998
4998
4998
4998
4998
4998
4998
4998
4998
4998
4998
4998
4998
4998
4998
4998
4998
4998
4998
4998
4998
4998
4998
4998
4998
4998
4998
4998
4998
4998
4998
4998
4998
4998
4998
4998
4998
4998
4998
4998
4998
4998
4998
4998
4998
4998
4998
4998
4998
4998
4998
4998
4998
4998
4998
4998
4998
4998
4998
4998
4998
4998
4998
4998
4998
4998
4998
4998
4998
4998
4998
4998
4998
4998
4998
4998
4998
4998
4998
4998
4998
4998
4998
4998
4998
4998
4998
4998
4998
4998
4998
4998
4998
4998
4998
4998
4998
4998
4998
4998
4998
4998
4998
4998
4998
4998
4998
4998
4998
4998
4998
4998
4998
4998
4998
4998
4998
4998
4998
4998
4998
4998
4998
4998
4998
4998
4998
4998
4998
4998
4998
4998
4998
4998
4998
4998
4998
4998
4998
4998
4998
4998
4998
4998
4998
4998
4998
4998
4998
4998
4998
4998
4998
4998
4998
4998
4998
4998
4998
4998
4998
4998
4998
4998
4998
4998
4998
4998
4998
4998
4998
4998
4998
4998
4998
4998
4998
4998
4998
4998
4998
4998
4998
4998
4998
4998
4998
4998
4998
4998
4998
4998
4998
4998
4998
4998
4998
4998
4998
4998
4998
4998
4998
4998
4998
4998
4998
4998
4998
4998
4998
4998
4998
4998
4998
4998
4998
4998
4998
4998
4998
4998
4998
4998
4998
4998
4998
4998
4998
4998
4998
4998
4998
4998
4998
4998
4998
4998
4998
4998
4998
4998
4998
4998
4998
4998
4998
4998
4998
4998
4998
4998
4998
4998
4998
4998
4998
4998
4998
4998
4998
4998
4998
4998
4998
4998
4998
4998
4998
4998
4998
4998
4998
4998
4998
4998
4998
4998
4998
4998
4998
4998
4998
4998
4998
4998
4998
4998
4998
4998
4998
4998
4998
4998
4998
4998
4998
4998
4998
4998
4998
4998
4998
4998
4998
4998
4998
4998
4998
4998
4998
4998
4998
4998
4998
4998
4998
4998
4998
4998
4998
4998
4998
4998
4998
4998
4998
4998
4998
4998
4998
4998
4998
4998
4998
4998
4998
4998
4998
4998
4998
4998
4998
4998
4998
4998
4998
4998
4998
4998
4998
4998
4998
4998
4998
4998
4998
4998
4998
4998
4998
4998
4998
4998
4998
4998
4998
4998
4998
4998
4998
4998
4998
4998
4998
4998
4998
4998
4998
4998
4998
4998
4998
4998
4998
4998
4998
4998
4998
4998
4998
4998
4998
4998
4998
4998
4998
4998
4998
4998
4998
4998
4998
4998
4998
4998
4998
4998
4998
4998
4998
4998
4998
4998
4998
4998
4998
4998
4998
4998
4998
4998
4998
4998
4998
4998
4998
4998
4998
4998
4998
4998
4998
4998
4998
4998
4998
4998
4998
4998
4998
4998
4998
4998
4998
4998
4998
4998
4998
4998
4998
4998
4998
4998
4998
4998
4998
4998
4998
4998
4998
4998
4998
4998
4998
4998
4998
4998
4998
4998
4998
4998
4998
4998
4998
4998
4998
4998
4998
4998
4998
4998
4998
4998
4998
4998
4998
4998
4998
4998
4998
4998
4998
4998
4998
4998
4998
4998
4998
4998
4998
4998
4998
4998
4998
4998
4998
4998
4998
4998
4998
4998
4998
4998
4998
4998
4998
4998
4998
4998
4998
4998
4998
4998
4998
4998
4998
4998
4998
4998
4998
4998
4998
4998
4998
4998
4998
4998
4998
4998
4998
4998
4998
4998
4998
4998
4998
4998
4998
4998
4998
4998
4998
4998
4998
4998
4998
4998
4998
4998
4998
4998
4998
4998
4998
4998
4998
4998
4998
4998
4998
4998
4998
4998
4998
4998
4998
4998
4998
4998
4998
4998
4998
4998
4998
4998
4998
4998
4998
4998
4998
4998
4998
4998
4998
4998
4998
4998
4998
4998
4998
4998
4998
4998
4998
4998
4998
4998
4998
4998
4998
4998
4998
4998
4998
4998
4998
4998
4998
4998
4998
4998
4998
4998
4998
4998
4998
4998
4998
4998
4998
4998
4998
4998
4998
4998
4998
4998
4998
4998
4998
4998
4998
4998
4998
4998
4998
4998
4998
4998
4998
4998
4998
4998
4998
4998
4998
4998
4998
4998
4998
4998
4998
4998
4998
4998
4998
4998
4998
4998
4998
4998
4998
4998
4998
4998
4998
4998
4998
4998
4998
4998
4998
4998
4998
4998
4998
4998
4998
4998
4998
4998
4998
4998
4998
4998
4998
4998
4998
4998
4998
4998
4998
4998
4998
4998
4998
4998
4998
4998
4998
4998
4998
4998
4998
4998
4998
4998
4998
4998
4998
4998
4998
4998
4998
4998
4998
4998
4998
4998
4998
4998
4998
4998
4998
4998
4998
4998
4998
4998
4998
4998
4998
4998
4998
4998
4998
4998
4998
4998
4998
4998
4998
4998
4998
4998
4998
4998
4998
4998
4998
4998
4998
4998
4998
4998
4998
4998
4998
4998
4998
4998
4998
4998
4998
4998
4998
4998
4998
4998
4998
4998
4998
4998
4998
4998
4998
4998
4998
4998
4998
4998
4998
4998
4998
4998
4998
4998
4998
4998
4998
4998
4998
4998
4998
4998
4998
4998
4998
4998
4998
4998
4998
4998
4998
4998
4998
4998
4998
4998
4998
4998
4998
4998
4998
4998
4998
4998
4998
4998
4998
4998
4998
4998
4998
4998
4998
4998
4998
4998
4998
4998
4998
4998
4998
4998
4998
4998
4998
4998
4998
4998
4998
4998
4998
4998
4998
4998
4998
4998
4998
4998
4998
4998
4998
4998
4998
4998
4998
4998
4998
4998
4998
4998
4998
4998
4998
4998
4998
4998
4998
4998
4998
4998
4998
4998
4998
4998
4998
4998
4998
4998
4998
4998
4998
4998
4998
4998
4998
4998
4998
4998
4998
4998
4998
4998
4998
4998
4998
4998
4998
4998
4998
4998
4998
4998
4998
4998
4998
4998
4998
4998
4998
4998
4998
4998
4998
4998
4998
4998
4998
4998
4998
4998
4998
4998
4998
4998
4998
4998
4998
4998
4998
4998
4998
4998
4998
4998
4998
4998
4998
4998
4998
4998
4998
4998
4998
4998
4998
4998
4998
4998
4998
4998
4998
4998
4998
4998
4998
4998
4998
4998
4998
4998
4998
4998
4998
4998
4998
4998
4998
4998
4998
4998
4998
4998
4998
4998
4998
4998
4998
4998
4998
4998
4998
4998
4998
4998
4998
4998
4998
4998
4998
4998
4998
4998
4998
4998
4998
4998
4998
4998
4998
4998
4998
4998
4998
4998
4998
4998
4998
4998
4998
4998
4998
4998
4998
4998
4998
4998
4998
4998
4998
4998
4998
4998
4998
4998
4998
4998
4998
4998
4998
4998
4998
4998
4998
4998
4998
4998
4998
4998
4998
4998
4998
4998
4998
4998
4998
4998
4998
4998
4998
4998
4998
4998
4998
4998
4998
4998
4998
4998
4998
4998
4998
4998
4998
4998
4998
4998
4998
4998
4998
4998
4998
4998
4998
4998
4998
4998
4998
4998
4998
4998
4998
4998
4998
4998
4998
4998
4998
4998
4998
4998
4998
4998
4998
4998
4998
4998
4998
4998
4998
4998
4998
4998
4998
4998
4998
4998
4998
4998
4998
4998
4998
4998
4998
4998
4998
4998
4998
4998
4998
4998
4998
4998
4998
4998
4998
4998
4998
4998
4998
4998
4998
4998
4998
4998
4998
4998
4998
4998
4998
4998
4998
4998
4998
4998
4998
4998
4998
4998
4998
4998
4998
4998
4998
4998
4998
4998
4998
4998
4998
4998
4998
4998
4998
4998
4998
4998
4998
4998
4998
4998
4998
4998
4998
4998
4998
4998
4998
4998
4998
4998
4998
4998
4998
4998
4998
4998
4998
4998
4998
4998
4998
4998
4998
4998
4998
4998
4998
4998
4998
4998
4998
4998
4998
4998
4998
4998
4998
4998
4998
4998
4998
4998
4998
4998
4998
4998
4998
4998
4998
4998
4998
4998
4998
4998
4998
4998
4998
4998
4998
4998
4998
4998
4998
4998
4998
4998
4998
4998
4998
4998
4998
4998
4998
4998
4998
4998
4998
4998
4998
4998
4998
4998
4998
4998
4998
4998
4998
4998
4998
4998
4998
4998
4998
4998
4998
4998
4998
4998
4998
4998
4998
4998
4998
4998
4998
4998
4998
4998
4998
4998
4998
4998
4998
4998
4998
4998
4998
4998
4998
4998
4998
4998
4998
4998
4998
4998
4998
4998
4998
4998
4998
4998
4998
4998
4998
4998
4998
4998
4998
4998
4998
4998
4998
4998
4998
4998
4998
4998
4998
4998
4998
4998
4998
4998
4998
4998
4998
4998
4998
4998
4998
4998
4998
4998
4998
4998
4998
4998
4998
4998
4998
4998
4998
4998
4998
4998
4998
4998
4998
4998
4998
4998
4998
4998
4998
4998
4998
4998
4998
4998
4998
4998
4998
4998
4998
4998
4998
4998
4998
4998
4998
4998
4998
4998
4998
4998
4998
4998
4998
4998
4998
4998
4998
4998
4998
4998
4998
4998
4998
4998
4998
4998
4998
4998
4998
4998
4998
4998
4998
4998
4998
4998
4998
4998
4998
4998
4998
4998
4998
4998
4998
4998
4998
4998
4998
4998
4998
4998
4998
4998
4998
4998
4998
4998
4998
4998
4998
4998
4998
4998
4998
4998
4998
4998
4998
4998
4998
4998
4998
4998
4998
4998
4998
4998
4998
4998
4998
4998
4998
4998
4998
4998
4998
4998
4998
4998
4998
4998
4998
4998
4998
4998
4998
4998
4998
4998
4998
4998
4998
4998
4998
4998
4998
4998
4998
4998
4998
4998
4998
4998
4998
4998
4998
4998
4998
4998
4998
4998
4998
4998
4998
4998
4998
4998
4998
4998
4998
4998
4998
4998
4998
4998
4998
4998
4998
4998
4998
4998
4998
4998
4998
4998
4998
4998
4998
4998
4998
4998
4998
4998
4998
4998
4998
4998
4998
4998
4998
4998
4998
4998
4998
4998
4998
4998
4998
4998
4998
4998
4998
4998
4998
4998
4998
4998
4998
4998
4998
4998
4998
4998
4998
4998
4998
4998
4998
4998
4998
4998
4998
4998
4998
4998
4998
4998
4998
4998
4998
4998
4998
4998
4998
4998
4998
4998
4998
4998
4998
4998
4998
4998
4998
4998
4998
4998
4998
4998
4998
4998
4998
4998
4998
4998
4998
4998
4998
4998
4998
4998
4998
4998
4998
4998
4998
4998
4998
4998
4998
4998
4998
4998
4998
4998
4998
4998
4998
4998
4998
4998
4998
4998
4998
4998
4998
4998
4998
4998
4998
4998
4998
4998
4998
4998
4998
4998
4998
4998
4998
4998
4998
4998
4998
4998
4998
4998
4998
4998
4998
4998
4998
4998
4998
4998
4998
4998
4998
4998
4998
4998
4998
4998
4998
4998
4998
4998
4998
4998
4998
4998
4998
4998
4998
4998
4998
4998
4998
4998
4998
4998
4998
4998
4998
4998
4998
4998
4998
4998
4998
4998
4998
4998
4998
4998
4998
4998
4998
4998
4998
4998
4998
4998
4998
4998
4998
4998
4998
4998
4998
4998
4998
4998
4998
4998
4998
4998
4998
4998
4998
4998
4998
4998
4998
4998
4998
4998
4998
4998
4998
4998
4998
4998
4998
4998
4998
4998
4998
4998
4998
4998
4998
4998
4998
4998
4998
4998
4998
4998
4998
4998
4998
4998
4998
4998
4998
4998
4998
4998
4998
4998
4998
4998
4998
4998
4998
4998
4998
4998
4998
4998
4998
4998
4998
4998
4998
4998
4998
4998
4998
4998
4998
4998
4998
4998
4998
4998
4998
4998
4998
4998
4998
4998
4998
4998
4998
4998
4998
4998
4998
4998
4998
4998
4998
4998
4998
4998
4998
4998
4998
4998
4998
4998
4998
4998
4998
4998
4998
4998
4998
4998
4998
4998
4998
4998
4998
4998
4998
4998
4998
4998
4998
4998
4998
4998
4998
4998
4998
4998
4998
4998
4998
4998
4998
4998
4998
4998
4998
4998
4998
4998
4998
4998
4998
4998
4998
4998
4998
4998
4998
4998
4998
4998
4998
4998
4998
4998
4998
4998
4998
4998
4998
4998
4998
4998
4998
4998
4998
4998
4998
4998
4998
4998
4998
4998
4998
4998
4998
4998
4998
4998
4998
4998
4998
4998
4998
4998
4998
4998
4998
4998
4998
4998
4998
4998
4998
4998
4998
4998
4998
4998
4998
4998
4998
4998
4998
4998
4998
4998
4998
4998
4998
4998
4998
4998
4998
4998
4998
4998
4998
4998
4998
4998
4998
4998
4998
4998
4998
4998
4998
4998
4998
4998
4998
4998
4998
4998
4998
4998
4998
4998
4998
4998
4998
4998
4998
4998
4998
4998
4998
4998
4998
4998
4998
4998
4998
4998
4998
4998
4998
4998
4998
4998
4998
4998
4998
4998
4998
4998
4998
4998
4998
4998
4998
4998
4998
4998
4998
4998
4998
4998
4998
4998
4998
4998
4998
4998
4998
4998
4998
4998
4998
4998
4998
4998
4998
4998
4998
4998
4998
4998
4998
4998
4998
4998
4998
4998
4998
4998
4998
4998
4998
4998
4998
4998
4998
4998
4998
4998
4998
4998
4998
4998
4998
4998
4998
4998
4998
4998
4998
4998
4998
4998
4998
4998
4998
4998
4998
4998
4998
4998
4998
4998
4998
4998
4998
4998
4998
4998
4998
4998
4998
4998
4998
4998
4998
4998
4998
4998
4998
4998
4998
4998
4998
4998
4998
4998
4998
4998
4998
4998
4998
4998
4998
4998
4998
4998
4998
4998
4998
4998
4998
4998
4998
4998
4998
4998
4998
4998
4998
4998
4998
4998
4998
4998
4998
4998
4998
4998
4998
4998
4998
4998
4998
4998
4998
4998
4998
4998
4998
4998
4998
4998
4998
4998
4998
4998
4998
4998
4998
4998
4998
4998
4998
4998
4998
4998
4998
4998
4998
4998
4998
4998
4998
4998
4998
4998
4998
4998
4998
4998
4998
4998
4998
4998
4998
4998
4998
4998
4998
4998
4998
4998
4998
4998
4998
4998
4998
4998
4998
4998
4998
4998
4998
4998
4998
4998
4998
4998
4998
4998
4998
4998
4998
4998
4998
4998
4998
4998
4998
4998
4998
4998
4998
4998
4998
4998
4998
4998
4998
4998
4998
4998
4998
4998
4998
4998
4998
4998
4998
4998
4998
4998
4998
4998
4998
4998
4998
4998
4998
4998
4998
4998
4998
4998
4998
4998
4998
4998
4998
4998
4998
4998
4998
4998
4998
4998
4998
4998
4998
4998
4998
4998
4998
4998
4998
4998
4998
4998
4998
4998
4998
4998
4998
4998
4998
4998
4998
4998
4998
4998
4998
4998
4998
4998
4998
4998
4998
4998
4998
4998
4998
4998
4998
4998
4998
4998
4998
4998
4998
4998
4998
4998
4998
4998
4998
4998
4998
4998
4998
4998
4998
4998
4998
4998
4998
4998
4998
4998
4998
4998
4998
4998
4998
4998
4998
4998
4998
4998
4998
4998
4998
4998
4998
4998
4998
4998
4998
4998
4998
4998
4998
4998
4998
4998
4998
4998
4998
4998
4998
4998
4998
4998
4998
4998
4998
4998
4998
4998
4998
4998
4998
4998
4998
4998
4998
4998
4998
4998
4998
4998
4998
4998
4998
4998
4998
4998
4998
4998
4998
4998
4998
4998
4998
4998
4998
4998
4998
4998
4998
4998
4998
4998
4998
4998
4998
4998
4998
4998
4998
4998
4998
4998
4998
4998
4998
4998
4998
4998
4998
4998
4998
4998
4998
4998
4998
4998
4998
4998
4998
4998
4998
4998
4998
4998
4998
4998
4998
4998
4998
4998
4998
4998
4998
4998
4998
4998
4998
4998
4998
4998
4998
4998
4998
4998
4998
4998
4998
4998
4998
4998
4998
4998
4998
4998
4998
4998
4998
4998
4998
4998
4998
4998
4998
4998
4998
4998
4998
4998
4998
4998
4998
4998
4998
4998
4998
4998
4998
4998
4998
4998
4998
4998
4998
4998
4998
4998
4998
4998
4998
4998
4998
4998
4998
4998
4998
4998
4998
4998
4998
4998
4998
4998
4998
4998
4998
4998
4998
4998
4998
4998
4998
4998
4998
4998
4998
4998
4998
4998
4998
4998
4998
4998
4998
4998
4998
4998
4998
4998
4998
4998
4998
4998
4998
4998
4998
4998
4998
4998
4998
4998
4998
4998
4998
4998
4998
4998
4998
4998
4998
4998
4998
4998
4998
4998
4998
4998
4998
4998
4998
4998
4998
4998
4998
4998
4998
4998
4998
4998
4998
4998
4998
4998
4998
4998
4998
4998
4998
4998
4998
4998
4998
4998
4998
4998
4998
4998
4998
4998
4998
4998
4998
4998
4998
4998
4998
4998
4998
4998
4998
4998
4998
4998
4998
4998
4998
4998
4998
4998
4998
4998
4998
4998
4998
4998
4998
4998
4998
4998
4998
4998
4998
4998
4998
4998
4998
4998
4998
4998
4998
4998
4998
4998
4998
4998
4998
4998
4998
4998
4998
4998
4998
4998
4998
4998
4998
4998
4998
4998
4998
4998
4998
4998
4998
4998
4998
4998
4998
4998
4998
4998
4998
4998
4998
4998
4998
4998
4998
4998
4998
4998
4998
4998
4998
4998
4998
4998
4998
4998
4998
4998
4998
4998
4998
4998
4998
4998
4998
4998
4998
4998
4998
4998
4998
4998
4998
4998
4998
4998
4998
4998
4998
4998
4998
4998
4998
4998
4998
4998
4998
4998
4998
4998
4998
4998
4998
4998
4998
4998
4998
4998
4998
4998
4998
4998
4998
4998
4998
4998
4998
4998
4998
4998
4998
4998
4998
4998
4998
4998
4998
4998
4998
4998
4998
4998
4998
4998
4998
4998
4998
4998
4998
4998
4998
4998
4998
4998
4998
4998
4998
4998
4998
4998
4998
4998
4998
4998
4998
4998
4998
4998
4998
4998
4998
4998
4998
4998
4998
4998
4998
4998
4998
4998
4998
4998
4998
4998
4998
4998
4998
4998
4998
4998
4998
4998
4998
4998
4998
4998
4998
4998
4998
4998
4998
4998
4998
4998
4998
4998
4998
4998
4998
4998
4998
4998
4998
4998
4998
4998
4998
4998
4998
4998
4998
4998
4998
4998
4998
4998
4998
4998
4998
4998
4998
4998
4998
4998
4998
4998
4998
4998
4998
4998
4998
4998
4998
4998
4998
4998
4998
4998
4998
4998
4998
4998
4998
4998
4998
4998
4998
4998
4998
4998
4998
4998
4998
4998
4998
4998
4998
4998
4998
4998
4998
4998
4998
4998
4998
4998
4998
4998
4998
4998
4998
4998
4998
4998
4998
4998
4998
4998
4998
4998
4998
4998
4998
4998
4998
4998
4998
4998
4998
4998
4998
4998
4998
4998
4998
4998
4998
4998
4998
4998
4998
4998
4998
4998
4998
4998
4998
4998
4998
4998
4998
4998
4998
4998
4998
4998
4998
4998
4998
4998
4998
4998
4998
4998
4998
4998
4998
4998
4998
4998
4998
4998
4998
4998
4998
4998
4998
4998
4998
4998
4998
4998
4998
4998
4998
4998
4998
4998
4998
4998
4998
4998
4998
4998
4998
4998
4998
4998
4998
4998
4998
4998
4998
4998
4998
4998
4998
4998
4998
4998
4998
4998
4998
4998
4998
4998
4998
4998
4998
4998
4998
4998
4998
4998
4998
4998
4998
4998
4998
4998
4998
4998
4998
4998
4998
4998
4998
4998
4998
4998
4998
4998
4998
4998
4998
4998
4998
4998
4998
4998
4998
4998
4998
4998
4998
4998
4998
4998
4998
4998
4998
4998
4998
4998
4998
4998
4998
4998
4998
4998
4998
4998
4998
4998
4998
4998
4998
4998
4998
4998
4998
4998
4998
4998
4998
4998
4998
4998
4998
4998
4998
4998
4998
4998
4998
4998
4998
4998
4998
4998
4998
4998
4998
4998
4998
4998
4998
4998
4998
4998
4998
4998
4998
4998
4998
4998
4998
4998
4998
4998
4998
4998
4998
4998
4998
4998
4998
4998
4998
4998
4998
4998
4998
4998
4998
4998
4998
4998
4998
4998
4998
4998
4998
4998
4998
4998
4998
4998
4998
4998
4998
4998
4998
4998
4998
4998
4998
4998
4998
4998
4998
4998
4998
4998
4998
4998
4998
4998
4998
4998
4998
4998
4998
4998
4998
4998
4998
4998
4998
4998
4998
4998
4998
4998
4998
4998
4998
4998
4998
4998
4998
4998
4998
4998
4998
4998
4998
4998
4998
4998
4998
4998
4998
4998
4998
4998
4998
4998
4998
4998
4998
4998
4998
4998
4998
4998
4998
4998
4998
4998
4998
4998
4998
4998
4998
4998
4998
4998
4998
4998
4998
4998
4998
4998
4998
4998
4998
4998
4998
4998
4998
4998
4998
4998
4998
4998
4998
4998
4998
4998
4998
4998
4998
4998
4998
4998
4998
4998
4998
4998
4998
4998
4998
4998
4998
4998
4998
4998
4998
4998
4998
4998
4998
4998
4998
4998
4998
4998
4998
4998
4998
4998
4998
4998
4998
4998
4998
4998
4998
4998
4998
4998
4998
4998
4998
4998
4998
4998
4998
4998
4998
4998
4998
4998
4998
4998
4998
4998
4998
4998
4998
4998
4998
4998
4998
4998
4998
4998
4998
4998
4998
4998
4998
4998
4998
4998
4998
4998
4998
4998
4998
4998
4998
4998
4998
4998
4998
4998
4998
4998
4998
4998
4998
4998
4998
4998
4998
4998
4998
4998
4998
4998
4998
4998
4998
4998
4998
4998
4998
4998
4998
4998
4998
4998
4998
4998
4998
4998
4998
4998
4998
4998
4998
4998
4998
4998
4998
4998
4998
4998
4998
4998
4998
4998
4998
4998
4998
4998
4998
4998
4998
4998
4998
4998
4998
4998
4998
4998
4998
4998
4998
4998
4998
4998
4998
4998
4998
4998
4998
4998
4998
4998
4998
4998
4998
4998
4998
4998
4998
4998
4998
4998
4998
4998
4998
4998
4998
4998
4998
4998
4998
4998
4998
4998
4998
4998
4998
4998
4998
4998
4998
4998
4998
4998
4998
4998
4998
4998
4998
4998
4998
4998
4998
4998
4998
4998
4998
4998
4998
4998
4998
4998
4998
4998
4998
4998
4998
4998
4998
4998
4998
4998
4998
4998
4998
4998
4998
4998
4998
4998
4998
4998
4998
4998
4998
4998
4998
4998
4998
4998
4998
4998
4998
4998
4998
4998
4998
4998
4998
4998
4998
4998
4998
4998
4998
4998
4998
4998
4998
4998
4998
4998
4998
4998
4998
4998
4998
4998
4998
4998
4998
4998
4998
4998
4998
4998
4998
4998
4998
4998
4998
4998
4998
4998
4998
4998
4998
4998
4998
4998
4998
4998
4998
4998
4998
4998
4998
4998
4998
4998
4998
4998
4998
4998
4998
4998
4998
4998
4998
4998
4998
4998
4998
4998
4998
4998
4998
4998
4998
4998
4998
4998
4998
4998
4998
4998
4998
4998
4998
4998
4998
4998
4998
4998
4998
4998
4998
4998
4998
4998
4998
4998
4998
4998
4998
4998
4998
4998
4998
4998
4998
4998
4998
4998
4998
4998
4998
4998
4998
4998
4998
4998
4998
4998
4998
4998
4998
4998
4998
4998
4998
4998
4998
4998
4998
4998
4998
4998
4998
4998
4998
4998
4998
4998
4998
4998
4998
4998
4998
4998
4998
4998
4998
4998
4998
4998
4998
4998
4998
4998
4998
4998
4998
4998
4998
4998
4998
4998
4998
4998
4998
4998
4998
4998
4998
4998
4998
4998
4998
4998
4998
4998
4998
4998
4998
4998
4998
4998
4998
4998
4998
4998
4998
4998
4998
4998
4998
4998
4998
4998
4998
4998
4998
4998
4998
4998
4998
4998
4998
4998
4998
4998
4998
4998
4998
4998
4998
4998
4998
4998
4998
4998
4998
4998
4998
4998
4998
4998
4998
4998
4998
4998
4998
4998
4998
4998
4998
4998
4998
4998
4998
4998
4998
4998
4998
4998
4998
4998
4998
4998
4998
4998
4998
4998
4998
4998
4998
4998
4998
4998
4998
4998
4998
4998
4998
4998
4998
4998
4998
4998
4998
4998
4998
4998
4998
4998
4998
4998
4998
4998
4998
4998
4998
4998
4998
4998
4998
4998
4998
4998
4998
4998
4998
4998
4998
4998
4998
4998
4998
4998
4998
4998
4998
4998
4998
4998
4998
4998
4998
4998
4998
4998
4998
4998
4998
4998
4998
4998
4998
4998
4998
4998
4998
4998
4998
4998
4998
4998
4998
4998
4998
4998
4998
4998
4998
4998
4998
4998
4998
4998
4998
4998
4998
4998
4998
4998
4998
4998
4998
4998
4998
4998
4998
4998
4998
4998
4998
4998
4998
4998
4998
4998
4998
4998
4998
4998
4998
4998
4998
4998
4998
4998
4998
4998
4998
4998
4998
4998
4998
4998
4998
4998
4998
4998
4998
4998
4998
4998
4998
4998
4998
4998
4998
4998
4998
4998
4998
4998
4998
4998
4998
4998
4998
4998
4998
4998
4998
4998
4998
4998
4998
4998
4998
4998
4998
4998
4998
4998
4998
4998
4998
4998
4998
4998
4998
4998
4998
4998
4998
4998
4998
4998
4998
4998
4998
4998
4998
4998
4998
4998
4998
4998
4998
4998
4998
4998
4998
4998
4998
4998
4998
4998
4998
4998
4998
4998
4998
4998
4998
4998
4998
4998
4998
4998
4998
4998
4998
4998
4998
4998
4998
4998
4998
4998
4998
4998
4998
4998
4998
4998
4998
4998
4998
4998
4998
4998
4998
4998
4998
4998
4998
4998
4998
4998
4998
4998
4998
4998
4998
4998
4998
4998
4998
4998
4998
4998
4998
4998
4998
4998
4998
4998
4998
4998
4998
4998
4998
4998
4998
4998
4998
4998
4998
4998
4998
4998
4998
4998
4998
4998
4998
4998
4998
4998
4998
4998
4998
4998
4998
4998
4998
4998
4998
4998
4998
4998
4998
4998
4998
4998
4998
4998
4998
4998
4998
4998
4998
4998
4998
4998
4998
4998
4998
4998
4998
4998
4998
4998
4998
4998
4998
4998
4998
4998
4998
4998
4998
4998
4998
4998
4998
4998
4998
4998
4998
4998
4998
4998
4998
4998
4998
4998
4998
4998
4998
4998
4998
4998
4998
4998
4998
4998
4998
4998
4998
4998
4998
4998
4998
4998
4998
4998
4998
4998
4998
4998
4998
4998
4998
4998
4998
4998
4998
4998
4998
4998
4998
4998
4998
4998
4998
4998
4998
4998
4998
4998
4998
4998
4998
4998
4998
4998
4998
4998
4998
4998
4998
4998
4998
4998
4998
4998
4998
4998
4998
4998
4998
4998
4998
4998
4998
4998
4998
4998
4998
4998
4998
4998
4998
4998
4998
4998
4998
4998
4998
4998
4998
4998
4998
4998
4998
4998
4998
4998
4998
4998
4998
4998
4998
4998
4998
4998
4998
4998
4998
4998
4998
4998
4998
4998
4998
4998
4998
4998
4998
4998
4998
4998
4998
4998
4998
4998
4998
4998
4998
4998
4998
4998
4998
4998
4998
4998
4998
4998
4998
4998
4998
4998
4998
4998
4998
4998
4998
4998
4998
4998
4998
4998
4998
4998
4998
4998
4998
4998
4998
4998
4998
4998
4998
4998
4998
4998
4998
4998
4998
4998
4998
4998
4998
4998
4998
4998
4998
4998
4998
4998
4998
4998
4998
4998
4998
4998
4998
4998
4998
4998
4998
4998
4998
4998
4998
4998
4998
4998
4998
4998
4998
4998
4998
4998
4998
4998
4998
4998
4998
4998
4998
4998
4998
4998
4998
4998
4998
4998
4998
4998
4998
4998
4998
4998
4998
4998
4998
4998
4998
4998
4998
4998
4998
4998
4998
4998
4998
4998
4998
4998
4998
4998
4998
4998
4998
4998
4998
4998
4998
4998
4998
4998
4998
4998
4998
4998
4998
4998
4998
4998
4998
4998
4998
4998
4998
4998
4998
4998
4998
4998
4998
4998
4998
4998
4998
4998
4998
4998
4998
4998
4998
4998
4998
4998
4998
4998
4998
4998
4998
4998
4998
4998
4998
4998
4998
4998
4998
4998
4998
4998
4998
4998
4998
4998
4998
4998
4998
4998
4998
4998
4998
4998
4998
4998
4998
4998
4998
4998
4998
4998
4998
4998
4998
4998
4998
4998
4998
4998
4998
4998
4998
4998
4998
4998
4998
4998
4998
4998
4998
4998
4998
4998
4998
4998
4998
4998
4998
4998
4998
4998
4998
4998
4998
4998
4998
4998
4998
4998
4998
4998
4998
4998
4998
4998
4998
4998
4998
4998
4998
4998
4998
4998
4998
4998
4998
4998
4998
4998
4998
4998
4998
4998
4998
4998
4998
4998
4998
4998
4998
4998
4998
4998
4998
4998
4998
4998
4998
4998
4998
4998
4998
4998
4998
4998
4998
4998
4998
4998
4998
4998
4998
4998
4998
4998
4998
4998
4998
4998
4998
4998
4998
4998
4998
4998
4998
4998
4998
4998
4998
4998
4998
4998
4998
4998
4998
4998
4998
4998
4998
4998
4998
4998
4998
4998
4998
4998
4998
4998
4998
4998
4998
4998
4998
4998
4998
4998
4998
4998
4998
4998
4998
4998
4998
4998
4998
4998
4998
4998
4998
4998
4998
4998
4998
4998
4998
4998
4998
4998
4998
4998
4998
4998
4998
4998
4998
4998
4998
4998
4998
4998
4998
4998
4998
4998
4998
4998
4998
4998
4998
4998
4998
4998
4998
4998
4998
4998
4998
4998
4998
4998
4998
4998
4998
4998
4998
4998
4998
4998
4998
4998
4998
4998
4998
4998
4998
4998
4998
4998
4998
4998
4998
4998
4998
4998
4998
4998
4998
4998
4998
4998
4998
4998
4998
4998
4998
4998
4998
4998
4998
4998
4998
4998
4998
4998
4998
4998
4998
4998
4998
4998
4998
4998
4998
4998
4998
4998
4998
4998
4998
4998
4998
4998
4998
4998
4998
4998
4998
4998
4998
4998
4998
4998
4998
4998
4998
4998
4998
4998
4998
4998
4998
4998
4998
4998
4998
4998
4998
4998
4998
4998
4998
4998
4998
4998
4998
4998
4998
4998
4998
4998
4998
4998
4998
4998
4998
4998
4998
4998
4998
4998
4998
4998
4998
4998
4998
4998
4998
4998
4998
4998
4998
4998
4998
4998
4998
4998
4998
4998
4998
4998
4998
4998
4998
4998
4998
4998
4998
4998
4998
4998
4998
4998
4998
4998
4998
4998
4998
4998
4998
4998
4998
4998
4998
4998
4998
4998
4998
4998
4998
4998
4998
4998
4998
4998
4998
4998
4998
4998
4998
4998
4998
4998
4998
4998
4998
4998
4998
4998
4998
4998
4998
4998
4998
4998
4998
4998
4998
4998
4998
4998
4998
4998
4998
4998
4998
4998
4998
4998
4998
4998
4998
4998
4998
4998
4998
4998
4998
4998
4998
4998
4998
4998
4998
4998
4998
4998
4998
4998
4998
4998
4998
4998
4998
4998
4998
4998
4998
4998
4998
4998
4998
4998
4998
4998
4998
4998
4998
4998
4998
4998
4998
4998
4998
4998
4998
4998
4998
4998
4998
4998
4998
4998
4998
4998
4998
4998
4998
4998
4998
4998
4998
4998
4998
4998
4998
4998
4998
4998
4998
4998
4998
4998
4998
4998
4998
4998
4998
4998
4998
4998
4998
4998
4998
4998
4998
4998
4998
4998
4998
4998
4998
4998
4998
4998
4998
4998
4998
4998
4998
4998
4998
4998
4998
4998
4998
4998
4998
4998
4998
4998
4998
4998
4998
4998
4998
4998
4998
4998
4998
4998
4998
4998
4998
4998
4998
4998
4998
4998
4998
4998
4998
4998
4998
4998
4998
4998
4998
4998
4998
4998
4998
4998
4998
4998
4998
4998
4998
4998
4998
4998
4998
4998
4998
4998
4998
4998
4998
4998
4998
4998
4998
4998
4998
4998
4998
4998
4998
4998
4998
4998
4998
4998
4998
4998
4998
4998
4998
4998
4998
4998
4998
4998
4998
4998
4998
4998
4998
4998
4998
4998
4998
4998
4998
4998
4998
4998
4998
4998
4998
4998
4998
4998
4998
4998
4998
4998
4998
4998
4998
4998
4998
4998
4998
4998
4998
4998
4998
4998
4998
4998
4998
4998
4998
4998
4998
4998
4998
4998
4998
4998
4998
4998
4998
4998
4998
4998
4998
4998
4998
4998
4998
4998
4998
4998
4998
4998
4998
4998
4998
4998
4998
4998
4998
4998
4998
4998
4998
4998
4998
4998
4998
4998
4998
4998
4998
4998
4998
4998
4998
4998
4998
4998
4998
4998
4998
4998
4998
4998
4998
4998
4998
4998
4998
4998
4998
4998
4998
4998
4998
4998
4998
4998
4998
4998
4998
4998
4998
4998
4998
4998
4998
4998
4998
4998
4998
4998
4998
4998
4998
4998
4998
4998
4998
4998
4998
4998
4998
4998
4998
4998
4998
4998
4998
4998
4998
4998
4998
4998
4998
4998
4998
4998
4998
4998
4998
4998
4998
4998
4998
4998
4998
4998
4998
4998
4998
4998
4998
4998
4998
4998
4998
4998
4998
4998
4998
4998
4998
4998
4998
4998
4998
4998
4998
4998
4998
4998
4998
4998
4998
4998
4998
4998
4998
4998
4998
4998
4998
4998
4998
4998
4998
4998
4998
4998
4998
4998
4998
4998
4998
4998
4998
4998
4998
4998
4998
4998
4998
4998
4998
4998
4998
4998
4998
4998
4998
4998
4998
4998
4998
4998
4998
4998
4998
4998
4998
4998
4998
4998
4998
4998
4998
4998
4998
4998
4998
4998
4998
4998
4998
4998
4998
4998
4998
4998
4998
4998
4998
4998
4998
4998
4998
4998
4998
4998
4998
4998
4998
4998
4998
4998
4998
4998
4998
4998
4998
4998
4998
4998
4998
4998
4998
4998
4998
4998
4998
4998
4998
4998
4998
4998
4998
4998
4998
4998
4998
4998
4998
4998
4998
4998
4998
4998
4998
4998
4998
4998
4998
4998
4998
4998
4998
4998
4998
4998
4998
4998
4998
4998
4998
4998
4998
4998
4998
4998
4998
4998
4998
4998
4998
4998
4998
4998
4998
4998
4998
4998
4998
4998
4998
4998
4998
4998
4998
4998
4998
4998
4998
4998
4998
4998
4998
4998
4998
4998
4998
4998
4998
4998
4998
4998
4998
4998
4998
4998
4998
4998
4998
4998
4998
4998
4998
4998
4998
4998
4998
4998
4998
4998
4998
4998
4998
4998
4998
4998
4998
4998
4998
4998
4998
4998
4998
4998
4998
4998
4998
4998
4998
4998
4998
4998
4998
4998
4998
4998
4998
4998
4998
4998
4998
4998
4998
4998
4998
4998
4998
4998
4998
4998
4998
4998
4998
4998
4998
4998
4998
4998
4998
4998
4998
4998
4998
4998
4998
4998
4998
4998
4998
4998
4998
4998
4998
4998
4998
4998
4998
4998
4998
4998
4998
4998
4998
4998
4998
4998
4998
4998
4998
4998
4998
4998
4998
4998
4998
4998
4998
4998
4998
4998
4998
4998
4998
4998
4998
4998
4998
4998
4998
4998
4998
4998
4998
4998
4998
4998
4998
4998
4998
4998
4998
4998
4998
4998
4998
4998
4998
4998
4998
4998
4998
4998
4998
4998
4998
4998
4998
4998
4998
4998
4998
4998
4998
4998
4998
4998
4998
4998
4998
4998
4998
4998
4998
4998
4998
4998
4998
4998
4998
4998
4998
4998
4998
4998
4998
4998
4998
4998
4998
4998
4998
4998
4998
4998
4998
4998
4998
4998
4998
4998
4998
4998
4998
4998
4998
4998
4998
4998
4998
4998
4998
4998
4998
4998
4998
4998
4998
4998
4998
4998
4998
4998
4998
4998
4998
4998
4998
4998
4998
4998
4998
4998
4998
4998
4998
4998
4998
4998
4998
4998
4998
4998
4998
4998
4998
4998
4998
4998
4998
4998
4998
4998
4998
4998
4998
4998
4998
4998
4998
4998
4998
4998
4998
4998
4998
4998
4998
4998
4998
4998
4998
4998
4998
4998
4998
4998
4998
4998
4998
4998
4998
4998
4998
4998
4998
4998
4998
4998
4998
4998
4998
4998
4998
4998
4998
4998
4998
4998
4998
4998
4998
4998
4998
4998
4998
4998
4998
4998
4998
4998
4998
4998
4998
4998
4998
4998
4998
4998
4998
4998
4998
4998
4998
4998
4998
4998
4998
4998
4998
4998
4998
4998
4998
4998
4998
4998
4998
4998
4998
4998
4998
4998
4998
4998
4998
4998
4998
4998
4998
4998
4998
4998
4998
4998
4998
4998
4998
4998
4998
4998
4998
4998
4998
4998
4998
4998
4998
4998
4998
4998
4998
4998
4998
4998
4998
4998
4998
4998
4998
4998
4998
4998
4998
4998
4998
4998
4998
4998
4998
4998
4998
4998
4998
4998
4998
4998
4998
4998
4998
4998
4998
4998
4998
4998
4998
4998
4998
4998
4998
4998
4998
4998
4998
4998
4998
4998
4998
4998
4998
4998
4998
4998
4998
4998
4998
4998
4998
4998
4998
4998
4998
4998
4998
4998
4998
4998
4998
4998
4998
4998
4998
4998
4998
4998
4998
4998
4998
4998
4998
4998
4998
4998
4998
4998
4998
4998
4998
4998
4998
4998
4998
4998
4998
4998
4998
4998
4998
4998
4998
4998
4998
4998
4998
4998
4998
4998
4998
4998
4998
4998
4998
4998
4998
4998
4998
4998
4998
4998
4998
4998
4998
4998
4998
4998
4998
4998
4998
4998
4998
4998
4998
4998
4998
4998
4998
4998
4998
4998
4998
4998
4998
4998
4998
4998
4998
4998
4998
4998
4998
4998
4998
4998
4998
4998
4998
4998
4998
4998
4998
4998
4998
4998
4998
4998
4998
4998
4998
4998
4998
4998
4998
4998
4998
4998
4998
4998
4998
4998
4998
4998
4998
4998
4998
4998
4998
4998
4998
4998
4998
4998
4998
4998
4998
4998
4998
4998
4998
4998
4998
4998
4998
4998
4998
4998
4998
4998
4998
4998
4998
4998
4998
4998
4998
4998
4998
4998
4998
4998
4998
4998
4998
4998
4998
4998
4998
4998
4998
4998
4998
4998
4998
4998
4998
4998
4998
4998
4998
4998
4998
4998
4998
4998
4998
4998
4998
4998
4998
4998
4998
4998
4998
4998
4998
4998
4998
4998
4998
4998
4998
4998
4998
4998
4998
4998
4998
4998
4998
4998
4998
4998
4998
4998
4998
4998
4998
4998
4998
4998
4998
4998
4998
4998
4998
4998
4998
4998
4998
4998
4998
4998
4998
4998
4998
4998
4998
4998
4998
4998
4998
4998
4998
4998
4998
4998
4998
4998
4998
4998
4998
4998
4998
4998
4998
4998
4998
4998
4998
4998
4998
4998
4998
4998
4998
4998
4998
4998
4998
4998
4998
4998
4998
4998
4998
4998
4998
4998
4998
4998
4998
4998
4998
4998
4998
4998
4998
4998
4998
4998
4998
4998
4998
4998
4998
4998
4998
4998
4998
4998
4998
4998
4998
4998
4998
4998
4998
4998
4998
4998
4998
4998
4998
4998
4998
4998
4998
4998
4998
4998
4998
4998
4998
4998
4998
4998
4998
4998
4998
4998
4998
4998
4998
4998
4998
4998
4998
4998
4998
4998
4998
4998
4998
4998
4998
4998
4998
4998
4998
4998
4998
4998
4998
4998
4998
4998
4998
4998
4998
4998
4998
4998
4998
4998
4998
4998
4998
4998
4998
4998
4998
4998
4998
4998
4998
4998
4998
4998
4998
4998
4998
4998
4998
4998
4998
4998
4998
4998
4998
4998
4998
4998
4998
4998
4998
4998
4998
4998
4998
4998
4998
4998
4998
4998
4998
4998
4998
4998
4998
4998
4998
4998
4998
4998
4998
4998
4998
4998
4998
4998
4998
4998
4998
4998
4998
4998
4998
4998
4998
4998
4998
4998
4998
4998
4998
4998
4998
4998
4998
4998
4998
4998
4998
4998
4998
4998
4998
4998
4998
4998
4998
4998
4998
4998
4998
4998
4998
4998
4998
4998
4998
4998
4998
4998
4998
4998
4998
4998
4998
4998
4998
4998
4998
4998
4998
4998
4998
4998
4998
4998
4998
4998
4998
4998
4998
4998
4998
4998
4998
4998
4998
4998
4998
4998
4998
4998
4998
4998
4998
4998
4998
4998
4998
4998
4998
4998
4998
4998
4998
4998
4998
4998
4998
4998
4998
4998
4998
4998
4998
4998
4998
4998
4998
4998
4998
4998
4998
4998
4998
4998
4998
4998
4998
4998
4998
4998
4998
4998
4998
4998
4998
4998
4998
4998
4998
4998
4998
4998
4998
4998
4998
4998
4998
4998
4998
4998
4998
4998
4998
4998
4998
4998
4998
4998
4998
4998
4998
4998
4998
4998
4998
4998
4998
4998
4998
4998
4998
4998
4998
4998
4998
4998
4998
4998
4998
4998
4998
4998
4998
4998
4998
4998
4998
4998
4998
4998
4998
4998
4998
4998
4998
4998
4998
4998
4998
4998
4998
4998
4998
4998
4998
4998
4998
4998
4998
4998
4998
4998
4998
4998
4998
4998
4998
4998
4998
4998
4998
4998
4998
4998
4998
4998
4998
4998
4998
4998
4998
4998
4998
4998
4998
4998
4998
4998
4998
4998
4998
4998
4998
4998
4998
4998
4998
4998
4998
4998
4998
4998
4998
4998
4998
4998
4998
4998
4998
4998
4998
4998
4998
4998
4998
4998
4998
4998
4998
4998
4998
4998
4998
4998
4998
4998
4998
4998
4998
4998
4998
4998
4998
4998
4998
4998
4998
4998
4998
4998
4998
4998
4998
4998
4998
4998
4998
4998
4998
4998
4998
4998
4998
4998
4998
4998
4998
4998
4998
4998
4998
4998
4998
4998
4998
4998
4998
4998
4998
4998
4998
4998
4998
4998
4998
4998
4998
4998
4998
4998
4998
4998
4998
4998
4998
4998
4998
4998
4998
4998
4998
4998
4998
4998
4998
4998
4998
4998
4998
4998
4998
4998
4998
4998
4998
4998
4998
4998
4998
4998
4998
4998
4998
4998
4998
4998
4998
4998
4998
4998
4998
4998
4998
4998
4998
4998
4998
4998
4998
4998
4998
4998
4998
4998
4998
4998
4998
4998
4998
4998
4998
4998
4998
4998
4998
4998
4998
4998
4998
4998
4998
4998
4998
4998
4998
4998
4998
4998
4998
4998
4998
4998
4998
4998
4998
4998
4998
4998
4998
4998
4998
4998
4998
4998
4998
4998
4998
4998
4998
4998
4998
4998
4998
4998
4998
4998
4998
4998
4998
4998
4998
4998
4998
4998
4998
4998
4998
4998
4998
4998
4998
4998
4998
4998
4998
4998
4998
4998
4998
4998
4998
4998
4998
4998
4998
4998
4998
4998
4998
4998
4998
4998
4998
4998
4998
4998
4998
4998
4998
4998
4998
4998
4998
4998
4998
4998
4998
4998
4998
4998
4998
4998
4998
4998
4998
4998
4998
4998
4998
4998
4998
4998
4998
4998
4998
4998
4998
4998
4998
4998
4998
4998
4998
4998
4998
4998
4998
4998
4998
4998
4998
4998
4998
4998
4998
4998
4998
4998
4998
4998
4998
4998
4998
4998
4998
4998
4998
4998
4998
4998
4998
4998
4998
4998
4998
4998
4998
4998
4998
4998
4998
4998
4998
4998
4998
4998
4998
4998
4998
4998
4998
4998
4998
4998
4998
4998
4998
4998
4998
4998
4998
4998
4998
4998
4998
4998
4998
4998
4998
4998
4998
4998
4998
4998
4998
4998
4998
4998
4998
4998
4998
4998
4998
4998
4998
4998
4998
4998
4998
4998
4998
4998
4998
4998
4998
4998
4998
4998
4998
4998
4998
4998
4998
4998
4998
4998
4998
4998
4998
4998
4998
4998
4998
4998
4998
4998
4998
4998
4998
4998
4998
4998
4998
4998
4998
4998
4998
4998
4998
4998
4998
4998
4998
4998
4998
4998
4998
4998
4998
4998
4998
4998
4998
4998
4998
4998
4998
4998
4998
4998
4998
4998
4998
4998
4998
4998
4998
4998
4998
4998
4998
4998
4998
4998
4998
4998
4998
4998
4998
4998
4998
4998
4998
4998
4998
4998
4998
4998
4998
4998
4998
4998
4998
4998
4998
4998
4998
4998
4998
4998
4998
4998
4998
4998
4998
4998
4998
4998
4998
4998
4998
4998
4998
4998
4998
4998
4998
4998
4998
4998
4998
4998
4998
4998
4998
4998
4998
4998
4998
4998
4998
4998
4998
4998
4998
4998
4998
4998
4998
4998
4998
4998
4998
4998
4998
4998
4998
4998
4998
4998
4998
4998
4998
4998
4998
4998
4998
4998
4998
4998
4998
4998
4998
4998
4998
4998
4998
4998
4998
4998
4998
4998
4998
4998
4998
4998
4998
4998
4998
4998
4998
4998
4998
4998
4998
4998
4998
4998
4998
4998
4998
4998
4998
4998
4998
4998
4998
4998
4998
4998
4998
4998
4998
4998
4998
4998
4998
4998
4998
4998
4998
4998
4998
4998
4998
4998
4998
4998
4998
4998
4998
4998
4998
4998
4998
4998
4998
4998
4998
4998
4998
4998
4998
4998
4998
4998
4998
4998
4998
4998
4998
4998
4998
4998
4998
4998
4998
4998
4998
4998
4998
4998
4998
4998
4998
4998
4998
4998
4998
4998
4998
4998
4998
4998
4998
4998
4998
4998
4998
4998
4998
4998
4998
4998
4998
4998
4998
4998
4998
4998
4998
4998
4998
4998
4998
4998
4998
4998
4998
4998
4998
4998
4998
4998
4998
4998
4998
4998
4998
4998
4998
4998
4998
4998
4998
4998
4998
4998
4998
4998
4998
4998
4998
4998
4998
4998
4998
4998
4998
4998
4998
4998
4998
4998
4998
4998
4998
4998
4998
4998
4998
4998
4998
4998
4998
4998
4998
4998
4998
4998
4998
4998
4998
4998
4998
4998
4998
4998
4998
4998
4998
4998
4998
4998
4998
4998
4998
4998
4998
4998
4998
4998
4998
4998
4998
4998
4998
4998
4998
4998
4998
4998
4998
4998
4998
4998
4998
4998
4998
4998
4998
4998
4998
4998
4998
4998
4998
4998
4998
4998
4998
4998
4998
4998
4998
4998
4998
4998
4998
4998
4998
4998
4998
4998
4998
4998
4998
4998
4998
4998
4998
4998
4998
4998
4998
4998
4998
4998
4998
4998
4998
4998
4998
4998
4998
4998
4998
4998
4998
4998
4998
4998
4998
4998
4998
4998
4998
4998
4998
4998
4998
4998
4998
4998
4998
4998
4998
4998
4998
4998
4998
4998
4998
4998
4998
4998
4998
4998
4998
4998
4998
4998
4998
4998
4998
4998
4998
4998
4998
4998
4998
4998
4998
4998
4998
4998
4998
4998
4998
4998
4998
4998
4998
4998
4998
4998
4998
4998
4998
4998
4998
4998
4998
4998
4998
4998
4998
4998
4998
4998
4998
4998
4998
4998
4998
4998
4998
4998
4998
4998
4998
4998
4998
4998
4998
4998
4998
4998
4998
4998
4998
4998
4998
4998
4998
4998
4998
4998
4998
4998
4998
4998
4998
4998
4998
4998
4998
4998
4998
4998
4998
4998
4998
4998
4998
4998
4998
4998
4998
4998
4998
4998
4998
4998
4998
4998
4998
4998
4998
4998
4998
4998
4998
4998
4998
4998
4998
4998
4998
4998
4998
4998
4998
4998
4998
4998
4998
4998
4998
4998
4998
4998
4998
4998
4998
4998
4998
4998
4998
4998
4998
4998
4998
4998
4998
4998
4998
4998
4998
4998
4998
4998
4998
4998
4998
4998
4998
4998
4998
4998
4998
4998
4998
4998
4998
4998
4998
4998
4998
4998
4998
4998
4998
4998
4998
4998
4998
4998
4998
4998
4998
4998
4998
4998
4998
4998
4998
4998
4998
4998
4998
4998
4998
4998
4998
4998
4998
4998
4998
4998
4998
4998
4998
4998
4998
4998
4998
4998
4998
4998
4998
4998
4998
4998
4998
4998
4998
4998
4998
4998
4998
4998
4998
4998
4998
4998
4998
4998
4998
4998
4998
4998
4998
4998
4998
4998
4998
4998
4998
4998
4998
4998
4998
4998
4998
4998
4998
4998
4998
4998
4998
4998
4998
4998
4998
4998
4998
4998
4998
4998
4998
4998
4998
4998
4998
4998
4998
4998
4998
4998
4998
4998
4998
4998
4998
4998
4998
4998
4998
4998
4998
4998
4998
4998
4998
4998
4998
4998
4998
4998
4998
4998
4998
4998
4998
4998
4998
4998
4998
4998
4998
4998
4998
4998
4998
4998
4998
4998
4998
4998
4998
4998
4998
4998
4998
4998
4998
4998
4998
4998
4998
4998
4998
4998
4998
4998
4998
4998
4998
4998
4998
4998
4998
4998
4998
4998
4998
4998
4998
4998
4998
4998
4998
4998
4998
4998
4998
4998
4998
4998
4998
4998
4998
4998
4998
4998
4998
4998
4998
4998
4998
4998
4998
4998
4998
4998
4998
4998
4998
4998
4998
4998
4998
4998
4998
4998
4998
4998
4998
4998
4998
4998
4998
4998
4998
4998
4998
4998
4998
4998
4998
4998
4998
4998
4998
4998
4998
4998
4998
4998
4998
4998
4998
4998
4998
4998
4998
4998
4998
4998
4998
4998
4998
4998
4998
4998
4998
4998
4998
4998
4998
4998
4998
4998
4998
4998
4998
4998
4998
4998
4998
4998
4998
4998
4998
4998
4998
4998
4998
4998
4998
4998
4998
4998
4998
4998
4998
4998
4998
4998
4998
4998
4998
4998
4998
4998
4998
4998
4998
4998
4998
4998
4998
4998
4998
4998
4998
4998
4998
4998
4998
4998
4998
4998
4998
4998
4998
4998
4998
4998
4998
4998
4998
4998
4998
4998
4998
4998
4998
4998
4998
4998
4998
4998
4998
4998
4998
4998
4998
4998
4998
4998
4998
4998
4998
4998
4998
4998
4998
4998
4998
4998
4998
4998
4998
4998
4998
4998
4998
4998
4998
4998
4998
4998
4998
4998
4998
4998
4998
4998
4998
4998
4998
4998
4998
4998
4998
4998
4998
4998
4998
4998
4998
4998
4998
4998
4998
4998
4998
4998
4998
4998
4998
4998
4998
4998
4998
4998
4998
4998
4998
4998
4998
4998
4998
4998
4998
4998
4998
4998
4998
4998
4998
4998
4998
4998
4998
4998
4998
4998
4998
4998
4998
4998
4998
4998
4998
4998
4998
4998
4998
4998
4998
4998
4998
4998
4998
4998
4998
4998
4998
4998
4998
4998
4998
4998
4998
4998
4998
4998
4998
4998
4998
4998
4998
4998
4998
4998
4998
4998
4998
4998
4998
4998
4998
4998
4998
4998
4998
4998
4998
4998
4998
4998
4998
4998
4998
4998
4998
4998
4998
4998
4998
4998
4998
4998
4998
4998
4998
4998
4998
4998
4998
4998
4998
4998
4998
4998
4998
4998
4998
4998
4998
4998
4998
4998
4998
4998
4998
4998
4998
4998
4998
4998
4998
4998
4998
4998
4998
4998
4998
4998
4998
4998
4998
4998
4998
4998
4998
4998
4998
4998
4998
4998
4998
4998
4998
4998
4998
4998
4998
4998
4998
4998
4998
4998
4998
4998
4998
4998
4998
4998
4998
4998
4998
4998
4998
4998
4998
4998
4998
4998
4998
4998
4998
4998
4998
4998
4998
4998
4998
4998
4998
4998
4998
4998
4998
4998
4998
4998
4998
4998
4998
4998
4998
4998
4998
4998
4998
4998
4998
4998
4998
4998
4998
4998
4998
4998
4998
4998
4998
4998
4998
4998
4998
4998
4998
4998
4998
4998
4998
4998
4998
4998
4998
4998
4998
4998
4998
4998
4998
4998
4998
4998
4998
4998
4998
4998
4998
4998
4998
4998
4998
4998
4998
4998
4998
4998
4998
4998
4998
4998
4998
4998
4998
4998
4998
4998
4998
4998
4998
4998
4998
4998
4998
4998
4998
4998
4998
4998
4998
4998
4998
4998
4998
4998
4998
4998
4998
4998
4998
4998
4998
4998
4998
4998
4998
4998
4998
4998
4998
4998
4998
4998
4998
4998
4998
4998
4998
4998
4998
4998
4998
4998
4998
4998
4998
4998
4998
4998
4998
4998
4998
4998
4998
4998
4998
4998
4998
4998
4998
4998
4998
4998
4998
4998
4998
4998
4998
4998
4998
4998
4998
4998
4998
4998
4998
4998
4998
4998
4998
4998
4998
4998
4998
4998
4998
4998
4998
4998
4998
4998
4998
4998
4998
4998
4998
4998
4998
4998
4998
4998
4998
4998
4998
4998
4998
4998
4998
4998
4998
4998
4998
4998
4998
4998
4998
4998
4998
4998
4998
4998
4998
4998
4998
4998
4998
4998
4998
4998
4998
4998
4998
4998
4998
4998
4998
4998
4998
4998
4998
4998
4998
4998
4998
4998
4998
4998
4998
4998
4998
4998
4998
4998
4998
4998
4998
4998
4998
4998
4998
4998
4998
4998
4998
4998
4998
4998
4998
4998
4998
4998
4998
4998
4998
4998
4998
4998
4998
4998
4998
4998
4998
4998
4998
4998
4998
4998
4998
4998
4998
4998
4998
4998
4998
4998
4998
4998
4998
4998
4998
4998
4998
4998
4998
4998
4998
4998
4998
4998
4998
4998
4998
4998
4998
4998
4998
4998
4998
4998
4998
4998
4998
4998
4998
4998
4998
4998
4998
4998
4998
4998
4998
4998
4998
4998
4998
4998
4998
4998
4998
4998
4998
4998
4998
4998
4998
4998
4998
4998
4998
4998
4998
4998
4998
4998
4998
4998
4998
4998
4998
4998
4998
4998
4998
4998
4998
4998
4998
4998
4998
4998
4998
4998
4998
4998
4998
4998
4998
4998
4998
4998
4998
4998
4998
4998
4998
4998
4998
4998
4998
4998
4998
4998
4998
4998
4998
4998
4998
4998
4998
4998
4998
4998
4998
4998
4998
4998
4998
4998
4998
4998
4998
4998
4998
4998
4998
4998
4998
4998
4998
4998
4998
4998
4998
4998
4998
4998
4998
4998
4998
4998
4998
4998
4998
4998
4998
4998
4998
4998
4998
4998
4998
4998
4998
4998
4998
4998
4998
4998
4998
4998
4998
4998
4998
4998
4998
4998
4998
4998
4998
4998
4998
4998
4998
4998
4998
4998
4998
4998
4998
4998
4998
4998
4998
4998
4998
4998
4998
4998
4998
4998
4998
4998
4998
4998
4998
4998
4998
4998
4998
4998
4998
4998
4998
4998
4998
4998
4998
4998
4998
4998
4998
4998
4998
4998
4998
4998
4998
4998
4998
4998
4998
4998
4998
4998
4998
4998
4998
4998
4998
4998
4998
4998
4998
4998
4998
4998
4998
4998
4998
4998
4998
4998
4998
4998
4998
4998
4998
4998
4998
4998
4998
4998
4998
4998
4998
4998
4998
4998
4998
4998
4998
4998
4998
4998
4998
4998
4998
4998
4998
4998
4998
4998
4998
4998
4998
4998
4998
4998
4998
4998
4998
4998
4998
4998
4998
4998
4998
4998
4998
4998
4998
4998
4998
4998
4998
4998
4998
4998
4998
4998
4998
4998
4998
4998
4998
4998
4998
4998
4998
4998
4998
4998
4998
4998
4998
4998
4998
4998
4998
4998
4998
4998
4998
4998
4998
4998
4998
4998
4998
4998
4998
4998
4998
4998
4998
4998
4998
4998
4998
4998
4998
4998
4998
4998
4998
4998
4998
4998
4998
4998
4998
4998
4998
4998
4998
4998
4998
4998
4998
4998
4998
4998
4998
4998
4998
4998
4998
4998
4998
4998
4998
4998
4998
4998
4998
4998
4998
4998
4998
4998
4998
4998
4998
4998
4998
4998
4998
4998
4998
4998
4998
4998
4998
4998
4998
4998
4998
4998
4998
4998
4998
4998
4998
4998
4998
4998
4998
4998
4998
4998
4998
4998
4998
4998
4998
4998
4998
4998
4998
4998
4998
4998
4998
4998
4998
4998
4998
4998
4998
4998
4998
4998
4998
4998
4998
4998
4998
4998
4998
4998
4998
4998
4998
4998
4998
4998
4998
4998
4998
4998
4998
4998
4998
4998
4998
4998
4998
4998
4998
4998
4998
4998
4998
4998
4998
4998
4998
4998
4998
4998
4998
4998
4998
4998
4998
4998
4998
4998
4998
4998
4998
4998
4998
4998
4998
4998
4998
4998
4998
4998
4998
4998
4998
4998
4998
4998
4998
4998
4998
4998
4998
4998
4998
4998
4998
4998
4998
4998
4998
4998
4998
4998
4998
4998
4998
4998
4998
4998
4998
4998
4998
4998
4998
4998
4998
4998
4998
4998
4998
4998
4998
4998
4998
4998
4998
4998
4998
4998
4998
4998
4998
4998
4998
4998
4998
4998
4998
4998
4998
4998
4998
4998
4998
4998
4998
4998
4998
4998
4998
4998
4998
4998
4998
4998
4998
4998
4998
4998
4998
4998
4998
4998
4998
4998
4998
4998
4998
4998
4998
4998
4998
4998
4998
4998
4998
4998
4998
4998
4998
4998
4998
4998
4998
4998
4998
4998
4998
4998
4998
4998
4998
4998
4998
4998
4998
4998
4998
4998
4998
4998
4998
4998
4998
4998
4998
4998
4998
4998
4998
4998
4998
4998
4998
4998
4998
4998
4998
4998
4998
4998
4998
4998
4998
4998
4998
4998
4998
4998
4998
4998
4998
4998
4998
4998
4998
4998
4998
4998
4998
4998
4998
4998
4998
4998
4998
4998
4998
4998
4998
4998
4998
4998
4998
4998
4998
4998
4998
4998
4998
4998
4998
4998
4998
4998
4998
4998
4998
4998
4998
4998
4998
4998
4998
4998
4998
4998
4998
4998
4998
4998
4998
4998
4998
4998
4998
4998
4998
4998
4998
4998
4998
4998
4998
4998
4998
4998
4998
4998
4998
4998
4998
4998
4998
4998
4998
4998
4998
4998
4998
4998
4998
4998
4998
4998
4998
4998
4998
4998
4998
4998
4998
4998
4998
4998
4998
4998
4998
4998
4998
4998
4998
4998
4998
4998
4998
4998
4998
4998
4998
4998
4998
4998
4998
4998
4998
4998
4998
4998
4998
4998
4998
4998
4998
4998
4998
4998
4998
4998
4998
4998
4998
4998
4998
4998
4998
4998
4998
4998
4998
4998
4998
4998
4998
4998
4998
4998
4998
4998
4998
4998
4998
4998
4998
4998
4998
4998
4998
4998
4998
4998
4998
4998
4998
4998
4998
4998
4998
4998
4998
4998
4998
4998
4998
4998
4998
4998
4998
4998
4998
4998
4998
4998
4998
4998
4998
4998
4998
4998
4998
4998
4998
4998
4998
4998
4998
4998
4998
4998
4998
4998
4998
4998
4998
4998
4998
4998
4998
4998
4998
4998
4998
4998
4998
4998
4998
4998
4998
4998
4998
4998
4998
4998
4998
4998
4998
4998
4998
4998
4998
4998
4998
4998
4998
4998
4998
4998
4998
4998
4998
4998
4998
4998
4998
4998
4998
4998
4998
4998
4998
4998
4998
4998
4998
4998
4998
4998
4998
4998
4998
4998
4998
4998
4998
4998
4998
4998
4998
4998
4998
4998
4998
4998
4998
4998
4998
4998
4998
4998
4998
4998
4998
4998
4998
4998
4998
4998
4998
4998
4998
4998
4998
4998
4998
4998
4998
4998
4998
4998
4998
4998
4998
4998
4998
4998
4998
4998
4998
4998
4998
4998
4998
4998
4998
4998
4998
4998
4998
4998
4998
4998
4998
4998
4998
4998
4998
4998
4998
4998
4998
4998
4998
4998
4998
4998
4998
4998
4998
4998
4998
4998
4998
4998
4998
4998
4998
4998
4998
4998
4998
4998
4998
4998
4998
4998
4998
4998
4998
4998
4998
4998
4998
4998
4998
4998
4998
4998
4998
4998
4998
4998
4998
4998
4998
4998
4998
4998
4998
4998
4998
4998
4998
4998
4998
4998
4998
4998
4998
4998
4998
4998
4998
4998
4998
4998
4998
4998
4998
4998
4998
4998
4998
4998
4998
4998
4998
4998
4998
4998
4998
4998
4998
4998
4998
4998
4998
4998
4998
4998
4998
4998
4998
4998
4998
4998
4998
4998
4998
4998
4998
4998
4998
4998
4998
4998
4998
4998
4998
4998
4998
4998
4998
4998
4998
4998
4998
4998
4998
4998
4998
4998
4998
4998
4998
4998
4998
4998
4998
4998
4998
4998
4998
4998
4998
4998
4998
4998
4998
4998
4998
4998
4998
4998
4998
4998
4998
4998
4998
4998
4998
4998
4998
4998
4998
4998
4998
4998
4998
4998
4998
4998
4998
4998
4998
4998
4998
4998
4998
4998
4998
4998
4998
4998
4998
4998
4998
4998
4998
4998
4998
4998
4998
4998
4998
4998
4998
4998
4998
4998
4998
4998
4998
4998
4998
4998
4998
4998
4998
4998
4998
4998
4998
4998
4998
4998
4998
4998
4998
4998
4998
4998
4998
4998
4998
4998
4998
4998
4998
4998
4998
4998
4998
4998
4998
4998
4998
4998
4998
4998
4998
4998
4998
4998
4998
4998
4998
4998
4998
4998
4998
4998
4998
4998
4998
4998
4998
4998
4998
4998
4998
4998
4998
4998
4998
4998
4998
4998
4998
4998
4998
4998
4998
4998
4998
4998
4998
4998
4998
4998
4998
4998
4998
4998
4998
4998
4998
4998
4998
4998
4998
4998
4998
4998
4998
4998
4998
4998
4998
4998
4998
4998
4998
4998
4998
4998
4998
4998
4998
4998
4998
4998
4998
4998
4998
4998
4998
4998
4998
4998
4998
4998
4998
4998
4998
4998
4998
4998
4998
4998
4998
4998
4998
4998
4998
4998
4998
4998
4998
4998
4998
4998
4998
4998
4998
4998
4998
4998
4998
4998
4998
4998
4998
4998
4998
4998
4998
4998
4998
4998
4998
4998
4998
4998
4998
4998
4998
4998
4998
4998
4998
4998
4998
4998
4998
4998
4998
4998
4998
4998
4998
4998
4998
4998
4998
4998
4998
4998
4998
4998
4998
4998
4998
4998
4998
4998
4998
4998
4998
4998
4998
4998
4998
4998
4998
4998
4998
4998
4998
4998
4998
4998
4998
4998
4998
4998
4998
4998
4998
4998
4998
4998
4998
4998
4998
4998
4998
4998
4998
4998
4998
4998
4998
4998
4998
4998
4998
4998
4998
4998
4998
4998
4998
4998
4998
4998
4998
4998
4998
4998
4998
4998
4998
4998
4998
4998
4998
4998
4998
4998
4998
4998
4998
4998
4998
4998
4998
4998
4998
4998
4998
4998
4998
4998
4998
4998
4998
4998
4998
4998
4998
4998
4998
4998
4998
4998
4998
4998
4998
4998
4998
4998
4998
4998
4998
4998
4998
4998
4998
4998
4998
4998
4998
4998
4998
4998
4998
4998
4998
4998
4998
4998
4998
4998
4998
4998
4998
4998
4998
4998
4998
4998
4998
4998
4998
4998
4998
4998
4998
4998
4998
4998
4998
4998
4998
4998
4998
4998
4998
4998
4998
4998
4998
4998
4998
4998
4998
4998
4998
4998
4998
4998
4998
4998
4998
4998
4998
4998
4998
4998
4998
4998
4998
4998
4998
4998
4998
4998
4998
4998
4998
4998
4998
4998
4998
4998
4998
4998
4998
4998
4998
4998
4998
4998
4998
4998
4998
4998
4998
4998
4998
4998
4998
4998
4998
4998
4998
4998
4998
4998
4998
4998
4998
4998
4998
4998
4998
4998
4998
4998
4998
4998
4998
4998
4998
4998
4998
4998
4998
4998
4998
4998
4998
4998
4998
4998
4998
4998
4998
4998
4998
4998
4998
4998
4998
4998
4998
4998
4998
4998
4998
4998
4998
4998
4998
4998
4998
4998
4998
4998
4998
4998
4998
4998
4998
4998
4998
4998
4998
4998
4998
4998
4998
4998
4998
4998
4998
4998
4998
4998
4998
4998
4998
4998
4998
4998
4998
4998
4998
4998
4998
4998
4998
4998
4998
4998
4998
4998
4998
4998
4998
4998
4998
4998
4998
4998
4998
4998
4998
4998
4998
4998
4998
4998
4998
4998
4998
4998
4998
4998
4998
4998
4998
4998
4998
4998
4998
4998
4998
4998
4998
4998
4998
4998
4998
4998
4998
4998
4998
4998
4998
4998
4998
4998
4998
4998
4998
4998
4998
4998
4998
4998
4998
4998
4998
4998
4998
4998
4998
4998
4998
4998
4998
4998
4998
4998
4998
4998
4998
4998
4998
4998
4998
4998
4998
4998
4998
4998
4998
4998
4998
4998
4998
4998
4998
4998
4998
4998
4998
4998
4998
4998
4998
4998
4998
4998
4998
4998
4998
4998
4998
4998
4998
4998
4998
4998
4998
4998
4998
4998
4998
4998
4998
4998
4998
4998
4998
4998
4998
4998
4998
4998
4998
4998
4998
4998
4998
4998
4998
4998
4998
4998
4998
4998
4998
4998
4998
4998
4998
4998
4998
4998
4998
4998
4998
4998
4998
4998
4998
4998
4998
4998
4998
4998
4998
4998
4998
4998
4998
4998
4998
4998
4998
4998
4998
4998
4998
4998
4998
4998
4998
4998
4998
4998
4998
4998
4998
4998
4998
4998
4998
4998
4998
4998
4998
4998
4998
4998
4998
4998
4998
4998
4998
4998
4998
4998
4998
4998
4998
4998
4998
4998
4998
4998
4998
4998
4998
4998
4998
4998
4998
4998
4998
4998
4998
4998
4998
4998
4998
4998
4998
4998
4998
4998
4998
4998
4998
4998
4998
4998
4998
4998
4998
4998
4998
4998
4998
4998
4998
4998
4998
4998
4998
4998
4998
4998
4998
4998
4998
4998
4998
4998
4998
4998
4998
4998
4998
4998
4998
4998
4998
4998
4998
4998
4998
4998
4998
4998
4998
4998
4998
4998
4998
4998
4998
4998
4998
4998
4998
4998
4998
4998
4998
4998
4998
4998
4998
4998
4998
4998
4998
4998
4998
4998
4998
4998
4998
4998
4998
4998
4998
4998
4998
4998
4998
4998
4998
4998
4998
4998
4998
4998
4998
4998
4998
4998
4998
4998
4998
4998
4998
4998
4998
4998
4998
4998
4998
4998
4998
4998
4998
4998
4998
4998
4998
4998
4998
4998
4998
4998
4998
4998
4998
4998
4998
4998
4998
4998
4998
4998
4998
4998
4998
4998
4998
4998
4998
4998
4998
4998
4998
4998
4998
4998
4998
4998
4998
4998
4998
4998
4998
4998
4998
4998
4998
4998
4998
4998
4998
4998
4998
4998
4998
4998
4998
4998
4998
4998
4998
4998
4998
4998
4998
4998
4998
4998
4998
4998
4998
4998
4998
4998
4998
4998
4998
4998
4998
4998
4998
4998
4998
4998
4998
4998
4998
4998
4998
4998
4998
4998
4998
4998
4998
4998
4998
4998
4998
4998
4998
4998
4998
4998
4998
4998
4998
4998
4998
4998
4998
4998
4998
4998
4998
4998
4998
4998
4998
4998
4998
4998
4998
4998
4998
4998
4998
4998
4998
4998
4998
4998
4998
4998
4998
4998
4998
4998
4998
4998
4998
4998
4998
4998
4998
4998
4998
4998
4998
4998
4998
4998
4998
4998
4998
4998
4998
4998
4998
4998
4998
4998
4998
4998
4998
4998
4998
4998
4998
4998
4998
4998
4998
4998
4998
4998
4998
4998
4998
4998
4998
4998
4998
4998
4998
4998
4998
4998
4998
4998
4998
4998
4998
4998
4998
4998
4998
4998
4998
4998
4998
4998
4998
4998
4998
4998
4998
4998
4998
4998
4998
4998
4998
4998
4998
4998
4998
4998
4998
4998
4998
4998
4998
4998
4998
4998
4998
4998
4998
4998
4998
4998
4998
4998
4998
4998
4998
4998
4998
4998
4998
4998
4998
4998
4998
4998
4998
4998
4998
4998
4998
4998
4998
4998
4998
4998
4998
4998
4998
4998
4998
4998
4998
4998
4998
4998
4998
4998
4998
4998
4998
4998
4998
4998
4998
4998
4998
4998
4998
4998
4998
4998
4998
4998
4998
4998
4998
4998
4998
4998
4998
4998
4998
4998
4998
4998
4998
4998
4998
4998
4998
4998
4998
4998
4998
4998
4998
4998
4998
4998
4998
4998
4998
4998
4998
4998
4998
4998
4998
4998
4998
4998
4998
4998
4998
4998
4998
4998
4998
4998
4998
4998
4998
4998
4998
4998
4998
4998
4998
4998
4998
4998
4998
4998
4998
4998
4998
4998
4998
4998
4998
4998
4998
4998
4998
4998
4998
4998
4998
4998
4998
4998
4998
4998
4998
4998
4998
4998
4998
4998
4998
4998
4998
4998
4998
4998
4998
4998
4998
4998
4998
4998
4998
4998
4998
4998
4998
4998
4998
4998
4998
4998
4998
4998
4998
4998
4998
4998
4998
4998
4998
4998
4998
4998
4998
4998
4998
4998
4998
4998
4998
4998
4998
4998
4998
4998
4998
4998
4998
4998
4998
4998
4998
4998
4998
4998
4998
4998
4998
4998
4998
4998
4998
4998
4998
4998
4998
4998
4998
4998
4998
4998
4998
4998
4998
4998
4998
4998
4998
4998
4998
4998
4998
4998
4998
4998
4998
4998
4998
4998
4998
4998
4998
4998
4998
4998
4998
4998
4998
4998
4998
4998
4998
4998
4998
4998
4998
4998
4998
4998
4998
4998
4998
4998
4998
4998
4998
4998
4998
4998
4998
4998
4998
4998
4998
4998
4998
4998
4998
4998
4998
4998
4998
4998
4998
4998
4998
4998
4998
4998
4998
4998
4998
4998
4998
4998
4998
4998
4998
4998
4998
4998
4998
4998
4998
4998
4998
4998
4998
4998
4998
4998
4998
4998
4998
4998
4998
4998
4998
4998
4998
4998
4998
4998
4998
4998
4998
4998
4998
4998
4998
4998
4998
4998
4998
4998
4998
4998
4998
4998
4998
4998
4998
4998
4998
4998
4998
4998
4998
4998
4998
4998
4998
4998
4998
4998
4998
4998
4998
4998
4998
4998
4998
4998
4998
4998
4998
4998
4998
4998
4998
4998
4998
4998
4998
4998
4998
4998
4998
4998
4998
4998
4998
4998
4998
4998
4998
4998
4998
4998
4998
4998
4998
4998
4998
4998
4998
4998
4998
4998
4998
4998
4998
4998
4998
4998
4998
4998
4998
4998
4998
4998
4998
4998
4998
4998
4998
4998
4998
4998
4998
4998
4998
4998
4998
4998
4998
4998
4998
4998
4998
4998
4998
4998
4998
4998
4998
4998
4998
4998
4998
4998
4998
4998
4998
4998
4998
4998
4998
4998
4998
4998
4998
4998
4998
4998
4998
4998
4998
4998
4998
4998
4998
4998
4998
4998
4998
4998
4998
4998
4998
4998
4998
4998
4998
4998
4998
4998
4998
4998
4998
4998
4998
4998
4998
4998
4998
4998
4998
4998
4998
4998
4998
4998
4998
4998
4998
4998
4998
4998
4998
4998
4998
4998
4998
4998
4998
4998
4998
4998
4998
4998
4998
4998
4998
4998
4998
4998
4998
4998
4998
4998
4998
4998
4998
4998
4998
4998
4998
4998
4998
4998
4998
4998
4998
4998
4998
4998
4998
4998
4998
4998
4998
4998
4998
4998
4998
4998
4998
4998
4998
4998
4998
4998
4998
4998
4998
4998
4998
4998
4998
4998
4998
4998
4998
4998
4998
4998
4998
4998
4998
4998
4998
4998
4998
4998
4998
4998
4998
4998
4998
4998
4998
4998
4998
4998
4998
4998
4998
4998
4998
4998
4998
4998
4998
4998
4998
4998
4998
4998
4998
4998
4998
4998
4998
4998
4998
4998
4998
4998
4998
4998
4998
4998
4998
4998
4998
4998
4998
4998
4998
4998
4998
4998
4998
4998
4998
4998
4998
4998
4998
4998
4998
4998
4998
4998
4998
4998
4998
4998
4998
4998
4998
4998
4998
4998
4998
4998
4998
4998
4998
4998
4998
4998
4998
4998
4998
4998
4998
4998
4998
4998
4998
4998
4998
4998
4998
4998
4998
4998
4998
4998
4998
4998
4998
4998
4998
4998
4998
4998
4998
4998
4998
4998
4998
4998
4998
4998
4998
4998
4998
4998
4998
4998
4998
4998
4998
4998
4998
4998
4998
4998
4998
4998
4998
4998
4998
4998
4998
4998
4998
4998
4998
4998
4998
4998
4998
4998
4998
4998
4998
4998
4998
4998
4998
4998
4998
4998
4998
4998
4998
4998
4998
4998
4998
4998
4998
4998
4998
4998
4998
4998
4998
4998
4998
4998
4998
4998
4998
4998
4998
4998
4998
4998
4998
4998
4998
4998
4998
4998
4998
4998
4998
4998
4998
4998
4998
4998
4998
4998
4998
4998
4998
4998
4998
4998
4998
4998
4998
4998
4998
4998
4998
4998
4998
4998
4998
4998
4998
4998
4998
4998
4998
4998
4998
4998
4998
4998
4998
4998
4998
4998
4998
4998
4998
4998
4998
4998
4998
4998
4998
4998
4998
4998
4998
4998
4998
4998
4998
4998
4998
4998
4998
4998
4998
4998
4998
4998
4998
4998
4998
4998
4998
4998
4998
4998
4998
4998
4998
4998
4998
4998
4998
4998
4998
4998
4998
4998
4998
4998
4998
4998
4998
4998
4998
4998
4998
4998
4998
4998
4998
4998
4998
4998
4998
4998
4998
4998
4998
4998
4998
4998
4998
4998
4998
4998
4998
4998
4998
4998
4998
4998
4998
4998
4998
4998
4998
4998
4998
4998
4998
4998
4998
4998
4998
4998
4998
4998
4998
4998
4998
4998
4998
4998
4998
4998
4998
4998
4998
4998
4998
4998
4998
4998
4998
4998
4998
4998
4998
4998
4998
4998
4998
4998
4998
4998
4998
4998
4998
4998
4998
4998
4998
4998
4998
4998
4998
4998
4998
4998
4998
4998
4998
4998
4998
4998
4998
4998
4998
4998
4998
4998
4998
4998
4998
4998
4998
4998
4998
4998
4998
4998
4998
4998
4998
4998
4998
4998
4998
4998
4998
4998
4998
4998
4998
4998
4998
4998
4998
4998
4998
4998
4998
4998
4998
4998
4998
4998
4998
4998
4998
4998
4998
4998
4998
4998
4998
4998
4998
4998
4998
4998
4998
4998
4998
4998
4998
4998
4998
4998
4998
4998
4998
4998
4998
4998
4998
4998
4998
4998
4998
4998
4998
4998
4998
4998
4998
4998
4998
4998
4998
4998
4998
4998
4998
4998
4998
4998
4998
4998
4998
4998
4998
4998
4998
4998
4998
4998
4998
4998
4998
4998
4998
4998
4998
4998
4998
4998
4998
4998
4998
4998
4998
4998
4998
4998
4998
4998
4998
4998
4998
4998
4998
4998
4998
4998
4998
4998
4998
4998
4998
4998
4998
4998
4998
4998
4998
4998
4998
4998
4998
4998
4998
4998
4998
4998
4998
4998
4998
4998
4998
4998
4998
4998
4998
4998
4998
4998
4998
4998
4998
4998
4998
4998
4998
4998
4998
4998
4998
4998
4998
4998
4998
4998
4998
4998
4998
4998
4998
4998
4998
4998
4998
4998
4998
4998
4998
4998
4998
4998
4998
4998
4998
4998
4998
4998
4998
4998
4998
4998
4998
4998
4998
4998
4998
4998
4998
4998
4998
4998
4998
4998
4998
4998
4998
4998
4998
4998
4998
4998
4998
4998
4998
4998
4998
4998
4998
4998
4998
4998
4998
4998
4998
4998
4998
4998
4998
4998
4998
4998
4998
4998
4998
4998
4998
4998
4998
4998
4998
4998
4998
4998
4998
4998
4998
4998
4998
4998
4998
4998
4998
4998
4998
4998
4998
4998
4998
4998
4998
4998
4998
4998
4998
4998
4998
4998
4998
4998
4998
4998
4998
4998
4998
4998
4998
4998
4998
4998
4998
4998
4998
4998
4998
4998
4998
4998
4998
4998
4998
4998
4998
4998
4998
4998
4998
4998
4998
4998
4998
4998
4998
4998
4998
4998
4998
4998
4998
4998
4998
4998
4998
4998
4998
4998
4998
4998
4998
4998
4998
4998
4998
4998
4998
4998
4998
4998
4998
4998
4998
4998
4998
4998
4998
4998
4998
4998
4998
4998
4998
4998
4998
4998
4998
4998
4998
4998
4998
4998
4998
4998
4998
4998
4998
4998
4998
4998
4998
4998
4998
4998
4998
4998
4998
4998
4998
4998
4998
4998
4998
4998
4998
4998
4998
4998
4998
4998
4998
4998
4998
4998
4998
4998
4998
4998
4998
4998
4998
4998
4998
4998
4998
4998
4998
4998
4998
4998
4998
4998
4998
4998
4998
4998
4998
4998
4998
4998
4998
4998
4998
4998
4998
4998
4998
4998
4998
4998
4998
4998
4998
4998
4998
4998
4998
4998
4998
4998
4998
4998
4998
4998
4998
4998
4998
4998
4998
4998
4998
4998
4998
4998
4998
4998
4998
4998
4998
4998
4998
4998
4998
4998
4998
4998
4998
4998
4998
4998
4998
4998
4998
4998
4998
4998
4998
4998
4998
4998
4998
4998
4998
4998
4998
4998
4998
4998
4998
4998
4998
4998
4998
4998
4998
4998
4998
4998
4998
4998
4998
4998
4998
4998
4998
4998
4998
4998
4998
4998
4998
4998
4998
4998
4998
4998
4998
4998
4998
4998
4998
4998
4998
4998
4998
4998
4998
4998
4998
4998
4998
4998
4998
4998
4998
4998
4998
4998
4998
4998
4998
4998
4998
4998
4998
4998
4998
4998
4998
4998
4998
4998
4998
4998
4998
4998
4998
4998
4998
4998
4998
4998
4998
4998
4998
4998
4998
4998
4998
4998
4998
4998
4998
4998
4998
4998
4998
4998
4998
4998
4998
4998
4998
4998
4998
4998
4998
4998
4998
4998
4998
4998
4998
4998
4998
4998
4998
4998
4998
4998
4998
4998
4998
4998
4998
4998
4998
4998
4998
4998
4998
4998
4998
4998
4998
4998
4998
4998
4998
4998
4998
4998
4998
4998
4998
4998
4998
4998
4998
4998
4998
4998
4998
4998
4998
4998
4998
4998
4998
4998
4998
4998
4998
4998
4998
4998
4998
4998
4998
4998
4998
4998
4998
4998
4998
4998
4998
4998
4998
4998
4998
4998
4998
4998
4998
4998
4998
4998
4998
4998
4998
4998
4998
4998
4998
4998
4998
4998
4998
4998
4998
4998
4998
4998
4998
4998
4998
4998
4998
4998
4998
4998
4998
4998
4998
4998
4998
4998
4998
4998
4998
4998
4998
4998
4998
4998
4998
4998
4998
4998
4998
4998
4998
4998
4998
4998
4998
4998
4998
4998
4998
4998
4998
4998
4998
4998
4998
4998
4998
4998
4998
4998
4998
4998
4998
4998
4998
4998
4998
4998
4998
4998
4998
4998
4998
4998
4998
4998
4998
4998
4998
4998
4998
4998
4998
4998
4998
4998
4998
4998
4998
4998
4998
4998
4998
4998
4998
4998
4998
4998
4998
4998
4998
4998
4998
4998
4998
4998
4998
4998
4998
4998
4998
4998
4998
4998
4998
4998
4998
4998
4998
4998
4998
4998
4998
4998
4998
4998
4998
4998
4998
4998
4998
4998
4998
4998
4998
4998
4998
4998
4998
4998
4998
4998
4998
4998
4998
4998
4998
4998
4998
4998
4998
4998
4998
4998
4998
4998
4998
4998
4998
4998
4998
4998
4998
4998
4998
4998
4998
4998
4998
4998
4998
4998
4998
4998
4998
4998
4998
4998
4998
4998
4998
4998
4998
4998
4998
4998
4998
4998
4998
4998
4998
4998
4998
4998
4998
4998
4998
4998
4998
4998
4998
4998
4998
4998
4998
4998
4998
4998
4998
4998
4998
4998
4998
4998
4998
4998
4998
4998
4998
4998
4998
4998
4998
4998
4998
4998
4998
4998
4998
4998
4998
4998
4998
4998
4998
4998
4998
4998
4998
4998
4998
4998
4998
4998
4998
4998
4998
4998
4998
4998
4998
4998
4998
4998
4998
4998
4998
4998
4998
4998
4998
4998
4998
4998
4998
4998
4998
4998
4998
4998
4998
4998
4998
4998
4998
4998
4998
4998
4998
4998
4998
4998
4998
4998
4998
4998
4998
4998
4998
4998
4998
4998
4998
4998
4998
4998
4998
4998
4998
4998
4998
4998
4998
4998
4998
4998
4998
4998
4998
4998
4998
4998
4998
4998
4998
4998
4998
4998
4998
4998
4998
4998
4998
4998
4998
4998
4998
4998
4998
4998
4998
4998
4998
4998
4998
4998
4998
4998
4998
4998
4998
4998
4998
4998
4998
4998
4998
4998
4998
4998
4998
4998
4998
4998
4998
4998
4998
4998
4998
4998
4998
4998
4998
4998
4998
4998
4998
4998
4998
4998
4998
4998
4998
4998
4998
4998
4998
4998
4998
4998
4998
4998
4998
4998
4998
4998
4998
4998
4998
4998
4998
4998
4998
4998
4998
4998
4998
4998
4998
4998
4998
4998
4998
4998
4998
4998
4998
4998
4998
4998
4998
4998
4998
4998
4998
4998
4998
4998
4998
4998
4998
4998
4998
4998
4998
4998
4998
4998
4998
4998
4998
4998
4998
4998
4998
4998
4998
4998
4998
4998
4998
4998
4998
4998
4998
4998
4998
4998
4998
4998
4998
4998
4998
4998
4998
4998
4998
4998
4998
4998
4998
4998
4998
4998
4998
4998
4998
4998
4998
4998
4998
4998
4998
4998
4998
4998
4998
4998
4998
4998
4998
4998
4998
4998
4998
4998
4998
4998
4998
4998
4998
4998
4998
4998
4998
4998
4998
4998
4998
4998
4998
4998
4998
4998
4998
4998
4998
4998
4998
4998
4998
4998
4998
4998
4998
4998
4998
4998
4998
4998
4998
4998
4998
4998
4998
4998
4998
4998
4998
4998
4998
4998
4998
4998
4998
4998
4998
4998
4998
4998
4998
4998
4998
4998
4998
4998
4998
4998
4998
4998
4998
4998
4998
4998
4998
4998
4998
4998
4998
4998
4998
4998
4998
4998
4998
4998
4998
4998
4998
4998
4998
4998
4998
4998
4998
4998
4998
4998
4998
4998
4998
4998
4998
4998
4998
4998
4998
4998
4998
4998
4998
4998
4998
4998
4998
4998
4998
4998
4998
4998
4998
4998
4998
4998
4998
4998
4998
4998
4998
4998
4998
4998
4998
4998
4998
4998
4998
4998
4998
4998
4998
4998
4998
4998
4998
4998
4998
4998
4998
4998
4998
4998
4998
4998
4998
4998
4998
4998
4998
4998
4998
4998
4998
4998
4998
4998
4998
4998
4998
4998
4998
4998
4998
4998
4998
4998
4998
4998
4998
4998
4998
4998
4998
4998
4998
4998
4998
4998
4998
4998
4998
4998
4998
4998
4998
4998
4998
4998
4998
4998
4998
4998
4998
4998
4998
4998
4998
4998
4998
4998
4998
4998
4998
4998
4998
4998
4998
4998
4998
4998
4998
4998
4998
4998
4998
4998
4998
4998
4998
4998
4998
4998
4998
4998
4998
4998
4998
4998
4998
4998
4998
4998
4998
4998
4998
4998
4998
4998
4998
4998
4998
4998
4998
4998
4998
4998
4998
4998
4998
4998
4998
4998
4998
4998
4998
4998
4998
4998
4998
4998
4998
4998
4998
4998
4998
4998
4998
4998
4998
4998
4998
4998
4998
4998
4998
4998
4998
4998
4998
4998
4998
4998
4998
4998
4998
4998
4998
4998
4998
4998
4998
4998
4998
4998
4998
4998
4998
4998
4998
4998
4998
4998
4998
4998
4998
4998
4998
4998
4998
4998
4998
4998
4998
4998
4998
4998
4998
4998
4998
4998
4998
4998
4998
4998
4998
4998
4998
4998
4998
4998
4998
4998
4998
4998
4998
4998
4998
4998
4998
4998
4998
4998
4998
4998
4998
4998
4998
4998
4998
4998
4998
4998
4998
4998
4998
4998
4998
4998
4998
4998
4998
4998
4998
4998
4998
4998
4998
4998
4998
4998
4998
4998
4998
4998
4998
4998
4998
4998
4998
4998
4998
4998
4998
4998
4998
4998
4998
4998
4998
4998
4998
4998
4998
4998
4998
4998
4998
4998
4998
4998
4998
4998
4998
4998
4998
4998
4998
4998
4998
4998
4998
4998
4998
4998
4998
4998
4998
4998
4998
4998
4998
4998
4998
4998
4998
4998
4998
4998
4998
4998
4998
4998
4998
4998
4998
4998
4998
4998
4998
4998
4998
4998
4998
4998
4998
4998
4998
4998
4998
4998
4998
4998
4998
4998
4998
4998
4998
4998
4998
4998
4998
4998
4998
4998
4998
4998
4998
4998
4998
4998
4998
4998
4998
4998
4998
4998
4998
4998
4998
4998
4998
4998
4998
4998
4998
4998
4998
4998
4998
4998
4998
4998
4998
4998
4998
4998
4998
4998
4998
4998
4998
4998
4998
4998
4998
4998
4998
4998
4998
4998
4998
4998
4998
4998
4998
4998
4998
4998
4998
4998
4998
4998
4998
4998
4998
4998
4998
4998
4998
4998
4998
4998
4998
4998
4998
4998
4998
4998
4998
4998
4998
4998
4998
4998
4998
4998
4998
4998
4998
4998
4998
4998
4998
4998
4998
4998
4998
4998
4998
4998
4998
4998
4998
4998
4998
4998
4998
4998
4998
4998
4998
4998
4998
4998
4998
4998
4998
4998
4998
4998
4998
4998
4998
4998
4998
4998
4998
4998
4998
4998
4998
4998
4998
4998
4998
4998
4998
4998
4998
4998
4998
4998
4998
4998
4998
4998
4998
4998
4998
4998
4998
4998
4998
4998
4998
4998
4998
4998
4998
4998
4998
4998
4998
4998
4998
4998
4998
4998
4998
4998
4998
4998
4998
4998
4998
4998
4998
4998
4998
4998
4998
4998
4998
4998
4998
4998
4998
4998
4998
4998
4998
4998
4998
4998
4998
4998
4998
4998
4998
4998
4998
4998
4998
4998
4998
4998
4998
4998
4998
4998
4998
4998
4998
4998
4998
4998
4998
4998
4998
4998
4998
4998
4998
4998
4998
4998
4998
4998
4998
4998
4998
4998
4998
4998
4998
4998
4998
4998
4998
4998
4998
4998
4998
4998
4998
4998
4998
4998
4998
4998
4998
4998
4998
4998
4998
4998
4998
4998
4998
4998
4998
4998
4998
4998
4998
4998
4998
4998
4998
4998
4998
4998
4998
4998
4998
4998
4998
4998
4998
4998
4998
4998
4998
4998
4998
4998
4998
4998
4998
4998
4998
4998
4998
4998
4998
4998
4998
4998
4998
4998
4998
4998
4998
4998
4998
4998
4998
4998
4998
4998
4998
4998
4998
4998
4998
4998
4998
4998
4998
4998
4998
4998
4998
4998
4998
4998
4998
4998
4998
4998
4998
4998
4998
4998
4998
4998
4998
4998
4998
4998
4998
4998
4998
4998
4998
4998
4998
4998
4998
4998
4998
4998
4998
4998
4998
4998
4998
4998
4998
4998
4998
4998
4998
4998
4998
4998
4998
4998
4998
4998
4998
4998
4998
4998
4998
4998
4998
4998
4998
4998
4998
4998
4998
4998
4998
4998
4998
4998
4998
4998
4998
4998
4998
4998
4998
4998
4998
4998
4998
4998
4998
4998
4998
4998
4998
4998
4998
4998
4998
4998
4998
4998
4998
4998
4998
4998
4998
4998
4998
4998
4998
4998
4998
4998
4998
4998
4998
4998
4998
4998
4998
4998
4998
4998
4998
4998
4998
4998
4998
4998
4998
4998
4998
4998
4998
4998
4998
4998
4998
4998
4998
4998
4998
4998
4998
4998
4998
4998
4998
4998
4998
4998
4998
4998
4998
4998
4998
4998
4998
4998
4998
4998
4998
4998
4998
4998
4998
4998
4998
4998
4998
4998
4998
4998
4998
4998
4998
4998
4998
4998
4998
4998
4998
4998
4998
4998
4998
4998
4998
4998
4998
4998
4998
4998
4998
4998
4998
4998
4998
4998
4998
4998
4998
4998
4998
4998
4998
4998
4998
4998
4998
4998
4998
4998
4998
4998
4998
4998
4998
4998
4998
4998
4998
4998
4998
4998
4998
4998
4998
4998
4998
4998
4998
4998
4998
4998
4998
4998
4998
4998
4998
4998
4998
4998
4998
4998
4998
4998
4998
4998
4998
4998
4998
4998
4998
4998
4998
4998
4998
4998
4998
4998
4998
4998
4998
4998
4998
4998
4998
4998
4998
4998
4998
4998
4998
4998
4998
4998
4998
4998
4998
4998
4998
4998
4998
4998
4998
4998
4998
4998
4998
4998
4998
4998
4998
4998
4998
4998
4998
4998
4998
4998
4998
4998
4998
4998
4998
4998
4998
4998
4998
4998
4998
4998
4998
4998
4998
4998
4998
4998
4998
4998
4998
4998
4998
4998
4998
4998
4998
4998
4998
4998
4998
4998
4998
4998
4998
4998
4998
4998
4998
4998
4998
4998
4998
4998
4998
4998
4998
4998
4998
4998
4998
4998
4998
4998
4998
4998
4998
4998
4998
4998
4998
4998
4998
4998
4998
4998
4998
4998
4998
4998
4998
4998
4998
4998
4998
4998
4998
4998
4998
4998
4998
4998
4998
4998
4998
4998
4998
4998
4998
4998
4998
4998
4998
4998
4998
4998
4998
4998
4998
4998
4998
4998
4998
4998
4998
4998
4998
4998
4998
4998
4998
4998
4998
4998
4998
4998
4998
4998
4998
4998
4998
4998
4998
4998
4998
4998
4998
4998
4998
4998
4998
4998
4998
4998
4998
4998
4998
4998
4998
4998
4998
4998
4998
4998
4998
4998
4998
4998
4998
4998
4998
4998
4998
4998
4998
4998
4998
4998
4998
4998
4998
4998
4998
4998
4998
4998
4998
4998
4998
4998
4998
4998
4998
4998
4998
4998
4998
4998
4998
4998
4998
4998
4998
4998
4998
4998
4998
4998
4998
4998
4998
4998
4998
4998
4998
4998
4998
4998
4998
4998
4998
4998
4998
4998
4998
4998
4998
4998
4998
4998
4998
4998
4998
4998
4998
4998
4998
4998
4998
4998
4998
4998
4998
4998
4998
4998
4998
4998
4998
4998
4998
4998
4998
4998
4998
4998
4998
4998
4998
4998
4998
4998
4998
4998
4998
4998
4998
4998
4998
4998
4998
4998
4998
4998
4998
4998
4998
4998
4998
4998
4998
4998
4998
4998
4998
4998
4998
4998
4998
4998
4998
4998
4998
4998
4998
4998
4998
4998
4998
4998
4998
4998
4998
4998
4998
4998
4998
4998
4998
4998
4998
4998
4998
4998
4998
4998
4998
4998
4998
4998
4998
4998
4998
4998
4998
4998
4998
4998
4998
4998
4998
4998
4998
4998
4998
4998
4998
4998
4998
4998
4998
4998
4998
4998
4998
4998
4998
4998
4998
4998
4998
4998
4998
4998
4998
4998
4998
4998
4998
4998
4998
4998
4998
4998
4998
4998
4998
4998
4998
4998
4998
4998
4998
4998
4998
4998
4998
4998
4998
4998
4998
4998
4998
4998
4998
4998
4998
4998
4998
4998
4998
4998
4998
4998
4998
4998
4998
4998
4998
4998
4998
4998
4998
4998
4998
4998
4998
4998
4998
4998
4998
4998
4998
4998
4998
4998
4998
4998
4998
4998
4998
4998
4998
4998
4998
4998
4998
4998
4998
4998
4998
4998
4998
4998
4998
4998
4998
4998
4998
4998
4998
4998
4998
4998
4998
4998
4998
4998
4998
4998
4998
4998
4998
4998
4998
4998
4998
4998
4998
4998
4998
4998
4998
4998
4998
4998
4998
4998
4998
4998
4998
4998
4998
4998
4998
4998
4998
4998
4998
4998
4998
4998
4998
4998
4998
4998
4998
4998
4998
4998
4998
4998
4998
4998
4998
4998
4998
4998
4998
4998
4998
4998
4998
4998
4998
4998
4998
4998
4998
4998
4998
4998
4998
4998
4998
4998
4998
4998
4998
4998
4998
4998
4998
4998
4998
4998
4998
4998
4998
4998
4998
4998
4998
4998
4998
4998
4998
4998
4998
4998
4998
4998
4998
4998
4998
4998
4998
4998
4998
4998
4998
4998
4998
4998
4998
4998
4998
4998
4998
4998
4998
4998
4998
4998
4998
4998
4998
4998
4998
4998
4998
4998
4998
4998
4998
4998
4998
4998
4998
4998
4998
4998
4998
4998
4998
4998
4998
4998
4998
4998
4998
4998
4998
4998
4998
4998
4998
4998
4998
4998
4998
4998
4998
4998
4998
4998
4998
4998
4998
4998
4998
4998
4998
4998
4998
4998
4998
4998
4998
4998
4998
4998
4998
4998
4998
4998
4998
4998
4998
4998
4998
4998
4998
4998
4998
4998
4998
4998
4998
4998
4998
4998
4998
4998
4998
4998
4998
4998
4998
4998
4998
4998
4998
4998
4998
4998
4998
4998
4998
4998
4998
4998
4998
4998
4998
4998
4998
4998
4998
4998
4998
4998
4998
4998
4998
4998
4998
4998
4998
4998
4998
4998
4998
4998
4998
4998
4998
4998
4998
4998
4998
4998
4998
4998
4998
4998
4998
4998
4998
4998
4998
4998
4998
4998
4998
4998
4998
4998
4998
4998
4998
4998
4998
4998
4998
4998
4998
4998
4998
4998
4998
4998
4998
4998
4998
4998
4998
4998
4998
4998
4998
4998
4998
4998
4998
4998
4998
4998
4998
4998
4998
4998
4998
4998
4998
4998
4998
4998
4998
4998
4998
4998
4998
4998
4998
4998
4998
4998
4998
4998
4998
4998
4998
4998
4998
4998
4998
4998
4998
4998
4998
4998
4998
4998
4998
4998
4998
4998
4998
4998
4998
4998
4998
4998
4998
4998
4998
4998
4998
4998
4998
4998
4998
4998
4998
4998
4998
4998
4998
4998
4998
4998
4998
4998
4998
4998
4998
4998
4998
4998
4998
4998
4998
4998
4998
4998
4998
4998
4998
4998
4998
4998
4998
4998
4998
4998
4998
4998
4998
4998
4998
4998
4998
4998
4998
4998
4998
4998
4998
4998
4998
4998
4998
4998
4998
4998
4998
4998
4998
4998
4998
4998
4998
4998
4998
4998
4998
4998
4998
4998
4998
4998
4998
4998
4998
4998
4998
4998
4998
4998
4998
4998
4998
4998
4998
4998
4998
4998
4998
4998
4998
4998
4998
4998
4998
4998
4998
4998
4998
4998
4998
4998
4998
4998
4998
4998
4998
4998
4998
4998
4998
4998
4998
4998
4998
4998
4998
4998
4998
4998
4998
4998
4998
4998
4998
4998
4998
4998
4998
4998
4998
4998
4998
4998
4998
4998
4998
4998
4998
4998
4998
4998
4998
4998
4998
4998
4998
4998
4998
4998
4998
4998
4998
4998
4998
4998
4998
4998
4998
4998
4998
4998
4998
4998
4998
4998
4998
4998
4998
4998
4998
4998
4998
4998
4998
4998
4998
4998
4998
4998
4998
4998
4998
4998
4998
4998
4998
4998
4998
4998
4998
4998
4998
4998
4998
4998
4998
4998
4998
4998
4998
4998
4998
4998
4998
4998
4998
4998
4998
4998
4998
4998
4998
4998
4998
4998
4998
4998
4998
4998
4998
4998
4998
4998
4998
4998
4998
4998
4998
4998
4998
4998
4998
4998
4998
4998
4998
4998
4998
4998
4998
4998
4998
4998
4998
4998
4998
4998
4998
4998
4998
4998
4998
4998
4998
4998
4998
4998
4998
4998
4998
4998
4998
4998
4998
4998
4998
4998
4998
4998
4998
4998
4998
4998
4998
4998
4998
4998
4998
4998
4998
4998
4998
4998
4998
4998
4998
4998
4998
4998
4998
4998
4998
4998
4998
4998
4998
4998
4998
4998
4998
4998
4998
4998
4998
4998
4998
4998
4998
4998
4998
4998
4998
4998
4998
4998
4998
4998
4998
4998
4998
4998
4998
4998
4998
4998
4998
4998
4998
4998
4998
4998
4998
4998
4998
4998
4998
4998
4998
4998
4998
4998
4998
4998
4998
4998
4998
4998
4998
4998
4998
4998
4998
4998
4998
4998
4998
4998
4998
4998
4998
4998
4998
4998
4998
4998
4998
4998
4998
4998
4998
4998
4998
4998
4998
4998
4998
4998
4998
4998
4998
4998
4998
4998
4998
4998
4998
4998
4998
4998
4998
4998
4998
4998
4998
4998
4998
4998
4998
4998
4998
4998
4998
4998
4998
4998
4998
4998
4998
4998
4998
4998
4998
4998
4998
4998
4998
4998
4998
4998
4998
4998
4998
4998
4998
4998
4998
4998
4998
4998
4998
4998
4998
4998
4998
4998
4998
4998
4998
4998
4998
4998
4998
4998
4998
4998
4998
4998
4998
4998
4998
4998
4998
4998
4998
4998
4998
4998
4998
4998
4998
4998
4998
4998
4998
4998
4998
4998
4998
4998
4998
4998
4998
4998
4998
4998
4998
4998
4998
4998
4998
4998
4998
4998
4998
4998
4998
4998
4998
4998
4998
4998
4998
4998
4998
4998
4998
4998
4998
4998
4998
4998
4998
4998
4998
4998
4998
4998
4998
4998
4998
4998
4998
4998
4998
4998
4998
4998
4998
4998
4998
4998
4998
4998
4998
4998
4998
4998
4998
4998
4998
4998
4998
4998
4998
4998
4998
4998
4998
4998
4998
4998
4998
4998
4998
4998
4998
4998
4998
4998
4998
4998
4998
4998
4998
4998
4998
4998
4998
4998
4998
4998
4998
4998
4998
4998
4998
4998
4998
4998
4998
4998
4998
4998
4998
4998
4998
4998
4998
4998
4998
4998
4998
4998
4998
4998
4998
4998
4998
4998
4998
4998
4998
4998
4998
4998
4998
4998
4998
4998
4998
4998
4998
4998
4998
4998
4998
4998
4998
4998
4998
4998
4998
4998
4998
4998
4998
4998
4998
4998
4998
4998
4998
4998
4998
4998
4998
4998
4998
4998
4998
4998
4998
4998
4998
4998
4998
4998
4998
4998
4998
4998
4998
4998
4998
4998
4998
4998
4998
4998
4998
4998
4998
4998
4998
4998
4998
4998
4998
4998
4998
4998
4998
4998
4998
4998
4998
4998
4998
4998
4998
4998
4998
4998
4998
4998
4998
4998
4998
4998
4998
4998
4998
4998
4998
4998
4998
4998
4998
4998
4998
4998
4998
4998
4998
4998
4998
4998
4998
4998
4998
4998
4998
4998
4998
4998
4998
4998
4998
4998
4998
4998
4998
4998
4998
4998
4998
4998
4998
4998
4998
4998
4998
4998
4998
4998
4998
4998
4998
4998
4998
4998
4998
4998
4998
4998
4998
4998
4998
4998
4998
4998
4998
4998
4998
4998
4998
4998
4998
4998
4998
4998
4998
4998
4998
4998
4998
4998
4998
4998
4998
4998
4998
4998
4998
4998
4998
4998
4998
4998
4998
4998
4998
4998
4998
4998
4998
4998
4998
4998
4998
4998
4998
4998
4998
4998
4998
4998
4998
4998
4998
4998
4998
4998
4998
4998
4998
4998
4998
4998
4998
4998
4998
4998
4998
4998
4998
4998
4998
4998
4998
4998
4998
4998
4998
4998
4998
4998
4998
4998
4998
4998
4998
4998
4998
4998
4998
4998
4998
4998
4998
4998
4998
4998
4998
4998
4998
4998
4998
4998
4998
4998
4998
4998
4998
4998
4998
4998
4998
4998
4998
4998
4998
4998
4998
4998
4998
4998
4998
4998
4998
4998
4998
4998
4998
4998
4998
4998
4998
4998
4998
4998
4998
4998
4998
4998
4998
4998
4998
4998
4998
4998
4998
4998
4998
4998
4998
4998
4998
4998
4998
4998
4998
4998
4998
4998
4998
4998
4998
4998
4998
4998
4998
4998
4998
4998
4998
4998
4998
4998
4998
4998
4998
4998
4998
4998
4998
4998
4998
4998
4998
4998
4998
4998
4998
4998
4998
4998
4998
4998
4998
4998
4998
4998
4998
4998
4998
4998
4998
4998
4998
4998
4998
4998
4998
4998
4998
4998
4998
4998
4998
4998
4998
4998
4998
4998
4998
4998
4998
4998
4998
4998
4998
4998
4998
4998
4998
4998
4998
4998
4998
4998
4998
4998
4998
4998
4998
4998
4998
4998
4998
4998
4998
4998
4998
4998
4998
4998
4998
4998
4998
4998
4998
4998
4998
4998
4998
4998
4998
4998
4998
4998
4998
4998
4998
4998
4998
4998
4998
4998
4998
4998
4998
4998
4998
4998
4998
4998
4998
4998
4998
4998
4998
4998
4998
4998
4998
4998
4998
4998
4998
4998
4998
4998
4998
4998
4998
4998
4998
4998
4998
4998
4998
4998
4998
4998
4998
4998
4998
4998
4998
4998
4998
4998
4998
4998
4998
4998
4998
4998
4998
4998
4998
4998
4998
4998
4998
4998
4998
4998
4998
4998
4998
4998
4998
4998
4998
4998
4998
4998
4998
4998
4998
4998
4998
4998
4998
4998
4998
4998
4998
4998
4998
4998
4998
4998
4998
4998
4998
4998
4998
4998
4998
4998
4998
4998
4998
4998
4998
4998
4998
4998
4998
4998
4998
4998
4998
4998
4998
4998
4998
4998
4998
4998
4998
4998
4998
4998
4998
4998
4998
4998
4998
4998
4998
4998
4998
4998
4998
4998
4998
4998
4998
4998
4998
4998
4998
4998
4998
4998
4998
4998
4998
4998
4998
4998
4998
4998
4998
4998
4998
4998
4998
4998
4998
4998
4998
4998
4998
4998
4998
4998
4998
4998
4998
4998
4998
4998
4998
4998
4998
4998
4998
4998
4998
4998
4998
4998
4998
4998
4998
4998
4998
4998
4998
4998
4998
4998
4998
4998
4998
4998
4998
4998
4998
4998
4998
4998
4998
4998
4998
4998
4998
4998
4998
4998
4998
4998
4998
4998
4998
4998
4998
4998
4998
4998
4998
4998
4998
4998
4998
4998
4998
4998
4998
4998
4998
4998
4998
4998
4998
4998
4998
4998
4998
4998
4998
4998
4998
4998
4998
4998
4998
4998
4998
4998
4998
4998
4998
4998
4998
4998
4998
4998
4998
4998
4998
4998
4998
4998
4998
4998
4998
4998
4998
4998
4998
4998
4998
4998
4998
4998
4998
4998
4998
4998
4998
4998
4998
4998
4998
4998
4998
4998
4998
4998
4998
4998
4998
4998
4998
4998
4998
4998
4998
4998
4998
4998
4998
4998
4998
4998
4998
4998
4998
4998
4998
4998
4998
4998
4998
4998
4998
4998
4998
4998
4998
4998
4998
4998
4998
4998
4998
4998
4998
4998
4998
4998
4998
4998
4998
4998
4998
4998
4998
4998
4998
4998
4998
4998
4998
4998
4998
4998
4998
4998
4998
4998
4998
4998
4998
4998
4998
4998
4998
4998
4998
4998
4998
4998
4998
4998
4998
4998
4998
4998
4998
4998
4998
4998
4998
4998
4998
4998
4998
4998
4998
4998
4998
4998
4998
4998
4998
4998
4998
4998
4998
4998
4998
4998
4998
4998
4998
4998
4998
4998
4998
4998
4998
4998
4998
4998
4998
4998
4998
4998
4998
4998
4998
4998
4998
4998
4998
4998
4998
4998
4998
4998
4998
4998
4998
4998
4998
4998
4998
4998
4998
4998
4998
4998
4998
4998
4998
4998
4998
4998
4998
4998
4998
4998
4998
4998
4998
4998
4998
4998
4998
4998
4998
4998
4998
4998
4998
4998
4998
4998
4998
4998
4998
4998
4998
4998
4998
4998
4998
4998
4998
4998
4998
4998
4998
4998
4998
4998
4998
4998
4998
4998
4998
4998
4998
4998
4998
4998
4998
4998
4998
4998
4998
4998
4998
4998
4998
4998
4998
4998
4998
4998
4998
4998
4998
4998
4998
4998
4998
4998
4998
4998
4998
4998
4998
4998
4998
4998
4998
4998
4998
4998
4998
4998
4998
4998
4998
4998
4998
4998
4998
4998
4998
4998
4998
4998
4998
4998
4998
4998
4998
4998
4998
4998
4998
4998
4998
4998
4998
4998
4998
4998
4998
4998
4998
4998
4998
4998
4998
4998
4998
4998
4998
4998
4998
4998
4998
4998
4998
4998
4998
4998
4998
4998
4998
4998
4998
4998
4998
4998
4998
4998
4998
4998
4998
4998
4998
4998
4998
4998
4998
4998
4998
4998
4998
4998
4998
4998
4998
4998
4998
4998
4998
4998
4998
4998
4998
4998
4998
4998
4998
4998
4998
4998
4998
4998
4998
4998
4998
4998
4998
4998
4998
4998
4998
4998
4998
4998
4998
4998
4998
4998
4998
4998
4998
4998
4998
4998
4998
4998
4998
4998
4998
4998
4998
4998
4998
4998
4998
4998
4998
4998
4998
4998
4998
4998
4998
4998
4998
4998
4998
4998
4998
4998
4998
4998
4998
4998
4998
4998
4998
4998
4998
4998
4998
4998
4998
4998
4998
4998
4998
4998
4998
4998
4998
4998
4998
4998
4998
4998
4998
4998
4998
4998
4998
4998
4998
4998
4998
4998
4998
4998
4998
4998
4998
4998
4998
4998
4998
4998
4998
4998
4998
4998
4998
4998
4998
4998
4998
4998
4998
4998
4998
4998
4998
4998
4998
4998
4998
4998
4998
4998
4998
4998
4998
4998
4998
4998
4998
4998
4998
4998
4998
4998
4998
4998
4998
4998
4998
4998
4998
4998
4998
4998
4998
4998
4998
4998
4998
4998
4998
4998
4998
4998
4998
4998
4998
4998
4998
4998
4998
4998
4998
4998
4998
4998
4998
4998
4998
4998
4998
4998
4998
4998
4998
4998
4998
4998
4998
4998
4998
4998
4998
4998
4998
4998
4998
4998
4998
4998
4998
4998
4998
4998
4998
4998
4998
4998
4998
4998
4998
4998
4998
4998
4998
4998
4998
4998
4998
4998
4998
4998
4998
4998
4998
4998
4998
4998
4998
4998
4998
4998
4998
4998
4998
4998
4998
4998
4998
4998
4998
4998
4998
4998
4998
4998
4998
4998
4998
4998
4998
4998
4998
4998
4998
4998
4998
4998
4998
4998
4998
4998
4998
4998
4998
4998
4998
4998
4998
4998
4998
4998
4998
4998
4998
4998
4998
4998
4998
4998
4998
4998
4998
4998
4998
4998
4998
4998
4998
4998
4998
4998
4998
4998
4998
4998
4998
4998
4998
4998
4998
4998
4998
4998
4998
4998
4998
4998
4998
4998
4998
4998
4998
4998
4998
4998
4998
4998
4998
4998
4998
4998
4998
4998
4998
4998
4998
4998
4998
4998
4998
4998
4998
4998
4998
4998
4998
4998
4998
4998
4998
4998
4998
4998
4998
4998
4998
4998
4998
4998
4998
4998
4998
4998
4998
4998
4998
4998
4998
4998
4998
4998
4998
4998
4998
4998
4998
4998
4998
4998
4998
4998
4998
4998
4998
4998
4998
4998
4998
4998
4998
4998
4998
4998
4998
4998
4998
4998
4998
4998
4998
4998
4998
4998
4998
4998
4998
4998
4998
4998
4998
4998
4998
4998
4998
4998
4998
4998
4998
4998
4998
4998
4998
4998
4998
4998
4998
4998
4998
4998
4998
4998
4998
4998
4998
4998
4998
4998
4998
4998
4998
4998
4998
4998
4998
4998
4998
4998
4998
4998
4998
4998
4998
4998
4998
4998
4998
4998
4998
4998
4998
4998
4998
4998
4998
4998
4998
4998
4998
4998
4998
4998
4998
4998
4998
4998
4998
4998
4998
4998
4998
4998
4998
4998
4998
4998
4998
4998
4998
4998
4998
4998
4998
4998
4998
4998
4998
4998
4998
4998
4998
4998
4998
4998
4998
4998
4998
4998
4998
4998
4998
4998
4998
4998
4998
4998
4998
4998
4998
4998
4998
4998
4998
4998
4998
4998
4998
4998
4998
4998
4998
4998
4998
4998
4998
4998
4998
4998
4998
4998
4998
4998
4998
4998
4998
4998
4998
4998
4998
4998
4998
4998
4998
4998
4998
4998
4998
4998
4998
4998
4998
4998
4998
4998
4998
4998
4998
4998
4998
4998
4998
4998
4998
4998
4998
4998
4998
4998
4998
4998
4998
4998
4998
4998
4998
4998
4998
4998
4998
4998
4998
4998
4998
4998
4998
4998
4998
4998
4998
4998
4998
4998
4998
4998
4998
4998
4998
4998
4998
4998
4998
4998
4998
4998
4998
4998
4998
4998
4998
4998
4998
4998
4998
4998
4998
4998
4998
4998
4998
4998
4998
4998
4998
4998
4998
4998
4998
4998
4998
4998
4998
4998
4998
4998
4998
4998
4998
4998
4998
4998
4998
4998
4998
4998
4998
4998
4998
4998
4998
4998
4998
4998
4998
4998
4998
4998
4998
4998
4998
4998
4998
4998
4998
4998
4998
4998
4998
4998
4998
4998
4998
4998
4998
4998
4998
4998
4998
4998
4998
4998
4998
4998
4998
4998
4998
4998
4998
4998
4998
4998
4998
4998
4998
4998
4998
4998
4998
4998
4998
4998
4998
4998
4998
4998
4998
4998
4998
4998
4998
4998
4998
4998
4998
4998
4998
4998
4998
4998
4998
4998
4998
4998
4998
4998
4998
4998
4998
4998
4998
4998
4998
4998
4998
4998
4998
4998
4998
4998
4998
4998
4998
4998
4998
4998
4998
4998
4998
4998
4998
4998
4998
4998
4998
4998
4998
4998
4998
4998
4998
4998
4998
4998
4998
4998
4998
4998
4998
4998
4998
4998
4998
4998
4998
4998
4998
4998
4998
4998
4998
4998
4998
4998
4998
4998
4998
4998
4998
4998
4998
4998
4998
4998
4998
4998
4998
4998
4998
4998
4998
4998
4998
4998
4998
4998
4998
4998
4998
4998
4998
4998
4998
4998
4998
4998
4998
4998
4998
4998
4998
4998
4998
4998
4998
4998
4998
4998
4998
4998
4998
4998
4998
4998
4998
4998
4998
4998
4998
4998
4998
4998
4998
4998
4998
4998
4998
4998
4998
4998
4998
4998
4998
4998
4998
4998
4998
4998
4998
4998
4998
4998
4998
4998
4998
4998
4998
4998
4998
4998
4998
4998
4998
4998
4998
4998
4998
4998
4998
4998
4998
4998
4998
4998
4998
4998
4998
4998
4998
4998
4998
4998
4998
4998
4998
4998
4998
4998
4998
4998
4998
4998
4998
4998
4998
4998
4998
4998
4998
4998
4998
4998
4998
4998
4998
4998
4998
4998
4998
4998
4998
4998
4998
4998
4998
4998
4998
4998
4998
4998
4998
4998
4998
4998
4998
4998
4998
4998
4998
4998
4998
4998
4998
4998
4998
4998
4998
4998
4998
4998
4998
4998
4998
4998
4998
4998
4998
4998
4998
4998
4998
4998
4998
4998
4998
4998
4998
4998
4998
4998
4998
4998
4998
4998
4998
4998
4998
4998
4998
4998
4998
4998
4998
4998
4998
4998
4998
4998
4998
4998
4998
4998
4998
4998
4998
4998
4998
4998
4998
4998
4998
4998
4998
4998
4998
4998
4998
4998
4998
4998
4998
4998
4998
4998
4998
4998
4998
4998
4998
4998
4998
4998
4998
4998
4998
4998
4998
4998
4998
4998
4998
4998
4998
4998
4998
4998
4998
4998
4998
4998
4998
4998
4998
4998
4998
4998
4998
4998
4998
4998
4998
4998
4998
4998
4998
4998
4998
4998
4998
4998
4998
4998
4998
4998
4998
4998
4998
4998
4998
4998
4998
4998
4998
4998
4998
4998
4998
4998
4998
4998
4998
4998
4998
4998
4998
4998
4998
4998
4998
4998
4998
4998
4998
4998
4998
4998
4998
4998
4998
4998
4998
4998
4998
4998
4998
4998
4998
4998
4998
4998
4998
4998
4998
4998
4998
4998
4998
4998
4998
4998
4998
4998
4998
4998
4998
4998
4998
4998
4998
4998
4998
4998
4998
4998
4998
4998
4998
4998
4998
4998
4998
4998
4998
4998
4998
4998
4998
4998
4998
4998
4998
4998
4998
4998
4998
4998
4998
4998
4998
4998
4998
4998
4998
4998
4998
4998
4998
4998
4998
4998
4998
4998
4998
4998
4998
4998
4998
4998
4998
4998
4998
4998
4998
4998
4998
4998
4998
4998
4998
4998
4998
4998
4998
4998
4998
4998
4998
4998
4998
4998
4998
4998
4998
4998
4998
4998
4998
4998
4998
4998
4998
4998
4998
4998
4998
4998
4998
4998
4998
4998
4998
4998
4998
4998
4998
4998
4998
4998
4998
4998
4998
4998
4998
4998
4998
4998
4998
4998
4998
4998
4998
4998
4998
4998
4998
4998
4998
4998
4998
4998
4998
4998
4998
4998
4998
4998
4998
4998
4998
4998
4998
4998
4998
4998
4998
4998
4998
4998
4998
4998
4998
4998
4998
4998
4998
4998
4998
4998
4998
4998
4998
4998
4998
4998
4998
4998
4998
4998
4998
4998
4998
4998
4998
4998
4998
4998
4998
4998
4998
4998
4998
4998
4998
4998
4998
4998
4998
4998
4998
4998
4998
4998
4998
4998
4998
4998
4998
4998
4998
4998
4998
4998
4998
4998
4998
4998
4998
4998
4998
4998
4998
4998
4998
4998
4998
4998
4998
4998
4998
4998
4998
4998
4998
4998
4998
4998
4998
4998
4998
4998
4998
4998
4998
4998
4998
4998
4998
4998
4998
4998
4998
4998
4998
4998
4998
4998
4998
4998
4998
4998
4998
4998
4998
4998
4998
4998
4998
4998
4998
4998
4998
4998
4998
4998
4998
4998
4998
4998
4998
4998
4998
4998
4998
4998
4998
4998
4998
4998
4998
4998
4998
4998
4998
4998
4998
4998
4998
4998
4998
4998
4998
4998
4998
4998
4998
4998
4998
4998
4998
4998
4998
4998
4998
4998
4998
4998
4998
4998
4998
4998
4998
4998
4998
4998
4998
4998
4998
4998
4998
4998
4998
4998
4998
4998
4998
4998
4998
4998
4998
4998
4998
4998
4998
4998
4998
4998
4998
4998
4998
4998
4998
4998
4998
4998
4998
4998
4998
4998
4998
4998
4998
4998
4998
4998
4998
4998
4998
4998
4998
4998
4998
4998
4998
4998
4998
4998
4998
4998
4998
4998
4998
4998
4998
4998
4998
4998
4998
4998
4998
4998
4998
4998
4998
4998
4998
4998
4998
4998
4998
4998
4998
4998
4998
4998
4998
4998
4998
4998
4998
4998
4998
4998
4998
4998
4998
4998
4998
4998
4998
4998
4998
4998
4998
4998
4998
4998
4998
4998
4998
4998
4998
4998
4998
4998
4998
4998
4998
4998
4998
4998
4998
4998
4998
4998
4998
4998
4998
4998
4998
4998
4998
4998
4998
4998
4998
4998
4998
4998
4998
4998
4998
4998
4998
4998
4998
4998
4998
4998
4998
4998
4998
4998
4998
4998
4998
4998
4998
4998
4998
4998
4998
4998
4998
4998
4998
4998
4998
4998
4998
4998
4998
4998
4998
4998
4998
4998
4998
4998
4998
4998
4998
4998
4998
4998
4998
4998
4998
4998
4998
4998
4998
4998
4998
4998
4998
4998
4998
4998
4998
4998
4998
4998
4998
4998
4998
4998
4998
4998
4998
4998
4998
4998
4998
4998
4998
4998
4998
4998
4998
4998
4998
4998
4998
4998
4998
4998
4998
4998
4998
4998
4998
4998
4998
4998
4998
4998
4998
4998
4998
4998
4998
4998
4998
4998
4998
4998
4998
4998
4998
4998
4998
4998
4998
4998
4998
4998
4998
4998
4998
4998
4998
4998
4998
4998
4998
4998
4998
4998
4998
4998
4998
4998
4998
4998
4998
4998
4998
4998
4998
4998
4998
4998
4998
4998
4998
4998
4998
4998
4998
4998
4998
4998
4998
4998
4998
4998
4998
4998
4998
4998
4998
4998
4998
4998
4998
4998
4998
4998
4998
4998
4998
4998
4998
4998
4998
4998
4998
4998
4998
4998
4998
4998
4998
4998
4998
4998
4998
4998
4998
4998
4998
4998
4998
4998
4998
4998
4998
4998
4998
4998
4998
4998
4998
4998
4998
4998
4998
4998
4998
4998
4998
4998
4998
4998
4998
4998
4998
4998
4998
4998
4998
4998
4998
4998
4998
4998
4998
4998
4998
4998
4998
4998
4998
4998
4998
4998
4998
4998
4998
4998
4998
4998
4998
4998
4998
4998
4998
4998
4998
4998
4998
4998
4998
4998
4998
4998
4998
4998
4998
4998
4998
4998
4998
4998
4998
4998
4998
4998
4998
4998
4998
4998
4998
4998
4998
4998
4998
4998
4998
4998
4998
4998
4998
4998
4998
4998
4998
4998
4998
4998
4998
4998
4998
4998
4998
4998
4998
4998
4998
4998
4998
4998
4998
4998
4998
4998
4998
4998
4998
4998
4998
4998
4998
4998
4998
4998
4998
4998
4998
4998
4998
4998
4998
4998
4998
4998
4998
4998
4998
4998
4998
4998
4998
4998
4998
4998
4998
4998
4998
4998
4998
4998
4998
4998
4998
4998
4998
4998
4998
4998
4998
4998
4998
4998
4998
4998
4998
4998
4998
4998
4998
4998
4998
4998
4998
4998
4998
4998
4998
4998
4998
4998
4998
4998
4998
4998
4998
4998
4998
4998
4998
4998
4998
4998
4998
4998
4998
4998
4998
4998
4998
4998
4998
4998
4998
4998
4998
4998
4998
4998
4998
4998
4998
4998
4998
4998
4998
4998
4998
4998
4998
4998
4998
4998
4998
4998
4998
4998
4998
4998
4998
4998
4998
4998
4998
4998
4998
4998
4998
4998
4998
4998
4998
4998
4998
4998
4998
4998
4998
4998
4998
4998
4998
4998
4998
4998
4998
4998
4998
4998
4998
4998
4998
4998
4998
4998
4998
4998
4998
4998
4998
4998
4998
4998
4998
4998
4998
4998
4998
4998
4998
4998
4998
4998
4998
4998
4998
4998
4998
4998
4998
4998
4998
4998
4998
4998
4998
4998
4998
4998
4998
4998
4998
4998
4998
4998
4998
4998
4998
4998
4998
4998
4998
4998
4998
4998
4998
4998
4998
4998
4998
4998
4998
4998
4998
4998
4998
4998
4998
4998
4998
4998
4998
4998
4998
4998
4998
4998
4998
4998
4998
4998
4998
4998
4998
4998
4998
4998
4998
4998
4998
4998
4998
4998
4998
4998
4998
4998
4998
4998
4998
4998
4998
4998
4998
4998
4998
4998
4998
4998
4998
4998
4998
4998
4998
4998
4998
4998
4998
4998
4998
4998
4998
4998
4998
4998
4998
4998
4998
4998
4998
4998
4998
4998
4998
4998
4998
4998
4998
4998
4998
4998
4998
4998
4998
4998
4998
4998
4998
4998
4998
4998
4998
4998
4998
4998
4998
4998
4998
4998
4998
4998
4998
4998
4998
4998
4998
4998
4998
4998
4998
4998
4998
4998
4998
4998
4998
4998
4998
4998
4998
4998
4998
4998
4998
4998
4998
4998
4998
4998
4998
4998
4998
4998
4998
4998
4998
4998
4998
4998
4998
4998
4998
4998
4998
4998
4998
4998
4998
4998
4998
4998
4998
4998
4998
4998
4998
4998
4998
4998
4998
4998
4998
4998
4998
4998
4998
4998
4998
4998
4998
4998
4998
4998
4998
4998
4998
4998
4998
4998
4998
4998
4998
4998
4998
4998
4998
4998
4998
4998
4998
4998
4998
4998
4998
4998
4998
4998
4998
4998
4998
4998
4998
4998
4998
4998
4998
4998
4998
4998
4998
4998
4998
4998
4998
4998
4998
4998
4998
4998
4998
4998
4998
4998
4998
4998
4998
4998
4998
4998
4998
4998
4998
4998
4998
4998
4998
4998
4998
4998
4998
4998
4998
4998
4998
4998
4998
4998
4998
4998
4998
4998
4998
4998
4998
4998
4998
4998
4998
4998
4998
4998
4998
4998
4998
4998
4998
4998
4998
4998
4998
4998
4998
4998
4998
4998
4998
4998
4998
4998
4998
4998
4998
4998
4998
4998
4998
4998
4998
4998
4998
4998
4998
4998
4998
4998
4998
4998
4998
4998
4998
4998
4998
4998
4998
4998
4998
4998
4998
4998
4998
4998
4998
4998
4998
4998
4998
4998
4998
4998
4998
4998
4998
4998
4998
4998
4998
4998
4998
4998
4998
4998
4998
4998
4998
4998
4998
4998
4998
4998
4998
4998
4998
4998
4998
4998
4998
4998
4998
4998
4998
4998
4998
4998
4998
4998
4998
4998
4998
4998
4998
4998
4998
4998
4998
4998
4998
4998
4998
4998
4998
4998
4998
4998
4998
4998
4998
4998
4998
4998
4998
4998
4998
4998
4998
4998
4998
4998
4998
4998
4998
4998
4998
4998
4998
4998
4998
4998
4998
4998
4998
4998
4998
4998
4998
4998
4998
4998
4998
4998
4998
4998
4998
4998
4998
4998
4998
4998
4998
4998
4998
4998
4998
4998
4998
4998
4998
4998
4998
4998
4998
4998
4998
4998
4998
4998
4998
4998
4998
4998
4998
4998
4998
4998
4998
4998
4998
4998
4998
4998
4998
4998
4998
4998
4998
4998
4998
4998
4998
4998
4998
4998
4998
4998
4998
4998
4998
4998
4998
4998
4998
4998
4998
4998
4998
4998
4998
4998
4998
4998
4998
4998
4998
4998
4998
4998
4998
4998
4998
4998
4998
4998
4998
4998
4998
4998
4998
4998
4998
4998
4998
4998
4998
4998
4998
4998
4998
4998
4998
4998
4998
4998
4998
4998
4998
4998
4998
4998
4998
4998
4998
4998
4998
4998
4998
4998
4998
4998
4998
4998
4998
4998
4998
4998
4998
4998
4998
4998
4998
4998
4998
4998
4998
4998
4998
4998
4998
4998
4998
4998
4998
4998
4998
4998
4998
4998
4998
4998
4998
4998
4998
4998
4998
4998
4998
4998
4998
4998
4998
4998
4998
4998
4998
4998
4998
4998
4998
4998
4998
4998
4998
4998
4998
4998
4998
4998
4998
4998
4998
4998
4998
4998
4998
4998
4998
4998
4998
4998
4998
4998
4998
4998
4998
4998
4998
4998
4998
4998
4998
4998
4998
4998
4998
4998
4998
4998
4998
4998
4998
4998
4998
4998
4998
4998
4998
4998
4998
4998
4998
4998
4998
4998
4998
4998
4998
4998
4998
4998
4998
4998
4998
4998
4998
4998
4998
4998
4998
4998
4998
4998
4998
4998
4998
4998
4998
4998
4998
4998
4998
4998
4998
4998
4998
4998
4998
4998
4998
4998
4998
4998
4998
4998
4998
4998
4998
4998
4998
4998
4998
4998
4998
4998
4998
4998
4998
4998
4998
4998
4998
4998
4998
4998
4998
4998
4998
4998
4998
4998
4998
4998
4998
4998
4998
4998
4998
4998
4998
4998
4998
4998
4998
4998
4998
4998
4998
4998
4998
4998
4998
4998
4998
4998
4998
4998
4998
4998
4998
4998
4998
4998
4998
4998
4998
4998
4998
4998
4998
4998
4998
4998
4998
4998
4998
4998
4998
4998
4998
4998
4998
4998
4998
4998
4998
4998
4998
4998
4998
4998
4998
4998
4998
4998
4998
4998
4998
4998
4998
4998
4998
4998
4998
4998
4998
4998
4998
4998
4998
4998
4998
4998
4998
4998
4998
4998
4998
4998
4998
4998
4998
4998
4998
4998
4998
4998
4998
4998
4998
4998
4998
4998
4998
4998
4998
4998
4998
4998
4998
4998
4998
4998
4998
4998
4998
4998
4998
4998
4998
4998
4998
4998
4998
4998
4998
4998
4998
4998
4998
4998
4998
4998
4998
4998
4998
4998
4998
4998
4998
4998
4998
4998
4998
4998
4998
4998
4998
4998
4998
4998
4998
4998
4998
4998
4998
4998
4998
4998
4998
4998
4998
4998
4998
4998
4998
4998
4998
4998
4998
4998
4998
4998
4998
4998
4998
4998
4998
4998
4998
4998
4998
4998
4998
4998
4998
4998
4998
4998
4998
4998
4998
4998
4998
4998
4998
4998
4998
4998
4998
4998
4998
4998
4998
4998
4998
4998
4998
4998
4998
4998
4998
4998
4998
4998
4998
4998
4998
4998
4998
4998
4998
4998
4998
4998
4998
4998
4998
4998
4998
4998
4998
4998
4998
4998
4998
4998
4998
4998
4998
4998
4998
4998
4998
4998
4998
4998
4998
4998
4998
4998
4998
4998
4998
4998
4998
4998
4998
4998
4998
4998
4998
4998
4998
4998
4998
4998
4998
4998
4998
4998
4998
4998
4998
4998
4998
4998
4998
4998
4998
4998
4998
4998
4998
4998
4998
4998
4998
4998
4998
4998
4998
4998
4998
4998
4998
4998
4998
4998
4998
4998
4998
4998
4998
4998
4998
4998
4998
4998
4998
4998
4998
4998
4998
4998
4998
4998
4998
4998
4998
4998
4998
4998
4998
4998
4998
4998
4998
4998
4998
4998
4998
4998
4998
4998
4998
4998
4998
4998
4998
4998
4998
4998
4998
4998
4998
4998
4998
4998
4998
4998
4998
4998
4998
4998
4998
4998
4998
4998
4998
4998
4998
4998
4998
4998
4998
4998
4998
4998
4998
4998
4998
4998
4998
4998
4998
4998
4998
4998
4998
4998
4998
4998
4998
4998
4998
4998
4998
4998
4998
4998
4998
4998
4998
4998
4998
4998
4998
4998
4998
4998
4998
4998
4998
4998
4998
4998
4998
4998
4998
4998
4998
4998
4998
4998
4998
4998
4998
4998
4998
4998
4998
4998
4998
4998
4998
4998
4998
4998
4998
4998
4998
4998
4998
4998
4998
4998
4998
4998
4998
4998
4998
4998
4998
4998
4998
4998
4998
4998
4998
4998
4998
4998
4998
4998
4998
4998
4998
4998
4998
4998
4998
4998
4998
4998
4998
4998
4998
4998
4998
4998
4998
4998
4998
4998
4998
4998
4998
4998
4998
4998
4998
4998
4998
4998
4998
4998
4998
4998
4998
4998
4998
4998
4998
4998
4998
4998
4998
4998
4998
4998
4998
4998
4998
4998
4998
4998
4998
4998
4998
4998
4998
4998
4998
4998
4998
4998
4998
4998
4998
4998
4998
4998
4998
4998
4998
4998
4998
4998
4998
4998
4998
4998
4998
4998
4998
4998
4998
4998
4998
4998
4998
4998
4998
4998
4998
4998
4998
4998
4998
4998
4998
4998
4998
4998
4998
4998
4998
4998
4998
4998
4998
4998
4998
4998
4998
4998
4998
4998
4998
4998
4998
4998
4998
4998
4998
4998
4998
4998
4998
4998
4998
4998
4998
4998
4998
4998
4998
4998
4998
4998
4998
4998
4998
4998
4998
4998
4998
4998
4998
4998
4998
4998
4998
4998
4998
4998
4998
4998
4998
4998
4998
4998
4998
4998
4998
4998
4998
4998
4998
4998
4998
4998
4998
4998
4998
4998
4998
4998
4998
4998
4998
4998
4998
4998
4998
4998
4998
4998
4998
4998
4998
4998
4998
4998
4998
4998
4998
4998
4998
4998
4998
4998
4998
4998
4998
4998
4998
4998
4998
4998
4998
4998
4998
4998
4998
4998
4998
4998
4998
4998
4998
4998
4998
4998
4998
4998
4998
4998
4998
4998
4998
4998
4998
4998
4998
4998
4998
4998
4998
4998
4998
4998
4998
4998
4998
4998
4998
4998
4998
4998
4998
4998
4998
4998
4998
4998
4998
4998
4998
4998
4998
4998
4998
4998
4998
4998
4998
4998
4998
4998
4998
4998
4998
4998
4998
4998
4998
4998
4998
4998
4998
4998
4998
4998
4998
4998
4998
4998
4998
4998
4998
4998
4998
4998
4998
4998
4998
4998
4998
4998
4998
4998
4998
4998
4998
4998
4998
4998
4998
4998
4998
4998
4998
4998
4998
4998
4998
4998
4998
4998
4998
4998
4998
4998
4998
4998
4998
4998
4998
4998
4998
4998
4998
4998
4998
4998
4998
4998
4998
4998
4998
4998
4998
4998
4998
4998
4998
4998
4998
4998
4998
4998
4998
4998
4998
4998
4998
4998
4998
4998
4998
4998
4998
4998
4998
4998
4998
4998
4998
4998
4998
4998
4998
4998
4998
4998
4998
4998
4998
4998
4998
4998
4998
4998
4998
4998
4998
4998
4998
4998
4998
4998
4998
4998
4998
4998
4998
4998
4998
4998
4998
4998
4998
4998
4998
4998
4998
4998
4998
4998
4998
4998
4998
4998
4998
4998
4998
4998
4998
4998
4998
4998
4998
4998
4998
4998
4998
4998
4998
4998
4998
4998
4998
4998
4998
4998
4998
4998
4998
4998
4998
4998
4998
4998
4998
4998
4998
4998
4998
4998
4998
4998
4998
4998
4998
4998
4998
4998
4998
4998
4998
4998
4998
4998
4998
4998
4998
4998
4998
4998
4998
4998
4998
4998
4998
4998
4998
4998
4998
4998
4998
4998
4998
4998
4998
4998
4998
4998
4998
4998
4998
4998
4998
4998
4998
4998
4998
4998
4998
4998
4998
4998
4998
4998
4998
4998
4998
4998
4998
4998
4998
4998
4998
4998
4998
4998
4998
4998
4998
4998
4998
4998
4998
4998
4998
4998
4998
4998
4998
4998
4998
4998
4998
4998
4998
4998
4998
4998
4998
4998
4998
4998
4998
4998
4998
4998
4998
4998
4998
4998
4998
4998
4998
4998
4998
4998
4998
4998
4998
4998
4998
4998
4998
4998
4998
4998
4998
4998
4998
4998
4998
4998
4998
4998
4998
4998
4998
4998
4998
4998
4998
4998
4998
4998
4998
4998
4998
4998
4998
4998
4998
4998
4998
4998
4998
4998
4998
4998
4998
4998
4998
4998
4998
4998
4998
4998
4998
4998
4998
4998
4998
4998
4998
4998
4998
4998
4998
4998
4998
4998
4998
4998
4998
4998
4998
4998
4998
4998
4998
4998
4998
4998
4998
4998
4998
4998
4998
4998
4998
4998
4998
4998
4998
4998
4998
4998
4998
4998
4998
4998
4998
4998
4998
4998
4998
4998
4998
4998
4998
4998
4998
4998
4998
4998
4998
4998
4998
4998
4998
4998
4998
4998
4998
4998
4998
4998
4998
4998
4998
4998
4998
4998
4998
4998
4998
4998
4998
4998
4998
4998
4998
4998
4998
4998
4998
4998
4998
4998
4998
4998
4998
4998
4998
4998
4998
4998
4998
4998
4998
4998
4998
4998
4998
4998
4998
4998
4998
4998
4998
4998
4998
4998
4998
4998
4998
4998
4998
4998
4998
4998
4998
4998
4998
4998
4998
4998
4998
4998
4998
4998
4998
4998
4998
4998
4998
4998
4998
4998
4998
4998
4998
4998
4998
4998
4998
4998
4998
4998
4998
4998
4998
4998
4998
4998
4998
4998
4998
4998
4998
4998
4998
4998
4998
4998
4998
4998
4998
4998
4998
4998
4998
4998
4998
4998
4998
4998
4998
4998
4998
4998
4998
4998
4998
4998
4998
4998
4998
4998
4998
4998
4998
4998
4998
4998
4998
4998
4998
4998
4998
4998
4998
4998
4998
4998
4998
4998
4998
4998
4998
4998
4998
4998
4998
4998
4998
4998
4998
4998
4998
4998
4998
4998
4998
4998
4998
4998
4998
4998
4998
4998
4998
4998
4998
4998
4998
4998
4998
4998
4998
4998
4998
4998
4998
4998
4998
4998
4998
4998
4998
4998
4998
4998
4998
4998
4998
4998
4998
4998
4998
4998
4998
4998
4998
4998
4998
4998
4998
4998
4998
4998
4998
4998
4998
4998
4998
4998
4998
4998
4998
4998
4998
4998
4998
4998
4998
4998
4998
4998
4998
4998
4998
4998
4998
4998
4998
4998
4998
4998
4998
4998
4998
4998
4998
4998
4998
4998
4998
4998
4998
4998
4998
4998
4998
4998
4998
4998
4998
4998
4998
4998
4998
4998
4998
4998
4998
4998
4998
4998
4998
4998
4998
4998
4998
4998
4998
4998
4998
4998
4998
4998
4998
4998
4998
4998
4998
4998
4998
4998
4998
4998
4998
4998
4998
4998
4998
4998
4998
4998
4998
4998
4998
4998
4998
4998
4998
4998
4998
4998
4998
4998
4998
4998
4998
4998
4998
4998
4998
4998
4998
4998
4998
4998
4998
4998
4998
4998
4998
4998
4998
4998
4998
4998
4998
4998
4998
4998
4998
4998
4998
4998
4998
4998
4998
4998
4998
4998
4998
4998
4998
4998
4998
4998
4998
4998
4998
4998
4998
4998
4998
4998
4998
4998
4998
4998
4998
4998
4998
4998
4998
4998
4998
4998
4998
4998
4998
4998
4998
4998
4998
4998
4998
4998
4998
4998
4998
4998
4998
4998
4998
4998
4998
4998
4998
4998
4998
4998
4998
4998
4998
4998
4998
4998
4998
4998
4998
4998
4998
4998
4998
4998
4998
4998
4998
4998
4998
4998
4998
4998
4998
4998
4998
4998
4998
4998
4998
4998
4998
4998
4998
4998
4998
4998
4998
4998
4998
4998
4998
4998
4998
4998
4998
4998
4998
4998
4998
4998
4998
4998
4998
4998
4998
4998
4998
4998
4998
4998
4998
4998
4998
4998
4998
4998
4998
4998
4998
4998
4998
4998
4998
4998
4998
4998
4998
4998
4998
4998
4998
4998
4998
4998
4998
4998
4998
4998
4998
4998
4998
4998
4998
4998
4998
4998
4998
4998
4998
4998
4998
4998
4998
4998
4998
4998
4998
4998
4998
4998
4998
4998
4998
4998
4998
4998
4998
4998
4998
4998
4998
4998
4998
4998
4998
4998
4998
4998
4998
4998
4998
4998
4998
4998
4998
4998
4998
4998
4998
4998
4998
4998
4998
4998
4998
4998
4998
4998
4998
4998
4998
4998
4998
4998
4998
4998
4998
4998
4998
4998
4998
4998
4998
4998
4998
4998
4998
4998
4998
4998
4998
4998
4998
4998
4998
4998
4998
4998
4998
4998
4998
4998
4998
4998
4998
4998
4998
4998
4998
4998
4998
4998
4998
4998
4998
4998
4998
4998
4998
4998
4998
4998
4998
4998
4998
4998
4998
4998
4998
4998
4998
4998
4998
4998
4998
4998
4998
4998
4998
4998
4998
4998
4998
4998
4998
4998
4998
4998
4998
4998
4998
4998
4998
4998
4998
4998
4998
4998
4998
4998
4998
4998
4998
4998
4998
4998
4998
4998
4998
4998
4998
4998
4998
4998
4998
4998
4998
4998
4998
4998
4998
4998
4998
4998
4998
4998
4998
4998
4998
4998
4998
4998
4998
4998
4998
4998
4998
4998
4998
4998
4998
4998
4998
4998
4998
4998
4998
4998
4998
4998
4998
4998
4998
4998
4998
4998
4998
4998
4998
4998
4998
4998
4998
4998
4998
4998
4998
4998
4998
4998
4998
4998
4998
4998
4998
4998
4998
4998
4998
4998
4998
4998
4998
4998
4998
4998
4998
4998
4998
4998
4998
4998
4998
4998
4998
4998
4998
4998
4998
4998
4998
4998
4998
4998
4998
4998
4998
4998
4998
4998
4998
4998
4998
4998
4998
4998
4998
4998
4998
4998
4998
4998
4998
4998
4998
4998
4998
4998
4998
4998
4998
4998
4998
4998
4998
4998
4998
4998
4998
4998
4998
4998
4998
4998
4998
4998
4998
4998
4998
4998
4998
4998
4998
4998
4998
4998
4998
4998
4998
4998
4998
4998
4998
4998
4998
4998
4998
4998
4998
4998
4998
4998
4998
4998
4998
4998
4998
4998
4998
4998
4998
4998
4998
4998
4998
4998
4998
4998
4998
4998
4998
4998
4998
4998
4998
4998
4998
4998
4998
4998
4998
4998
4998
4998
4998
4998
4998
4998
4998
4998
4998
4998
4998
4998
4998
4998
4998
4998
4998
4998
4998
4998
4998
4998
4998
4998
4998
4998
4998
4998
4998
4998
4998
4998
4998
4998
4998
4998
4998
4998
4998
4998
4998
4998
4998
4998
4998
4998
4998
4998
4998
4998
4998
4998
4998
4998
4998
4998
4998
4998
4998
4998
4998
4998
4998
4998
4998
4998
4998
4998
4998
4998
4998
4998
4998
4998
4998
4998
4998
4998
4998
4998
4998
4998
4998
4998
4998
4998
4998
4998
4998
4998
4998
4998
4998
4998
4998
4998
4998
4998
4998
4998
4998
4998
4998
4998
4998
4998
4998
4998
4998
4998
4998
4998
4998
4998
4998
4998
4998
4998
4998
4998
4998
4998
4998
4998
4998
4998
4998
4998
4998
4998
4998
4998
4998
4998
4998
4998
4998
4998
4998
4998
4998
4998
4998
4998
4998
4998
4998
4998
4998
4998
4998
4998
4998
4998
4998
4998
4998
4998
4998
4998
4998
4998
4998
4998
4998
4998
4998
4998
4998
4998
4998
4998
4998
4998
4998
4998
4998
4998
4998
4998
4998
4998
4998
4998
4998
4998
4998
4998
4998
4998
4998
4998
4998
4998
4998
4998
4998
4998
4998
4998
4998
4998
4998
4998
4998
4998
4998
4998
4998
4998
4998
4998
4998
4998
4998
4998
4998
4998
4998
4998
4998
4998
4998
4998
4998
4998
4998
4998
4998
4998
4998
4998
4998
4998
4998
4998
4998
4998
4998
4998
4998
4998
4998
4998
4998
4998
4998
4998
4998
4998
4998
4998
4998
4998
4998
4998
4998
4998
4998
4998
4998
4998
4998
4998
4998
4998
4998
4998
4998
4998
4998
4998
4998
4998
4998
4998
4998
4998
4998
4998
4998
4998
4998
4998
4998
4998
4998
4998
4998
4998
4998
4998
4998
4998
4998
4998
4998
4998
4998
4998
4998
4998
4998
4998
4998
4998
4998
4998
4998
4998
4998
4998
4998
4998
4998
4998
4998
4998
4998
4998
4998
4998
4998
4998
4998
4998
4998
4998
4998
4998
4998
4998
4998
4998
4998
4998
4998
4998
4998
4998
4998
4998
4998
4998
4998
4998
4998
4998
4998
4998
4998
4998
4998
4998
4998
4998
4998
4998
4998
4998
4998
4998
4998
4998
4998
4998
4998
4998
4998
4998
4998
4998
4998
4998
4998
4998
4998
4998
4998
4998
4998
4998
4998
4998
4998
4998
4998
4998
4998
4998
4998
4998
4998
4998
4998
4998
4998
4998
4998
4998
4998
4998
4998
4998
4998
4998
4998
4998
4998
4998
4998
4998
4998
4998
4998
4998
4998
4998
4998
4998
4998
4998
4998
4998
4998
4998
4998
4998
4998
4998
4998
4998
4998
4998
4998
4998
4998
4998
4998
4998
4998
4998
4998
4998
4998
4998
4998
4998
4998
4998
4998
4998
4998
4998
4998
4998
4998
4998
4998
4998
4998
4998
4998
4998
4998
4998
4998
4998
4998
4998
4998
4998
4998
4998
4998
4998
4998
4998
4998
4998
4998
4998
4998
4998
4998
4998
4998
4998
4998
4998
4998
4998
4998
4998
4998
4998
4998
4998
4998
4998
4998
4998
4998
4998
4998
4998
4998
4998
4998
4998
4998
4998
4998
4998
4998
4998
4998
4998
4998
4998
4998
4998
4998
4998
4998
4998
4998
4998
4998
4998
4998
4998
4998
4998
4998
4998
4998
4998
4998
4998
4998
4998
4998
4998
4998
4998
4998
4998
4998
4998
4998
4998
4998
4998
4998
4998
4998
4998
4998
4998
4998
4998
4998
4998
4998
4998
4998
4998
4998
4998
4998
4998
4998
4998
4998
4998
4998
4998
4998
4998
4998
4998
4998
4998
4998
4998
4998
4998
4998
4998
4998
4998
4998
4998
4998
4998
4998
4998
4998
4998
4998
4998
4998
4998
4998
4998
4998
4998
4998
4998
4998
4998
4998
4998
4998
4998
4998
4998
4998
4998
4998
4998
4998
4998
4998
4998
4998
4998
4998
4998
4998
4998
4998
4998
4998
4998
4998
4998
4998
4998
4998
4998
4998
4998
4998
4998
4998
4998
4998
4998
4998
4998
4998
4998
4998
4998
4998
4998
4998
4998
4998
4998
4998
4998
4998
4998
4998
4998
4998
4998
4998
4998
4998
4998
4998
4998
4998
4998
4998
4998
4998
4998
4998
4998
4998
4998
4998
4998
4998
4998
4998
4998
4998
4998
4998
4998
4998
4998
4998
4998
4998
4998
4998
4998
4998
4998
4998
4998
4998
4998
4998
4998
4998
4998
4998
4998
4998
4998
4998
4998
4998
4998
4998
4998
4998
4998
4998
4998
4998
4998
4998
4998
4998
4998
4998
4998
4998
4998
4998
4998
4998
4998
4998
4998
4998
4998
4998
4998
4998
4998
4998
4998
4998
4998
4998
4998
4998
4998
4998
4998
4998
4998
4998
4998
4998
4998
4998
4998
4998
4998
4998
4998
4998
4998
4998
4998
4998
4998
4998
4998
4998
4998
4998
4998
4998
4998
4998
4998
4998
4998
4998
4998
4998
4998
4998
4998
4998
4998
4998
4998
4998
4998
4998
4998
4998
4998
4998
4998
4998
4998
4998
4998
4998
4998
4998
4998
4998
4998
4998
4998
4998
4998
4998
4998
4998
4998
4998
4998
4998
4998
4998
4998
4998
4998
4998
4998
4998
4998
4998
4998
4998
4998
4998
4998
4998
4998
4998
4998
4998
4998
4998
4998
4998
4998
4998
4998
4998
4998
4998
4998
4998
4998
4998
4998
4998
4998
4998
4998
4998
4998
4998
4998
4998
4998
4998
4998
4998
4998
4998
4998
4998
4998
4998
4998
4998
4998
4998
4998
4998
4998
4998
4998
4998
4998
4998
4998
4998
4998
4998
4998
4998
4998
4998
4998
4998
4998
4998
4998
4998
4998
4998
4998
4998
4998
4998
4998
4998
4998
4998
4998
4998
4998
4998
4998
4998
4998
4998
4998
4998
4998
4998
4998
4998
4998
4998
4998
4998
4998
4998
4998
4998
4998
4998
4998
4998
4998
4998
4998
4998
4998
4998
4998
4998
4998
4998
4998
4998
4998
4998
4998
4998
4998
4998
4998
4998
4998
4998
4998
4998
4998
4998
4998
4998
4998
4998
4998
4998
4998
4998
4998
4998
4998
4998
4998
4998
4998
4998
4998
4998
4998
4998
4998
4998
4998
4998
4998
4998
4998
4998
4998
4998
4998
4998
4998
4998
4998
4998
4998
4998
4998
4998
4998
4998
4998
4998
4998
4998
4998
4998
4998
4998
4998
4998
4998
4998
4998
4998
4998
4998
4998
4998
4998
4998
4998
4998
4998
4998
4998
4998
4998
4998
4998
4998
4998
4998
4998
4998
4998
4998
4998
4998
4998
4998
4998
4998
4998
4998
4998
4998
4998
4998
4998
4998
4998
4998
4998
4998
4998
4998
4998
4998
4998
4998
4998
4998
4998
4998
4998
4998
4998
4998
4998
4998
4998
4998
4998
4998
4998
4998
4998
4998
4998
4998
4998
4998
4998
4998
4998
4998
4998
4998
4998
4998
4998
4998
4998
4998
4998
4998
4998
4998
4998
4998
4998
4998
4998
4998
4998
4998
4998
4998
4998
4998
4998
4998
4998
4998
4998
4998
4998
4998
4998
4998
4998
4998
4998
4998
4998
4998
4998
4998
4998
4998
4998
4998
4998
4998
4998
4998
4998
4998
4998
4998
4998
4998
4998
4998
4998
4998
4998
4998
4998
4998
4998
4998
4998
4998
4998
4998
4998
4998
4998
4998
4998
4998
4998
4998
4998
4998
4998
4998
4998
4998
4998
4998
4998
4998
4998
4998
4998
4998
4998
4998
4998
4998
4998
4998
4998
4998
4998
4998
4998
4998
4998
4998
4998
4998
4998
4998
4998
4998
4998
4998
4998
4998
4998
4998
4998
4998
4998
4998
4998
4998
4998
4998
4998
4998
4998
4998
4998
4998
4998
4998
4998
4998
4998
4998
4998
4998
4998
4998
4998
4998
4998
4998
4998
4998
4998
4998
4998
4998
4998
4998
4998
4998
4998
4998
4998
4998
4998
4998
4998
4998
4998
4998
4998
4998
4998
4998
4998
4998
4998
4998
4998
4998
4998
4998
4998
4998
4998
4998
4998
4998
4998
4998
4998
4998
4998
4998
4998
4998
4998
4998
4998
4998
4998
4998
4998
4998
4998
4998
4998
4998
4998
4998
4998
4998
4998
4998
4998
4998
4998
4998
4998
4998
4998
4998
4998
4998
4998
4998
4998
4998
4998
4998
4998
4998
4998
4998
4998
4998
4998
4998
4998
4998
4998
4998
4998
4998
4998
4998
4998
4998
4998
4998
4998
4998
4998
4998
4998
4998
4998
4998
4998
4998
4998
4998
4998
4998
4998
4998
4998
4998
4998
4998
4998
4998
4998
4998
4998
4998
4998
4998
4998
4998
4998
4998
4998
4998
4998
4998
4998
4998
4998
4998
4998
4998
4998
4998
4998
4998
4998
4998
4998
4998
4998
4998
4998
4998
4998
4998
4998
4998
4998
4998
4998
4998
4998
4998
4998
4998
4998
4998
4998
4998
4998
4998
4998
4998
4998
4998
4998
4998
4998
4998
4998
4998
4998
4998
4998
4998
4998
4998
4998
4998
4998
4998
4998
4998
4998
4998
4998
4998
4998
4998
4998
4998
4998
4998
4998
4998
4998
4998
4998
4998
4998
4998
4998
4998
4998
4998
4998
4998
4998
4998
4998
4998
4998
4998
4998
4998
4998
4998
4998
4998
4998
4998
4998
4998
4998
4998
4998
4998
4998
4998
4998
4998
4998
4998
4998
4998
4998
4998
4998
4998
4998
4998
4998
4998
4998
4998
4998
4998
4998
4998
4998
4998
4998
4998
4998
4998
4998
4998
4998
4998
4998
4998
4998
4998
4998
4998
4998
4998
4998
4998
4998
4998
4998
4998
4998
4998
4998
4998
4998
4998
4998
4998
4998
4998
4998
4998
4998
4998
4998
4998
4998
4998
4998
4998
4998
4998
4998
4998
4998
4998
4998
4998
4998
4998
4998
4998
4998
4998
4998
4998
4998
4998
4998
4998
4998
4998
4998
4998
4998
4998
4998
4998
4998
4998
4998
4998
4998
4998
4998
4998
4998
4998
4998
4998
4998
4998
4998
4998
4998
4998
4998
4998
4998
4998
4998
4998
4998
4998
4998
4998
4998
4998
4998
4998
4998
4998
4998
4998
4998
4998
4998
4998
4998
4998
4998
4998
4998
4998
4998
4998
4998
4998
4998
4998
4998
4998
4998
4998
4998
4998
4998
4998
4998
4998
4998
4998
4998
4998
4998
4998
4998
4998
4998
4998
4998
4998
4998
4998
4998
4998
4998
4998
4998
4998
4998
4998
4998
4998
4998
4998
4998
4998
4998
4998
4998
4998
4998
4998
4998
4998
4998
4998
4998
4998
4998
4998
4998
4998
4998
4998
4998
4998
4998
4998
4998
4998
4998
4998
4998
4998
4998
4998
4998
4998
4998
4998
4998
4998
4998
4998
4998
4998
4998
4998
4998
4998
4998
4998
4998
4998
4998
4998
4998
4998
4998
4998
4998
4998
4998
4998
4998
4998
4998
4998
4998
4998
4998
4998
4998
4998
4998
4998
4998
4998
4998
4998
4998
4998
4998
4998
4998
4998
4998
4998
4998
4998
4998
4998
4998
4998
4998
4998
4998
4998
4998
4998
4998
4998
4998
4998
4998
4998
4998
4998
4998
4998
4998
4998
4998
4998
4998
4998
4998
4998
4998
4998
4998
4998
4998
4998
4998
4998
4998
4998
4998
4998
4998
4998
4998
4998
4998
4998
4998
4998
4998
4998
4998
4998
4998
4998
4998
4998
4998
4998
4998
4998
4998
4998
4998
4998
4998
4998
4998
4998
4998
4998
4998
4998
4998
4998
4998
4998
4998
4998
4998
4998
4998
4998
4998
4998
4998
4998
4998
4998
4998
4998
4998
4998
4998
4998
4998
4998
4998
4998
4998
4998
4998
4998
4998
4998
4998
4998
4998
4998
4998
4998
4998
4998
4998
4998
4998
4998
4998
4998
4998
4998
4998
4998
4998
4998
4998
4998
4998
4998
4998
4998
4998
4998
4998
4998
4998
4998
4998
4998
4998
4998
4998
4998
4998
4998
4998
4998
4998
4998
4998
4998
4998
4998
4998
4998
4998
4998
4998
4998
4998
4998
4998
4998
4998
4998
4998
4998
4998
4998
4998
4998
4998
4998
4998
4998
4998
4998
4998
4998
4998
4998
4998
4998
4998
4998
4998
4998
4998
4998
4998
4998
4998
4998
4998
4998
4998
4998
4998
4998
4998
4998
4998
4998
4998
4998
4998
4998
4998
4998
4998
4998
4998
4998
4998
4998
4998
4998
4998
4998
4998
4998
4998
4998
4998
4998
4998
4998
4998
4998
4998
4998
4998
4998
4998
4998
4998
4998
4998
4998
4998
4998
4998
4998
4998
4998
4998
4998
4998
4998
4998
4998
4998
4998
4998
4998
4998
4998
4998
4998
4998
4998
4998
4998
4998
4998
4998
4998
4998
4998
4998
4998
4998
4998
4998
4998
4998
4998
4998
4998
4998
4998
4998
4998
4998
4998
4998
4998
4998
4998
4998
4998
4998
4998
4998
4998
4998
4998
4998
4998
4998
4998
4998
4998
4998
4998
4998
4998
4998
4998
4998
4998
4998
4998
4998
4998
4998
4998
4998
4998
4998
4998
4998
4998
4998
4998
4998
4998
4998
4998
4998
4998
4998
4998
4998
4998
4998
4998
4998
4998
4998
4998
4998
4998
4998
4998
4998
4998
4998
4998
4998
4998
4998
4998
4998
4998
4998
4998
4998
4998
4998
4998
4998
4998
4998
4998
4998
4998
4998
4998
4998
4998
4998
4998
4998
4998
4998
4998
4998
4998
4998
4998
4998
4998
4998
4998
4998
4998
4998
4998
4998
4998
4998
4998
4998
4998
4998
4998
4998
4998
4998
4998
4998
4998
4998
4998
4998
4998
4998
4998
4998
4998
4998
4998
4998
4998
4998
4998
4998
4998
4998
4998
4998
4998
4998
4998
4998
4998
4998
4998
4998
4998
4998
4998
4998
4998
4998
4998
4998
4998
4998
4998
4998
4998
4998
4998
4998
4998
4998
4998
4998
4998
4998
4998
4998
4998
4998
4998
4998
4998
4998
4998
4998
4998
4998
4998
4998
4998
4998
4998
4998
4998
4998
4998
4998
4998
4998
4998
4998
4998
4998
4998
4998
4998
4998
4998
4998
4998
4998
4998
4998
4998
4998
4998
4998
4998
4998
4998
4998
4998
4998
4998
4998
4998
4998
4998
4998
4998
4998
4998
4998
4998
4998
4998
4998
4998
4998
4998
4998
4998
4998
4998
4998
4998
4998
4998
4998
4998
4998
4998
4998
4998
4998
4998
4998
4998
4998
4998
4998
4998
4998
4998
4998
4998
4998
4998
4998
4998
4998
4998
4998
4998
4998
4998
4998
4998
4998
4998
4998
4998
4998
4998
4998
4998
4998
4998
4998
4998
4998
4998
4998
4998
4998
4998
4998
4998
4998
4998
4998
4998
4998
4998
4998
4998
4998
4998
4998
4998
4998
4998
4998
4998
4998
4998
4998
4998
4998
4998
4998
4998
4998
4998
4998
4998
4998
4998
4998
4998
4998
4998
4998
4998
4998
4998
4998
4998
4998
4998
4998
4998
4998
4998
4998
4998
4998
4998
4998
4998
4998
4998
4998
4998
4998
4998
4998
4998
4998
4998
4998
4998
4998
4998
4998
4998
4998
4998
4998
4998
4998
4998
4998
4998
4998
4998
4998
4998
4998
4998
4998
4998
4998
4998
4998
4998
4998
4998
4998
4998
4998
4998
4998
4998
4998
4998
4998
4998
4998
4998
4998
4998
4998
4998
4998
4998
4998
4998
4998
4998
4998
4998
4998
4998
4998
4998
4998
4998
4998
4998
4998
4998
4998
4998
4998
4998
4998
4998
4998
4998
4998
4998
4998
4998
4998
4998
4998
4998
4998
4998
4998
4998
4998
4998
4998
4998
4998
4998
4998
4998
4998
4998
4998
4998
4998
4998
4998
4998
4998
4998
4998
4998
4998
4998
4998
4998
4998
4998
4998
4998
4998
4998
4998
4998
4998
4998
4998
4998
4998
4998
4998
4998
4998
4998
4998
4998
4998
4998
4998
4998
4998
4998
4998
4998
4998
4998
4998
4998
4998
4998
4998
4998
4998
4998
4998
4998
4998
4998
4998
4998
4998
4998
4998
4998
4998
4998
4998
4998
4998
4998
4998
4998
4998
4998
4998
4998
4998
4998
4998
4998
4998
4998
4998
4998
4998
4998
4998
4998
4998
4998
4998
4998
4998
4998
4998
4998
4998
4998
4998
4998
4998
4998
4998
4998
4998
4998
4998
4998
4998
4998
4998
4998
4998
4998
4998
4998
4998
4998
4998
4998
4998
4998
4998
4998
4998
4998
4998
4998
4998
4998
4998
4998
4998
4998
4998
4998
4998
4998
4998
4998
4998
4998
4998
4998
4998
4998
4998
4998
4998
4998
4998
4998
4998
4998
4998
4998
4998
4998
4998
4998
4998
4998
4998
4998
4998
4998
4998
4998
4998
4998
4998
4998
4998
4998
4998
4998
4998
4998
4998
4998
4998
4998
4998
4998
4998
4998
4998
4998
4998
4998
4998
4998
4998
4998
4998
4998
4998
4998
4998
4998
4998
4998
4998
4998
4998
4998
4998
4998
4998
4998
4998
4998
4998
4998
4998
4998
4998
4998
4998
4998
4998
4998
4998
4998
4998
4998
4998
4998
4998
4998
4998
4998
4998
4998
4998
4998
4998
4998
4998
4998
4998
4998
4998
4998
4998
4998
4998
4998
4998
4998
4998
4998
4998
4998
4998
4998
4998
4998
4998
4998
4998
4998
4998
4998
4998
4998
4998
4998
4998
4998
4998
4998
4998
4998
4998
4998
4998
4998
4998
4998
4998
4998
4998
4998
4998
4998
4998
4998
4998
4998
4998
4998
4998
4998
4998
4998
4998
4998
4998
4998
4998
4998
4998
4998
4998
4998
4998
4998
4998
4998
4998
4998
4998
4998
4998
4998
4998
4998
4998
4998
4998
4998
4998
4998
4998
4998
4998
4998
4998
4998
4998
4998
4998
4998
4998
4998
4998
4998
4998
4998
4998
4998
4998
4998
4998
4998
4998
4998
4998
4998
4998
4998
4998
4998
4998
4998
4998
4998
4998
4998
4998
4998
4998
4998
4998
4998
4998
4998
4998
4998
4998
4998
4998
4998
4998
4998
4998
4998
4998
4998
4998
4998
4998
4998
4998
4998
4998
4998
4998
4998
4998
4998
4998
4998
4998
4998
4998
4998
4998
4998
4998
4998
4998
4998
4998
4998
4998
4998
4998
4998
4998
4998
4998
4998
4998
4998
4998
4998
4998
4998
4998
4998
4998
4998
4998
4998
4998
4998
4998
4998
4998
4998
4998
4998
4998
4998
4998
4998
4998
4998
4998
4998
4998
4998
4998
4998
4998
4998
4998
4998
4998
4998
4998
4998
4998
4998
4998
4998
4998
4998
4998
4998
4998
4998
4998
4998
4998
4998
4998
4998
4998
4998
4998
4998
4998
4998
4998
4998
4998
4998
4998
4998
4998
4998
4998
4998
4998
4998
4998
4998
4998
4998
4998
4998
4998
4998
4998
4998
4998
4998
4998
4998
4998
4998
4998
4998
4998
4998
4998
4998
4998
4998
4998
4998
4998
4998
4998
4998
4998
4998
4998
4998
4998
4998
4998
4998
4998
4998
4998
4998
4998
4998
4998
4998
4998
4998
4998
4998
4998
4998
4998
4998
4998
4998
4998
4998
4998
4998
4998
4998
4998
4998
4998
4998
4998
4998
4998
4998
4998
4998
4998
4998
4998
4998
4998
4998
4998
4998
4998
4998
4998
4998
4998
4998
4998
4998
4998
4998
4998
4998
4998
4998
4998
4998
4998
4998
4998
4998
4998
4998
4998
4998
4998
4998
4998
4998
4998
4998
4998
4998
4998
4998
4998
4998
4998
4998
4998
4998
4998
4998
4998
4998
4998
4998
4998
4998
4998
4998
4998
4998
4998
4998
4998
4998
4998
4998
4998
4998
4998
4998
4998
4998
4998
4998
4998
4998
4998
4998
4998
4998
4998
4998
4998
4998
4998
4998
4998
4998
4998
4998
4998
4998
4998
4998
4998
4998
4998
4998
4998
4998
4998
4998
4998
4998
4998
4998
4998
4998
4998
4998
4998
4998
4998
4998
4998
4998
4998
4998
4998
4998
4998
4998
4998
4998
4998
4998
4998
4998
4998
4998
4998
4998
4998
4998
4998
4998
4998
4998
4998
4998
4998
4998
4998
4998
4998
4998
4998
4998
4998
4998
4998
4998
4998
4998
4998
4998
4998
4998
4998
4998
4998
4998
4998
4998
4998
4998
4998
4998
4998
4998
4998
4998
4998
4998
4998
4998
4998
4998
4998
4998
4998
4998
4998
4998
4998
4998
4998
4998
4998
4998
4998
4998
4998
4998
4998
4998
4998
4998
4998
4998
4998
4998
4998
4998
4998
4998
4998
4998
4998
4998
4998
4998
4998
4998
4998
4998
4998
4998
4998
4998
4998
4998
4998
4998
4998
4998
4998
4998
4998
4998
4998
4998
4998
4998
4998
4998
4998
4998
4998
4998
4998
4998
4998
4998
4998
4998
4998
4998
4998
4998
4998
4998
4998
4998
4998
4998
4998
4998
4998
4998
4998
4998
4998
4998
4998
4998
4998
4998
4998
4998
4998
4998
4998
4998
4998
4998
4998
4998
4998
4998
4998
4998
4998
4998
4998
4998
4998
4998
4998
4998
4998
4998
4998
4998
4998
4998
4998
4998
4998
4998
4998
4998
4998
4998
4998
4998
4998
4998
4998
4998
4998
4998
4998
4998
4998
4998
4998
4998
4998
4998
4998
4998
4998
4998
4998
4998
4998
4998
4998
4998
4998
4998
4998
4998
4998
4998
4998
4998
4998
4998
4998
4998
4998
4998
4998
4998
4998
4998
4998
4998
4998
4998
4998
4998
4998
4998
4998
4998
4998
4998
4998
4998
4998
4998
4998
4998
4998
4998
4998
4998
4998
4998
4998
4998
4998
4998
4998
4998
4998
4998
4998
4998
4998
4998
4998
4998
4998
4998
4998
4998
4998
4998
4998
4998
4998
4998
4998
4998
4998
4998
4998
4998
4998
4998
4998
4998
4998
4998
4998
4998
4998
4998
4998
4998
4998
4998
4998
4998
4998
4998
4998
4998
4998
4998
4998
4998
4998
4998
4998
4998
4998
4998
4998
4998
4998
4998
4998
4998
4998
4998
4998
4998
4998
4998
4998
4998
4998
4998
4998
4998
4998
4998
4998
4998
4998
4998
4998
4998
4998
4998
4998
4998
4998
4998
4998
4998
4998
4998
4998
4998
4998
4998
4998
4998
4998
4998
4998
4998
4998
4998
4998
4998
4998
4998
4998
4998
4998
4998
4998
4998
4998
4998
4998
4998
4998
4998
4998
4998
4998
4998
4998
4998
4998
4998
4998
4998
4998
4998
4998
4998
4998
4998
4998
4998
4998
4998
4998
4998
4998
4998
4998
4998
4998
4998
4998
4998
4998
4998
4998
4998
4998
4998
4998
4998
4998
4998
4998
4998
4998
4998
4998
4998
4998
4998
4998
4998
4998
4998
4998
4998
4998
4998
4998
4998
4998
4998
4998
4998
4998
4998
4998
4998
4998
4998
4998
4998
4998
4998
4998
4998
4998
4998
4998
4998
4998
4998
4998
4998
4998
4998
4998
4998
4998
4998
4998
4998
4998
4998
4998
4998
4998
4998
4998
4998
4998
4998
4998
4998
4998
4998
4998
4998
4998
4998
4998
4998
4998
4998
4998
4998
4998
4998
4998
4998
4998
4998
4998
4998
4998
4998
4998
4998
4998
4998
4998
4998
4998
4998
4998
4998
4998
4998
4998
4998
4998
4998
4998
4998
4998
4998
4998
4998
4998
4998
4998
4998
4998
4998
4998
4998
4998
4998
4998
4998
4998
4998
4998
4998
4998
4998
4998
4998
4998
4998
4998
4998
4998
4998
4998
4998
4998
4998
4998
4998
4998
4998
4998
4998
4998
4998
4998
4998
4998
4998
4998
4998
4998
4998
4998
4998
4998
4998
4998
4998
4998
4998
4998
4998
4998
4998
4998
4998
4998
4998
4998
4998
4998
4998
4998
4998
4998
4998
4998
4998
4998
4998
4998
4998
4998
4998
4998
4998
4998
4998
4998
4998
4998
4998
4998
4998
4998
4998
4998
4998
4998
4998
4998
4998
4998
4998
4998
4998
4998
4998
4998
4998
4998
4998
4998
4998
4998
4998
4998
4998
4998
4998
4998
4998
4998
4998
4998
4998
4998
4998
4998
4998
4998
4998
4998
4998
4998
4998
4998
4998
4998
4998
4998
4998
4998
4998
4998
4998
4998
4998
4998
4998
4998
4998
4998
4998
4998
4998
4998
4998
4998
4998
4998
4998
4998
4998
4998
4998
4998
4998
4998
4998
4998
4998
4998
4998
4998
4998
4998
4998
4998
4998
4998
4998
4998
4998
4998
4998
4998
4998
4998
4998
4998
4998
4998
4998
4998
4998
4998
4998
4998
4998
4998
4998
4998
4998
4998
4998
4998
4998
4998
4998
4998
4998
4998
4998
4998
4998
4998
4998
4998
4998
4998
4998
4998
4998
4998
4998
4998
4998
4998
4998
4998
4998
4998
4998
4998
4998
4998
4998
4998
4998
4998
4998
4998
4998
4998
4998
4998
4998
4998
4998
4998
4998
4998
4998
4998
4998
4998
4998
4998
4998
4998
4998
4998
4998
4998
4998
4998
4998
4998
4998
4998
4998
4998
4998
4998
4998
4998
4998
4998
4998
4998
4998
4998
4998
4998
4998
4998
4998
4998
4998
4998
4998
4998
4998
4998
4998
4998
4998
4998
4998
4998
4998
4998
4998
4998
4998
4998
4998
4998
4998
4998
4998
4998
4998
4998
4998
4998
4998
4998
4998
4998
4998
4998
4998
4998
4998
4998
4998
4998
4998
4998
4998
4998
4998
4998
4998
4998
4998
4998
4998
4998
4998
4998
4998
4998
4998
4998
4998
4998
4998
4998
4998
4998
4998
4998
4998
4998
4998
4998
4998
4998
4998
4998
4998
4998
4998
4998
4998
4998
4998
4998
4998
4998
4998
4998
4998
4998
4998
4998
4998
4998
4998
4998
4998
4998
4998
4998
4998
4998
4998
4998
4998
4998
4998
4998
4998
4998
4998
4998
4998
4998
4998
4998
4998
4998
4998
4998
4998
4998
4998
4998
4998
4998
4998
4998
4998
4998
4998
4998
4998
4998
4998
4998
4998
4998
4998
4998
4998
4998
4998
4998
4998
4998
4998
4998
4998
4998
4998
4998
4998
4998
4998
4998
4998
4998
4998
4998
4998
4998
4998
4998
4998
4998
4998
4998
4998
4998
4998
4998
4998
4998
4998
4998
4998
4998
4998
4998
4998
4998
4998
4998
4998
4998
4998
4998
4998
4998
4998
4998
4998
4998
4998
4998
4998
4998
4998
4998
4998
4998
4998
4998
4998
4998
4998
4998
4998
4998
4998
4998
4998
4998
4998
4998
4998
4998
4998
4998
4998
4998
4998
4998
4998
4998
4998
4998
4998
4998
4998
4998
4998
4998
4998
4998
4998
4998
4998
4998
4998
4998
4998
4998
4998
4998
4998
4998
4998
4998
4998
4998
4998
4998
4998
4998
4998
4998
4998
4998
4998
4998
4998
4998
4998
4998
4998
4998
4998
4998
4998
4998
4998
4998
4998
4998
4998
4998
4998
4998
4998
4998
4998
4998
4998
4998
4998
4998
4998
4998
4998
4998
4998
4998
4998
4998
4998
4998
4998
4998
4998
4998
4998
4998
4998
4998
4998
4998
4998
4998
4998
4998
4998
4998
4998
4998
4998
4998
4998
4998
4998
4998
4998
4998
4998
4998
4998
4998
4998
4998
4998
4998
4998
4998
4998
4998
4998
4998
4998
4998
4998
4998
4998
4998
4998
4998
4998
4998
4998
4998
4998
4998
4998
4998
4998
4998
4998
4998
4998
4998
4998
4998
4998
4998
4998
4998
4998
4998
4998
4998
4998
4998
4998
4998
4998
4998
4998
4998
4998
4998
4998
4998
4998
4998
4998
4998
4998
4998
4998
4998
4998
4998
4998
4998
4998
4998
4998
4998
4998
4998
4998
4998
4998
4998
4998
4998
4998
4998
4998
4998
4998
4998
4998
4998
4998
4998
4998
4998
4998
4998
4998
4998
4998
4998
4998
4998
4998
4998
4998
4998
4998
4998
4998
4998
4998
4998
4998
4998
4998
4998
4998
4998
4998
4998
4998
4998
4998
4998
4998
4998
4998
4998
4998
4998
4998
4998
4998
4998
4998
4998
4998
4998
4998
4998
4998
4998
4998
4998
4998
4998
4998
4998
4998
4998
4998
4998
4998
4998
4998
4998
4998
4998
4998
4998
4998
4998
4998
4998
4998
4998
4998
4998
4998
4998
4998
4998
4998
4998
4998
4998
4998
4998
4998
4998
4998
4998
4998
4998
4998
4998
4998
4998
4998
4998
4998
4998
4998
4998
4998
4998
4998
4998
4998
4998
4998
4998
4998
4998
4998
4998
4998
4998
4998
4998
4998
4998
4998
4998
4998
4998
4998
4998
4998
4998
4998
4998
4998
4998
4998
4998
4998
4998
4998
4998
4998
4998
4998
4998
4998
4998
4998
4998
4998
4998
4998
4998
4998
4998
4998
4998
4998
4998
4998
4998
4998
4998
4998
4998
4998
4998
4998
4998
4998
4998
4998
4998
4998
4998
4998
4998
4998
4998
4998
4998
4998
4998
4998
4998
4998
4998
4998
4998
4998
4998
4998
4998
4998
4998
4998
4998
4998
4998
4998
4998
4998
4998
4998
4998
4998
4998
4998
4998
4998
4998
4998
4998
4998
4998
4998
4998
4998
4998
4998
4998
4998
4998
4998
4998
4998
4998
4998
4998
4998
4998
4998
4998
4998
4998
4998
4998
4998
4998
4998
4998
4998
4998
4998
4998
4998
4998
4998
4998
4998
4998
4998
4998
4998
4998
4998
4998
4998
4998
4998
4998
4998
4998
4998
4998
4998
4998
4998
4998
4998
4998
4998
4998
4998
4998
4998
4998
4998
4998
4998
4998
4998
4998
4998
4998
4998
4998
4998
4998
4998
4998
4998
4998
4998
4998
4998
4998
4998
4998
4998
4998
4998
4998
4998
4998
4998
4998
4998
4998
4998
4998
4998
4998
4998
4998
4998
4998
4998
4998
4998
4998
4998
4998
4998
4998
4998
4998
4998
4998
4998
4998
4998
4998
4998
4998
4998
4998
4998
4998
4998
4998
4998
4998
4998
4998
4998
4998
4998
4998
4998
4998
4998
4998
4998
4998
4998
4998
4998
4998
4998
4998
4998
4998
4998
4998
4998
4998
4998
4998
4998
4998
4998
4998
4998
4998
4998
4998
4998
4998
4998
4998
4998
4998
4998
4998
4998
4998
4998
4998
4998
4998
4998
4998
4998
4998
4998
4998
4998
4998
4998
4998
4998
4998
4998
4998
4998
4998
4998
4998
4998
4998
4998
4998
4998
4998
4998
4998
4998
4998
4998
4998
4998
4998
4998
4998
4998
4998
4998
4998
4998
4998
4998
4998
4998
4998
4998
4998
4998
4998
4998
4998
4998
4998
4998
4998
4998
4998
4998
4998
4998
4998
4998
4998
4998
4998
4998
4998
4998
4998
4998
4998
4998
4998
4998
4998
4998
4998
4998
4998
4998
4998
4998
4998
4998
4998
4998
4998
4998
4998
4998
4998
4998
4998
4998
4998
4998
4998
4998
4998
4998
4998
4998
4998
4998
4998
4998
4998
4998
4998
4998
4998
4998
4998
4998
4998
4998
4998
4998
4998
4998
4998
4998
4998
4998
4998
4998
4998
4998
4998
4998
4998
4998
4998
4998
4998
4998
4998
4998
4998
4998
4998
4998
4998
4998
4998
4998
4998
4998
4998
4998
4998
4998
4998
4998
4998
4998
4998
4998
4998
4998
4998
4998
4998
4998
4998
4998
4998
4998
4998
4998
4998
4998
4998
4998
4998
4998
4998
4998
4998
4998
4998
4998
4998
4998
4998
4998
4998
4998
4998
4998
4998
4998
4998
4998
4998
4998
4998
4998
4998
4998
4998
4998
4998
4998
4998
4998
4998
4998
4998
4998
4998
4998
4998
4998
4998
4998
4998
4998
4998
4998
4998
4998
4998
4998
4998
4998
4998
4998
4998
4998
4998
4998
4998
4998
4998
4998
4998
4998
4998
4998
4998
4998
4998
4998
4998
4998
4998
4998
4998
4998
4998
4998
4998
4998
4998
4998
4998
4998
4998
4998
4998
4998
4998
4998
4998
4998
4998
4998
4998
4998
4998
4998
4998
4998
4998
4998
4998
4998
4998
4998
4998
4998
4998
4998
4998
4998
4998
4998
4998
4998
4998
4998
4998
4998
4998
4998
4998
4998
4998
4998
4998
4998
4998
4998
4998
4998
4998
4998
4998
4998
4998
4998
4998
4998
4998
4998
4998
4998
4998
4998
4998
4998
4998
4998
4998
4998
4998
4998
4998
4998
4998
4998
4998
4998
4998
4998
4998
4998
4998
4998
4998
4998
4998
4998
4998
4998
4998
4998
4998
4998
4998
4998
4998
4998
4998
4998
4998
4998
4998
4998
4998
4998
4998
4998
4998
4998
4998
4998
4998
4998
4998
4998
4998
4998
4998
4998
4998
4998
4998
4998
4998
4998
4998
4998
4998
4998
4998
4998
4998
4998
4998
4998
4998
4998
4998
4998
4998
4998
4998
4998
4998
4998
4998
4998
4998
4998
4998
4998
4998
4998
4998
4998
4998
4998
4998
4998
4998
4998
4998
4998
4998
4998
4998
4998
4998
4998
4998
4998
4998
4998
4998
4998
4998
4998
4998
4998
4998
4998
4998
4998
4998
4998
4998
4998
4998
4998
4998
4998
4998
4998
4998
4998
4998
4998
4998
4998
4998
4998
4998
4998
4998
4998
4998
4998
4998
4998
4998
4998
4998
4998
4998
4998
4998
4998
4998
4998
4998
4998
4998
4998
4998
4998
4998
4998
4998
4998
4998
4998
4998
4998
4998
4998
4998
4998
4998
4998
4998
4998
4998
4998
4998
4998
4998
4998
4998
4998
4998
4998
4998
4998
4998
4998
4998
4998
4998
4998
4998
4998
4998
4998
4998
4998
4998
4998
4998
4998
4998
4998
4998
4998
4998
4998
4998
4998
4998
4998
4998
4998
4998
4998
4998
4998
4998
4998
4998
4998
4998
4998
4998
4998
4998
4998
4998
4998
4998
4998
4998
4998
4998
4998
4998
4998
4998
4998
4998
4998
4998
4998
4998
4998
4998
4998
4998
4998
4998
4998
4998
4998
4998
4998
4998
4998
4998
4998
4998
4998
4998
4998
4998
4998
4998
4998
4998
4998
4998
4998
4998
4998
4998
4998
4998
4998
4998
4998
4998
4998
4998
4998
4998
4998
4998
4998
4998
4998
4998
4998
4998
4998
4998
4998
4998
4998
4998
4998
4998
4998
4998
4998
4998
4998
4998
4998
4998
4998
4998
4998
4998
4998
4998
4998
4998
4998
4998
4998
4998
4998
4998
4998
4998
4998
4998
4998
4998
4998
4998
4998
4998
4998
4998
4998
4998
4998
4998
4998
4998
4998
4998
4998
4998
4998
4998
4998
4998
4998
4998
4998
4998
4998
4998
4998
4998
4998
4998
4998
4998
4998
4998
4998
4998
4998
4998
4998
4998
4998
4998
4998
4998
4998
4998
4998
4998
4998
4998
4998
4998
4998
4998
4998
4998
4998
4998
4998
4998
4998
4998
4998
4998
4998
4998
4998
4998
4998
4998
4998
4998
4998
4998
4998
4998
4998
4998
4998
4998
4998
4998
4998
4998
4998
4998
4998
4998
4998
4998
4998
4998
4998
4998
4998
4998
4998
4998
4998
4998
4998
4998
4998
4998
4998
4998
4998
4998
4998
4998
4998
4998
4998
4998
4998
4998
4998
4998
4998
4998
4998
4998
4998
4998
4998
4998
4998
4998
4998
4998
4998
4998
4998
4998
4998
4998
4998
4998
4998
4998
4998
4998
4998
4998
4998
4998
4998
4998
4998
4998
4998
4998
4998
4998
4998
4998
4998
4998
4998
4998
4998
4998
4998
4998
4998
4998
4998
4998
4998
4998
4998
4998
4998
4998
4998
4998
4998
4998
4998
4998
4998
4998
4998
4998
4998
4998
4998
4998
4998
4998
4998
4998
4998
4998
4998
4998
4998
4998
4998
4998
4998
4998
4998
4998
4998
4998
4998
4998
4998
4998
4998
4998
4998
4998
4998
4998
4998
4998
4998
4998
4998
4998
4998
4998
4998
4998
4998
4998
4998
4998
4998
4998
4998
4998
4998
4998
4998
4998
4998
4998
4998
4998
4998
4998
4998
4998
4998
4998
4998
4998
4998
4998
4998
4998
4998
4998
4998
4998
4998
4998
4998
4998
4998
4998
4998
4998
4998
4998
4998
4998
4998
4998
4998
4998
4998
4998
4998
4998
4998
4998
4998
4998
4998
4998
4998
4998
4998
4998
4998
4998
4998
4998
4998
4998
4998
4998
4998
4998
4998
4998
4998
4998
4998
4998
4998
4998
4998
4998
4998
4998
4998
4998
4998
4998
4998
4998
4998
4998
4998
4998
4998
4998
4998
4998
4998
4998
4998
4998
4998
4998
4998
4998
4998
4998
4998
4998
4998
4998
4998
4998
4998
4998
4998
4998
4998
4998
4998
4998
4998
4998
4998
4998
4998
4998
4998
4998
4998
4998
4998
4998
4998
4998
4998
4998
4998
4998
4998
4998
4998
4998
4998
4998
4998
4998
4998
4998
4998
4998
4998
4998
4998
4998
4998
4998
4998
4998
4998
4998
4998
4998
4998
4998
4998
4998
4998
4998
4998
4998
4998
4998
4998
4998
4998
4998
4998
4998
4998
4998
4998
4998
4998
4998
4998
4998
4998
4998
4998
4998
4998
4998
4998
4998
4998
4998
4998
4998
4998
4998
4998
4998
4998
4998
4998
4998
4998
4998
4998
4998
4998
4998
4998
4998
4998
4998
4998
4998
4998
4998
4998
4998
4998
4998
4998
4998
4998
4998
4998
4998
4998
4998
4998
4998
4998
4998
4998
4998
4998
4998
4998
4998
4998
4998
4998
4998
4998
4998
4998
4998
4998
4998
4998
4998
4998
4998
4998
4998
4998
4998
4998
4998
4998
4998
4998
4998
4998
4998
4998
4998
4998
4998
4998
4998
4998
4998
4998
4998
4998
4998
4998
4998
4998
4998
4998
4998
4998
4998
4998
4998
4998
4998
4998
4998
4998
4998
4998
4998
4998
4998
4998
4998
4998
4998
4998
4998
4998
4998
4998
4998
4998
4998
4998
4998
4998
4998
4998
4998
4998
4998
4998
4998
4998
4998
4998
4998
4998
4998
4998
4998
4998
4998
4998
4998
4998
4998
4998
4998
4998
4998
4998
4998
4998
4998
4998
4998
4998
4998
4998
4998
4998
4998
4998
4998
4998
4998
4998
4998
4998
4998
4998
4998
4998
4998
4998
4998
4998
4998
4998
4998
4998
4998
4998
4998
4998
4998
4998
4998
4998
4998
4998
4998
4998
4998
4998
4998
4998
4998
4998
4998
4998
4998
4998
4998
4998
4998
4998
4998
4998
4998
4998
4998
4998
4998
4998
4998
4998
4998
4998
4998
4998
4998
4998
4998
4998
4998
4998
4998
4998
4998
4998
4998
4998
4998
4998
4998
4998
4998
4998
4998
4998
4998
4998
4998
4998
4998
4998
4998
4998
4998
4998
4998
4998
4998
4998
4998
4998
4998
4998
4998
4998
4998
4998
4998
4998
4998
4998
4998
4998
4998
4998
4998
4998
4998
4998
4998
4998
4998
4998
4998
4998
4998
4998
4998
4998
4998
4998
4998
4998
4998
4998
4998
4998
4998
4998
4998
4998
4998
4998
4998
4998
4998
4998
4998
4998
4998
4998
4998
4998
4998
4998
4998
4998
4998
4998
4998
4998
4998
4998
4998
4998
4998
4998
4998
4998
4998
4998
4998
4998
4998
4998
4998
4998
4998
4998
4998
4998
4998
4998
4998
4998
4998
4998
4998
4998
4998
4998
4998
4998
4998
4998
4998
4998
4998
4998
4998
4998
4998
4998
4998
4998
4998
4998
4998
4998
4998
4998
4998
4998
4998
4998
4998
4998
4998
4998
4998
4998
4998
4998
4998
4998
4998
4998
4998
4998
4998
4998
4998
4998
4998
4998
4998
4998
4998
4998
4998
4998
4998
4998
4998
4998
4998
4998
4998
4998
4998
4998
4998
4998
4998
4998
4998
4998
4998
4998
4998
4998
4998
4998
4998
4998
4998
4998
4998
4998
4998
4998
4998
4998
4998
4998
4998
4998
4998
4998
4998
4998
4998
4998
4998
4998
4998
4998
4998
4998
4998
4998
4998
4998
4998
4998
4998
4998
4998
4998
4998
4998
4998
4998
4998
4998
4998
4998
4998
4998
4998
4998
4998
4998
4998
4998
4998
4998
4998
4998
4998
4998
4998
4998
4998
4998
4998
4998
4998
4998
4998
4998
4998
4998
4998
4998
4998
4998
4998
4998
4998
4998
4998
4998
4998
4998
4998
4998
4998
4998
4998
4998
4998
4998
4998
4998
4998
4998
4998
4998
4998
4998
4998
4998
4998
4998
4998
4998
4998
4998
4998
4998
4998
4998
4998
4998
4998
4998
4998
4998
4998
4998
4998
4998
4998
4998
4998
4998
4998
4998
4998
4998
4998
4998
4998
4998
4998
4998
4998
4998
4998
4998
4998
4998
4998
4998
4998
4998
4998
4998
4998
4998
4998
4998
4998
4998
4998
4998
4998
4998
4998
4998
4998
4998
4998
4998
4998
4998
4998
4998
4998
4998
4998
4998
4998
4998
4998
4998
4998
4998
4998
4998
4998
4998
4998
4998
4998
4998
4998
4998
4998
4998
4998
4998
4998
4998
4998
4998
4998
4998
4998
4998
4998
4998
4998
4998
4998
4998
4998
4998
4998
4998
4998
4998
4998
4998
4998
4998
4998
4998
4998
4998
4998
4998
4998
4998
4998
4998
4998
4998
4998
4998
4998
4998
4998
4998
4998
4998
4998
4998
4998
4998
4998
4998
4998
4998
4998
4998
4998
4998
4998
4998
4998
4998
4998
4998
4998
4998
4998
4998
4998
4998
4998
4998
4998
4998
4998
4998
4998
4998
4998
4998
4998
4998
4998
4998
4998
4998
4998
4998
4998
4998
4998
4998
4998
4998
4998
4998
4998
4998
4998
4998
4998
4998
4998
4998
4998
4998
4998
4998
4998
4998
4998
4998
4998
4998
4998
4998
4998
4998
4998
4998
4998
4998
4998
4998
4998
4998
4998
4998
4998
4998
4998
4998
4998
4998
4998
4998
4998
4998
4998
4998
4998
4998
4998
4998
4998
4998
4998
4998
4998
4998
4998
4998
4998
4998
4998
4998
4998
4998
4998
4998
4998
4998
4998
4998
4998
4998
4998
4998
4998
4998
4998
4998
4998
4998
4998
4998
4998
4998
4998
4998
4998
4998
4998
4998
4998
4998
4998
4998
4998
4998
4998
4998
4998
4998
4998
4998
4998
4998
4998
4998
4998
4998
4998
4998
4998
4998
4998
4998
4998
4998
4998
4998
4998
4998
4998
4998
4998
4998
4998
4998
4998
4998
4998
4998
4998
4998
4998
4998
4998
4998
4998
4998
4998
4998
4998
4998
4998
4998
4998
4998
4998
4998
4998
4998
4998
4998
4998
4998
4998
4998
4998
4998
4998
4998
4998
4998
4998
4998
4998
4998
4998
4998
4998
4998
4998
4998
4998
4998
4998
4998
4998
4998
4998
4998
4998
4998
4998
4998
4998
4998
4998
4998
4998
4998
4998
4998
4998
4998
4998
4998
4998
4998
4998
4998
4998
4998
4998
4998
4998
4998
4998
4998
4998
4998
4998
4998
4998
4998
4998
4998
4998
4998
4998
4998
4998
4998
4998
4998
4998
4998
4998
4998
4998
4998
4998
4998
4998
4998
4998
4998
4998
4998
4998
4998
4998
4998
4998
4998
4998
4998
4998
4998
4998
4998
4998
4998
4998
4998
4998
4998
4998
4998
4998
4998
4998
4998
4998
4998
4998
4998
4998
4998
4998
4998
4998
4998
4998
4998
4998
4998
4998
4998
4998
4998
4998
4998
4998
4998
4998
4998
4998
4998
4998
4998
4998
4998
4998
4998
4998
4998
4998
4998
4998
4998
4998
4998
4998
4998
4998
4998
4998
4998
4998
4998
4998
4998
4998
4998
4998
4998
4998
4998
4998
4998
4998
4998
4998
4998
4998
4998
4998
4998
4998
4998
4998
4998
4998
4998
4998
4998
4998
4998
4998
4998
4998
4998
4998
4998
4998
4998
4998
4998
4998
4998
4998
4998
4998
4998
4998
4998
4998
4998
4998
4998
4998
4998
4998
4998
4998
4998
4998
4998
4998
4998
4998
4998
4998
4998
4998
4998
4998
4998
4998
4998
4998
4998
4998
4998
4998
4998
4998
4998
4998
4998
4998
4998
4998
4998
4998
4998
4998
4998
4998
4998
4998
4998
4998
4998
4998
4998
4998
4998
4998
4998
4998
4998
4998
4998
4998
4998
4998
4998
4998
4998
4998
4998
4998
4998
4998
4998
4998
4998
4998
4998
4998
4998
4998
4998
4998
4998
4998
4998
4998
4998
4998
4998
4998
4998
4998
4998
4998
4998
4998
4998
4998
4998
4998
4998
4998
4998
4998
4998
4998
4998
4998
4998
4998
4998
4998
4998
4998
4998
4998
4998
4998
4998
4998
4998
4998
4998
4998
4998
4998
4998
4998
4998
4998
4998
4998
4998
4998
4998
4998
4998
4998
4998
4998
4998
4998
4998
4998
4998
4998
4998
4998
4998
4998
4998
4998
4998
4998
4998
4998
4998
4998
4998
4998
4998
4998
4998
4998
4998
4998
4998
4998
4998
4998
4998
4998
4998
4998
4998
4998
4998
4998
4998
4998
4998
4998
4998
4998
4998
4998
4998
4998
4998
4998
4998
4998
4998
4998
4998
4998
4998
4998
4998
4998
4998
4998
4998
4998
4998
4998
4998
4998
4998
4998
4998
4998
4998
4998
4998
4998
4998
4998
4998
4998
4998
4998
4998
4998
4998
4998
4998
4998
4998
4998
4998
4998
4998
4998
4998
4998
4998
4998
4998
4998
4998
4998
4998
4998
4998
4998
4998
4998
4998
4998
4998
4998
4998
4998
4998
4998
4998
4998
4998
4998
4998
4998
4998
4998
4998
4998
4998
4998
4998
4998
4998
4998
4998
4998
4998
4998
4998
4998
4998
4998
4998
4998
4998
4998
4998
4998
4998
4998
4998
4998
4998
4998
4998
4998
4998
4998
4998
4998
4998
4998
4998
4998
4998
4998
4998
4998
4998
4998
4998
4998
4998
4998
4998
4998
4998
4998
4998
4998
4998
4998
4998
4998
4998
4998
4998
4998
4998
4998
4998
4998
4998
4998
4998
4998
4998
4998
4998
4998
4998
4998
4998
4998
4998
4998
4998
4998
4998
4998
4998
4998
4998
4998
4998
4998
4998
4998
4998
4998
4998
4998
4998
4998
4998
4998
4998
4998
4998
4998
4998
4998
4998
4998
4998
4998
4998
4998
4998
4998
4998
4998
4998
4998
4998
4998
4998
4998
4998
4998
4998
4998
4998
4998
4998
4998
4998
4998
4998
4998
4998
4998
4998
4998
4998
4998
4998
4998
4998
4998
4998
4998
4998
4998
4998
4998
4998
4998
4998
4998
4998
4998
4998
4998
4998
4998
4998
4998
4998
4998
4998
4998
4998
4998
4998
4998
4998
4998
4998
4998
4998
4998
4998
4998
4998
4998
4998
4998
4998
4998
4998
4998
4998
4998
4998
4998
4998
4998
4998
4998
4998
4998
4998
4998
4998
4998
4998
4998
4998
4998
4998
4998
4998
4998
4998
4998
4998
4998
4998
4998
4998
4998
4998
4998
4998
4998
4998
4998
4998
4998
4998
4998
4998
4998
4998
4998
4998
4998
4998
4998
4998
4998
4998
4998
4998
4998
4998
4998
4998
4998
4998
4998
4998
4998
4998
4998
4998
4998
4998
4998
4998
4998
4998
4998
4998
4998
4998
4998
4998
4998
4998
4998
4998
4998
4998
4998
4998
4998
4998
4998
4998
4998
4998
4998
4998
4998
4998
4998
4998
4998
4998
4998
4998
4998
4998
4998
4998
4998
4998
4998
4998
4998
4998
4998
4998
4998
4998
4998
4998
4998
4998
4998
4998
4998
4998
4998
4998
4998
4998
4998
4998
4998
4998
4998
4998
4998
4998
4998
4998
4998
4998
4998
4998
4998
4998
4998
4998
4998
4998
4998
4998
4998
4998
4998
4998
4998
4998
4998
4998
4998
4998
4998
4998
4998
4998
4998
4998
4998
4998
4998
4998
4998
4998
4998
4998
4998
4998
4998
4998
4998
4998
4998
4998
4998
4998
4998
4998
4998
4998
4998
4998
4998
4998
4998
4998
4998
4998
4998
4998
4998
4998
4998
4998
4998
4998
4998
4998
4998
4998
4998
4998
4998
4998
4998
4998
4998
4998
4998
4998
4998
4998
4998
4998
4998
4998
4998
4998
4998
4998
4998
4998
4998
4998
4998
4998
4998
4998
4998
4998
4998
4998
4998
4998
4998
4998
4998
4998
4998
4998
4998
4998
4998
4998
4998
4998
4998
4998
4998
4998
4998
4998
4998
4998
4998
4998
4998
4998
4998
4998
4998
4998
4998
4998
4998
4998
4998
4998
4998
4998
4998
4998
4998
4998
4998
4998
4998
4998
4998
4998
4998
4998
4998
4998
4998
4998
4998
4998
4998
4998
4998
4998
4998
4998
4998
4998
4998
4998
4998
4998
4998
4998
4998
4998
4998
4998
4998
4998
4998
4998
4998
4998
4998
4998
4998
4998
4998
4998
4998
4998
4998
4998
4998
4998
4998
4998
4998
4998
4998
4998
4998
4998
4998
4998
4998
4998
4998
4998
4998
4998
4998
4998
4998
4998
4998
4998
4998
4998
4998
4998
4998
4998
4998
4998
4998
4998
4998
4998
4998
4998
4998
4998
4998
4998
4998
4998
4998
4998
4998
4998
4998
4998
4998
4998
4998
4998
4998
4998
4998
4998
4998
4998
4998
4998
4998
4998
4998
4998
4998
4998
4998
4998
4998
4998
4998
4998
4998
4998
4998
4998
4998
4998
4998
4998
4998
4998
4998
4998
4998
4998
4998
4998
4998
4998
4998
4998
4998
4998
4998
4998
4998
4998
4998
4998
4998
4998
4998
4998
4998
4998
4998
4998
4998
4998
4998
4998
4998
4998
4998
4998
4998
4998
4998
4998
4998
4998
4998
4998
4998
4998
4998
4998
4998
4998
4998
4998
4998
4998
4998
4998
4998
4998
4998
4998
4998
4998
4998
4998
4998
4998
4998
4998
4998
4998
4998
4998
4998
4998
4998
4998
4998
4998
4998
4998
4998
4998
4998
4998
4998
4998
4998
4998
4998
4998
4998
4998
4998
4998
4998
4998
4998
4998
4998
4998
4998
4998
4998
4998
4998
4998
4998
4998
4998
4998
4998
4998
4998
4998
4998
4998
4998
4998
4998
4998
4998
4998
4998
4998
4998
4998
4998
4998
4998
4998
4998
4998
4998
4998
4998
4998
4998
4998
4998
4998
4998
4998
4998
4998
4998
4998
4998
4998
4998
4998
4998
4998
4998
4998
4998
4998
4998
4998
4998
4998
4998
4998
4998
4998
4998
4998
4998
4998
4998
4998
4998
4998
4998
4998
4998
4998
4998
4998
4998
4998
4998
4998
4998
4998
4998
4998
4998
4998
4998
4998
4998
4998
4998
4998
4998
4998
4998
4998
4998
4998
4998
4998
4998
4998
4998
4998
4998
4998
4998
4998
4998
4998
4998
4998
4998
4998
4998
4998
4998
4998
4998
4998
4998
4998
4998
4998
4998
4998
4998
4998
4998
4998
4998
4998
4998
4998
4998
4998
4998
4998
4998
4998
4998
4998
4998
4998
4998
4998
4998
4998
4998
4998
4998
4998
4998
4998
4998
4998
4998
4998
4998
4998
4998
4998
4998
4998
4998
4998
4998
4998
4998
4998
4998
4998
4998
4998
4998
4998
4998
4998
4998
4998
4998
4998
4998
4998
4998
4998
4998
4998
4998
4998
4998
4998
4998
4998
4998
4998
4998
4998
4998
4998
4998
4998
4998
4998
4998
4998
4998
4998
4998
4998
4998
4998
4998
4998
4998
4998
4998
4998
4998
4998
4998
4998
4998
4998
4998
4998
4998
4998
4998
4998
4998
4998
4998
4998
4998
4998
4998
4998
4998
4998
4998
4998
4998
4998
4998
4998
4998
4998
4998
4998
4998
4998
4998
4998
4998
4998
4998
4998
4998
4998
4998
4998
4998
4998
4998
4998
4998
4998
4998
4998
4998
4998
4998
4998
4998
4998
4998
4998
4998
4998
4998
4998
4998
4998
4998
4998
4998
4998
4998
4998
4998
4998
4998
4998
4998
4998
4998
4998
4998
4998
4998
4998
4998
4998
4998
4998
4998
4998
4998
4998
4998
4998
4998
4998
4998
4998
4998
4998
4998
4998
4998
4998
4998
4998
4998
4998
4998
4998
4998
4998
4998
4998
4998
4998
4998
4998
4998
4998
4998
4998
4998
4998
4998
4998
4998
4998
4998
4998
4998
4998
4998
4998
4998
4998
4998
4998
4998
4998
4998
4998
4998
4998
4998
4998
4998
4998
4998
4998
4998
4998
4998
4998
4998
4998
4998
4998
4998
4998
4998
4998
4998
4998
4998
4998
4998
4998
4998
4998
4998
4998
4998
4998
4998
4998
4998
4998
4998
4998
4998
4998
4998
4998
4998
4998
4998
4998
4998
4998
4998
4998
4998
4998
4998
4998
4998
4998
4998
4998
4998
4998
4998
4998
4998
4998
4998
4998
4998
4998
4998
4998
4998
4998
4998
4998
4998
4998
4998
4998
4998
4998
4998
4998
4998
4998
4998
4998
4998
4998
4998
4998
4998
4998
4998
4998
4998
4998
4998
4998
4998
4998
4998
4998
4998
4998
4998
4998
4998
4998
4998
4998
4998
4998
4998
4998
4998
4998
4998
4998
4998
4998
4998
4998
4998
4998
4998
4998
4998
4998
4998
4998
4998
4998
4998
4998
4998
4998
4998
4998
4998
4998
4998
4998
4998
4998
4998
4998
4998
4998
4998
4998
4998
4998
4998
4998
4998
4998
4998
4998
4998
4998
4998
4998
4998
4998
4998
4998
4998
4998
4998
4998
4998
4998
4998
4998
4998
4998
4998
4998
4998
4998
4998
4998
4998
4998
4998
4998
4998
4998
4998
4998
4998
4998
4998
4998
4998
4998
4998
4998
4998
4998
4998
4998
4998
4998
4998
4998
4998
4998
4998
4998
4998
4998
4998
4998
4998
4998
4998
4998
4998
4998
4998
4998
4998
4998
4998
4998
4998
4998
4998
4998
4998
4998
4998
4998
4998
4998
4998
4998
4998
4998
4998
4998
4998
4998
4998
4998
4998
4998
4998
4998
4998
4998
4998
4998
4998
4998
4998
4998
4998
4998
4998
4998
4998
4998
4998
4998
4998
4998
4998
4998
4998
4998
4998
4998
4998
4998
4998
4998
4998
4998
4998
4998
4998
4998
4998
4998
4998
4998
4998
4998
4998
4998
4998
4998
4998
4998
4998
4998
4998
4998
4998
4998
4998
4998
4998
4998
4998
4998
4998
4998
4998
4998
4998
4998
4998
4998
4998
4998
4998
4998
4998
4998
4998
4998
4998
4998
4998
4998
4998
4998
4998
4998
4998
4998
4998
4998
4998
4998
4998
4998
4998
4998
4998
4998
4998
4998
4998
4998
4998
4998
4998
4998
4998
4998
4998
4998
4998
4998
4998
4998
4998
4998
4998
4998
4998
4998
4998
4998
4998
4998
4998
4998
4998
4998
4998
4998
4998
4998
4998
4998
4998
4998
4998
4998
4998
4998
4998
4998
4998
4998
4998
4998
4998
4998
4998
4998
4998
4998
4998
4998
4998
4998
4998
4998
4998
4998
4998
4998
4998
4998
4998
4998
4998
4998
4998
4998
4998
4998
4998
4998
4998
4998
4998
4998
4998
4998
4998
4998
4998
4998
4998
4998
4998
4998
4998
4998
4998
4998
4998
4998
4998
4998
4998
4998
4998
4998
4998
4998
4998
4998
4998
4998
4998
4998
4998
4998
4998
4998
4998
4998
4998
4998
4998
4998
4998
4998
4998
4998
4998
4998
4998
4998
4998
4998
4998
4998
4998
4998
4998
4998
4998
4998
4998
4998
4998
4998
4998
4998
4998
4998
4998
4998
4998
4998
4998
4998
4998
4998
4998
4998
4998
4998
4998
4998
4998
4998
4998
4998
4998
4998
4998
4998
4998
4998
4998
4998
4998
4998
4998
4998
4998
4998
4998
4998
4998
4998
4998
4998
4998
4998
4998
4998
4998
4998
4998
4998
4998
4998
4998
4998
4998
4998
4998
4998
4998
4998
4998
4998
4998
4998
4998
4998
4998
4998
4998
4998
4998
4998
4998
4998
4998
4998
4998
4998
4998
4998
4998
4998
4998
4998
4998
4998
4998
4998
4998
4998
4998
4998
4998
4998
4998
4998
4998
4998
4998
4998
4998
4998
4998
4998
4998
4998
4998
4998
4998
4998
4998
4998
4998
4998
4998
4998
4998
4998
4998
4998
4998
4998
4998
4998
4998
4998
4998
4998
4998
4998
4998
4998
4998
4998
4998
4998
4998
4998
4998
4998
4998
4998
4998
4998
4998
4998
4998
4998
4998
4998
4998
4998
4998
4998
4998
4998
4998
4998
4998
4998
4998
4998
4998
4998
4998
4998
4998
4998
4998
4998
4998
4998
4998
4998
4998
4998
4998
4998
4998
4998
4998
4998
4998
4998
4998
4998
4998
4998
4998
4998
4998
4998
4998
4998
4998
4998
4998
4998
4998
4998
4998
4998
4998
4998
4998
4998
4998
4998
4998
4998
4998
4998
4998
4998
4998
4998
4998
4998
4998
4998
4998
4998
4998
4998
4998
4998
4998
4998
4998
4998
4998
4998
4998
4998
4998
4998
4998
4998
4998
4998
4998
4998
4998
4998
4998
4998
4998
4998
4998
4998
4998
4998
4998
4998
4998
4998
4998
4998
4998
4998
4998
4998
4998
4998
4998
4998
4998
4998
4998
4998
4998
4998
4998
4998
4998
4998
4998
4998
4998
4998
4998
4998
4998
4998
4998
4998
4998
4998
4998
4998
4998
4998
4998
4998
4998
4998
4998
4998
4998
4998
4998
4998
4998
4998
4998
4998
4998
4998
4998
4998
4998
4998
4998
4998
4998
4998
4998
4998
4998
4998
4998
4998
4998
4998
4998
4998
4998
4998
4998
4998
4998
4998
4998
4998
4998
4998
4998
4998
4998
4998
4998
4998
4998
4998
4998
4998
4998
4998
4998
4998
4998
4998
4998
4998
4998
4998
4998
4998
4998
4998
4998
4998
4998
4998
4998
4998
4998
4998
4998
4998
4998
4998
4998
4998
4998
4998
4998
4998
4998
4998
4998
4998
4998
4998
4998
4998
4998
4998
4998
4998
4998
4998
4998
4998
4998
4998
4998
4998
4998
4998
4998
4998
4998
4998
4998
4998
4998
4998
4998
4998
4998
4998
4998
4998
4998
4998
4998
4998
4998
4998
4998
4998
4998
4998
4998
4998
4998
4998
4998
4998
4998
4998
4998
4998
4998
4998
4998
4998
4998
4998
4998
4998
4998
4998
4998
4998
4998
4998
4998
4998
4998
4998
4998
4998
4998
4998
4998
4998
4998
4998
4998
4998
4998
4998
4998
4998
4998
4998
4998
4998
4998
4998
4998
4998
4998
4998
4998
4998
4998
4998
4998
4998
4998
4998
4998
4998
4998
4998
4998
4998
4998
4998
4998
4998
4998
4998
4998
4998
4998
4998
4998
4998
4998
4998
4998
4998
4998
4998
4998
4998
4998
4998
4998
4998
4998
4998
4998
4998
4998
4998
4998
4998
4998
4998
4998
4998
4998
4998
4998
4998
4998
4998
4998
4998
4998
4998
4998
4998
4998
4998
4998
4998
4998
4998
4998
4998
4998
4998
4998
4998
4998
4998
4998
4998
4998
4998
4998
4998
4998
4998
4998
4998
4998
4998
4998
4998
4998
4998
4998
4998
4998
4998
4998
4998
4998
4998
4998
4998
4998
4998
4998
4998
4998
4998
4998
4998
4998
4998
4998
4998
4998
4998
4998
4998
4998
4998
4998
4998
4998
4998
4998
4998
4998
4998
4998
4998
4998
4998
4998
4998
4998
4998
4998
4998
4998
4998
4998
4998
4998
4998
4998
4998
4998
4998
4998
4998
4998
4998
4998
4998
4998
4998
4998
4998
4998
4998
4998
4998
4998
4998
4998
4998
4998
4998
4998
4998
4998
4998
4998
4998
4998
4998
4998
4998
4998
4998
4998
4998
4998
4998
4998
4998
4998
4998
4998
4998
4998
4998
4998
4998
4998
4998
4998
4998
4998
4998
4998
4998
4998
4998
4998
4998
4998
4998
4998
4998
4998
4998
4998
4998
4998
4998
4998
4998
4998
4998
4998
4998
4998
4998
4998
4998
4998
4998
4998
4998
4998
4998
4998
4998
4998
4998
4998
4998
4998
4998
4998
4998
4998
4998
4998
4998
4998
4998
4998
4998
4998
4998
4998
4998
4998
4998
4998
4998
4998
4998
4998
4998
4998
4998
4998
4998
4998
4998
4998
4998
4998
4998
4998
4998
4998
4998
4998
4998
4998
4998
4998
4998
4998
4998
4998
4998
4998
4998
4998
4998
4998
4998
4998
4998
4998
4998
4998
4998
4998
4998
4998
4998
4998
4998
4998
4998
4998
4998
4998
4998
4998
4998
4998
4998
4998
4998
4998
4998
4998
4998
4998
4998
4998
4998
4998
4998
4998
4998
4998
4998
4998
4998
4998
4998
4998
4998
4998
4998
4998
4998
4998
4998
4998
4998
4998
4998
4998
4998
4998
4998
4998
4998
4998
4998
4998
4998
4998
4998
4998
4998
4998
4998
4998
4998
4998
4998
4998
4998
4998
4998
4998
4998
4998
4998
4998
4998
4998
4998
4998
4998
4998
4998
4998
4998
4998
4998
4998
4998
4998
4998
4998
4998
4998
4998
4998
4998
4998
4998
4998
4998
4998
4998
4998
4998
4998
4998
4998
4998
4998
4998
4998
4998
4998
4998
4998
4998
4998
4998
4998
4998
4998
4998
4998
4998
4998
4998
4998
4998
4998
4998
4998
4998
4998
4998
4998
4998
4998
4998
4998
4998
4998
4998
4998
4998
4998
4998
4998
4998
4998
4998
4998
4998
4998
4998
4998
4998
4998
4998
4998
4998
4998
4998
4998
4998
4998
4998
4998
4998
4998
4998
4998
4998
4998
4998
4998
4998
4998
4998
4998
4998
4998
4998
4998
4998
4998
4998
4998
4998
4998
4998
4998
4998
4998
4998
4998
4998
4998
4998
4998
4998
4998
4998
4998
4998
4998
4998
4998
4998
4998
4998
4998
4998
4998
4998
4998
4998
4998
4998
4998
4998
4998
4998
4998
4998
4998
4998
4998
4998
4998
4998
4998
4998
4998
4998
4998
4998
4998
4998
4998
4998
4998
4998
4998
4998
4998
4998
4998
4998
4998
4998
4998
4998
4998
4998
4998
4998
4998
4998
4998
4998
4998
4998
4998
4998
4998
4998
4998
4998
4998
4998
4998
4998
4998
4998
4998
4998
4998
4998
4998
4998
4998
4998
4998
4998
4998
4998
4998
4998
4998
4998
4998
4998
4998
4998
4998
4998
4998
4998
4998
4998
4998
4998
4998
4998
4998
4998
4998
4998
4998
4998
4998
4998
4998
4998
4998
4998
4998
4998
4998
4998
4998
4998
4998
4998
4998
4998
4998
4998
4998
4998
4998
4998
4998
4998
4998
4998
4998
4998
4998
4998
4998
4998
4998
4998
4998
4998
4998
4998
4998
4998
4998
4998
4998
4998
4998
4998
4998
4998
4998
4998
4998
4998
4998
4998
4998
4998
4998
4998
4998
4998
4998
4998
4998
4998
4998
4998
4998
4998
4998
4998
4998
4998
4998
4998
4998
4998
4998
4998
4998
4998
4998
4998
4998
4998
4998
4998
4998
4998
4998
4998
4998
4998
4998
4998
4998
4998
4998
4998
4998
4998
4998
4998
4998
4998
4998
4998
4998
4998
4998
4998
4998
4998
4998
4998
4998
4998
4998
4998
4998
4998
4998
4998
4998
4998
4998
4998
4998
4998
4998
4998
4998
4998
4998
4998
4998
4998
4998
4998
4998
4998
4998
4998
4998
4998
4998
4998
4998
4998
4998
4998
4998
4998
4998
4998
4998
4998
4998
4998
4998
4998
4998
4998
4998
4998
4998
4998
4998
4998
4998
4998
4998
4998
4998
4998
4998
4998
4998
4998
4998
4998
4998
4998
4998
4998
4998
4998
4998
4998
4998
4998
4998
4998
4998
4998
4998
4998
4998
4998
4998
4998
4998
4998
4998
4998
4998
4998
4998
4998
4998
4998
4998
4998
4998
4998
4998
4998
4998
4998
4998
4998
4998
4998
4998
4998
4998
4998
4998
4998
4998
4998
4998
4998
4998
4998
4998
4998
4998
4998
4998
4998
4998
4998
4998
4998
4998
4998
4998
4998
4998
4998
4998
4998
4998
4998
4998
4998
4998
4998
4998
4998
4998
4998
4998
4998
4998
4998
4998
4998
4998
4998
4998
4998
4998
4998
4998
4998
4998
4998
4998
4998
4998
4998
4998
4998
4998
4998
4998
4998
4998
4998
4998
4998
4998
4998
4998
4998
4998
4998
4998
4998
4998
4998
4998
4998
4998
4998
4998
4998
4998
4998
4998
4998
4998
4998
4998
4998
4998
4998
4998
4998
4998
4998
4998
4998
4998
4998
4998
4998
4998
4998
4998
4998
4998
4998
4998
4998
4998
4998
4998
4998
4998
4998
4998
4998
4998
4998
4998
4998
4998
4998
4998
4998
4998
4998
4998
4998
4998
4998
4998
4998
4998
4998
4998
4998
4998
4998
4998
4998
4998
4998
4998
4998
4998
4998
4998
4998
4998
4998
4998
4998
4998
4998
4998
4998
4998
4998
4998
4998
4998
4998
4998
4998
4998
4998
4998
4998
4998
4998
4998
4998
4998
4998
4998
4998
4998
4998
4998
4998
4998
4998
4998
4998
4998
4998
4998
4998
4998
4998
4998
4998
4998
4998
4998
4998
4998
4998
4998
4998
4998
4998
4998
4998
4998
4998
4998
4998
4998
4998
4998
4998
4998
4998
4998
4998
4998
4998
4998
4998
4998
4998
4998
4998
4998
4998
4998
4998
4998
4998
4998
4998
4998
4998
4998
4998
4998
4998
4998
4998
4998
4998
4998
4998
4998
4998
4998
4998
4998
4998
4998
4998
4998
4998
4998
4998
4998
4998
4998
4998
4998
4998
4998
4998
4998
4998
4998
4998
4998
4998
4998
4998
4998
4998
4998
4998
4998
4998
4998
4998
4998
4998
4998
4998
4998
4998
4998
4998
4998
4998
4998
4998
4998
4998
4998
4998
4998
4998
4998
4998
4998
4998
4998
4998
4998
4998
4998
4998
4998
4998
4998
4998
4998
4998
4998
4998
4998
4998
4998
4998
4998
4998
4998
4998
4998
4998
4998
4998
4998
4998
4998
4998
4998
4998
4998
4998
4998
4998
4998
4998
4998
4998
4998
4998
4998
4998
4998
4998
4998
4998
4998
4998
4998
4998
4998
4998
4998
4998
4998
4998
4998
4998
4998
4998
4998
4998
4998
4998
4998
4998
4998
4998
4998
4998
4998
4998
4998
4998
4998
4998
4998
4998
4998
4998
4998
4998
4998
4998
4998
4998
4998
4998
4998
4998
4998
4998
4998
4998
4998
4998
4998
4998
4998
4998
4998
4998
4998
4998
4998
4998
4998
4998
4998
4998
4998
4998
4998
4998
4998
4998
4998
4998
4998
4998
4998
4998
4998
4998
4998
4998
4998
4998
4998
4998
4998
4998
4998
4998
4998
4998
4998
4998
4998
4998
4998
4998
4998
4998
4998
4998
4998
4998
4998
4998
4998
4998
4998
4998
4998
4998
4998
4998
4998
4998
4998
4998
4998
4998
4998
4998
4998
4998
4998
4998
4998
4998
4998
4998
4998
4998
4998
4998
4998
4998
4998
4998
4998
4998
4998
4998
4998
4998
4998
4998
4998
4998
4998
4998
4998
4998
4998
4998
4998
4998
4998
4998
4998
4998
4998
4998
4998
4998
4998
4998
4998
4998
4998
4998
4998
4998
4998
4998
4998
4998
4998
4998
4998
4998
4998
4998
4998
4998
4998
4998
4998
4998
4998
4998
4998
4998
4998
4998
4998
4998
4998
4998
4998
4998
4998
4998
4998
4998
4998
4998
4998
4998
4998
4998
4998
4998
4998
4998
4998
4998
4998
4998
4998
4998
4998
4998
4998
4998
4998
4998
4998
4998
4998
4998
4998
4998
4998
4998
4998
4998
4998
4998
4998
4998
4998
4998
4998
4998
4998
4998
4998
4998
4998
4998
4998
4998
4998
4998
4998
4998
4998
4998
4998
4998
4998
4998
4998
4998
4998
4998
4998
4998
4998
4998
4998
4998
4998
4998
4998
4998
4998
4998
4998
4998
4998
4998
4998
4998
4998
4998
4998
4998
4998
4998
4998
4998
4998
4998
4998
4998
4998
4998
4998
4998
4998
4998
4998
4998
4998
4998
4998
4998
4998
4998
4998
4998
4998
4998
4998
4998
4998
4998
4998
4998
4998
4998
4998
4998
4998
4998
4998
4998
4998
4998
4998
4998
4998
4998
4998
4998
4998
4998
4998
4998
4998
4998
4998
4998
4998
4998
4998
4998
4998
4998
4998
4998
4998
4998
4998
4998
4998
4998
4998
4998
4998
4998
4998
4998
4998
4998
4998
4998
4998
4998
4998
4998
4998
4998
4998
4998
4998
4998
4998
4998
4998
4998
4998
4998
4998
4998
4998
4998
4998
4998
4998
4998
4998
4998
4998
4998
4998
4998
4998
4998
4998
4998
4998
4998
4998
4998
4998
4998
4998
4998
4998
4998
4998
4998
4998
4998
4998
4998
4998
4998
4998
4998
4998
4998
4998
4998
4998
4998
4998
4998
4998
4998
4998
4998
4998
4998
4998
4998
4998
4998
4998
4998
4998
4998
4998
4998
4998
4998
4998
4998
4998
4998
4998
4998
4998
4998
4998
4998
4998
4998
4998
4998
4998
4998
4998
4998
4998
4998
4998
4998
4998
4998
4998
4998
4998
4998
4998
4998
4998
4998
4998
4998
4998
4998
4998
4998
4998
4998
4998
4998
4998
4998
4998
4998
4998
4998
4998
4998
4998
4998
4998
4998
4998
4998
4998
4998
4998
4998
4998
4998
4998
4998
4998
4998
4998
4998
4998
4998
4998
4998
4998
4998
4998
4998
4998
4998
4998
4998
4998
4998
4998
4998
4998
4998
4998
4998
4998
4998
4998
4998
4998
4998
4998
4998
4998
4998
4998
4998
4998
4998
4998
4998
4998
4998
4998
4998
4998
4998
4998
4998
4998
4998
4998
4998
4998
4998
4998
4998
4998
4998
4998
4998
4998
4998
4998
4998
4998
4998
4998
4998
4998
4998
4998
4998
4998
4998
4998
4998
4998
4998
4998
4998
4998
4998
4998
4998
4998
4998
4998
4998
4998
4998
4998
4998
4998
4998
4998
4998
4998
4998
4998
4998
4998
4998
4998
4998
4998
4998
4998
4998
4998
4998
4998
4998
4998
4998
4998
4998
4998
4998
4998
4998
4998
4998
4998
4998
4998
4998
4998
4998
4998
4998
4998
4998
4998
4998
4998
4998
4998
4998
4998
4998
4998
4998
4998
4998
4998
4998
4998
4998
4998
4998
4998
4998
4998
4998
4998
4998
4998
4998
4998
4998
4998
4998
4998
4998
4998
4998
4998
4998
4998
4998
4998
4998
4998
4998
4998
4998
4998
4998
4998
4998
4998
4998
4998
4998
4998
4998
4998
4998
4998
4998
4998
4998
4998
4998
4998
4998
4998
4998
4998
4998
4998
4998
4998
4998
4998
4998
4998
4998
4998
4998
4998
4998
4998
4998
4998
4998
4998
4998
4998
4998
4998
4998
4998
4998
4998
4998
4998
4998
4998
4998
4998
4998
4998
4998
4998
4998
4998
4998
4998
4998
4998
4998
4998
4998
4998
4998
4998
4998
4998
4998
4998
4998
4998
4998
4998
4998
4998
4998
4998
4998
4998
4998
4998
4998
4998
4998
4998
4998
4998
4998
4998
4998
4998
4998
4998
4998
4998
4998
4998
4998
4998
4998
4998
4998
4998
4998
4998
4998
4998
4998
4998
4998
4998
4998
4998
4998
4998
4998
4998
4998
4998
4998
4998
4998
4998
4998
4998
4998
4998
4998
4998
4998
4998
4998
4998
4998
4998
4998
4998
4998
4998
4998
4998
4998
4998
4998
4998
4998
4998
4998
4998
4998
4998
4998
4998
4998
4998
4998
4998
4998
4998
4998
4998
4998
4998
4998
4998
4998
4998
4998
4998
4998
4998
4998
4998
4998
4998
4998
4998
4998
4998
4998
4998
4998
4998
4998
4998
4998
4998
4998
4998
4998
4998
4998
4998
4998
4998
4998
4998
4998
4998
4998
4998
4998
4998
4998
4998
4998
4998
4998
4998
4998
4998
4998
4998
4998
4998
4998
4998
4998
4998
4998
4998
4998
4998
4998
4998
4998
4998
4998
4998
4998
4998
4998
4998
4998
4998
4998
4998
4998
4998
4998
4998
4998
4998
4998
4998
4998
4998
4998
4998
4998
4998
4998
4998
4998
4998
4998
4998
4998
4998
4998
4998
4998
4998
4998
4998
4998
4998
4998
4998
4998
4998
4998
4998
4998
4998
4998
4998
4998
4998
4998
4998
4998
4998
4998
4998
4998
4998
4998
4998
4998
4998
4998
4998
4998
4998
4998
4998
4998
4998
4998
4998
4998
4998
4998
4998
4998
4998
4998
4998
4998
4998
4998
4998
4998
4998
4998
4998
4998
4998
4998
4998
4998
4998
4998
4998
4998
4998
4998
4998
4998
4998
4998
4998
4998
4998
4998
4998
4998
4998
4998
4998
4998
4998
4998
4998
4998
4998
4998
4998
4998
4998
4998
4998
4998
4998
4998
4998
4998
4998
4998
4998
4998
4998
4998
4998
4998
4998
4998
4998
4998
4998
4998
4998
4998
4998
4998
4998
4998
4998
4998
4998
4998
4998
4998
4998
4998
4998
4998
4998
4998
4998
4998
4998
4998
4998
4998
4998
4998
4998
4998
4998
4998
4998
4998
4998
4998
4998
4998
4998
4998
4998
4998
4998
4998
4998
4998
4998
4998
4998
4998
4998
4998
4998
4998
4998
4998
4998
4998
4998
4998
4998
4998
4998
4998
4998
4998
4998
4998
4998
4998
4998
4998
4998
4998
4998
4998
4998
4998
4998
4998
4998
4998
4998
4998
4998
4998
4998
4998
4998
4998
4998
4998
4998
4998
4998
4998
4998
4998
4998
4998
4998
4998
4998
4998
4998
4998
4998
4998
4998
4998
4998
4998
4998
4998
4998
4998
4998
4998
4998
4998
4998
4998
4998
4998
4998
4998
4998
4998
4998
4998
4998
4998
4998
4998
4998
4998
4998
4998
4998
4998
4998
4998
4998
4998
4998
4998
4998
4998
4998
4998
4998
4998
4998
4998
4998
4998
4998
4998
4998
4998
4998
4998
4998
4998
4998
4998
4998
4998
4998
4998
4998
4998
4998
4998
4998
4998
4998
4998
4998
4998
4998
4998
4998
4998
4998
4998
4998
4998
4998
4998
4998
4998
4998
4998
4998
4998
4998
4998
4998
4998
4998
4998
4998
4998
4998
4998
4998
4998
4998
4998
4998
4998
4998
4998
4998
4998
4998
4998
4998
4998
4998
4998
4998
4998
4998
4998
4998
4998
4998
4998
4998
4998
4998
4998
4998
4998
4998
4998
4998
4998
4998
4998
4998
4998
4998
4998
4998
4998
4998
4998
4998
4998
4998
4998
4998
4998
4998
4998
4998
4998
4998
4998
4998
4998
4998
4998
4998
4998
4998
4998
4998
4998
4998
4998
4998
4998
4998
4998
4998
4998
4998
4998
4998
4998
4998
4998
4998
4998
4998
4998
4998
4998
4998
4998
4998
4998
4998
4998
4998
4998
4998
4998
4998
4998
4998
4998
4998
4998
4998
4998
4998
4998
4998
4998
4998
4998
4998
4998
4998
4998
4998
4998
4998
4998
4998
4998
4998
4998
4998
4998
4998
4998
4998
4998
4998
4998
4998
4998
4998
4998
4998
4998
4998
4998
4998
4998
4998
4998
4998
4998
4998
4998
4998
4998
4998
4998
4998
4998
4998
4998
4998
4998
4998
4998
4998
4998
4998
4998
4998
4998
4998
4998
4998
4998
4998
4998
4998
4998
4998
4998
4998
4998
4998
4998
4998
4998
4998
4998
4998
4998
4998
4998
4998
4998
4998
4998
4998
4998
4998
4998
4998
4998
4998
4998
4998
4998
4998
4998
4998
4998
4998
4998
4998
4998
4998
4998
4998
4998
4998
4998
4998
4998
4998
4998
4998
4998
4998
4998
4998
4998
4998
4998
4998
4998
4998
4998
4998
4998
4998
4998
4998
4998
4998
4998
4998
4998
4998
4998
4998
4998
4998
4998
4998
4998
4998
4998
4998
4998
4998
4998
4998
4998
4998
4998
4998
4998
4998
4998
4998
4998
4998
4998
4998
4998
4998
4998
4998
4998
4998
4998
4998
4998
4998
4998
4998
4998
4998
4998
4998
4998
4998
4998
4998
4998
4998
4998
4998
4998
4998
4998
4998
4998
4998
4998
4998
4998
4998
4998
4998
4998
4998
4998
4998
4998
4998
4998
4998
4998
4998
4998
4998
4998
4998
4998
4998
4998
4998
4998
4998
4998
4998
4998
4998
4998
4998
4998
4998
4998
4998
4998
4998
4998
4998
4998
4998
4998
4998
4998
4998
4998
4998
4998
4998
4998
4998
4998
4998
4998
4998
4998
4998
4998
4998
4998
4998
4998
4998
4998
4998
4998
4998
4998
4998
4998
4998
4998
4998
4998
4998
4998
4998
4998
4998
4998
4998
4998
4998
4998
4998
4998
4998
4998
4998
4998
4998
4998
4998
4998
4998
4998
4998
4998
4998
4998
4998
4998
4998
4998
4998
4998
4998
4998
4998
4998
4998
4998
4998
4998
4998
4998
4998
4998
4998
4998
4998
4998
4998
4998
4998
4998
4998
4998
4998
4998
4998
4998
4998
4998
4998
4998
4998
4998
4998
4998
4998
4998
4998
4998
4998
4998
4998
4998
4998
4998
4998
4998
4998
4998
4998
4998
4998
4998
4998
4998
4998
4998
4998
4998
4998
4998
4998
4998
4998
4998
4998
4998
4998
4998
4998
4998
4998
4998
4998
4998
4998
4998
4998
4998
4998
4998
4998
4998
4998
4998
4998
4998
4998
4998
4998
4998
4998
4998
4998
4998
4998
4998
4998
4998
4998
4998
4998
4998
4998
4998
4998
4998
4998
4998
4998
4998
4998
4998
4998
4998
4998
4998
4998
4998
4998
4998
4998
4998
4998
4998
4998
4998
4998
4998
4998
4998
4998
4998
4998
4998
4998
4998
4998
4998
4998
4998
4998
4998
4998
4998
4998
4998
4998
4998
4998
4998
4998
4998
4998
4998
4998
4998
4998
4998
4998
4998
4998
4998
4998
4998
4998
4998
4998
4998
4998
4998
4998
4998
4998
4998
4998
4998
4998
4998
4998
4998
4998
4998
4998
4998
4998
4998
4998
4998
4998
4998
4998
4998
4998
4998
4998
4998
4998
4998
4998
4998
4998
4998
4998
4998
4998
4998
4998
4998
4998
4998
4998
4998
4998
4998
4998
4998
4998
4998
4998
4998
4998
4998
4998
4998
4998
4998
4998
4998
4998
4998
4998
4998
4998
4998
4998
4998
4998
4998
4998
4998
4998
4998
4998
4998
4998
4998
4998
4998
4998
4998
4998
4998
4998
4998
4998
4998
4998
4998
4998
4998
4998
4998
4998
4998
4998
4998
4998
4998
4998
4998
4998
4998
4998
4998
4998
4998
4998
4998
4998
4998
4998
4998
4998
4998
4998
4998
4998
4998
4998
4998
4998
4998
4998
4998
4998
4998
4998
4998
4998
4998
4998
4998
4998
4998
4998
4998
4998
4998
4998
4998
4998
4998
4998
4998
4998
4998
4998
4998
4998
4998
4998
4998
4998
4998
4998
4998
4998
4998
4998
4998
4998
4998
4998
4998
4998
4998
4998
4998
4998
4998
4998
4998
4998
4998
4998
4998
4998
4998
4998
4998
4998
4998
4998
4998
4998
4998
4998
4998
4998
4998
4998
4998
4998
4998
4998
4998
4998
4998
4998
4998
4998
4998
4998
4998
4998
4998
4998
4998
4998
4998
4998
4998
4998
4998
4998
4998
4998
4998
4998
4998
4998
4998
4998
4998
4998
4998
4998
4998
4998
4998
4998
4998
4998
4998
4998
4998
4998
4998
4998
4998
4998
4998
4998
4998
4998
4998
4998
4998
4998
4998
4998
4998
4998
4998
4998
4998
4998
4998
4998
4998
4998
4998
4998
4998
4998
4998
4998
4998
4998
4998
4998
4998
4998
4998
4998
4998
4998
4998
4998
4998
4998
4998
4998
4998
4998
4998
4998
4998
4998
4998
4998
4998
4998
4998
4998
4998
4998
4998
4998
4998
4998
4998
4998
4998
4998
4998
4998
4998
4998
4998
4998
4998
4998
4998
4998
4998
4998
4998
4998
4998
4998
4998
4998
4998
4998
4998
4998
4998
4998
4998
4998
4998
4998
4998
4998
4998
4998
4998
4998
4998
4998
4998
4998
4998
4998
4998
4998
4998
4998
4998
4998
4998
4998
4998
4998
4998
4998
4998
4998
4998
4998
4998
4998
4998
4998
4998
4998
4998
4998
4998
4998
4998
4998
4998
4998
4998
4998
4998
4998
4998
4998
4998
4998
4998
4998
4998
4998
4998
4998
4998
4998
4998
4998
4998
4998
4998
4998
4998
4998
4998
4998
4998
4998
4998
4998
4998
4998
4998
4998
4998
4998
4998
4998
4998
4998
4998
4998
4998
4998
4998
4998
4998
4998
4998
4998
4998
4998
4998
4998
4998
4998
4998
4998
4998
4998
4998
4998
4998
4998
4998
4998
4998
4998
4998
4998
4998
4998
4998
4998
4998
4998
4998
4998
4998
4998
4998
4998
4998
4998
4998
4998
4998
4998
4998
4998
4998
4998
4998
4998
4998
4998
4998
4998
4998
4998
4998
4998
4998
4998
4998
4998
4998
4998
4998
4998
4998
4998
4998
4998
4998
4998
4998
4998
4998
4998
4998
4998
4998
4998
4998
4998
4998
4998
4998
4998
4998
4998
4998
4998
4998
4998
4998
4998
4998
4998
4998
4998
4998
4998
4998
4998
4998
4998
4998
4998
4998
4998
4998
4998
4998
4998
4998
4998
4998
4998
4998
4998
4998
4998
4998
4998
4998
4998
4998
4998
4998
4998
4998
4998
4998
4998
4998
4998
4998
4998
4998
4998
4998
4998
4998
4998
4998
4998
4998
4998
4998
4998
4998
4998
4998
4998
4998
4998
4998
4998
4998
4998
4998
4998
4998
4998
4998
4998
4998
4998
4998
4998
4998
4998
4998
4998
4998
4998
4998
4998
4998
4998
4998
4998
4998
4998
4998
4998
4998
4998
4998
4998
4998
4998
4998
4998
4998
4998
4998
4998
4998
4998
4998
4998
4998
4998
4998
4998
4998
4998
4998
4998
4998
4998
4998
4998
4998
4998
4998
4998
4998
4998
4998
4998
4998
4998
4998
4998
4998
4998
4998
4998
4998
4998
4998
4998
4998
4998
4998
4998
4998
4998
4998
4998
4998
4998
4998
4998
4998
4998
4998
4998
4998
4998
4998
4998
4998
4998
4998
4998
4998
4998
4998
4998
4998
4998
4998
4998
4998
4998
4998
4998
4998
4998
4998
4998
4998
4998
4998
4998
4998
4998
4998
4998
4998
4998
4998
4998
4998
4998
4998
4998
4998
4998
4998
4998
4998
4998
4998
4998
4998
4998
4998
4998
4998
4998
4998
4998
4998
4998
4998
4998
4998
4998
4998
4998
4998
4998
4998
4998
4998
4998
4998
4998
4998
4998
4998
4998
4998
4998
4998
4998
4998
4998
4998
4998
4998
4998
4998
4998
4998
4998
4998
4998
4998
4998
4998
4998
4998
4998
4998
4998
4998
4998
4998
4998
4998
4998
4998
4998
4998
4998
4998
4998
4998
4998
4998
4998
4998
4998
4998
4998
4998
4998
4998
4998
4998
4998
4998
4998
4998
4998
4998
4998
4998
4998
4998
4998
4998
4998
4998
4998
4998
4998
4998
4998
4998
4998
4998
4998
4998
4998
4998
4998
4998
4998
4998
4998
4998
4998
4998
4998
4998
4998
4998
4998
4998
4998
4998
4998
4998
4998
4998
4998
4998
4998
4998
4998
4998
4998
4998
4998
4998
4998
4998
4998
4998
4998
4998
4998
4998
4998
4998
4998
4998
4998
4998
4998
4998
4998
4998
4998
4998
4998
4998
4998
4998
4998
4998
4998
4998
4998
4998
4998
4998
4998
4998
4998
4998
4998
4998
4998
4998
4998
4998
4998
4998
4998
4998
4998
4998
4998
4998
4998
4998
4998
4998
4998
4998
4998
4998
4998
4998
4998
4998
4998
4998
4998
4998
4998
4998
4998
4998
4998
4998
4998
4998
4998
4998
4998
4998
4998
4998
4998
4998
4998
4998
4998
4998
4998
4998
4998
4998
4998
4998
4998
4998
4998
4998
4998
4998
4998
4998
4998
4998
4998
4998
4998
4998
4998
4998
4998
4998
4998
4998
4998
4998
4998
4998
4998
4998
4998
4998
4998
4998
4998
4998
4998
4998
4998
4998
4998
4998
4998
4998
4998
4998
4998
4998
4998
4998
4998
4998
4998
4998
4998
4998
4998
4998
4998
4998
4998
4998
4998
4998
4998
4998
4998
4998
4998
4998
4998
4998
4998
4998
4998
4998
4998
4998
4998
4998
4998
4998
4998
4998
4998
4998
4998
4998
4998
4998
4998
4998
4998
4998
4998
4998
4998
4998
4998
4998
4998
4998
4998
4998
4998
4998
4998
4998
4998
4998
4998
4998
4998
4998
4998
4998
4998
4998
4998
4998
4998
4998
4998
4998
4998
4998
4998
4998
4998
4998
4998
4998
4998
4998
4998
4998
4998
4998
4998
4998
4998
4998
4998
4998
4998
4998
4998
4998
4998
4998
4998
4998
4998
4998
4998
4998
4998
4998
4998
4998
4998
4998
4998
4998
4998
4998
4998
4998
4998
4998
4998
4998
4998
4998
4998
4998
4998
4998
4998
4998
4998
4998
4998
4998
4998
4998
4998
4998
4998
4998
4998
4998
4998
4998
4998
4998
4998
4998
4998
4998
4998
4998
4998
4998
4998
4998
4998
4998
4998
4998
4998
4998
4998
4998
4998
4998
4998
4998
4998
4998
4998
4998
4998
4998
4998
4998
4998
4998
4998
4998
4998
4998
4998
4998
4998
4998
4998
4998
4998
4998
4998
4998
4998
4998
4998
4998
4998
4998
4998
4998
4998
4998
4998
4998
4998
4998
4998
4998
4998
4998
4998
4998
4998
4998
4998
4998
4998
4998
4998
4998
4998
4998
4998
4998
4998
4998
4998
4998
4998
4998
4998
4998
4998
4998
4998
4998
4998
4998
4998
4998
4998
4998
4998
4998
4998
4998
4998
4998
4998
4998
4998
4998
4998
4998
4998
4998
4998
4998
4998
4998
4998
4998
4998
4998
4998
4998
4998
4998
4998
4998
4998
4998
4998
4998
4998
4998
4998
4998
4998
4998
4998
4998
4998
4998
4998
4998
4998
4998
4998
4998
4998
4998
4998
4998
4998
4998
4998
4998
4998
4998
4998
4998
4998
4998
4998
4998
4998
4998
4998
4998
4998
4998
4998
4998
4998
4998
4998
4998
4998
4998
4998
4998
4998
4998
4998
4998
4998
4998
4998
4998
4998
4998
4998
4998
4998
4998
4998
4998
4998
4998
4998
4998
4998
4998
4998
4998
4998
4998
4998
4998
4998
4998
4998
4998
4998
4998
4998
4998
4998
4998
4998
4998
4998
4998
4998
4998
4998
4998
4998
4998
4998
4998
4998
4998
4998
4998
4998
4998
4998
4998
4998
4998
4998
4998
4998
4998
4998
4998
4998
4998
4998
4998
4998
4998
4998
4998
4998
4998
4998
4998
4998
4998
4998
4998
4998
4998
4998
4998
4998
4998
4998
4998
4998
4998
4998
4998
4998
4998
4998
4998
4998
4998
4998
4998
4998
4998
4998
4998
4998
4998
4998
4998
4998
4998
4998
4998
4998
4998
4998
4998
4998
4998
4998
4998
4998
4998
4998
4998
4998
4998
4998
4998
4998
4998
4998
4998
4998
4998
4998
4998
4998
4998
4998
4998
4998
4998
4998
4998
4998
4998
4998
4998
4998
4998
4998
4998
4998
4998
4998
4998
4998
4998
4998
4998
4998
4998
4998
4998
4998
4998
4998
4998
4998
4998
4998
4998
4998
4998
4998
4998
4998
4998
4998
4998
4998
4998
4998
4998
4998
4998
4998
4998
4998
4998
4998
4998
4998
4998
4998
4998
4998
4998
4998
4998
4998
4998
4998
4998
4998
4998
4998
4998
4998
4998
4998
4998
4998
4998
4998
4998
4998
4998
4998
4998
4998
4998
4998
4998
4998
4998
4998
4998
4998
4998
4998
4998
4998
4998
4998
4998
4998
4998
4998
4998
4998
4998
4998
4998
4998
4998
4998
4998
4998
4998
4998
4998
4998
4998
4998
4998
4998
4998
4998
4998
4998
4998
4998
4998
4998
4998
4998
4998
4998
4998
4998
4998
4998
4998
4998
4998
4998
4998
4998
4998
4998
4998
4998
4998
4998
4998
4998
4998
4998
4998
4998
4998
4998
4998
4998
4998
4998
4998
4998
4998
4998
4998
4998
4998
4998
4998
4998
4998
4998
4998
4998
4998
4998
4998
4998
4998
4998
4998
4998
4998
4998
4998
4998
4998
4998
4998
4998
4998
4998
4998
4998
4998
4998
4998
4998
4998
4998
4998
4998
4998
4998
4998
4998
4998
4998
4998
4998
4998
4998
4998
4998
4998
4998
4998
4998
4998
4998
4998
4998
4998
4998
4998
4998
4998
4998
4998
4998
4998
4998
4998
4998
4998
4998
4998
4998
4998
4998
4998
4998
4998
4998
4998
4998
4998
4998
4998
4998
4998
4998
4998
4998
4998
4998
4998
4998
4998
4998
4998
4998
4998
4998
4998
4998
4998
4998
4998
4998
4998
4998
4998
4998
4998
4998
4998
4998
4998
4998
4998
4998
4998
4998
4998
4998
4998
4998
4998
4998
4998
4998
4998
4998
4998
4998
4998
4998
4998
4998
4998
4998
4998
4998
4998
4998
4998
4998
4998
4998
4998
4998
4998
4998
4998
4998
4998
4998
4998
4998
4998
4998
4998
4998
4998
4998
4998
4998
4998
4998
4998
4998
4998
4998
4998
4998
4998
4998
4998
4998
4998
4998
4998
4998
4998
4998
4998
4998
4998
4998
4998
4998
4998
4998
4998
4998
4998
4998
4998
4998
4998
4998
4998
4998
4998
4998
4998
4998
4998
4998
4998
4998
4998
4998
4998
4998
4998
4998
4998
4998
4998
4998
4998
4998
4998
4998
4998
4998
4998
4998
4998
4998
4998
4998
4998
4998
4998
4998
4998
4998
4998
4998
4998
4998
4998
4998
4998
4998
4998
4998
4998
4998
4998
4998
4998
4998
4998
4998
4998
4998
4998
4998
4998
4998
4998
4998
4998
4998
4998
4998
4998
4998
4998
4998
4998
4998
4998
4998
4998
4998
4998
4998
4998
4998
4998
4998
4998
4998
4998
4998
4998
4998
4998
4998
4998
4998
4998
4998
4998
4998
4998
4998
4998
4998
4998
4998
4998
4998
4998
4998
4998
4998
4998
4998
4998
4998
4998
4998
4998
4998
4998
4998
4998
4998
4998
4998
4998
4998
4998
4998
4998
4998
4998
4998
4998
4998
4998
4998
4998
4998
4998
4998
4998
4998
4998
4998
4998
4998
4998
4998
4998
4998
4998
4998
4998
4998
4998
4998
4998
4998
4998
4998
4998
4998
4998
4998
4998
4998
4998
4998
4998
4998
4998
4998
4998
4998
4998
4998
4998
4998
4998
4998
4998
4998
4998
4998
4998
4998
4998
4998
4998
4998
4998
4998
4998
4998
4998
4998
4998
4998
4998
4998
4998
4998
4998
4998
4998
4998
4998
4998
4998
4998
4998
4998
4998
4998
4998
4998
4998
4998
4998
4998
4998
4998
4998
4998
4998
4998
4998
4998
4998
4998
4998
4998
4998
4998
4998
4998
4998
4998
4998
4998
4998
4998
4998
4998
4998
4998
4998
4998
4998
4998
4998
4998
4998
4998
4998
4998
4998
4998
4998
4998
4998
4998
4998
4998
4998
4998
4998
4998
4998
4998
4998
4998
4998
4998
4998
4998
4998
4998
4998
4998
4998
4998
4998
4998
4998
4998
4998
4998
4998
4998
4998
4998
4998
4998
4998
4998
4998
4998
4998
4998
4998
4998
4998
4998
4998
4998
4998
4998
4998
4998
4998
4998
4998
4998
4998
4998
4998
4998
4998
4998
4998
4998
4998
4998
4998
4998
4998
4998
4998
4998
4998
4998
4998
4998
4998
4998
4998
4998
4998
4998
4998
4998
4998
4998
4998
4998
4998
4998
4998
4998
4998
4998
4998
4998
4998
4998
4998
4998
4998
4998
4998
4998
4998
4998
4998
4998
4998
4998
4998
4998
4998
4998
4998
4998
4998
4998
4998
4998
4998
4998
4998
4998
4998
4998
4998
4998
4998
4998
4998
4998
4998
4998
4998
4998
4998
4998
4998
4998
4998
4998
4998
4998
4998
4998
4998
4998
4998
4998
4998
4998
4998
4998
4998
4998
4998
4998
4998
4998
4998
4998
4998
4998
4998
4998
4998
4998
4998
4998
4998
4998
4998
4998
4998
4998
4998
4998
4998
4998
4998
4998
4998
4998
4998
4998
4998
4998
4998
4998
4998
4998
4998
4998
4998
4998
4998
4998
4998
4998
4998
4998
4998
4998
4998
4998
4998
4998
4998
4998
4998
4998
4998
4998
4998
4998
4998
4998
4998
4998
4998
4998
4998
4998
4998
4998
4998
4998
4998
4998
4998
4998
4998
4998
4998
4998
4998
4998
4998
4998
4998
4998
4998
4998
4998
4998
4998
4998
4998
4998
4998
4998
4998
4998
4998
4998
4998
4998
4998
4998
4998
4998
4998
4998
4998
4998
4998
4998
4998
4998
4998
4998
4998
4998
4998
4998
4998
4998
4998
4998
4998
4998
4998
4998
4998
4998
4998
4998
4998
4998
4998
4998
4998
4998
4998
4998
4998
4998
4998
4998
4998
4998
4998
4998
4998
4998
4998
4998
4998
4998
4998
4998
4998
4998
4998
4998
4998
4998
4998
4998
4998
4998
4998
4998
4998
4998
4998
4998
4998
4998
4998
4998
4998
4998
4998
4998
4998
4998
4998
4998
4998
4998
4998
4998
4998
4998
4998
4998
4998
4998
4998
4998
4998
4998
4998
4998
4998
4998
4998
4998
4998
4998
4998
4998
4998
4998
4998
4998
4998
4998
4998
4998
4998
4998
4998
4998
4998
4998
4998
4998
4998
4998
4998
4998
4998
4998
4998
4998
4998
4998
4998
4998
4998
4998
4998
4998
4998
4998
4998
4998
4998
4998
4998
4998
4998
4998
4998
4998
4998
4998
4998
4998
4998
4998
4998
4998
4998
4998
4998
4998
4998
4998
4998
4998
4998
4998
4998
4998
4998
4998
4998
4998
4998
4998
4998
4998
4998
4998
4998
4998
4998
4998
4998
4998
4998
4998
4998
4998
4998
4998
4998
4998
4998
4998
4998
4998
4998
4998
4998
4998
4998
4998
4998
4998
4998
4998
4998
4998
4998
4998
4998
4998
4998
4998
4998
4998
4998
4998
4998
4998
4998
4998
4998
4998
4998
4998
4998
4998
4998
4998
4998
4998
4998
4998
4998
4998
4998
4998
4998
4998
4998
4998
4998
4998
4998
4998
4998
4998
4998
4998
4998
4998
4998
4998
4998
4998
4998
4998
4998
4998
4998
4998
4998
4998
4998
4998
4998
4998
4998
4998
4998
4998
4998
4998
4998
4998
4998
4998
4998
4998
4998
4998
4998
4998
4998
4998
4998
4998
4998
4998
4998
4998
4998
4998
4998
4998
4998
4998
4998
4998
4998
4998
4998
4998
4998
4998
4998
4998
4998
4998
4998
4998
4998
4998
4998
4998
4998
4998
4998
4998
4998
4998
4998
4998
4998
4998
4998
4998
4998
4998
4998
4998
4998
4998
4998
4998
4998
4998
4998
4998
4998
4998
4998
4998
4998
4998
4998
4998
4998
4998
4998
4998
4998
4998
4998
4998
4998
4998
4998
4998
4998
4998
4998
4998
4998
4998
4998
4998
4998
4998
4998
4998
4998
4998
4998
4998
4998
4998
4998
4998
4998
4998
4998
4998
4998
4998
4998
4998
4998
4998
4998
4998
4998
4998
4998
4998
4998
4998
4998
4998
4998
4998
4998
4998
4998
4998
4998
4998
4998
4998
4998
4998
4998
4998
4998
4998
4998
4998
4998
4998
4998
4998
4998
4998
4998
4998
4998
4998
4998
4998
4998
4998
4998
4998
4998
4998
4998
4998
4998
4998
4998
4998
4998
4998
4998
4998
4998
4998
4998
4998
4998
4998
4998
4998
4998
4998
4998
4998
4998
4998
4998
4998
4998
4998
4998
4998
4998
4998
4998
4998
4998
4998
4998
4998
4998
4998
4998
4998
4998
4998
4998
4998
4998
4998
4998
4998
4998
4998
4998
4998
4998
4998
4998
4998
4998
4998
4998
4998
4998
4998
4998
4998
4998
4998
4998
4998
4998
4998
4998
4998
4998
4998
4998
4998
4998
4998
4998
4998
4998
4998
4998
4998
4998
4998
4998
4998
4998
4998
4998
4998
4998
4998
4998
4998
4998
4998
4998
4998
4998
4998
4998
4998
4998
4998
4998
4998
4998
4998
4998
4998
4998
4998
4998
4998
4998
4998
4998
4998
4998
4998
4998
4998
4998
4998
4998
4998
4998
4998
4998
4998
4998
4998
4998
4998
4998
4998
4998
4998
4998
4998
4998
4998
4998
4998
4998
4998
4998
4998
4998
4998
4998
4998
4998
4998
4998
4998
4998
4998
4998
4998
4998
4998
4998
4998
4998
4998
4998
4998
4998
4998
4998
4998
4998
4998
4998
4998
4998
4998
4998
4998
4998
4998
4998
4998
4998
4998
4998
4998
4998
4998
4998
4998
4998
4998
4998
4998
4998
4998
4998
4998
4998
4998
4998
4998
4998
4998
4998
4998
4998
4998
4998
4998
4998
4998
4998
4998
4998
4998
4998
4998
4998
4998
4998
4998
4998
4998
4998
4998
4998
4998
4998
4998
4998
4998
4998
4998
4998
4998
4998
4998
4998
4998
4998
4998
4998
4998
4998
4998
4998
4998
4998
4998
4998
4998
4998
4998
4998
4998
4998
4998
4998
4998
4998
4998
4998
4998
4998
4998
4998
4998
4998
4998
4998
4998
4998
4998
4998
4998
4998
4998
4998
4998
4998
4998
4998
4998
4998
4998
4998
4998
4998
4998
4998
4998
4998
4998
4998
4998
4998
4998
4998
4998
4998
4998
4998
4998
4998
4998
4998
4998
4998
4998
4998
4998
4998
4998
4998
4998
4998
4998
4998
4998
4998
4998
4998
4998
4998
4998
4998
4998
4998
4998
4998
4998
4998
4998
4998
4998
4998
4998
4998
4998
4998
4998
4998
4998
4998
4998
4998
4998
4998
4998
4998
4998
4998
4998
4998
4998
4998
4998
4998
4998
4998
4998
4998
4998
4998
4998
4998
4998
4998
4998
4998
4998
4998
4998
4998
4998
4998
4998
4998
4998
4998
4998
4998
4998
4998
4998
4998
4998
4998
4998
4998
4998
4998
4998
4998
4998
4998
4998
4998
4998
4998
4998
4998
4998
4998
4998
4998
4998
4998
4998
4998
4998
4998
4998
4998
4998
4998
4998
4998
4998
4998
4998
4998
4998
4998
4998
4998
4998
4998
4998
4998
4998
4998
4998
4998
4998
4998
4998
4998
4998
4998
4998
4998
4998
4998
4998
4998
4998
4998
4998
4998
4998
4998
4998
4998
4998
4998
4998
4998
4998
4998
4998
4998
4998
4998
4998
4998
4998
4998
4998
4998
4998
4998
4998
4998
4998
4998
4998
4998
4998
4998
4998
4998
4998
4998
4998
4998
4998
4998
4998
4998
4998
4998
4998
4998
4998
4998
4998
4998
4998
4998
4998
4998
4998
4998
4998
4998
4998
4998
4998
4998
4998
4998
4998
4998
4998
4998
4998
4998
4998
4998
4998
4998
4998
4998
4998
4998
4998
4998
4998
4998
4998
4998
4998
4998
4998
4998
4998
4998
4998
4998
4998
4998
4998
4998
4998
4998
4998
4998
4998
4998
4998
4998
4998
4998
4998
4998
4998
4998
4998
4998
4998
4998
4998
4998
4998
4998
4998
4998
4998
4998
4998
4998
4998
4998
4998
4998
4998
4998
4998
4998
4998
4998
4998
4998
4998
4998
4998
4998
4998
4998
4998
4998
4998
4998
4998
4998
4998
4998
4998
4998
4998
4998
4998
4998
4998
4998
4998
4998
4998
4998
4998
4998
4998
4998
4998
4998
4998
4998
4998
4998
4998
4998
4998
4998
4998
4998
4998
4998
4998
4998
4998
4998
4998
4998
4998
4998
4998
4998
4998
4998
4998
4998
4998
4998
4998
4998
4998
4998
4998
4998
4998
4998
4998
4998
4998
4998
4998
4998
4998
4998
4998
4998
4998
4998
4998
4998
4998
4998
4998
4998
4998
4998
4998
4998
4998
4998
4998
4998
4998
4998
4998
4998
4998
4998
4998
4998
4998
4998
4998
4998
4998
4998
4998
4998
4998
4998
4998
4998
4998
4998
4998
4998
4998
4998
4998
4998
4998
4998
4998
4998
4998
4998
4998
4998
4998
4998
4998
4998
4998
4998
4998
4998
4998
4998
4998
4998
4998
4998
4998
4998
4998
4998
4998
4998
4998
4998
4998
4998
4998
4998
4998
4998
4998
4998
4998
4998
4998
4998
4998
4998
4998
4998
4998
4998
4998
4998
4998
4998
4998
4998
4998
4998
4998
4998
4998
4998
4998
4998
4998
4998
4998
4998
4998
4998
4998
4998
4998
4998
4998
4998
4998
4998
4998
4998
4998
4998
4998
4998
4998
4998
4998
4998
4998
4998
4998
4998
4998
4998
4998
4998
4998
4998
4998
4998
4998
4998
4998
4998
4998
4998
4998
4998
4998
4998
4998
4998
4998
4998
4998
4998
4998
4998
4998
4998
4998
4998
4998
4998
4998
4998
4998
4998
4998
4998
4998
4998
4998
4998
4998
4998
4998
4998
4998
4998
4998
4998
4998
4998
4998
4998
4998
4998
4998
4998
4998
4998
4998
4998
4998
4998
4998
4998
4998
4998
4998
4998
4998
4998
4998
4998
4998
4998
4998
4998
4998
4998
4998
4998
4998
4998
4998
4998
4998
4998
4998
4998
4998
4998
4998
4998
4998
4998
4998
4998
4998
4998
4998
4998
4998
4998
4998
4998
4998
4998
4998
4998
4998
4998
4998
4998
4998
4998
4998
4998
4998
4998
4998
4998
4998
4998
4998
4998
4998
4998
4998
4998
4998
4998
4998
4998
4998
4998
4998
4998
4998
4998
4998
4998
4998
4998
4998
4998
4998
4998
4998
4998
4998
4998
4998
4998
4998
4998
4998
4998
4998
4998
4998
4998
4998
4998
4998
4998
4998
4998
4998
4998
4998
4998
4998
4998
4998
4998
4998
4998
4998
4998
4998
4998
4998
4998
4998
4998
4998
4998
4998
4998
4998
4998
4998
4998
4998
4998
4998
4998
4998
4998
4998
4998
4998
4998
4998
4998
4998
4998
4998
4998
4998
4998
4998
4998
4998
4998
4998
4998
4998
4998
4998
4998
4998
4998
4998
4998
4998
4998
4998
4998
4998
4998
4998
4998
4998
4998
4998
4998
4998
4998
4998
4998
4998
4998
4998
4998
4998
4998
4998
4998
4998
4998
4998
4998
4998
4998
4998
4998
4998
4998
4998
4998
4998
4998
4998
4998
4998
4998
4998
4998
4998
4998
4998
4998
4998
4998
4998
4998
4998
4998
4998
4998
4998
4998
4998
4998
4998
4998
4998
4998
4998
4998
4998
4998
4998
4998
4998
4998
4998
4998
4998
4998
4998
4998
4998
4998
4998
4998
4998
4998
4998
4998
4998
4998
4998
4998
4998
4998
4998
4998
4998
4998
4998
4998
4998
4998
4998
4998
4998
4998
4998
4998
4998
4998
4998
4998
4998
4998
4998
4998
4998
4998
4998
4998
4998
4998
4998
4998
4998
4998
4998
4998
4998
4998
4998
4998
4998
4998
4998
4998
4998
4998
4998
4998
4998
4998
4998
4998
4998
4998
4998
4998
4998
4998
4998
4998
4998
4998
4998
4998
4998
4998
4998
4998
4998
4998
4998
4998
4998
4998
4998
4998
4998
4998
4998
4998
4998
4998
4998
4998
4998
4998
4998
4998
4998
4998
4998
4998
4998
4998
4998
4998
4998
4998
4998
4998
4998
4998
4998
4998
4998
4998
4998
4998
4998
4998
4998
4998
4998
4998
4998
4998
4998
4998
4998
4998
4998
4998
4998
4998
4998
4998
4998
4998
4998
4998
4998
4998
4998
4998
4998
4998
4998
4998
4998
4998
4998
4998
4998
4998
4998
4998
4998
4998
4998
4998
4998
4998
4998
4998
4998
4998
4998
4998
4998
4998
4998
4998
4998
4998
4998
4998
4998
4998
4998
4998
4998
4998
4998
4998
4998
4998
4998
4998
4998
4998
4998
4998
4998
4998
4998
4998
4998
4998
4998
4998
4998
4998
4998
4998
4998
4998
4998
4998
4998
4998
4998
4998
4998
4998
4998
4998
4998
4998
4998
4998
4998
4998
4998
4998
4998
4998
4998
4998
4998
4998
4998
4998
4998
4998
4998
4998
4998
4998
4998
4998
4998
4998
4998
4998
4998
4998
4998
4998
4998
4998
4998
4998
4998
4998
4998
4998
4998
4998
4998
4998
4998
4998
4998
4998
4998
4998
4998
4998
4998
4998
4998
4998
4998
4998
4998
4998
4998
4998
4998
4998
4998
4998
4998
4998
4998
4998
4998
4998
4998
4998
4998
4998
4998
4998
4998
4998
4998
4998
4998
4998
4998
4998
4998
4998
4998
4998
4998
4998
4998
4998
4998
4998
4998
4998
4998
4998
4998
4998
4998
4998
4998
4998
4998
4998
4998
4998
4998
4998
4998
4998
4998
4998
4998
4998
4998
4998
4998
4998
4998
4998
4998
4998
4998
4998
4998
4998
4998
4998
4998
4998
4998
4998
4998
4998
4998
4998
4998
4998
4998
4998
4998
4998
4998
4998
4998
4998
4998
4998
4998
4998
4998
4998
4998
4998
4998
4998
4998
4998
4998
4998
4998
4998
4998
4998
4998
4998
4998
4998
4998
4998
4998
4998
4998
4998
4998
4998
4998
4998
4998
4998
4998
4998
4998
4998
4998
4998
4998
4998
4998
4998
4998
4998
4998
4998
4998
4998
4998
4998
4998
4998
4998
4998
4998
4998
4998
4998
4998
4998
4998
4998
4998
4998
4998
4998
4998
4998
4998
4998
4998
4998
4998
4998
4998
4998
4998
4998
4998
4998
4998
4998
4998
4998
4998
4998
4998
4998
4998
4998
4998
4998
4998
4998
4998
4998
4998
4998
4998
4998
4998
4998
4998
4998
4998
4998
4998
4998
4998
4998
4998
4998
4998
4998
4998
4998
4998
4998
4998
4998
4998
4998
4998
4998
4998
4998
4998
4998
4998
4998
4998
4998
4998
4998
4998
4998
4998
4998
4998
4998
4998
4998
4998
4998
4998
4998
4998
4998
4998
4998
4998
4998
4998
4998
4998
4998
4998
4998
4998
4998
4998
4998
4998
4998
4998
4998
4998
4998
4998
4998
4998
4998
4998
4998
4998
4998
4998
4998
4998
4998
4998
4998
4998
4998
4998
4998
4998
4998
4998
4998
4998
4998
4998
4998
4998
4998
4998
4998
4998
4998
4998
4998
4998
4998
4998
4998
4998
4998
4998
4998
4998
4998
4998
4998
4998
4998
4998
4998
4998
4998
4998
4998
4998
4998
4998
4998
4998
4998
4998
4998
4998
4998
4998
4998
4998
4998
4998
4998
4998
4998
4998
4998
4998
4998
4998
4998
4998
4998
4998
4998
4998
4998
4998
4998
4998
4998
4998
4998
4998
4998
4998
4998
4998
4998
4998
4998
4998
4998
4998
4998
4998
4998
4998
4998
4998
4998
4998
4998
4998
4998
4998
4998
4998
4998
4998
4998
4998
4998
4998
4998
4998
4998
4998
4998
4998
4998
4998
4998
4998
4998
4998
4998
4998
4998
4998
4998
4998
4998
4998
4998
4998
4998
4998
4998
4998
4998
4998
4998
4998
4998
4998
4998
4998
4998
4998
4998
4998
4998
4998
4998
4998
4998
4998
4998
4998
4998
4998
4998
4998
4998
4998
4998
4998
4998
4998
4998
4998
4998
4998
4998
4998
4998
4998
4998
4998
4998
4998
4998
4998
4998
4998
4998
4998
4998
4998
4998
4998
4998
4998
4998
4998
4998
4998
4998
4998
4998
4998
4998
4998
4998
4998
4998
4998
4998
4998
4998
4998
4998
4998
4998
4998
4998
4998
4998
4998
4998
4998
4998
4998
4998
4998
4998
4998
4998
4998
4998
4998
4998
4998
4998
4998
4998
4998
4998
4998
4998
4998
4998
4998
4998
4998
4998
4998
4998
4998
4998
4998
4998
4998
4998
4998
4998
4998
4998
4998
4998
4998
4998
4998
4998
4998
4998
4998
4998
4998
4998
4998
4998
4998
4998
4998
4998
4998
4998
4998
4998
4998
4998
4998
4998
4998
4998
4998
4998
4998
4998
4998
4998
4998
4998
4998
4998
4998
4998
4998
4998
4998
4998
4998
4998
4998
4998
4998
4998
4998
4998
4998
4998
4998
4998
4998
4998
4998
4998
4998
4998
4998
4998
4998
4998
4998
4998
4998
4998
4998
4998
4998
4998
4998
4998
4998
4998
4998
4998
4998
4998
4998
4998
4998
4998
4998
4998
4998
4998
4998
4998
4998
4998
4998
4998
4998
4998
4998
4998
4998
4998
4998
4998
4998
4998
4998
4998
4998
4998
4998
4998
4998
4998
4998
4998
4998
4998
4998
4998
4998
4998
4998
4998
4998
4998
4998
4998
4998
4998
4998
4998
4998
4998
4998
4998
4998
4998
4998
4998
4998
4998
4998
4998
4998
4998
4998
4998
4998
4998
4998
4998
4998
4998
4998
4998
4998
4998
4998
4998
4998
4998
4998
4998
4998
4998
4998
4998
4998
4998
4998
4998
4998
4998
4998
4998
4998
4998
4998
4998
4998
4998
4998
4998
4998
4998
4998
4998
4998
4998
4998
4998
4998
4998
4998
4998
4998
4998
4998
4998
4998
4998
4998
4998
4998
4998
4998
4998
4998
4998
4998
4998
4998
4998
4998
4998
4998
4998
4998
4998
4998
4998
4998
4998
4998
4998
4998
4998
4998
4998
4998
4998
4998
4998
4998
4998
4998
4998
4998
4998
4998
4998
4998
4998
4998
4998
4998
4998
4998
4998
4998
4998
4998
4998
4998
4998
4998
4998
4998
4998
4998
4998
4998
4998
4998
4998
4998
4998
4998
4998
4998
4998
4998
4998
4998
4998
4998
4998
4998
4998
4998
4998
4998
4998
4998
4998
4998
4998
4998
4998
4998
4998
4998
4998
4998
4998
4998
4998
4998
4998
4998
4998
4998
4998
4998
4998
4998
4998
4998
4998
4998
4998
4998
4998
4998
4998
4998
4998
4998
4998
4998
4998
4998
4998
4998
4998
4998
4998
4998
4998
4998
4998
4998
4998
4998
4998
4998
4998
4998
4998
4998
4998
4998
4998
4998
4998
4998
4998
4998
4998
4998
4998
4998
4998
4998
4998
4998
4998
4998
4998
4998
4998
4998
4998
4998
4998
4998
4998
4998
4998
4998
4998
4998
4998
4998
4998
4998
4998
4998
4998
4998
4998
4998
4998
4998
4998
4998
4998
4998
4998
4998
4998
4998
4998
4998
4998
4998
4998
4998
4998
4998
4998
4998
4998
4998
4998
4998
4998
4998
4998
4998
4998
4998
4998
4998
4998
4998
4998
4998
4998
4998
4998
4998
4998
4998
4998
4998
4998
4998
4998
4998
4998
4998
4998
4998
4998
4998
4998
4998
4998
4998
4998
4998
4998
4998
4998
4998
4998
4998
4998
4998
4998
4998
4998
4998
4998
4998
4998
4998
4998
4998
4998
4998
4998
4998
4998
4998
4998
4998
4998
4998
4998
4998
4998
4998
4998
4998
4998
4998
4998
4998
4998
4998
4998
4998
4998
4998
4998
4998
4998
4998
4998
4998
4998
4998
4998
4998
4998
4998
4998
4998
4998
4998
4998
4998
4998
4998
4998
4998
4998
4998
4998
4998
4998
4998
4998
4998
4998
4998
4998
4998
4998
4998
4998
4998
4998
4998
4998
4998
4998
4998
4998
4998
4998
4998
4998
4998
4998
4998
4998
4998
4998
4998
4998
4998
4998
4998
4998
4998
4998
4998
4998
4998
4998
4998
4998
4998
4998
4998
4998
4998
4998
4998
4998
4998
4998
4998
4998
4998
4998
4998
4998
4998
4998
4998
4998
4998
4998
4998
4998
4998
4998
4998
4998
4998
4998
4998
4998
4998
4998
4998
4998
4998
4998
4998
4998
4998
4998
4998
4998
4998
4998
4998
4998
4998
4998
4998
4998
4998
4998
4998
4998
4998
4998
4998
4998
4998
4998
4998
4998
4998
4998
4998
4998
4998
4998
4998
4998
4998
4998
4998
4998
4998
4998
4998
4998
4998
4998
4998
4998
4998
4998
4998
4998
4998
4998
4998
4998
4998
4998
4998
4998
4998
4998
4998
4998
4998
4998
4998
4998
4998
4998
4998
4998
4998
4998
4998
4998
4998
4998
4998
4998
4998
4998
4998
4998
4998
4998
4998
4998
4998
4998
4998
4998
4998
4998
4998
4998
4998
4998
4998
4998
4998
4998
4998
4998
4998
4998
4998
4998
4998
4998
4998
4998
4998
4998
4998
4998
4998
4998
4998
4998
4998
4998
4998
4998
4998
4998
4998
4998
4998
4998
4998
4998
4998
4998
4998
4998
4998
4998
4998
4998
4998
4998
4998
4998
4998
4998
4998
4998
4998
4998
4998
4998
4998
4998
4998
4998
4998
4998
4998
4998
4998
4998
4998
4998
4998
4998
4998
4998
4998
4998
4998
4998
4998
4998
4998
4998
4998
4998
4998
4998
4998
4998
4998
4998
4998
4998
4998
4998
4998
4998
4998
4998
4998
4998
4998
4998
4998
4998
4998
4998
4998
4998
4998
4998
4998
4998
4998
4998
4998
4998
4998
4998
4998
4998
4998
4998
4998
4998
4998
4998
4998
4998
4998
4998
4998
4998
4998
4998
4998
4998
4998
4998
4998
4998
4998
4998
4998
4998
4998
4998
4998
4998
4998
4998
4998
4998
4998
4998
4998
4998
4998
4998
4998
4998
4998
4998
4998
4998
4998
4998
4998
4998
4998
4998
4998
4998
4998
4998
4998
4998
4998
4998
4998
4998
4998
4998
4998
4998
4998
4998
4998
4998
4998
4998
4998
4998
4998
4998
4998
4998
4998
4998
4998
4998
4998
4998
4998
4998
4998
4998
4998
4998
4998
4998
4998
4998
4998
4998
4998
4998
4998
4998
4998
4998
4998
4998
4998
4998
4998
4998
4998
4998
4998
4998
4998
4998
4998
4998
4998
4998
4998
4998
4998
4998
4998
4998
4998
4998
4998
4998
4998
4998
4998
4998
4998
4998
4998
4998
4998
4998
4998
4998
4998
4998
4998
4998
4998
4998
4998
4998
4998
4998
4998
4998
4998
4998
4998
4998
4998
4998
4998
4998
4998
4998
4998
4998
4998
4998
4998
4998
4998
4998
4998
4998
4998
4998
4998
4998
4998
4998
4998
4998
4998
4998
4998
4998
4998
4998
4998
4998
4998
4998
4998
4998
4998
4998
4998
4998
4998
4998
4998
4998
4998
4998
4998
4998
4998
4998
4998
4998
4998
4998
4998
4998
4998
4998
4998
4998
4998
4998
4998
4998
4998
4998
4998
4998
4998
4998
4998
4998
4998
4998
4998
4998
4998
4998
4998
4998
4998
4998
4998
4998
4998
4998
4998
4998
4998
4998
4998
4998
4998
4998
4998
4998
4998
4998
4998
4998
4998
4998
4998
4998
4998
4998
4998
4998
4998
4998
4998
4998
4998
4998
4998
4998
4998
4998
4998
4998
4998
4998
4998
4998
4998
4998
4998
4998
4998
4998
4998
4998
4998
4998
4998
4998
4998
4998
4998
4998
4998
4998
4998
4998
4998
4998
4998
4998
4998
4998
4998
4998
4998
4998
4998
4998
4998
4998
4998
4998
4998
4998
4998
4998
4998
4998
4998
4998
4998
4998
4998
4998
4998
4998
4998
4998
4998
4998
4998
4998
4998
4998
4998
4998
4998
4998
4998
4998
4998
4998
4998
4998
4998
4998
4998
4998
4998
4998
4998
4998
4998
4998
4998
4998
4998
4998
4998
4998
4998
4998
4998
4998
4998
4998
4998
4998
4998
4998
4998
4998
4998
4998
4998
4998
4998
4998
4998
4998
4998
4998
4998
4998
4998
4998
4998
4998
4998
4998
4998
4998
4998
4998
4998
4998
4998
4998
4998
4998
4998
4998
4998
4998
4998
4998
4998
4998
4998
4998
4998
4998
4998
4998
4998
4998
4998
4998
4998
4998
4998
4998
4998
4998
4998
4998
4998
4998
4998
4998
4998
4998
4998
4998
4998
4998
4998
4998
4998
4998
4998
4998
4998
4998
4998
4998
4998
4998
4998
4998
4998
4998
4998
4998
4998
4998
4998
4998
4998
4998
4998
4998
4998
4998
4998
4998
4998
4998
4998
4998
4998
4998
4998
4998
4998
4998
4998
4998
4998
4998
4998
4998
4998
4998
4998
4998
4998
4998
4998
4998
4998
4998
4998
4998
4998
4998
4998
4998
4998
4998
4998
4998
4998
4998
4998
4998
4998
4998
4998
4998
4998
4998
4998
4998
4998
4998
4998
4998
4998
4998
4998
4998
4998
4998
4998
4998
4998
4998
4998
4998
4998
4998
4998
4998
4998
4998
4998
4998
4998
4998
4998
4998
4998
4998
4998
4998
4998
4998
4998
4998
4998
4998
4998
4998
4998
4998
4998
4998
4998
4998
4998
4998
4998
4998
4998
4998
4998
4998
4998
4998
4998
4998
4998
4998
4998
4998
4998
4998
4998
4998
4998
4998
4998
4998
4998
4998
4998
4998
4998
4998
4998
4998
4998
4998
4998
4998
4998
4998
4998
4998
4998
4998
4998
4998
4998
4998
4998
4998
4998
4998
4998
4998
4998
4998
4998
4998
4998
4998
4998
4998
4998
4998
4998
4998
4998
4998
4998
4998
4998
4998
4998
4998
4998
4998
4998
4998
4998
4998
4998
4998
4998
4998
4998
4998
4998
4998
4998
4998
4998
4998
4998
4998
4998
4998
4998
4998
4998
4998
4998
4998
4998
4998
4998
4998
4998
4998
4998
4998
4998
4998
4998
4998
4998
4998
4998
4998
4998
4998
4998
4998
4998
4998
4998
4998
4998
4998
4998
4998
4998
4998
4998
4998
4998
4998
4998
4998
4998
4998
4998
4998
4998
4998
4998
4998
4998
4998
4998
4998
4998
4998
4998
4998
4998
4998
4998
4998
4998
4998
4998
4998
4998
4998
4998
4998
4998
4998
4998
4998
4998
4998
4998
4998
4998
4998
4998
4998
4998
4998
4998
4998
4998
4998
4998
4998
4998
4998
4998
4998
4998
4998
4998
4998
4998
4998
4998
4998
4998
4998
4998
4998
4998
4998
4998
4998
4998
4998
4998
4998
4998
4998
4998
4998
4998
4998
4998
4998
4998
4998
4998
4998
4998
4998
4998
4998
4998
4998
4998
4998
4998
4998
4998
4998
4998
4998
4998
4998
4998
4998
4998
4998
4998
4998
4998
4998
4998
4998
4998
4998
4998
4998
4998
4998
4998
4998
4998
4998
4998
4998
4998
4998
4998
4998
4998
4998
4998
4998
4998
4998
4998
4998
4998
4998
4998
4998
4998
4998
4998
4998
4998
4998
4998
4998
4998
4998
4998
4998
4998
4998
4998
4998
4998
4998
4998
4998
4998
4998
4998
4998
4998
4998
4998
4998
4998
4998
4998
4998
4998
4998
4998
4998
4998
4998
4998
4998
4998
4998
4998
4998
4998
4998
4998
4998
4998
4998
4998
4998
4998
4998
4998
4998
4998
4998
4998
4998
4998
4998
4998
4998
4998
4998
4998
4998
4998
4998
4998
4998
4998
4998
4998
4998
4998
4998
4998
4998
4998
4998
4998
4998
4998
4998
4998
4998
4998
4998
4998
4998
4998
4998
4998
4998
4998
4998
4998
4998
4998
4998
4998
4998
4998
4998
4998
4998
4998
4998
4998
4998
4998
4998
4998
4998
4998
4998
4998
4998
4998
4998
4998
4998
4998
4998
4998
4998
4998
4998
4998
4998
4998
4998
4998
4998
4998
4998
4998
4998
4998
4998
4998
4998
4998
4998
4998
4998
4998
4998
4998
4998
4998
4998
4998
4998
4998
4998
4998
4998
4998
4998
4998
4998
4998
4998
4998
4998
4998
4998
4998
4998
4998
4998
4998
4998
4998
4998
4998
4998
4998
4998
4998
4998
4998
4998
4998
4998
4998
4998
4998
4998
4998
4998
4998
4998
4998
4998
4998
4998
4998
4998
4998
4998
4998
4998
4998
4998
4998
4998
4998
4998
4998
4998
4998
4998
4998
4998
4998
4998
4998
4998
4998
4998
4998
4998
4998
4998
4998
4998
4998
4998
4998
4998
4998
4998
4998
4998
4998
4998
4998
4998
4998
4998
4998
4998
4998
4998
4998
4998
4998
4998
4998
4998
4998
4998
4998
4998
4998
4998
4998
4998
4998
4998
4998
4998
4998
4998
4998
4998
4998
4998
4998
4998
4998
4998
4998
4998
4998
4998
4998
4998
4998
4998
4998
4998
4998
4998
4998
4998
4998
4998
4998
4998
4998
4998
4998
4998
4998
4998
4998
4998
4998
4998
4998
4998
4998
4998
4998
4998
4998
4998
4998
4998
4998
4998
4998
4998
4998
4998
4998
4998
4998
4998
4998
4998
4998
4998
4998
4998
4998
4998
4998
4998
4998
4998
4998
4998
4998
4998
4998
4998
4998
4998
4998
4998
4998
4998
4998
4998
4998
4998
4998
4998
4998
4998
4998
4998
4998
4998
4998
4998
4998
4998
4998
4998
4998
4998
4998
4998
4998
4998
4998
4998
4998
4998
4998
4998
4998
4998
4998
4998
4998
4998
4998
4998
4998
4998
4998
4998
4998
4998
4998
4998
4998
4998
4998
4998
4998
4998
4998
4998
4998
4998
4998
4998
4998
4998
4998
4998
4998
4998
4998
4998
4998
4998
4998
4998
4998
4998
4998
4998
4998
4998
4998
4998
4998
4998
4998
4998
4998
4998
4998
4998
4998
4998
4998
4998
4998
4998
4998
4998
4998
4998
4998
4998
4998
4998
4998
4998
4998
4998
4998
4998
4998
4998
4998
4998
4998
4998
4998
4998
4998
4998
4998
4998
4998
4998
4998
4998
4998
4998
4998
4998
4998
4998
4998
4998
4998
4998
4998
4998
4998
4998
4998
4998
4998
4998
4998
4998
4998
4998
4998
4998
4998
4998
4998
4998
4998
4998
4998
4998
4998
4998
4998
4998
4998
4998
4998
4998
4998
4998
4998
4998
4998
4998
4998
4998
4998
4998
4998
4998
4998
4998
4998
4998
4998
4998
4998
4998
4998
4998
4998
4998
4998
4998
4998
4998
4998
4998
4998
4998
4998
4998
4998
4998
4998
4998
4998
4998
4998
4998
4998
4998
4998
4998
4998
4998
4998
4998
4998
4998
4998
4998
4998
4998
4998
4998
4998
4998
4998
4998
4998
4998
4998
4998
4998
4998
4998
4998
4998
4998
4998
4998
4998
4998
4998
4998
4998
4998
4998
4998
4998
4998
4998
4998
4998
4998
4998
4998
4998
4998
4998
4998
4998
4998
4998
4998
4998
4998
4998
4998
4998
4998
4998
4998
4998
4998
4998
4998
4998
4998
4998
4998
4998
4998
4998
4998
4998
4998
4998
4998
4998
4998
4998
4998
4998
4998
4998
4998
4998
4998
4998
4998
4998
4998
4998
4998
4998
4998
4998
4998
4998
4998
4998
4998
4998
4998
4998
4998
4998
4998
4998
4998
4998
4998
4998
4998
4998
4998
4998
4998
4998
4998
4998
4998
4998
4998
4998
4998
4998
4998
4998
4998
4998
4998
4998
4998
4998
4998
4998
4998
4998
4998
4998
4998
4998
4998
4998
4998
4998
4998
4998
4998
4998
4998
4998
4998
4998
4998
4998
4998
4998
4998
4998
4998
4998
4998
4998
4998
4998
4998
4998
4998
4998
4998
4998
4998
4998
4998
4998
4998
4998
4998
4998
4998
4998
4998
4998
4998
4998
4998
4998
4998
4998
4998
4998
4998
4998
4998
4998
4998
4998
4998
4998
4998
4998
4998
4998
4998
4998
4998
4998
4998
4998
4998
4998
4998
4998
4998
4998
4998
4998
4998
4998
4998
4998
4998
4998
4998
4998
4998
4998
4998
4998
4998
4998
4998
4998
4998
4998
4998
4998
4998
4998
4998
4998
4998
4998
4998
4998
4998
4998
4998
4998
4998
4998
4998
4998
4998
4998
4998
4998
4998
4998
4998
4998
4998
4998
4998
4998
4998
4998
4998
4998
4998
4998
4998
4998
4998
4998
4998
4998
4998
4998
4998
4998
4998
4998
4998
4998
4998
4998
4998
4998
4998
4998
4998
4998
4998
4998
4998
4998
4998
4998
4998
4998
4998
4998
4998
4998
4998
4998
4998
4998
4998
4998
4998
4998
4998
4998
4998
4998
4998
4998
4998
4998
4998
4998
4998
4998
4998
4998
4998
4998
4998
4998
4998
4998
4998
4998
4998
4998
4998
4998
4998
4998
4998
4998
4998
4998
4998
4998
4998
4998
4998
4998
4998
4998
4998
4998
4998
4998
4998
4998
4998
4998
4998
4998
4998
4998
4998
4998
4998
4998
4998
4998
4998
4998
4998
4998
4998
4998
4998
4998
4998
4998
4998
4998
4998
4998
4998
4998
4998
4998
4998
4998
4998
4998
4998
4998
4998
4998
4998
4998
4998
4998
4998
4998
4998
4998
4998
4998
4998
4998
4998
4998
4998
4998
4998
4998
4998
4998
4998
4998
4998
4998
4998
4998
4998
4998
4998
4998
4998
4998
4998
4998
4998
4998
4998
4998
4998
4998
4998
4998
4998
4998
4998
4998
4998
4998
4998
4998
4998
4998
4998
4998
4998
4998
4998
4998
4998
4998
4998
4998
4998
4998
4998
4998
4998
4998
4998
4998
4998
4998
4998
4998
4998
4998
4998
4998
4998
4998
4998
4998
4998
4998
4998
4998
4998
4998
4998
4998
4998
4998
4998
4998
4998
4998
4998
4998
4998
4998
4998
4998
4998
4998
4998
4998
4998
4998
4998
4998
4998
4998
4998
4998
4998
4998
4998
4998
4998
4998
4998
4998
4998
4998
4998
4998
4998
4998
4998
4998
4998
4998
4998
4998
4998
4998
4998
4998
4998
4998
4998
4998
4998
4998
4998
4998
4998
4998
4998
4998
4998
4998
4998
4998
4998
4998
4998
4998
4998
4998
4998
4998
4998
4998
4998
4998
4998
4998
4998
4998
4998
4998
4998
4998
4998
4998
4998
4998
4998
4998
4998
4998
4998
4998
4998
4998
4998
4998
4998
4998
4998
4998
4998
4998
4998
4998
4998
4998
4998
4998
4998
4998
4998
4998
4998
4998
4998
4998
4998
4998
4998
4998
4998
4998
4998
4998
4998
4998
4998
4998
4998
4998
4998
4998
4998
4998
4998
4998
4998
4998
4998
4998
4998
4998
4998
4998
4998
4998
4998
4998
4998
4998
4998
4998
4998
4998
4998
4998
4998
4998
4998
4998
4998
4998
4998
4998
4998
4998
4998
4998
4998
4998
4998
4998
4998
4998
4998
4998
4998
4998
4998
4998
4998
4998
4998
4998
4998
4998
4998
4998
4998
4998
4998
4998
4998
4998
4998
4998
4998
4998
4998
4998
4998
4998
4998
4998
4998
4998
4998
4998
4998
4998
4998
4998
4998
4998
4998
4998
4998
4998
4998
4998
4998
4998
4998
4998
4998
4998
4998
4998
4998
4998
4998
4998
4998
4998
4998
4998
4998
4998
4998
4998
4998
4998
4998
4998
4998
4998
4998
4998
4998
4998
4998
4998
4998
4998
4998
4998
4998
4998
4998
4998
4998
4998
4998
4998
4998
4998
4998
4998
4998
4998
4998
4998
4998
4998
4998
4998
4998
4998
4998
4998
4998
4998
4998
4998
4998
4998
4998
4998
4998
4998
4998
4998
4998
4998
4998
4998
4998
4998
4998
4998
4998
4998
4998
4998
4998
4998
4998
4998
4998
4998
4998
4998
4998
4998
4998
4998
4998
4998
4998
4998
4998
4998
4998
4998
4998
4998
4998
4998
4998
4998
4998
4998
4998
4998
4998
4998
4998
4998
4998
4998
4998
4998
4998
4998
4998
4998
4998
4998
4998
4998
4998
4998
4998
4998
4998
4998
4998
4998
4998
4998
4998
4998
4998
4998
4998
4998
4998
4998
4998
4998
4998
4998
4998
4998
4998
4998
4998
4998
4998
4998
4998
4998
4998
4998
4998
4998
4998
4998
4998
4998
4998
4998
4998
4998
4998
4998
4998
4998
4998
4998
4998
4998
4998
4998
4998
4998
4998
4998
4998
4998
4998
4998
4998
4998
4998
4998
4998
4998
4998
4998
4998
4998
4998
4998
4998
4998
4998
4998
4998
4998
4998
4998
4998
4998
4998
4998
4998
4998
4998
4998
4998
4998
4998
4998
4998
4998
4998
4998
4998
4998
4998
4998
4998
4998
4998
4998
4998
4998
4998
4998
4998
4998
4998
4998
4998
4998
4998
4998
4998
4998
4998
4998
4998
4998
4998
4998
4998
4998
4998
4998
4998
4998
4998
4998
4998
4998
4998
4998
4998
4998
4998
4998
4998
4998
4998
4998
4998
4998
4998
4998
4998
4998
4998
4998
4998
4998
4998
4998
4998
4998
4998
4998
4998
4998
4998
4998
4998
4998
4998
4998
4998
4998
4998
4998
4998
4998
4998
4998
4998
4998
4998
4998
4998
4998
4998
4998
4998
4998
4998
4998
4998
4998
4998
4998
4998
4998
4998
4998
4998
4998
4998
4998
4998
4998
4998
4998
4998
4998
4998
4998
4998
4998
4998
4998
4998
4998
4998
4998
4998
4998
4998
4998
4998
4998
4998
4998
4998
4998
4998
4998
4998
4998
4998
4998
4998
4998
4998
4998
4998
4998
4998
4998
4998
4998
4998
4998
4998
4998
4998
4998
4998
4998
4998
4998
4998
4998
4998
4998
4998
4998
4998
4998
4998
4998
4998
4998
4998
4998
4998
4998
4998
4998
4998
4998
4998
4998
4998
4998
4998
4998
4998
4998
4998
4998
4998
4998
4998
4998
4998
4998
4998
4998
4998
4998
4998
4998
4998
4998
4998
4998
4998
4998
4998
4998
4998
4998
4998
4998
4998
4998
4998
4998
4998
4998
4998
4998
4998
4998
4998
4998
4998
4998
4998
4998
4998
4998
4998
4998
4998
4998
4998
4998
4998
4998
4998
4998
4998
4998
4998
4998
4998
4998
4998
4998
4998
4998
4998
4998
4998
4998
4998
4998
4998
4998
4998
4998
4998
4998
4998
4998
4998
4998
4998
4998
4998
4998
4998
4998
4998
4998
4998
4998
4998
4998
4998
4998
4998
4998
4998
4998
4998
4998
4998
4998
4998
4998
4998
4998
4998
4998
4998
4998
4998
4998
4998
4998
4998
4998
4998
4998
4998
4998
4998
4998
4998
4998
4998
4998
4998
4998
4998
4998
4998
4998
4998
4998
4998
4998
4998
4998
4998
4998
4998
4998
4998
4998
4998
4998
4998
4998
4998
4998
4998
4998
4998
4998
4998
4998
4998
4998
4998
4998
4998
4998
4998
4998
4998
4998
4998
4998
4998
4998
4998
4998
4998
4998
4998
4998
4998
4998
4998
4998
4998
4998
4998
4998
4998
4998
4998
4998
4998
4998
4998
4998
4998
4998
4998
4998
4998
4998
4998
4998
4998
4998
4998
4998
4998
4998
4998
4998
4998
4998
4998
4998
4998
4998
4998
4998
4998
4998
4998
4998
4998
4998
4998
4998
4998
4998
4998
4998
4998
4998
4998
4998
4998
4998
4998
4998
4998
4998
4998
4998
4998
4998
4998
4998
4998
4998
4998
4998
4998
4998
4998
4998
4998
4998
4998
4998
4998
4998
4998
4998
4998
4998
4998
4998
4998
4998
4998
4998
4998
4998
4998
4998
4998
4998
4998
4998
4998
4998
4998
4998
4998
4998
4998
4998
4998
4998
4998
4998
4998
4998
4998
4998
4998
4998
4998
4998
4998
4998
4998
4998
4998
4998
4998
4998
4998
4998
4998
4998
4998
4998
4998
4998
4998
4998
4998
4998
4998
4998
4998
4998
4998
4998
4998
4998
4998
4998
4998
4998
4998
4998
4998
4998
4998
4998
4998
4998
4998
4998
4998
4998
4998
4998
4998
4998
4998
4998
4998
4998
4998
4998
4998
4998
4998
4998
4998
4998
4998
4998
4998
4998
4998
4998
4998
4998
4998
4998
4998
4998
4998
4998
4998
4998
4998
4998
4998
4998
4998
4998
4998
4998
4998
4998
4998
4998
4998
4998
4998
4998
4998
4998
4998
4998
4998
4998
4998
4998
4998
4998
4998
4998
4998
4998
4998
4998
4998
4998
4998
4998
4998
4998
4998
4998
4998
4998
4998
4998
4998
4998
4998
4998
4998
4998
4998
4998
4998
4998
4998
4998
4998
4998
4998
4998
4998
4998
4998
4998
4998
4998
4998
4998
4998
4998
4998
4998
4998
4998
4998
4998
4998
4998
4998
4998
4998
4998
4998
4998
4998
4998
4998
4998
4998
4998
4998
4998
4998
4998
4998
4998
4998
4998
4998
4998
4998
4998
4998
4998
4998
4998
4998
4998
4998
4998
4998
4998
4998
4998
4998
4998
4998
4998
4998
4998
4998
4998
4998
4998
4998
4998
4998
4998
4998
4998
4998
4998
4998
4998
4998
4998
4998
4998
4998
4998
4998
4998
4998
4998
4998
4998
4998
4998
4998
4998
4998
4998
4998
4998
4998
4998
4998
4998
4998
4998
4998
4998
4998
4998
4998
4998
4998
4998
4998
4998
4998
4998
4998
4998
4998
4998
4998
4998
4998
4998
4998
4998
4998
4998
4998
4998
4998
4998
4998
4998
4998
4998
4998
4998
4998
4998
4998
4998
4998
4998
4998
4998
4998
4998
4998
4998
4998
4998
4998
4998
4998
4998
4998
4998
4998
4998
4998
4998
4998
4998
4998
4998
4998
4998
4998
4998
4998
4998
4998
4998
4998
4998
4998
4998
4998
4998
4998
4998
4998
4998
4998
4998
4998
4998
4998
4998
4998
4998
4998
4998
4998
4998
4998
4998
4998
4998
4998
4998
4998
4998
4998
4998
4998
4998
4998
4998
4998
4998
4998
4998
4998
4998
4998
4998
4998
4998
4998
4998
4998
4998
4998
4998
4998
4998
4998
4998
4998
4998
4998
4998
4998
4998
4998
4998
4998
4998
4998
4998
4998
4998
4998
4998
4998
4998
4998
4998
4998
4998
4998
4998
4998
4998
4998
4998
4998
4998
4998
4998
4998
4998
4998
4998
4998
4998
4998
4998
4998
4998
4998
4998
4998
4998
4998
4998
4998
4998
4998
4998
4998
4998
4998
4998
4998
4998
4998
4998
4998
4998
4998
4998
4998
4998
4998
4998
4998
4998
4998
4998
4998
4998
4998
4998
4998
4998
4998
4998
4998
4998
4998
4998
4998
4998
4998
4998
4998
4998
4998
4998
4998
4998
4998
4998
4998
4998
4998
4998
4998
4998
4998
4998
4998
4998
4998
4998
4998
4998
4998
4998
4998
4998
4998
4998
4998
4998
4998
4998
4998
4998
4998
4998
4998
4998
4998
4998
4998
4998
4998
4998
4998
4998
4998
4998
4998
4998
4998
4998
4998
4998
4998
4998
4998
4998
4998
4998
4998
4998
4998
4998
4998
4998
4998
4998
4998
4998
4998
4998
4998
4998
4998
4998
4998
4998
4998
4998
4998
4998
4998
4998
4998
4998
4998
4998
4998
4998
4998
4998
4998
4998
4998
4998
4998
4998
4998
4998
4998
4998
4998
4998
4998
4998
4998
4998
4998
4998
4998
4998
4998
4998
4998
4998
4998
4998
4998
4998
4998
4998
4998
4998
4998
4998
4998
4998
4998
4998
4998
4998
4998
4998
4998
4998
4998
4998
4998
4998
4998
4998
4998
4998
4998
4998
4998
4998
4998
4998
4998
4998
4998
4998
4998
4998
4998
4998
4998
4998
4998
4998
4998
4998
4998
4998
4998
4998
4998
4998
4998
4998
4998
4998
4998
4998
4998
4998
4998
4998
4998
4998
4998
4998
4998
4998
4998
4998
4998
4998
4998
4998
4998
4998
4998
4998
4998
4998
4998
4998
4998
4998
4998
4998
4998
4998
4998
4998
4998
4998
4998
4998
4998
4998
4998
4998
4998
4998
4998
4998
4998
4998
4998
4998
4998
4998
4998
4998
4998
4998
4998
4998
4998
4998
4998
4998
4998
4998
4998
4998
4998
4998
4998
4998
4998
4998
4998
4998
4998
4998
4998
4998
4998
4998
4998
4998
4998
4998
4998
4998
4998
4998
4998
4998
4998
4998
4998
4998
4998
4998
4998
4998
4998
4998
4998
4998
4998
4998
4998
4998
4998
4998
4998
4998
4998
4998
4998
4998
4998
4998
4998
4998
4998
4998
4998
4998
4998
4998
4998
4998
4998
4998
4998
4998
4998
4998
4998
4998
4998
4998
4998
4998
4998
4998
4998
4998
4998
4998
4998
4998
4998
4998
4998
4998
4998
4998
4998
4998
4998
4998
4998
4998
4998
4998
4998
4998
4998
4998
4998
4998
4998
4998
4998
4998
4998
4998
4998
4998
4998
4998
4998
4998
4998
4998
4998
4998
4998
4998
4998
4998
4998
4998
4998
4998
4998
4998
4998
4998
4998
4998
4998
4998
4998
4998
4998
4998
4998
4998
4998
4998
4998
4998
4998
4998
4998
4998
4998
4998
4998
4998
4998
4998
4998
4998
4998
4998
4998
4998
4998
4998
4998
4998
4998
4998
4998
4998
4998
4998
4998
4998
4998
4998
4998
4998
4998
4998
4998
4998
4998
4998
4998
4998
4998
4998
4998
4998
4998
4998
4998
4998
4998
4998
4998
4998
4998
4998
4998
4998
4998
4998
4998
4998
4998
4998
4998
4998
4998
4998
4998
4998
4998
4998
4998
4998
4998
4998
4998
4998
4998
4998
4998
4998
4998
4998
4998
4998
4998
4998
4998
4998
4998
4998
4998
4998
4998
4998
4998
4998
4998
4998
4998
4998
4998
4998
4998
4998
4998
4998
4998
4998
4998
4998
4998
4998
4998
4998
4998
4998
4998
4998
4998
4998
4998
4998
4998
4998
4998
4998
4998
4998
4998
4998
4998
4998
4998
4998
4998
4998
4998
4998
4998
4998
4998
4998
4998
4998
4998
4998
4998
4998
4998
4998
4998
4998
4998
4998
4998
4998
4998
4998
4998
4998
4998
4998
4998
4998
4998
4998
4998
4998
4998
4998
4998
4998
4998
4998
4998
4998
4998
4998
4998
4998
4998
4998
4998
4998
4998
4998
4998
4998
4998
4998
4998
4998
4998
4998
4998
4998
4998
4998
4998
4998
4998
4998
4998
4998
4998
4998
4998
4998
4998
4998
4998
4998
4998
4998
4998
4998
4998
4998
4998
4998
4998
4998
4998
4998
4998
4998
4998
4998
4998
4998
4998
4998
4998
4998
4998
4998
4998
4998
4998
4998
4998
4998
4998
4998
4998
4998
4998
4998
4998
4998
4998
4998
4998
4998
4998
4998
4998
4998
4998
4998
4998
4998
4998
4998
4998
4998
4998
4998
4998
4998
4998
4998
4998
4998
4998
4998
4998
4998
4998
4998
4998
4998
4998
4998
4998
4998
4998
4998
4998
4998
4998
4998
4998
4998
4998
4998
4998
4998
4998
4998
4998
4998
4998
4998
4998
4998
4998
4998
4998
4998
4998
4998
4998
4998
4998
4998
4998
4998
4998
4998
4998
4998
4998
4998
4998
4998
4998
4998
4998
4998
4998
4998
4998
4998
4998
4998
4998
4998
4998
4998
4998
4998
4998
4998
4998
4998
4998
4998
4998
4998
4998
4998
4998
4998
4998
4998
4998
4998
4998
4998
4998
4998
4998
4998
4998
4998
4998
4998
4998
4998
4998
4998
4998
4998
4998
4998
4998
4998
4998
4998
4998
4998
4998
4998
4998
4998
4998
4998
4998
4998
4998
4998
4998
4998
4998
4998
4998
4998
4998
4998
4998
4998
4998
4998
4998
4998
4998
4998
4998
4998
4998
4998
4998
4998
4998
4998
4998
4998
4998
4998
4998
4998
4998
4998
4998
4998
4998
4998
4998
4998
4998
4998
4998
4998
4998
4998
4998
4998
4998
4998
4998
4998
4998
4998
4998
4998
4998
4998
4998
4998
4998
4998
4998
4998
4998
4998
4998
4998
4998
4998
4998
4998
4998
4998
4998
4998
4998
4998
4998
4998
4998
4998
4998
4998
4998
4998
4998
4998
4998
4998
4998
4998
4998
4998
4998
4998
4998
4998
4998
4998
4998
4998
4998
4998
4998
4998
4998
4998
4998
4998
4998
4998
4998
4998
4998
4998
4998
4998
4998
4998
4998
4998
4998
4998
4998
4998
4998
4998
4998
4998
4998
4998
4998
4998
4998
4998
4998
4998
4998
4998
4998
4998
4998
4998
4998
4998
4998
4998
4998
4998
4998
4998
4998
4998
4998
4998
4998
4998
4998
4998
4998
4998
4998
4998
4998
4998
4998
4998
4998
4998
4998
4998
4998
4998
4998
4998
4998
4998
4998
4998
4998
4998
4998
4998
4998
4998
4998
4998
4998
4998
4998
4998
4998
4998
4998
4998
4998
4998
4998
4998
4998
4998
4998
4998
4998
4998
4998
4998
4998
4998
4998
4998
4998
4998
4998
4998
4998
4998
4998
4998
4998
4998
4998
4998
4998
4998
4998
4998
4998
4998
4998
4998
4998
4998
4998
4998
4998
4998
4998
4998
4998
4998
4998
4998
4998
4998
4998
4998
4998
4998
4998
4998
4998
4998
4998
4998
4998
4998
4998
4998
4998
4998
4998
4998
4998
4998
4998
4998
4998
4998
4998
4998
4998
4998
4998
4998
4998
4998
4998
4998
4998
4998
4998
4998
4998
4998
4998
4998
4998
4998
4998
4998
4998
4998
4998
4998
4998
4998
4998
4998
4998
4998
4998
4998
4998
4998
4998
4998
4998
4998
4998
4998
4998
4998
4998
4998
4998
4998
4998
4998
4998
4998
4998
4998
4998
4998
4998
4998
4998
4998
4998
4998
4998
4998
4998
4998
4998
4998
4998
4998
4998
4998
4998
4998
4998
4998
4998
4998
4998
4998
4998
4998
4998
4998
4998
4998
4998
4998
4998
4998
4998
4998
4998
4998
4998
4998
4998
4998
4998
4998
4998
4998
4998
4998
4998
4998
4998
4998
4998
4998
4998
4998
4998
4998
4998
4998
4998
4998
4998
4998
4998
4998
4998
4998
4998
4998
4998
4998
4998
4998
4998
4998
4998
4998
4998
4998
4998
4998
4998
4998
4998
4998
4998
4998
4998
4998
4998
4998
4998
4998
4998
4998
4998
4998
4998
4998
4998
4998
4998
4998
4998
4998
4998
4998
4998
4998
4998
4998
4998
4998
4998
4998
4998
4998
4998
4998
4998
4998
4998
4998
4998
4998
4998
4998
4998
4998
4998
4998
4998
4998
4998
4998
4998
4998
4998
4998
4998
4998
4998
4998
4998
4998
4998
4998
4998
4998
4998
4998
4998
4998
4998
4998
4998
4998
4998
4998
4998
4998
4998
4998
4998
4998
4998
4998
4998
4998
4998
4998
4998
4998
4998
4998
4998
4998
4998
4998
4998
4998
4998
4998
4998
4998
4998
4998
4998
4998
4998
4998
4998
4998
4998
4998
4998
4998
4998
4998
4998
4998
4998
4998
4998
4998
4998
4998
4998
4998
4998
4998
4998
4998
4998
4998
4998
4998
4998
4998
4998
4998
4998
4998
4998
4998
4998
4998
4998
4998
4998
4998
4998
4998
4998
4998
4998
4998
4998
4998
4998
4998
4998
4998
4998
4998
4998
4998
4998
4998
4998
4998
4998
4998
4998
4998
4998
4998
4998
4998
4998
4998
4998
4998
4998
4998
4998
4998
4998
4998
4998
4998
4998
4998
4998
4998
4998
4998
4998
4998
4998
4998
4998
4998
4998
4998
4998
4998
4998
4998
4998
4998
4998
4998
4998
4998
4998
4998
4998
4998
4998
4998
4998
4998
4998
4998
4998
4998
4998
4998
4998
4998
4998
4998
4998
4998
4998
4998
4998
4998
4998
4998
4998
4998
4998
4998
4998
4998
4998
4998
4998
4998
4998
4998
4998
4998
4998
4998
4998
4998
4998
4998
4998
4998
4998
4998
4998
4998
4998
4998
4998
4998
4998
4998
4998
4998
4998
4998
4998
4998
4998
4998
4998
4998
4998
4998
4998
4998
4998
4998
4998
4998
4998
4998
4998
4998
4998
4998
4998
4998
4998
4998
4998
4998
4998
4998
4998
4998
4998
4998
4998
4998
4998
4998
4998
4998
4998
4998
4998
4998
4998
4998
4998
4998
4998
4998
4998
4998
4998
4998
4998
4998
4998
4998
4998
4998
4998
4998
4998
4998
4998
4998
4998
4998
4998
4998
4998
4998
4998
4998
4998
4998
4998
4998
4998
4998
4998
4998
4998
4998
4998
4998
4998
4998
4998
4998
4998
4998
4998
4998
4998
4998
4998
4998
4998
4998
4998
4998
4998
4998
4998
4998
4998
4998
4998
4998
4998
4998
4998
4998
4998
4998
4998
4998
4998
4998
4998
4998
4998
4998
4998
4998
4998
4998
4998
4998
4998
4998
4998
4998
4998
4998
4998
4998
4998
4998
4998
4998
4998
4998
4998
4998
4998
4998
4998
4998
4998
4998
4998
4998
4998
4998
4998
4998
4998
4998
4998
4998
4998
4998
4998
4998
4998
4998
4998
4998
4998
4998
4998
4998
4998
4998
4998
4998
4998
4998
4998
4998
4998
4998
4998
4998
4998
4998
4998
4998
4998
4998
4998
4998
4998
4998
4998
4998
4998
4998
4998
4998
4998
4998
4998
4998
4998
4998
4998
4998
4998
4998
4998
4998
4998
4998
4998
4998
4998
4998
4998
4998
4998
4998
4998
4998
4998
4998
4998
4998
4998
4998
4998
4998
4998
4998
4998
4998
4998
4998
4998
4998
4998
4998
4998
4998
4998
4998
4998
4998
4998
4998
4998
4998
4998
4998
4998
4998
4998
4998
4998
4998
4998
4998
4998
4998
4998
4998
4998
4998
4998
4998
4998
4998
4998
4998
4998
4998
4998
4998
4998
4998
4998
4998
4998
4998
4998
4998
4998
4998
4998
4998
4998
4998
4998
4998
4998
4998
4998
4998
4998
4998
4998
4998
4998
4998
4998
4998
4998
4998
4998
4998
4998
4998
4998
4998
4998
4998
4998
4998
4998
4998
4998
4998
4998
4998
4998
4998
4998
4998
4998
4998
4998
4998
4998
4998
4998
4998
4998
4998
4998
4998
4998
4998
4998
4998
4998
4998
4998
4998
4998
4998
4998
4998
4998
4998
4998
4998
4998
4998
4998
4998
4998
4998
4998
4998
4998
4998
4998
4998
4998
4998
4998
4998
4998
4998
4998
4998
4998
4998
4998
4998
4998
4998
4998
4998
4998
4998
4998
4998
4998
4998
4998
4998
4998
4998
4998
4998
4998
4998
4998
4998
4998
4998
4998
4998
4998
4998
4998
4998
4998
4998
4998
4998
4998
4998
4998
4998
4998
4998
4998
4998
4998
4998
4998
4998
4998
4998
4998
4998
4998
4998
4998
4998
4998
4998
4998
4998
4998
4998
4998
4998
4998
4998
4998
4998
4998
4998
4998
4998
4998
4998
4998
4998
4998
4998
4998
4998
4998
4998
4998
4998
4998
4998
4998
4998
4998
4998
4998
4998
4998
4998
4998
4998
4998
4998
4998
4998
4998
4998
4998
4998
4998
4998
4998
4998
4998
4998
4998
4998
4998
4998
4998
4998
4998
4998
4998
4998
4998
4998
4998
4998
4998
4998
4998
4998
4998
4998
4998
4998
4998
4998
4998
4998
4998
4998
4998
4998
4998
4998
4998
4998
4998
4998
4998
4998
4998
4998
4998
4998
4998
4998
4998
4998
4998
4998
4998
4998
4998
4998
4998
4998
4998
4998
4998
4998
4998
4998
4998
4998
4998
4998
4998
4998
4998
4998
4998
4998
4998
4998
4998
4998
4998
4998
4998
4998
4998
4998
4998
4998
4998
4998
4998
4998
4998
4998
4998
4998
4998
4998
4998
4998
4998
4998
4998
4998
4998
4998
4998
4998
4998
4998
4998
4998
4998
4998
4998
4998
4998
4998
4998
4998
4998
4998
4998
4998
4998
4998
4998
4998
4998
4998
4998
4998
4998
4998
4998
4998
4998
4998
4998
4998
4998
4998
4998
4998
4998
4998
4998
4998
4998
4998
4998
4998
4998
4998
4998
4998
4998
4998
4998
4998
4998
4998
4998
4998
4998
4998
4998
4998
4998
4998
4998
4998
4998
4998
4998
4998
4998
4998
4998
4998
4998
4998
4998
4998
4998
4998
4998
4998
4998
4998
4998
4998
4998
4998
4998
4998
4998
4998
4998
4998
4998
4998
4998
4998
4998
4998
4998
4998
4998
4998
4998
4998
4998
4998
4998
4998
4998
4998
4998
4998
4998
4998
4998
4998
4998
4998
4998
4998
4998
4998
4998
4998
4998
4998
4998
4998
4998
4998
4998
4998
4998
4998
4998
4998
4998
4998
4998
4998
4998
4998
4998
4998
4998
4998
4998
4998
4998
4998
4998
4998
4998
4998
4998
4998
4998
4998
4998
4998
4998
4998
4998
4998
4998
4998
4998
4998
4998
4998
4998
4998
4998
4998
4998
4998
4998
4998
4998
4998
4998
4998
4998
4998
4998
4998
4998
4998
4998
4998
4998
4998
4998
4998
4998
4998
4998
4998
4998
4998
4998
4998
4998
4998
4998
4998
4998
4998
4998
4998
4998
4998
4998
4998
4998
4998
4998
4998
4998
4998
4998
4998
4998
4998
4998
4998
4998
4998
4998
4998
4998
4998
4998
4998
4998
4998
4998
4998
4998
4998
4998
4998
4998
4998
4998
4998
4998
4998
4998
4998
4998
4998
4998
4998
4998
4998
4998
4998
4998
4998
4998
4998
4998
4998
4998
4998
4998
4998
4998
4998
4998
4998
4998
4998
4998
4998
4998
4998
4998
4998
4998
4998
4998
4998
4998
4998
4998
4998
4998
4998
4998
4998
4998
4998
4998
4998
4998
4998
4998
4998
4998
4998
4998
4998
4998
4998
4998
4998
4998
4998
4998
4998
4998
4998
4998
4998
4998
4998
4998
4998
4998
4998
4998
4998
4998
4998
4998
4998
4998
4998
4998
4998
4998
4998
4998
4998
4998
4998
4998
4998
4998
4998
4998
4998
4998
4998
4998
4998
4998
4998
4998
4998
4998
4998
4998
4998
4998
4998
4998
4998
4998
4998
4998
4998
4998
4998
4998
4998
4998
4998
4998
4998
4998
4998
4998
4998
4998
4998
4998
4998
4998
4998
4998
4998
4998
4998
4998
4998
4998
4998
4998
4998
4998
4998
4998
4998
4998
4998
4998
4998
4998
4998
4998
4998
4998
4998
4998
4998
4998
4998
4998
4998
4998
4998
4998
4998
4998
4998
4998
4998
4998
4998
4998
4998
4998
4998
4998
4998
4998
4998
4998
4998
4998
4998
4998
4998
4998
4998
4998
4998
4998
4998
4998
4998
4998
4998
4998
4998
4998
4998
4998
4998
4998
4998
4998
4998
4998
4998
4998
4998
4998
4998
4998
4998
4998
4998
4998
4998
4998
4998
4998
4998
4998
4998
4998
4998
4998
4998
4998
4998
4998
4998
4998
4998
4998
4998
4998
4998
4998
4998
4998
4998
4998
4998
4998
4998
4998
4998
4998
4998
4998
4998
4998
4998
4998
4998
4998
4998
4998
4998
4998
4998
4998
4998
4998
4998
4998
4998
4998
4998
4998
4998
4998
4998
4998
4998
4998
4998
4998
4998
4998
4998
4998
4998
4998
4998
4998
4998
4998
4998
4998
4998
4998
4998
4998
4998
4998
4998
4998
4998
4998
4998
4998
4998
4998
4998
4998
4998
4998
4998
4998
4998
4998
4998
4998
4998
4998
4998
4998
4998
4998
4998
4998
4998
4998
4998
4998
4998
4998
4998
4998
4998
4998
4998
4998
4998
4998
4998
4998
4998
4998
4998
4998
4998
4998
4998
4998
4998
4998
4998
4998
4998
4998
4998
4998
4998
4998
4998
4998
4998
4998
4998
4998
4998
4998
4998
4998
4998
4998
4998
4998
4998
4998
4998
4998
4998
4998
4998
4998
4998
4998
4998
4998
4998
4998
4998
4998
4998
4998
4998
4998
4998
4998
4998
4998
4998
4998
4998
4998
4998
4998
4998
4998
4998
4998
4998
4998
4998
4998
4998
4998
4998
4998
4998
4998
4998
4998
4998
4998
4998
4998
4998
4998
4998
4998
4998
4998
4998
4998
4998
4998
4998
4998
4998
4998
4998
4998
4998
4998
4998
4998
4998
4998
4998
4998
4998
4998
4998
4998
4998
4998
4998
4998
4998
4998
4998
4998
4998
4998
4998
4998
4998
4998
4998
4998
4998
4998
4998
4998
4998
4998
4998
4998
4998
4998
4998
4998
4998
4998
4998
4998
4998
4998
4998
4998
4998
4998
4998
4998
4998
4998
4998
4998
4998
4998
4998
4998
4998
4998
4998
4998
4998
4998
4998
4998
4998
4998
4998
4998
4998
4998
4998
4998
4998
4998
4998
4998
4998
4998
4998
4998
4998
4998
4998
4998
4998
4998
4998
4998
4998
4998
4998
4998
4998
4998
4998
4998
4998
4998
4998
4998
4998
4998
4998
4998
4998
4998
4998
4998
4998
4998
4998
4998
4998
4998
4998
4998
4998
4998
4998
4998
4998
4998
4998
4998
4998
4998
4998
4998
4998
4998
4998
4998
4998
4998
4998
4998
4998
4998
4998
4998
4998
4998
4998
4998
4998
4998
4998
4998
4998
4998
4998
4998
4998
4998
4998
4998
4998
4998
4998
4998
4998
4998
4998
4998
4998
4998
4998
4998
4998
4998
4998
4998
4998
4998
4998
4998
4998
4998
4998
4998
4998
4998
4998
4998
4998
4998
4998
4998
4998
4998
4998
4998
4998
4998
4998
4998
4998
4998
4998
4998
4998
4998
4998
4998
4998
4998
4998
4998
4998
4998
4998
4998
4998
4998
4998
4998
4998
4998
4998
4998
4998
4998
4998
4998
4998
4998
4998
4998
4998
4998
4998
4998
4998
4998
4998
4998
4998
4998
4998
4998
4998
4998
4998
4998
4998
4998
4998
4998
4998
4998
4998
4998
4998
4998
4998
4998
4998
4998
4998
4998
4998
4998
4998
4998
4998
4998
4998
4998
4998
4998
4998
4998
4998
4998
4998
4998
4998
4998
4998
4998
4998
4998
4998
4998
4998
4998
4998
4998
4998
4998
4998
4998
4998
4998
4998
4998
4998
4998
4998
4998
4998
4998
4998
4998
4998
4998
4998
4998
4998
4998
4998
4998
4998
4998
4998
4998
4998
4998
4998
4998
4998
4998
4998
4998
4998
4998
4998
4998
4998
4998
4998
4998
4998
4998
4998
4998
4998
4998
4998
4998
4998
4998
4998
4998
4998
4998
4998
4998
4998
4998
4998
4998
4998
4998
4998
4998
4998
4998
4998
4998
4998
4998
4998
4998
4998
4998
4998
4998
4998
4998
4998
4998
4998
4998
4998
4998
4998
4998
4998
4998
4998
4998
4998
4998
4998
4998
4998
4998
4998
4998
4998
4998
4998
4998
4998
4998
4998
4998
4998
4998
4998
4998
4998
4998
4998
4998
4998
4998
4998
4998
4998
4998
4998
4998
4998
4998
4998
4998
4998
4998
4998
4998
4998
4998
4998
4998
4998
4998
4998
4998
4998
4998
4998
4998
4998
4998
4998
4998
4998
4998
4998
4998
4998
4998
4998
4998
4998
4998
4998
4998
4998
4998
4998
4998
4998
4998
4998
4998
4998
4998
4998
4998
4998
4998
4998
4998
4998
4998
4998
4998
4998
4998
4998
4998
4998
4998
4998
4998
4998
4998
4998
4998
4998
4998
4998
4998
4998
4998
4998
4998
4998
4998
4998
4998
4998
4998
4998
4998
4998
4998
4998
4998
4998
4998
4998
4998
4998
4998
4998
4998
4998
4998
4998
4998
4998
4998
4998
4998
4998
4998
4998
4998
4998
4998
4998
4998
4998
4998
4998
4998
4998
4998
4998
4998
4998
4998
4998
4998
4998
4998
4998
4998
4998
4998
4998
4998
4998
4998
4998
4998
4998
4998
4998
4998
4998
4998
4998
4998
4998
4998
4998
4998
4998
4998
4998
4998
4998
4998
4998
4998
4998
4998
4998
4998
4998
4998
4998
4998
4998
4998
4998
4998
4998
4998
4998
4998
4998
4998
4998
4998
4998
4998
4998
4998
4998
4998
4998
4998
4998
4998
4998
4998
4998
4998
4998
4998
4998
4998
4998
4998
4998
4998
4998
4998
4998
4998
4998
4998
4998
4998
4998
4998
4998
4998
4998
4998
4998
4998
4998
4998
4998
4998
4998
4998
4998
4998
4998
4998
4998
4998
4998
4998
4998
4998
4998
4998
4998
4998
4998
4998
4998
4998
4998
4998
4998
4998
4998
4998
4998
4998
4998
4998
4998
4998
4998
4998
4998
4998
4998
4998
4998
4998
4998
4998
4998
4998
4998
4998
4998
4998
4998
4998
4998
4998
4998
4998
4998
4998
4998
4998
4998
4998
4998
4998
4998
4998
4998
4998
4998
4998
4998
4998
4998
4998
4998
4998
4998
4998
4998
4998
4998
4998
4998
4998
4998
4998
4998
4998
4998
4998
4998
4998
4998
4998
4998
4998
4998
4998
4998
4998
4998
4998
4998
4998
4998
4998
4998
4998
4998
4998
4998
4998
4998
4998
4998
4998
4998
4998
4998
4998
4998
4998
4998
4998
4998
4998
4998
4998
4998
4998
4998
4998
4998
4998
4998
4998
4998
4998
4998
4998
4998
4998
4998
4998
4998
4998
4998
4998
4998
4998
4998
4998
4998
4998
4998
4998
4998
4998
4998
4998
4998
4998
4998
4998
4998
4998
4998
4998
4998
4998
4998
4998
4998
4998
4998
4998
4998
4998
4998
4998
4998
4998
4998
4998
4998
4998
4998
4998
4998
4998
4998
4998
4998
4998
4998
4998
4998
4998
4998
4998
4998
4998
4998
4998
4998
4998
4998
4998
4998
4998
4998
4998
4998
4998
4998
4998
4998
4998
4998
4998
4998
4998
4998
4998
4998
4998
4998
4998
4998
4998
4998
4998
4998
4998
4998
4998
4998
4998
4998
4998
4998
4998
4998
4998
4998
4998
4998
4998
4998
4998
4998
4998
4998
4998
4998
4998
4998
4998
4998
4998
4998
4998
4998
4998
4998
4998
4998
4998
4998
4998
4998
4998
4998
4998
4998
4998
4998
4998
4998
4998
4998
4998
4998
4998
4998
4998
4998
4998
4998
4998
4998
4998
4998
4998
4998
4998
4998
4998
4998
4998
4998
4998
4998
4998
4998
4998
4998
4998
4998
4998
4998
4998
4998
4998
4998
4998
4998
4998
4998
4998
4998
4998
4998
4998
4998
4998
4998
4998
4998
4998
4998
4998
4998
4998
4998
4998
4998
4998
4998
4998
4998
4998
4998
4998
4998
4998
4998
4998
4998
4998
4998
4998
4998
4998
4998
4998
4998
4998
4998
4998
4998
4998
4998
4998
4998
4998
4998
4998
4998
4998
4998
4998
4998
4998
4998
4998
4998
4998
4998
4998
4998
4998
4998
4998
4998
4998
4998
4998
4998
4998
4998
4998
4998
4998
4998
4998
4998
4998
4998
4998
4998
4998
4998
4998
4998
4998
4998
4998
4998
4998
4998
4998
4998
4998
4998
4998
4998
4998
4998
4998
4998
4998
4998
4998
4998
4998
4998
4998
4998
4998
4998
4998
4998
4998
4998
4998
4998
4998
4998
4998
4998
4998
4998
4998
4998
4998
4998
4998
4998
4998
4998
4998
4998
4998
4998
4998
4998
4998
4998
4998
4998
4998
4998
4998
4998
4998
4998
4998
4998
4998
4998
4998
4998
4998
4998
4998
4998
4998
4998
4998
4998
4998
4998
4998
4998
4998
4998
4998
4998
4998
4998
4998
4998
4998
4998
4998
4998
4998
4998
4998
4998
4998
4998
4998
4998
4998
4998
4998
4998
4998
4998
4998
4998
4998
4998
4998
4998
4998
4998
4998
4998
4998
4998
4998
4998
4998
4998
4998
4998
4998
4998
4998
4998
4998
4998
4998
4998
4998
4998
4998
4998
4998
4998
4998
4998
4998
4998
4998
4998
4998
4998
4998
4998
4998
4998
4998
4998
4998
4998
4998
4998
4998
4998
4998
4998
4998
4998
4998
4998
4998
4998
4998
4998
4998
4998
4998
4998
4998
4998
4998
4998
4998
4998
4998
4998
4998
4998
4998
4998
4998
4998
4998
4998
4998
4998
4998
4998
4998
4998
4998
4998
4998
4998
4998
4998
4998
4998
4998
4998
4998
4998
4998
4998
4998
4998
4998
4998
4998
4998
4998
4998
4998
4998
4998
4998
4998
4998
4998
4998
4998
4998
4998
4998
4998
4998
4998
4998
4998
4998
4998
4998
4998
4998
4998
4998
4998
4998
4998
4998
4998
4998
4998
4998
4998
4998
4998
4998
4998
4998
4998
4998
4998
4998
4998
4998
4998
4998
4998
4998
4998
4998
4998
4998
4998
4998
4998
4998
4998
4998
4998
4998
4998
4998
4998
4998
4998
4998
4998
4998
4998
4998
4998
4998
4998
4998
4998
4998
4998
4998
4998
4998
4998
4998
4998
4998
4998
4998
4998
4998
4998
4998
4998
4998
4998
4998
4998
4998
4998
4998
4998
4998
4998
4998
4998
4998
4998
4998
4998
4998
4998
4998
4998
4998
4998
4998
4998
4998
4998
4998
4998
4998
4998
4998
4998
4998
4998
4998
4998
4998
4998
4998
4998
4998
4998
4998
4998
4998
4998
4998
4998
4998
4998
4998
4998
4998
4998
4998
4998
4998
4998
4998
4998
4998
4998
4998
4998
4998
4998
4998
4998
4998
4998
4998
4998
4998
4998
4998
4998
4998
4998
4998
4998
4998
4998
4998
4998
4998
4998
4998
4998
4998
4998
4998
4998
4998
4998
4998
4998
4998
4998
4998
4998
4998
4998
4998
4998
4998
4998
4998
4998
4998
4998
4998
4998
4998
4998
4998
4998
4998
4998
4998
4998
4998
4998
4998
4998
4998
4998
4998
4998
4998
4998
4998
4998
4998
4998
4998
4998
4998
4998
4998
4998
4998
4998
4998
4998
4998
4998
4998
4998
4998
4998
4998
4998
4998
4998
4998
4998
4998
4998
4998
4998
4998
4998
4998
4998
4998
4998
4998
4998
4998
4998
4998
4998
4998
4998
4998
4998
4998
4998
4998
4998
4998
4998
4998
4998
4998
4998
4998
4998
4998
4998
4998
4998
4998
4998
4998
4998
4998
4998
4998
4998
4998
4998
4998
4998
4998
4998
4998
4998
4998
4998
4998
4998
4998
4998
4998
4998
4998
4998
4998
4998
4998
4998
4998
4998
4998
4998
4998
4998
4998
4998
4998
4998
4998
4998
4998
4998
4998
4998
4998
4998
4998
4998
4998
4998
4998
4998
4998
4998
4998
4998
4998
4998
4998
4998
4998
4998
4998
4998
4998
4998
4998
4998
4998
4998
4998
4998
4998
4998
4998
4998
4998
4998
4998
4998
4998
4998
4998
4998
4998
4998
4998
4998
4998
4998
4998
4998
4998
4998
4998
4998
4998
4998
4998
4998
4998
4998
4998
4998
4998
4998
4998
4998
4998
4998
4998
4998
4998
4998
4998
4998
4998
4998
4998
4998
4998
4998
4998
4998
4998
4998
4998
4998
4998
4998
4998
4998
4998
4998
4998
4998
4998
4998
4998
4998
4998
4998
4998
4998
4998
4998
4998
4998
4998
4998
4998
4998
4998
4998
4998
4998
4998
4998
4998
4998
4998
4998
4998
4998
4998
4998
4998
4998
4998
4998
4998
4998
4998
4998
4998
4998
4998
4998
4998
4998
4998
4998
4998
4998
4998
4998
4998
4998
4998
4998
4998
4998
4998
4998
4998
4998
4998
4998
4998
4998
4998
4998
4998
4998
4998
4998
4998
4998
4998
4998
4998
4998
4998
4998
4998
4998
4998
4998
4998
4998
4998
4998
4998
4998
4998
4998
4998
4998
4998
4998
4998
4998
4998
4998
4998
4998
4998
4998
4998
4998
4998
4998
4998
4998
4998
4998
4998
4998
4998
4998
4998
4998
4998
4998
4998
4998
4998
4998
4998
4998
4998
4998
4998
4998
4998
4998
4998
4998
4998
4998
4998
4998
4998
4998
4998
4998
4998
4998
4998
4998
4998
4998
4998
4998
4998
4998
4998
4998
4998
4998
4998
4998
4998
4998
4998
4998
4998
4998
4998
4998
4998
4998
4998
4998
4998
4998
4998
4998
4998
4998
4998
4998
4998
4998
4998
4998
4998
4998
4998
4998
4998
4998
4998
4998
4998
4998
4998
4998
4998
4998
4998
4998
4998
4998
4998
4998
4998
4998
4998
4998
4998
4998
4998
4998
4998
4998
4998
4998
4998
4998
4998
4998
4998
4998
4998
4998
4998
4998
4998
4998
4998
4998
4998
4998
4998
4998
4998
4998
4998
4998
4998
4998
4998
4998
4998
4998
4998
4998
4998
4998
4998
4998
4998
4998
4998
4998
4998
4998
4998
4998
4998
4998
4998
4998
4998
4998
4998
4998
4998
4998
4998
4998
4998
4998
4998
4998
4998
4998
4998
4998
4998
4998
4998
4998
4998
4998
4998
4998
4998
4998
4998
4998
4998
4998
4998
4998
4998
4998
4998
4998
4998
4998
4998
4998
4998
4998
4998
4998
4998
4998
4998
4998
4998
4998
4998
4998
4998
4998
4998
4998
4998
4998
4998
4998
4998
4998
4998
4998
4998
4998
4998
4998
4998
4998
4998
4998
4998
4998
4998
4998
4998
4998
4998
4998
78453
159769
101551
159769
67675
67675
67675
159769
67675
159769
159769
159769
9150
67675
67675
78453
101551
159769
159769
176174
47561
67675
159769
4752
176174
147639
135415
33760
135415
147639
113137
135415
147639
147639
176174
89131
75712
33271
155931
75712
78453
100205
33271
159513
75712
176086
47289
155931
176086
66710
187527
141183
113137
28180
99712
99712
187527
126855
101551
83716
126855
135022
126855
28180
16864
124585
33271
175836
75712
121484
4474
155931
159513
16864
111291
66710
16864
121484
16864
94270
42012
181922
42012
44752
42012
176086
73042
147008
75712
66710
175836
42012
179065
126855
66710
175836
66710
141183
33760
190456
85834
83716
109301
70795
179065
194676
141183
147008
104323
39370
94270
162753
143710
124585
135022
42012
139000
181922
42012
66710
39370
99712
158849
47289
63764
75712
60521
85834
19116
81021
134650
113137
68695
12039
194676
9150
187527
21266
155855
145869
9150
19116
170543
97571
42012
175836
119336
2736
113137
94270
109301
42012
134650
39370
80589
175836
198009
63520
60521
97571
50647
194676
119336
162753
119336
89131
108598
110981
44752
19116
136411
123389
60521
47289
70795
37429
149939
151446
121484
116616
50647
139000
80589
15457
157703
175836
179065
70795
109301
145869
194676
28180
15457
123389
175836
198611
44177
15457
136411
135022
155931
163794
142953
20058
45069
108598
121484
31209
60521
26706
70795
53354
111728
134650
74790
15457
166149
162753
170543
108598
154915
42012
87565
9150
158849
106315
163794
71135
28014
108598
134650
68695
53166
104231
141183
37429
59253
149929
60521
3413
107817
151446
134650
162753
173829
188303
33760
184049
190456
58765
78453
78453
97571
31209
197653
134650
145869
60521
99712
72828
192007
86536
10287
45315
123389
40442
42746
67675
126855
134650
181922
691
94270
19116
58765
111291
42606
113130
110981
15457
32584
183710
157703
105729
6101
78453
180477
158849
94798
199778
68695
68240
149929
9481
158849
87565
171057
199778
110981
42012
74790
179065
47289
39370
175789
26706
66710
170543
148550
109301
37429
50647
154915
58765
19491
187199
103011
61955
134054
183710
42012
22427
31209
134054
29732
134054
25273
170001
192007
134054
189855
33271
197653
81948
56080
23638
74790
22427
134054
116616
127913
29628
80589
15457
188091
2408
28014
61661
69758
121484
26706
104231
117757
65674
109301
34456
84510
85092
28014
14304
151446
47289
194676
129575
67821
33760
23384
14304
160900
83432
21266
32584
134650
43928
125463
138029
102314
49118
49118
102314
18133
30689
43224
72606
155855
127478
50647
99505
68240
178272
158697
99905
78453
196089
35466
116616
166149
129575
116616
29354
187199
4441
198572
127913
142953
187199
120849
141832
65674
133980
116616
122139
9150
11441
145869
144715
47289
160375
27333
58765
97571
70795
81948
139000
125463
133980
78784
197653
61661
65674
114972
19116
113678
78784
157703
41520
43928
145869
136411
65674
191447
31801
163794
27333
136411
147784
163376
69758
47289
173829
191447
4777
172952
89073
89073
133980
133980
193030
178272
123389
147008
133980
16025
22427
94270
160375
139888
47289
56080
55541
129361
191447
100617
71135
180477
97571
63764
78453
88686
37294
188091
33271
32584
70795
135022
197653
47937
5695
72146
151446
46870
81524
179990
81524
189855
188091
129361
185634
81948
179990
39527
135022
104231
45484
95743
73444
121484
120849
175430
87565
196089
114972
167636
32584
80589
62287
46870
160726
33760
111728
81021
15457
58218
49311
29354
98477
126318
187199
80104
51519
302
11423
37294
37429
162280
14830
171057
155855
148483
51324
147385
139888
105862
114167
83618
175430
20857
81021
126003
52618
193687
163794
31801
196953
50858
187335
131073
153199
80104
99712
62287
49118
196089
139000
176904
173829
105087
139321
11423
150249
80104
169965
65674
89073
53638
123389
70795
173829
39370
163955
193687
47561
164979
43593
153199
49118
64199
120849
133278
166149
142953
180477
187199
167487
153199
125463
54042
38508
57322
86536
41520
57778
168625
73042
57611
63764
78784
117757
22427
66036
141832
154396
85092
162280
64199
145806
133980
5695
169965
30330
9150
65674
31209
96558
94270
4255
39699
113130
46870
157703
151446
67368
105623
47289
31000
99712
142953
99505
154998
55743
67821
121484
107143
175430
170001
142953
31801
162280
46870
73444
72146
103542
97928
31801
186973
143710
31801
159505
183710
9481
9150
9644
9150
59192
61955
50647
15571
30689
124025
37294
188091
65674
169965
166479
169965
158697
85566
31801
14830
148249
88560
189635
111728
118891
131073
89131
3112
153199
31801
86226
98683
19277
137641
103542
21266
180477
156683
119125
190101
67368
141832
38785
181922
193030
63481
117757
57186
89073
101518
199181
43928
112481
32584
133894
85092
24345
100617
11423
101518
140648
29354
154396
86226
61661
199877
105087
9150
98477
83432
18893
93088
115577
58218
39370
77701
15457
122139
155322
126003
99494
115577
154915
35466
130814
1652
162280
5695
105623
120849
141148
114030
14435
4365
6420
142097
180527
34824
137726
12039
88560
111291
187335
105623
113130
150249
58736
8207
81524
156683
141832
186973
194676
86226
53354
166479
29354
37676
9442
93755
22427
148249
4750
16500
23245
31124
147008
154396
148249
125165
19657
65674
9150
14304
67675
4227
981
35466
197402
171057
158697
155855
76767
12157
94270
19116
152490
78238
22427
68668
107143
176174
70773
5695
40792
31000
39104
185634
76767
66585
52787
65674
91680
116968
142097
100617
36346
28180
93755
142953
43488
133278
79781
99206
6781
133278
174230
118300
84510
18893
188091
102225
41520
153284
66710
98477
62044
57186
106095
44177
189855
176904
128947
21044
75712
93088
1240
57611
13900
3984
167037
50284
19491
99712
120036
78784
163794
138029
196938
165354
81948
194525
15457
47561
95743
172874
14304
165138
86536
82752
153618
2625
108598
163794
57322
171057
158697
110981
177187
61708
139499
54042
69982
114493
100205
171430
1914
100041
140260
133980
175916
79781
131720
131720
153199
28511
155855
191175
38497
120036
157703
163794
88686
49118
102225
150379
20380
155322
115902
145621
35734
51324
63481
109172
119336
52787
188091
40442
164979
109172
173797
13900
12039
165976
180846
105087
69012
76211
105623
186973
120849
89844
186973
196938
18087
108091
183710
13223
127752
109172
20380
68668
19116
162621
68668
18893
190809
147508
4823
25273
80589
21266
196089
170452
108091
127478
155855
143710
60939
69368
91680
150642
9150
182788
120849
69012
3842
6101
102225
184985
172952
111728
120036
156314
168625
4746
126003
89844
50257
14830
76211
29354
131073
121084
124954
108950
123389
46870
187576
45069
133894
1363
33271
62823
49118
164016
151944
81412
107971
26043
74697
135195
76767
115197
52392
140260
162057
4698
89073
69368
163794
31000
182148
116616
63481
169760
190066
134650
102225
50284
148483
195274
38356
74790
90908
49589
29833
37294
78238
163794
87174
113058
129575
99905
99905
157703
95678
16025
15233
196938
158697
111347
196089
110981
28511
111535
53166
116968
104552
192563
157703
111728
170543
86226
176904
127913
167487
124293
97864
71889
140648
80589
52208
28180
60322
187527
190907
61955
24094
70610
163794
89998
149597
134650
149924
45183
126673
179990
192563
9442
167487
49790
59192
72146
93551
185761
150965
162057
166479
99712
145121
60939
35466
6322
174230
44699
63481
40737
122218
94270
61708
50257
44177
87342
129361
133376
41520
170799
151446
119024
44042
170452
142097
133894
81014
157703
182312
135859
57971
116616
3174
156287
182148
100909
120376
123663
109827
27333
10011
100041
90352
50486
166479
22427
110981
11423
91680
37676
6322
69368
33755
20019
79781
58736
55541
45987
188091
80104
3479
19491
22427
99494
174603
185634
159208
111728
75593
1064
62179
160900
122010
159505
159208
49311
77233
116616
174811
158246
22427
157703
164979
21176
11721
13900
140408
32584
2717
74790
38271
63481
30330
30330
132812
68215
194500
37294
106315
108091
44699
85092
92439
79339
11423
48396
68668
65674
110351
5491
177386
137443
78238
149924
50257
4392
150589
128357
59115
42012
160347
92081
199778
194469
71135
78529
57123
146727
73317
2174
175652
72146
19277
54750
49589
198884
75203
19491
173718
1800
101518
132484
11983
189263
103486
135022
63481
67538
22427
153199
81870
144015
36346
152873
38356
35466
113427
189635
1745
189095
105523
77614
3241
181184
98683
120748
45445
172874
47289
136830
196938
198347
57123
75093
4739
144528
162621
51755
162621
51755
2024
180408
48835
163955
158697
47289
149597
1975
11423
111535
126778
105623
49311
147008
124954
86226
163376
140408
100773
150379
118891
91680
22427
107143
19116
71135
16397
165976
184970
51755
80252
161906
147303
825
119024
32584
145621
47289
27092
147639
110981
252
74946
43118
91810
74141
54439
65837
14830
193324
22427
81870
3094
120036
4189
110981
69758
72294
31209
60521
181729
25273
107323
186016
176217
112441
43118
88
11983
70158
64939
36249
145465
155570
65440
166479
169291
1128
127752
148483
106315
141832
163507
46870
29461
105623
81870
57959
46870
64325
72828
121084
45445
165354
174603
99905
71954
32584
71954
63481
72146
42190
94035
45315
164455
101692
134650
165976
175430
12887
136720
119344
64939
127478
52618
180152
95678
143710
57959
18087
143710
38356
33399
101518
124602
175430
151446
68215
140648
72354
22427
167037
70652
120036
159812
110981
154536
6420
6983
97427
176904
186907
72947
126318
91810
39527
136344
143710
93551
184245
14872
173718
196089
110897
148189
45183
196400
77233
48185
146014
7600
34419
113427
171994
191169
77233
67368
127913
38497
74645
111535
57123
161008
41220
103486
165662
43488
29786
118300
182148
61661
167037
48370
86536
119344
74645
183288
90249
153784
124664
57847
175652
123389
192777
51755
78238
10265
137443
75348
79781
76526
166139
49589
160518
112441
27214
108598
140648
47289
17400
101833
91680
24877
121574
190456
67368
18133
45987
195512
62823
145465
91680
198347
135861
85092
169302
109636
110897
150775
56107
51755
136623
88686
139089
199181
64325
79781
138569
158697
193804
36699
2851
139321
180610
77334
198347
138569
117139
69758
1012
105623
154998
28368
43118
108950
171877
103011
34124
81524
68668
167487
164016
177399
167037
191169
133894
163376
74141
53638
139000
51987
132022
174790
83432
104775
39104
189635
13087
82828
34124
151756
22233
84244
93970
34824
24618
46259
12887
60322
36480
169291
189000
194676
27214
116116
99206
172456
3880
43761
99905
76674
175652
112441
95738
45987
29341
189855
63323
109636
138068
157105
74645
176318
157703
82699
31801
112899
4548
64083
45987
191739
71898
43488
139136
179596
159505
84117
162621
181729
103542
126318
171430
19491
60879
175127
26632
182916
126778
169760
69368
64083
95402
188820
163376
82180
97965
99578
198383
15233
109172
131228
150642
99905
176904
46
114493
115577
78784
160075
4748
120036
189635
170452
150379
151756
34419
141832
53638
186568
193963
82925
164219
173530
70074
50788
138029
57123
92268
46668
178141
5932
111832
54750
85092
15233
173530
162753
175127
97427
111291
82337
117648
9150
182551
37817
148189
106473
41220
142230
10011
80704
187527
182122
184049
59912
197044
65320
141148
122010
5944
72415
135859
68668
14435
93053
79016
137726
1101
62285
109636
52208
31124
190101
17343
19491
6188
58736
147303
4399
196321
112031
126778
41220
51324
10265
133894
131228
172952
68668
134623
98718
170799
149597
128156
14304
97864
51519
101692
80899
169291
154915
199539
54024
12487
136720
3389
34824
101814
165080
163955
185230
191377
36699
127478
49589
29184
153434
137572
3699
161906
37676
13900
107323
70610
155028
38904
128357
76617
103897
50647
65239
136281
35730
144715
51324
68837
107323
114577
97000
33271
85092
190809
90249
25273
45987
86502
44177
85092
150249
22427
173718
60322
93755
113058
29732
102800
31667
103897
79255
141832
173530
78453
23097
5491
141148
144926
109784
142436
93551
180152
131618
25338
190066
67212
79103
65969
1286
155322
199367
59192
171877
116968
129775
193030
182312
9150
49118
52208
45987
135415
45987
82925
8674
158006
78166
26312
1659
169291
36699
144528
122853
16394
186907
87124
149597
35730
68215
169760
67821
153784
145465
6908
195238
79016
15702
179672
183664
110618
56255
17548
78529
60879
156403
67114
123389
31399
146724
43761
44930
40071
175127
126673
181646
183664
40514
51987
130814
47289
32584
63023
166479
18424
159208
169431
130814
196234
189000
13900
189635
181729
67919
141148
97000
149408
158697
38904
126673
463
5491
176318
103181
85834
48396
28511
119336
130814
133278
91978
54024
155322
87291
143710
95678
61661
61955
14170
59234
98857
27660
42719
152278
163794
176904
155203
17343
167487
70773
105523
45483
23097
85566
17343
183958
101490
130166
156287
179065
55990
7832
25338
35396
86
5491
43188
72020
185618
78453
95678
120376
3731
177684
29628
162131
44
28844
110116
157703
29628
101490
69758
25273
67114
126318
8674
58524
164569
57880
179065
82699
168087
173530
15233
19277
75348
154466
21176
182694
119336
30528
191377
123916
90335
198116
167037
134623
178072
190066
35466
132022
18087
84760
17343
173530
72294
86648
42957
145465
107806
52392
140648
110351
187335
27472
111291
65969
31399
86212
97571
188303
86212
84117
138428
175652
39104
38904
131467
158697
187527
103897
145621
63308
174927
1201
64939
2606
97427
83063
178374
112031
38785
69758
150642
159294
8520
100689
187089
47289
196089
4451
69758
127478
3467
86974
135972
181646
169291
199367
55094
188668
148189
183664
12887
54750
16025
48058
133230
86212
106357
75093
51519
196938
55291
88560
8674
54166
151756
63400
94798
120748
189000
6420
181090
195333
40240
174983
178686
151944
136720
21176
3024
80340
118300
180136
91680
8520
8520
17864
172874
31209
58218
75093
2128
96679
49118
150642
23267
178
129695
88560
98477
196938
44042
105314
196089
31996
13900
102707
1121
198116
66462
90249
193249
130814
99905
116616
54439
50486
131073
134623
79808
22127
84760
58585
178686
122139
14782
74790
153784
150965
64083
148386
172183
54852
71898
189000
176599
53465
9526
47790
182233
190809
37676
2736
20243
167037
89377
84117
9442
63
15896
193687
48370
65056
113986
69920
11423
106531
177684
173530
27635
163794
16557
86681
126673
2225
167752
39104
42012
154106
159505
148189
78453
124806
115197
79867
120748
74034
47937
43322
43593
127523
125233
148386
189476
175783
80729
98447
72294
68837
138624
97864
86648
177684
35730
144034
162280
69368
51755
153784
19976
21266
43796
94138
136765
185761
23904
184229
121797
96062
124585
110782
122545
7096
49909
66134
159769
165771
104315
166937
173530
88560
14033
76034
133423
142436
4890
55291
10560
61955
18893
72947
19756
169140
117264
22127
181646
98939
138767
40240
14304
84016
76767
180477
92165
7928
71898
106007
183664
100689
60879
183664
35396
55291
181206
29654
51519
166937
66710
8155
154536
76526
199539
112031
126854
3115
44269
141832
33691
92418
175297
25967
103915
28368
83432
129614
128555
18661
101814
53147
89567
72536
1045
6420
80547
81630
90442
153434
47345
79546
16011
88560
25172
155735
50997
83063
121484
10265
69295
33355
87174
28689
112031
57322
73673
35466
71898
90352
110531
69133
75348
152184
110351
101484
100773
22233
75203
39104
180082
151446
7168
186204
189689
147236
3254
71551
17548
5944
168287
57611
128521
188495
83432
186016
119213
74645
68023
42190
120036
199154
170561
86212
83302
13579
141710
160646
59912
41520
100324
136281
14307
63400
131228
34809
126093
55913
171800
16950
183043
151339
27092
2014
149387
114732
191618
5863
32170
28292
120748
2561
194034
155028
35730
138120
71898
100564
198884
1022
43641
68208
66276
179467
93873
121084
197653
168287
27472
190685
17864
138767
45987
186899
113130
90753
2298
192771
66276
167636
95402
111291
34809
58736
168393
189141
144015
86875
53638
82277
4089
191169
65440
45445
49311
140508
113986
110531
73763
54852
134623
26268
11423
190066
194960
14599
110834
46870
176599
15215
38670
87291
15215
154396
121069
14170
72892
144715
128728
180610
127478
60879
110116
20243
75440
18087
7832
13579
84760
138894
6908
46259
127478
53798
7832
94035
183958
142466
150127
62682
53147
155855
4660
171168
90442
51152
141710
64325
60879
60924
194960
142273
77803
152873
58399
108598
124367
156032
21266
185347
183958
112233
44803
116616
92846
64083
150775
109397
101484
16747
144015
196089
70652
139499
33124
15616
195644
15616
65837
121797
38271
172198
96062
8520
191169
181646
128357
100205
193724
31000
100488
172170
6489
180082
126003
194295
168134
26268
130415
110116
74034
191169
144294
47561
22233
9481
23097
155322
85092
53147
25578
7012
199778
162989
116116
149972
189263
123663
163616
149241
162280
78576
64939
2629
101484
67619
39631
73042
10265
23097
21176
9442
38497
8520
116616
79255
60740
69012
33540
126393
25172
141148
104231
9442
133852
152184
181646
13900
78166
189635
90753
138569
53035
164271
45912
193963
125212
76898
94798
115902
41220
16747
150127
63764
65527
24094
101551
150455
89377
24201
98447
145465
22608
166055
186568
115546
90753
197044
113257
55452
116116
21778
103443
83716
70453
93970
102123
152278
8034
57322
79781
104158
33271
91889
21600
74034
144015
80340
137118
141148
156683
137742
154631
149241
180186
140752
79867
40914
176599
189476
61867
144015
179065
45315
104955
126673
91889
69920
58833
96191
53147
20605
47139
126673
17817
119024
33794
197273
87763
138120
149241
186568
105301
42287
60322
85566
13900
67368
18922
179596
191169
6775
175289
196938
24262
37429
149740
168826
30281
50985
154613
35357
48624
107658
71898
155931
88560
88655
90249
163355
79103
84117
181050
56948
17343
138173
91086
195238
184158
123389
92640
79103
171800
96191
67114
40691
56358
17548
81870
143319
43641
188303
68668
176764
125567
108598
108887
47139
44631
158917
81242
130294
90479
111535
81412
137118
154824
38497
25967
63481
127478
180760
130450
82180
95738
81165
45445
114997
145670
167396
3192
79781
185230
23527
44041
67368
192981
114878
9935
186443
89377
99451
25897
94468
106786
39104
105729
30689
98683
39104
195333
23527
40071
28632
154106
34124
129761
180408
65239
150642
179672
136898
74976
11617
169582
14435
49311
19000
192500
151345
167037
107806
196400
98718
6548
3644
143390
5863
93551
118891
44974
127752
194500
184858
175970
154106
19334
182916
897
18893
155457
148483
131228
85834
71610
29461
141832
103443
169760
72828
184500
141248
53272
8520
156683
164219
79546
874
15389
118043
61661
5932
18893
16614
46421
191931
22127
111728
110116
39496
1072
170047
11151
133852
84949
160486
130294
12552
119611
167682
132253
49790
142604
6489
83716
138767
54599
114878
47289
2606
147303
193370
165487
70610
67114
72536
123916
68208
28887
116116
178072
103745
186899
67821
141463
119989
124367
169283
14599
194960
77614
121470
87124
45445
152843
109956
28373
191235
105623
79867
197887
72947
112180
17817
119024
163794
35357
137118
171113
79255
56255
149597
93873
47937
199181
120730
14435
65969
101010
14732
23097
115546
99206
164979
57322
46421
52321
190741
141148
86215
122545
57778
7600
152610
31000
15215
7928
129695
107089
71757
128047
124553
65092
81088
5351
30504
78656
186682
53035
81500
159208
94798
40914
81870
136631
527
14170
24094
178903
152843
35877
45987
71128
61955
94415
71135
154536
101153
128183
195238
177684
165207
27472
144715
31124
192226
76211
35720
108091
85226
147639
9150
92846
52618
7600
168134
190456
185230
40914
2969
94798
183958
145704
22427
108598
192439
33540
158006
153480
103599
76898
59136
167487
115861
133969
10560
116616
126393
11971
190456
42448
110782
107971
40071
153389
186016
167113
61661
140752
83777
7492
74579
110264
195919
37103
94798
127752
115546
44699
125961
182916
189141
184858
110981
61773
171388
139880
116116
3477
27092
159726
118891
1108
35720
163355
22650
91680
136204
40071
121869
31616
69758
93551
51755
7985
82676
114577
90644
24000
169760
74711
85834
126673
75203
61773
3010
29976
122711
49232
102917
100041
55541
111929
41520
164979
37130
78733
71478
178482
127220
35396
101153
133822
185374
99201
113678
62384
73403
71128
23778
94798
138767
188495
43224
161676
71215
138428
57982
44631
80433
122545
182916
144715
142604
182916
155570
158917
85566
180760
195333
113678
51987
11151
83230
157780
85051
134828
2925
27333
192316
19008
45700
114456
109462
153434
136830
12137
28887
79277
79546
138894
157546
93755
30528
31616
39104
2117
134828
186899
19976
146724
75743
101551
138068
167113
116065
159208
143135
27472
133230
37925
164271
40071
168563
60062
198378
129948
65585
109956
38133
136623
103897
102800
157703
12887
172428
8520
127478
121833
80589
116968
153091
565
112628
193370
114030
164455
195919
196938
194469
176086
199154
2946
72892
158917
50144
135826
152184
32786
189359
67133
150965
53638
16950
283
103443
80589
144628
12887
80231
99201
61661
165080
107089
138029
175727
196089
32134
179990
192353
68837
75182
173530
156683
149901
81242
77134
34589
78576
34824
92640
109172
33691
38835
33891
73991
80704
118300
53272
56948
29422
25273
174027
99675
101551
138894
133822
127220
195512
69758
92165
36466
6101
15215
186617
23904
88458
108598
196400
26312
193479
123974
82044
90227
110897
199539
142794
93994
179467
12487
31399
171430
31949
66585
195238
158476
177187
191931
185296
156200
20009
28180
195274
93755
111291
68208
7492
197044
7985
12582
137848
107261
117906
118594
11206
36466
61096
37925
86208
159208
32540
94240
46552
145465
193224
151500
105669
18897
181729
91680
101153
94798
69920
87016
50628
5351
163148
75904
187735
38356
105729
173718
137443
20380
97348
191447
20750
147784
190685
10213
110618
75904
5222
76767
142384
148483
58659
103745
112899
167396
161380
70773
98477
59790
80204
28938
138569
162989
3073
160725
158476
160375
90327
172874
38670
196481
156146
154167
114456
88375
156085
77905
59480
136281
191169
191724
163345
58585
56358
23097
152278
32416
18893
53433
59731
64627
188668
194500
57215
87763
139000
35423
41220
110727
65585
133242
48396
25578
188820
134919
111412
199303
71215
76499
13806
120120
12552
102216
183710
59048
31086
175652
142230
2805
76314
108860
107261
110116
148189
44177
14599
144825
88794
22021
171661
6420
128156
144715
181646
1241
116427
74
35357
159208
80547
173274
199064
168287
172230
34809
162280
81242
1643
1545
56107
10416
93551
49100
4375
160011
95664
53638
65527
129420
4794
64324
153780
68023
185418
171877
183958
83302
46870
46668
40071
109254
105862
172929
55716
80433
5351
78706
10011
155699
110264
74579
44488
98447
5222
25117
151446
56358
106007
102917
55291
11151
24201
196400
22233
161299
2624
16139
40071
143627
81242
103897
190456
170913
44269
56948
45483
60740
195238
181766
133376
38904
156473
189000
90249
178272
4323
159950
11610
132592
141937
139499
102968
22427
145465
162989
81618
68695
176054
153552
75093
1366
65527
67418
160161
188603
135304
20877
88375
84086
27092
51095
122711
31598
92050
66462
134919
63023
86974
17817
145639
183209
163148
65837
85834
11423
14304
36138
93994
87174
42606
113130
103303
143107
119611
134828
179809
189241
136830
171308
129511
92165
33540
47790
184584
65440
143627
154781
89053
65440
44785
111535
199778
104842
114493
62366
51755
51987
107323
23335
6188
69012
178903
40914
113678
190685
61661
133969
174643
67049
109827
7492
109668
84244
135392
141832
185761
184158
977
159294
49589
58659
166479
47937
107971
148935
170387
156764
429
58218
105901
34335
157188
112441
77614
144098
80433
182637
110791
101153
27000
90327
3389
172874
47692
177844
164979
89567
138428
137482
29461
113986
141148
101723
190473
199154
109956
11517
114332
80767
42925
121384
156473
137848
20947
31000
171308
67919
188303
193224
107261
114515
41108
168287
58123
68763
48549
22021
49192
65092
143627
50985
56107
125841
79103
35714
19198
147303
45183
14022
164551
56948
164016
131055
107089
71898
76617
103542
1064
174777
33324
74645
28292
100564
62650
1157
44699
50144
152383
189944
138752
108249
2595
127403
191377
18087
147348
71128
84016
190101
133230
184970
90792
139880
73308
32416
17343
20380
123663
42719
115546
63023
152843
70513
82469
197851
30632
162621
145011
97571
83771
112481
149740
176217
87666
40646
172978
199877
125961
1392
8207
11151
63481
104158
80204
21467
92439
134185
91889
176181
119611
183108
123663
68208
101692
40240
47139
76034
33355
49311
62003
129169
8520
38966
103154
165476
133822
90352
98447
58378
91247
75348
114972
116898
73958
154396
108249
167487
184356
43322
97928
173797
154998
27000
195781
181858
171661
64020
9442
144777
8856
48080
70562
24345
103443
26452
78345
44743
101484
547
67049
128267
50113
95063
115861
113058
79709
85537
148386
56948
4804
129169
133822
191377
102704
31124
42448
189635
94798
31706
125165
104955
38300
39020
158590
80204
130450
120497
191931
86368
123389
67619
79867
123129
71792
60451
39104
36695
149151
164979
36249
37731
179467
39020
75800
49909
173530
172170
133822
89934
136765
144098
149740
33638
76898
199401
97348
118300
12487
182304
127403
114400
160347
89688
168393
134078
20605
161510
81948
108860
6101
146014
39655
192226
197596
104158
191618
65092
199877
48535
149901
5157
51276
144009
143390
188303
189944
174983
60740
109827
64627
186899
88794
168218
139997
82044
121797
176086
50221
139000
148386
199877
101551
85800
135826
104395
173274
106237
69012
190101
195461
23136
88334
151690
72892
114493
27245
49909
195866
42012
107971
92418
60322
76767
49589
159476
65969
164455
33540
102216
198116
153091
188091
160075
102216
60799
191235
141148
56948
104422
80962
92640
93088
96644
169015
124602
98447
106844
171308
128947
87666
113058
16747
186204
40071
171661
199778
195781
170452
76499
59731
195789
88334
149597
26268
123129
93970
74579
146724
30632
193030
104395
22911
37731
144715
33891
68540
126393
8270
191169
57370
190907
11423
151690
74579
190456
81524
60183
152184
139580
22650
147508
18255
108598
147303
140260
5636
26632
163794
50057
37103
4323
39415
70610
45315
81500
48906
63518
108249
138120
143627
34809
188736
120849
119213
25857
76034
151446
114400
1771
12426
113609
6761
149924
117757
3590
13576
11423
169211
94992
13214
154106
25578
113986
193687
168134
4724
48080
23565
80252
186005
92439
125470
90644
56358
105862
189635
159294
8389
26335
173648
95253
120376
37429
193370
77197
69920
22911
14170
61068
96951
116898
9586
61184
123114
180921
121069
8856
98857
175652
57847
110377
148520
184549
185191
116898
85051
129228
19621
120942
95957
45183
2483
189463
183958
29976
173274
167396
53035
141183
6983
86208
186204
95253
121797
137426
166479
126188
59192
190456
143627
81500
24585
116228
96547
113427
32134
166611
133332
62366
113307
187186
150249
166660
153389
98253
88906
143107
187623
30130
75544
76034
76767
133239
62285
18424
159476
74579
127403
124880
31124
4392
46706
109327
178272
47439
64475
103599
58585
121154
108509
6620
139721
183958
72947
29675
53272
33865
181459
175652
57322
83063
179467
58378
29096
33738
4823
141148
181459
72415
4317
89832
158209
3918
114904
17996
115252
21861
95957
78345
97777
12487
115546
134828
18810
127120
171724
119759
61661
75432
150478
170837
179065
96899
62179
65837
124799
95738
70562
189272
86502
111535
29422
5438
65092
57695
1471
35274
26693
123974
41108
21105
21345
42719
152184
48185
18081
72828
131228
21226
196648
102855
45445
180039
1815
90227
91810
14203
184220
59731
188883
38497
158772
177597
197330
115197
183509
87763
71128
64020
116065
3606
143135
60924
50486
144825
140176
93440
112180
62637
16329
33738
115252
43118
12426
47289
72020
100186
134623
122711
131901
48492
61082
82676
89688
172874
78143
41520
62916
146014
103599
148313
7492
76314
177902
136189
175652
178072
14732
187186
149105
76526
18484
47139
20794
191597
106095
100186
62285
74902
161920
43563
142273
181137
186315
37925
68540
141148
87073
118161
46259
14170
89305
146210
194020
173598
147008
141937
164979
103411
46771
47289
56107
164455
102123
30480
175916
8034
3781
86368
86974
196217
175652
44699
140625
96191
42190
85051
71164
59048
114443
198552
101940
184480
104572
79255
163615
104601
60467
180082
12487
155256
31801
150371
160075
138894
56710
129761
9576
107709
8389
28439
1286
133822
180390
127166
155909
50284
142230
40514
175020
187463
68540
145465
125841
42448
154601
102704
140479
116898
46870
152383
76526
121717
76965
173598
138068
33794
141148
46421
117832
139880
73308
90644
77701
57778
82676
133054
72536
132592
68763
142463
42533
26632
158476
123640
94415
15616
6346
61184
149901
27000
33995
55229
192439
194751
148386
132592
153480
183477
21266
108509
142463
82676
33124
97000
14022
187006
175383
112031
102314
120012
37676
154106
131901
188303
14872
82752
197596
82337
24094
120120
121384
153333
148534
37429
18893
129259
61068
160672
86208
110377
142794
148313
170421
42606
26693
44269
27000
90720
116616
196648
41873
9693
50486
105901
110802
119168
141225
189463
18810
41399
16394
124367
153780
157546
82987
161825
103411
149548
61867
81830
61661
48058
75800
158526
55094
64054
189463
32540
175020
47139
122711
68033
179809
179940
107971
104955
6101
131055
180477
87291
171168
50985
186899
117757
18543
22955
123640
144294
46870
43650
180921
12997
11151
27092
67049
70773
4052
86875
179990
90327
171113
4563
168768
50338
45445
164551
129822
131159
78345
119336
12552
32458
191235
28180
130972
100689
144098
7928
60919
180760
80653
61661
80589
105901
69920
193687
186899
167487
175421
169760
119833
85335
158283
61935
41873
151881
88285
171562
159155
36138
65092
115107
39276
147639
171057
145011
118226
97427
160234
47345
30689
76034
195059
78842
56948
184844
138752
52089
178272
151009
86502
145073
7492
59529
144009
186682
152814
161540
78143
106138
79168
82523
75647
1261
22870
30169
77850
155119
49961
114493
62044
108598
110776
97105
7646
117261
86208
136281
186204
58736
85834
59955
54659
104158
66585
159950
113986
116898
8155
99412
54001
18893
51089
177811
96407
35274
191788
152278
199367
117678
126188
137118
30480
84760
121069
82044
17817
59629
10411
62760
61661
45445
156764
102704
183911
142384
194592
195866
167396
84616
119515
55990
171837
129301
66276
120552
124272
127478
133054
133822
65092
89567
133822
171562
175873
46371
106291
160347
124191
89832
135972
143627
92418
127752
9693
80852
135826
51755
89998
142878
68388
16897
40240
165653
199877
114719
24585
70453
156032
83279
43997
88705
79537
179198
80487
189941
93843
20794
38300
7563
40071
69133
92268
196648
199064
78965
38478
36107
70302
107605
84736
132484
196217
104775
191169
22127
20037
178482
82168
103294
189425
112792
115861
129169
25273
83432
167282
198774
16671
32097
125317
197887
29628
147925
36466
149740
197402
37429
98253
165976
13372
58378
65320
66673
132150
74579
186661
50628
5932
148189
148189
48339
60112
12652
63303
102426
10802
47898
3907
111412
30233
64759
174425
86678
175961
192439
42165
25857
86583
125841
55036
90227
10411
186899
96547
154998
179281
111093
89073
183509
86767
188303
83999
144926
114308
194960
84244
163161
189000
181028
170433
113307
39954
29732
136523
30330
58123
183477
76386
199098
139492
40548
37271
48492
147284
120649
9280
191169
178209
144825
185618
123129
187068
198609
84483
192226
188461
4261
119611
196217
27868
89688
26452
100617
11151
27323
144300
73958
36381
172874
63646
167415
102582
27000
177597
162609
192226
119611
189994
77134
106786
68023
95253
81679
57370
169395
92165
132961
120376
83063
21226
105862
90720
169760
51987
181459
81948
40914
130043
31265
56710
163345
38761
173530
75743
56358
91086
195694
182916
65969
151896
58585
117648
153333
118226
91208
159589
38508
108249
43025
105927
96779
45912
149740
2836
153112
2665
173274
30092
143107
163774
176522
182788
112663
51987
174027
2260
165287
141148
106496
195919
69133
89688
41520
142273
197330
161202
70773
55407
181028
186005
31000
169107
31667
16467
120942
13496
87485
155735
189403
17817
189176
136410
130972
161676
67675
46219
36695
174230
53727
46503
192276
197330
102800
57500
137534
175020
159052
78143
163148
165976
147218
36910
60183
107806
105370
48339
58736
111093
20605
71691
4211
92127
68201
186384
52618
121263
32355
147925
194295
169760
156032
197445
119354
168218
86208
138120
104323
52618
173797
125636
7096
153778
177853
49589
80653
185634
123663
176904
79190
82676
59971
5351
134919
167037
31397
83279
157559
97864
94992
60740
191597
140752
96491
13087
161008
190299
49100
196648
106780
110976
125567
27958
22127
124954
199811
144202
27533
95402
180760
115546
16864
122080
115289
137941
191972
83432
194515
2460
138001
120462
128156
73964
82044
175652
133054
8389
84855
66276
7765
38271
73628
13576
152814
138428
167994
26452
185191
17817
11423
27635
47289
33540
123389
136765
127570
198609
193461
162280
59192
84855
125317
62149
154387
199064
140117
120552
126449
73479
33690
193333
155395
107806
140703
55036
46635
35293
129169
179809
81870
78576
86536
66462
73308
137424
147008
168406
120942
9280
95446
10999
122010
159917
79423
81948
170217
161388
20209
55134
68072
160234
89740
180390
16671
195644
138894
59470
83279
15571
8926
158845
96644
138894
154998
76211
190299
152383
112897
112611
76386
43739
100457
4912
33025
151316
21086
124806
149316
48535
186005
158158
72274
187652
75182
46503
16061
36695
89517
83507
183797
152184
21338
187006
155028
148924
111929
80899
122218
15089
47990
81500
182525
79168
20556
101129
111412
97928
2076
32458
3378
134828
66619
148520
139159
196396
123702
26268
124602
40646
177811
76526
169431
135392
191408
136623
93131
186715
102800
76617
128574
10011
164551
61120
120120
100330
43098
132022
49274
90621
7492
32657
51152
105469
80653
179653
99886
72942
58753
134185
188461
50628
48339
52208
139201
182105
171661
120376
41537
24438
161299
8983
86261
147168
154106
97864
37676
31000
169107
6315
30431
189855
37994
123075
93545
120315
171303
14304
168646
75684
1595
5222
38508
70158
151910
44699
12887
74141
40514
36910
57959
161825
122711
147236
101484
96206
22330
78143
112091
74902
20243
89688
59790
126666
25897
14170
51519
190168
36249
31246
105605
40240
169760
20750
15389
69012
28511
189855
139880
120552
194203
140176
199447
50036
153199
6760
183209
161676
32093
38217
193121
16139
167487
91389
65219
29177
89487
11789
103411
6164
2969
194856
76103
82874
145363
77026
151391
105254
112031
192647
46515
100564
10999
24959
110834
26597
7928
42215
177902
23379
194960
199877
169965
149212
147965
89305
64020
106095
30632
14406
1902
167405
138569
43426
40914
199022
67593
110291
49232
157609
25578
194960
112111
147784
113609
50985
135255
26304
44177
84483
73696
35182
88794
102123
16671
23930
199778
182788
26217
126316
16897
12916
179760
137534
38785
9150
153144
42307
154601
165653
56710
31949
11423
125879
94138
64003
150707
144890
43322
173994
91978
162753
82987
93843
80319
169211
55036
183958
22870
172874
184356
130233
60012
192692
194360
134623
107431
70302
73317
47990
37429
191788
88372
130133
8647
97629
179198
81165
198941
153426
137673
115846
2070
165807
30092
198221
81730
39191
58585
76272
77614
112886
98857
117648
50788
78143
172309
11721
190168
39299
20108
37462
188138
82168
88794
197445
16525
90030
32093
59048
194143
193121
163399
62149
2542
177248
95612
135428
100041
126854
170799
138543
115732
114147
199639
193694
160404
10411
96899
40240
49589
31209
146724
190843
40071
114972
112886
6760
171388
29976
2460
66760
63203
156403
28764
103881
199639
121425
144537
152278
143846
179149
5351
186443
45483
83529
94977
53798
117832
81948
108295
171860
93697
117648
24332
133230
1786
186204
67456
100457
159291
63518
180039
163345
64740
82925
174201
37676
19092
187068
112886
72926
186005
40971
64740
80852
36963
131467
98316
46219
101129
104842
69981
44752
162609
111412
39020
121384
113460
145465
61297
121425
120235
120942
100617
15089
186315
184500
7880
25857
198347
109668
12426
68
150249
47668
98136
65674
34385
50858
132603
22019
19481
135826
191169
125961
21176
181858
176317
24739
45983
160468
119336
102123
108295
178072
2010
146014
69750
75544
129324
161213
128156
6087
124664
172801
159906
137118
161471
169965
113257
92640
142097
174637
9150
161676
180261
61317
25857
95738
233
69750
27128
43098
121069
51324
171724
102314
136898
115127
109397
132150
967
11206
95678
67763
79625
103154
193370
88085
70773
28180
137848
188461
32093
170522
133992
193788
28401
144135
32786
196937
185172
5932
51987
149151
90621
47898
69587
47069
121527
111653
127340
23527
43710
91301
184771
80247
143107
110165
94607
26217
164877
107971
77803
59955
122010
188461
44177
18424
10043
127885
11300
73042
77334
177141
169965
147218
38007
103710
123227
37676
116219
187009
194360
27472
194710
30092
29583
199951
36963
50210
180477
172929
192353
2292
35182
95871
110434
2458
105399
144511
191724
68837
67763
100330
131362
47439
48835
172874
137548
100158
66619
110082
55990
73991
170636
85510
134556
88540
32593
161299
196937
101833
198884
184034
137398
172428
21086
60274
170667
166926
41873
87835
74555
162930
116427
116707
136174
49790
76898
96931
193162
108598
12582
133852
69133
63518
121384
4315
81014
163056
22650
94354
119512
192834
173530
120235
121909
27333
114810
172874
84510
58123
64475
129945
98548
85510
159208
147092
67004
18205
9442
180760
187810
182312
135826
69012
176174
164920
19557
44752
58123
191813
64251
184584
156647
68201
110897
14924
157431
24416
30417
129186
170306
38508
62452
1517
162882
164920
145011
174922
147768
148924
36766
125636
168310
109462
117832
19054
120649
66893
16525
124585
126316
38877
33271
25967
136523
147588
92418
187971
138029
170799
9280
42215
19092
92631
67636
30233
121867
3434
104158
112180
23787
119512
113460
130133
174413
124293
358
53480
55419
189359
54157
189120
41873
42012
37103
89487
97184
43383
69266
52637
67763
1876
25443
119632
164121
129169
50165
158158
59912
114428
101301
131228
136174
130133
88413
101129
143627
173274
179729
1182
11423
105927
41108
37994
149316
123338
195919
24739
15184
44513
123283
31000
148189
12137
26815
52776
40668
164961
159495
119611
152184
10213
120748
159379
194271
2352
20058
127570
187322
140260
197024
135972
61773
27886
92050
77369
64304
37462
48492
156647
57572
112886
141148
179930
179065
94689
134459
140625
23097
159291
20444
33271
167636
116625
165846
109059
131316
147092
71365
103599
91776
15699
25578
108349
191813
199951
86605
195644
157501
124851
187390
189463
161865
54001
77803
131055
168826
108145
160005
199303
32355
124630
26036
119307
164219
28511
186204
109172
108648
116525
197024
5702
193658
127278
50985
133822
107605
71478
73547
84760
143846
45679
160908
73479
86006
170636
165475
169760
51797
20857
4658
186315
142384
150114
181569
112792
157188
46387
100822
164877
127711
182196
137482
135826
131228
41858
151671
6760
93251
169015
148935
24959
185875
193461
145158
125831
47069
168980
193479
43025
185043
68653
45483
89540
93878
146153
72828
50628
169140
106531
140176
104158
193121
138068
186204
56025
56358
130972
87763
148575
102300
100965
5503
33124
45546
116270
187223
35252
105215
46963
95402
189019
15089
133332
2470
143627
16260
29976
64251
184549
41473
183911
176300
163877
178903
61820
11610
23379
49909
93251
38966
43025
103881
169559
75288
20831
126316
39631
126316
147882
174603
126959
51977
62149
34293
79168
83169
156527
12759
92872
101570
192615
172657
108349
142463
12095
49589
27704
145586
124738
151323
116427
180760
194960
83999
176841
104265
45912
53727
6164
103154
191235
117367
3086
181766
66710
7492
143846
75432
198552
117757
189754
74019
159208
186617
26331
148841
76644
56907
199303
7096
127015
59810
127044
43593
162753
101833
65674
147508
150866
40442
186899
169559
162000
23209
114878
90053
55895
27868
166055
123566
114126
103048
47668
44177
165653
28180
81006
88629
140117
15558
175125
136622
77241
126316
151671
158476
116472
145536
28029
177597
51377
145221
124393
588
73363
93755
73308
106095
168646
16897
98939
46963
117285
113986
100850
121069
148924
195210
175289
497
54147
88607
189233
105901
64939
85226
47001
25280
63400
27128
4655
129169
64251
106780
193687
161008
43997
121263
34809
195059
74645
61253
139528
123227
120235
140359
121483
136410
63838
12735
197596
103154
170306
44785
42902
3747
182377
106844
14631
161123
83549
71551
33271
23097
9442
144715
135826
85736
93970
27323
88496
36381
85335
162131
124448
161123
8520
36072
28368
196762
21226
103294
176968
984
21978
136174
27635
131055
84647
22097
199861
190809
159906
48339
51738
71898
185212
35078
132603
53727
32217
38670
134185
8520
62916
179065
29757
71128
100822
139827
51738
70437
141328
150114
103710
138894
38761
109770
121791
104158
57454
172415
138068
9526
135826
71610
8155
58698
45315
153091
52065
107723
89934
116116
168287
135634
182919
3733
180559
86208
94270
53191
190161
119611
195819
73479
120718
168826
27868
80487
99642
73479
14599
111535
187390
57094
147008
73308
129575
158954
169760
76965
6775
60740
22523
40792
39941
151881
81699
27000
176295
23778
68
149263
65969
150032
148331
168511
86147
130133
19725
70255
158917
148935
114719
40071
122218
91418
185296
32540
120376
145011
172428
82987
149408
145536
40514
189941
4213
139492
163056
135634
182428
196000
124906
67418
168393
175481
123075
123427
23097
134459
57611
113257
77803
174922
79255
13326
190336
45546
3921
108907
76898
35714
836
40442
28928
85557
171388
152383
26371
135336
31465
90352
85632
41840
51436
90720
106780
24000
121527
100733
166040
128886
34552
85817
123114
174201
28689
109599
88655
50841
99905
97965
189604
38904
118873
158845
83230
70556
176355
101484
66214
85226
40914
134253
79537
50006
93843
118161
125138
2519
94977
163703
26409
142494
20605
159906
70652
40442
64959
33502
82198
150578
184942
159495
53465
131055
89428
41840
50788
6908
195598
42351
134623
36834
2157
129086
34436
162570
70773
21693
190556
5569
68653
16260
84990
94346
87135
84666
197431
11789
41108
57370
106291
113333
2311
36766
149548
32732
13574
122430
187652
27232
193942
91978
28014
89073
114643
74552
20794
96899
3054
32410
43383
84990
27794
121833
174983
195461
188156
193646
20267
33271
40071
57767
50647
43796
163489
103154
131776
141710
123075
107431
160787
96491
56381
38978
89998
63838
55213
38710
125961
190117
77026
103736
54697
46625
187068
85510
169571
99810
59032
178002
149301
74
85365
23136
53568
105370
90442
16329
7128
80204
14435
57959
111247
177597
128263
160998
55359
108349
27245
146724
179467
18612
34567
24585
109770
162667
110082
183435
85882
9778
106549
33025
59162
184942
132603
96805
198630
109172
75047
147588
66927
64627
1061
14661
141937
129361
162218
106291
106780
24959
84212
121769
53861
109713
192226
35182
171388
177734
67966
7563
97348
39527
100564
25578
116683
129570
80319
12505
199303
2402
133376
171477
113819
54505
93053
178580
117256
102216
65969
161123
182628
69587
79330
4911
159726
8019
96062
179120
138068
156403
195598
2031
30005
83111
60451
175382
128399
136622
109440
160707
64141
139492
63646
44984
175783
106138
62273
141937
50775
75348
61661
20108
51014
14608
155816
82044
70039
191882
105669
37676
88458
32888
104395
126026
47853
152542
43426
188461
196217
4347
7213
48339
165558
80319
47139
75712
28209
7492
60924
94977
139127
121769
167719
178751
110976
17639
192771
153349
145925
15389
122788
33271
87885
35714
88372
64475
191491
108091
46742
153434
21693
5213
44488
158242
186204
120649
124906
43641
148146
198941
24959
77940
17009
75500
147925
122010
108249
164979
40442
198221
91680
149151
99010
12997
113986
195992
175297
178340
111535
110021
163774
139880
157485
182411
51977
69587
50284
68312
35218
154998
51046
73042
85051
115732
123338
130075
173962
195287
70039
199154
140625
113796
132226
31801
72308
74552
6908
21226
180042
34456
108648
161123
35423
112977
163703
65012
173797
138786
40442
43826
70855
86814
189176
131281
174595
12381
81156
17817
45315
94798
104775
167722
124448
98824
147768
162669
151009
145465
166660
67636
62273
148645
198552
64559
95885
104552
188588
18810
119611
22097
158991
78238
81411
46771
128156
73308
92631
124367
130814
101930
125567
126693
12997
174983
128263
196762
7541
133969
88607
67386
151262
12856
12487
118562
121700
22955
152610
95957
186443
150424
40514
168768
147588
152700
21978
133894
80962
70441
58521
13861
122981
131159
156403
75390
37676
80767
146724
28142
999
102123
27635
17548
76149
8926
10539
55720
147455
27361
138493
76617
136976
149787
125774
179120
36355
160998
138894
80852
77134
18828
181870
93642
86147
105680
28218
20340
168606
113039
176522
169721
57767
121700
160075
186963
197273
179760
13900
98675
179149
173648
60322
187463
111535
21226
176522
194392
104395
40758
116472
174670
146501
176574
63203
125317
82415
120235
28331
87291
68201
74157
174595
168511
151009
18661
61991
73479
172676
176522
61661
171057
161501
18424
167037
118917
174555
28598
22767
160725
102704
141937
152843
151944
124049
129228
105064
130760
8504
139827
95356
109827
130367
118562
146724
54307
96951
183002
40154
51977
171661
65440
140752
107535
129945
39131
74552
6477
84351
183128
141821
128574
144825
128399
52618
161825
180039
57810
19698
47990
139827
34367
27958
75128
77803
165487
35714
53568
128263
169505
93053
49628
178827
161753
162570
90327
180760
91037
143507
84460
115732
142682
148841
1331
181520
119611
8019
29035
3073
30005
58521
34293
54852
134556
66893
145363
85553
91509
4006
24585
127330
109282
57959
193557
111902
160213
136765
115197
108249
41306
130294
59731
123506
159155
140479
135255
64437
149548
41306
36072
118562
179467
15389
67821
132909
140176
81870
166387
33638
48334
53433
167224
54439
105469
108349
91086
16260
157431
116897
11400
132226
5863
29583
70229
19436
91776
54060
46963
154466
93545
149867
41108
92685
95063
78576
105118
8856
27886
27635
141148
74019
79537
125903
111093
127062
131159
168563
10011
8504
62741
181176
186255
198769
9778
173962
112302
43563
15639
106634
143231
184034
104468
68093
33076
192936
61332
179760
84615
147012
162882
967
121384
118161
22523
82469
119822
178374
76018
159744
66585
78576
105862
9778
58218
83866
3361
71164
657
34779
120849
173332
151160
188249
24416
157431
116707
52618
68837
165581
120376
175949
27868
90792
90227
176841
158643
55359
155457
37235
54001
24689
38356
57548
53003
8983
100158
107089
52428
169067
133141
58631
183236
160005
104552
191961
105215
172762
63023
155287
148146
154750
49869
147588
131055
63400
80093
95023
119989
195059
166796
74298
54767
191169
111247
150080
116427
96779
74555
83470
97777
21978
36910
156314
29786
145536
15013
28401
12137
170837
103294
22470
93088
62366
11610
44699
15013
104158
78511
173962
47937
15389
77334
65219
18810
121483
17817
165287
149578
121208
61206
71717
148841
100158
38877
134623
40691
145958
20204
103048
143461
16025
67309
86368
172657
87174
37429
170799
197044
47937
170130
55094
96397
14406
31000
71164
155570
109016
186568
69820
118031
170217
26815
63092
142326
24247
49657
101301
31949
62149
116427
176217
5799
118299
35714
14599
161419
128947
184266
55602
125389
105314
116834
39856
84312
23484
21515
136174
163535
101333
136711
8389
195113
1022
112417
37676
170949
177597
108850
25897
195113
178165
68201
174555
167752
2346
142841
10043
157921
44266
197816
52746
156764
80093
8504
19032
195333
24034
180136
189120
42802
197184
106860
124481
149290
71340
180261
143627
128008
126659
141148
31397
171736
145486
62366
73479
131055
161471
42585
73613
67456
80852
35714
91995
39501
15666
127199
79778
171168
174555
48400
182411
104158
46963
105523
115016
90327
7646
43739
43641
168282
102300
62149
176816
107089
147128
34158
152212
163615
122567
143627
194960
83549
25273
28969
81366
138516
73785
77134
39432
150424
667
18612
37462
21669
141821
193960
18893
56884
118031
34055
5613
160877
23778
196648
187223
17817
124799
180136
39066
157188
151881
32558
53504
23778
167396
68789
57285
89213
26452
135255
18424
74298
101010
199278
59955
135710
81962
76526
17746
108509
103154
28428
77233
198479
85270
164016
112481
161613
72656
59162
125165
16394
145295
59643
71363
75904
86368
9393
48212
4112
168393
2750
17548
100056
95435
82230
15896
171430
37711
80653
47990
41306
79372
22065
41665
44803
54399
160518
170369
148189
41772
107568
139127
192439
182105
182161
187308
16747
122853
138120
68116
133045
192981
149787
16896
77334
91208
115602
81156
140359
147092
88540
112858
101851
141225
110897
16119
40514
64593
95957
160120
192439
49022
9150
140117
197975
130367
148841
109500
159042
6346
101940
132226
54206
83169
174866
160518
59629
187006
178340
117353
160468
186005
90815
115924
173547
19032
47486
146219
53861
160894
189045
34121
125590
116834
3892
64020
417
111535
112097
91889
194045
181176
131989
198769
57250
171113
121867
83169
170140
24900
115165
184614
144537
195274
176764
106473
155028
82168
23811
109254
43997
177811
66619
25827
50628
59971
33309
128142
92566
99642
53191
10616
130193
101940
144224
146328
159291
11151
30594
27977
178340
120422
61184
81830
146328
32458
40263
43224
178686
64740
4505
101692
26268
107806
168661
178516
172801
26217
149929
69614
138388
50775
47494
132461
152383
50858
80252
78197
174337
144224
126917
130371
10011
124664
142230
193397
170232
19698
60183
166437
197431
191169
34809
105064
116219
123825
95612
15457
161061
100158
184153
189359
132399
177811
194332
112245
93694
106932
150578
145465
46668
87124
184942
123075
1406
163427
147008
173962
138158
64740
650
132399
199022
98447
198397
124799
140479
93088
26407
111412
97166
60807
106138
127199
174802
100158
191536
11206
147008
146498
178126
103397
141937
21861
96018
147218
104468
123075
157609
144009
168616
189241
172676
96082
156027
71551
8983
71135
43593
98316
195238
28511
179149
101270
88794
189818
22330
36910
168826
120085
61955
35714
48874
179729
81242
166796
141937
152769
64740
43383
72005
164167
35252
102690
100158
156647
53401
54852
20304
15616
142794
39690
195210
162218
129481
164339
168144
112349
59882
55359
46219
162882
113137
59032
190556
51212
66958
4131
42397
76617
90621
176174
177811
88093
63308
180760
151116
140508
28246
75647
4525
166206
159716
184245
67877
84949
113295
31706
196717
29251
105623
132909
48835
26217
38416
65969
136174
96718
145465
190907
193121
74790
104748
142794
52428
115430
6357
12904
11400
134623
186005
152162
143627
14231
68215
182518
67309
120376
63646
63400
33638
138786
84615
192414
115546
23305
128008
163106
71827
198769
45315
31399
12211
69587
40154
190117
97074
109713
107806
36650
39299
15327
71424
158003
11151
2330
172098
99377
110519
117644
155322
153144
130367
91301
28209
99810
133332
44974
18255
152083
188428
45912
190907
35078
86462
34552
127044
82520
178857
161019
17712
137398
154750
79625
96547
177902
168282
35877
114997
60919
189359
54001
101270
197299
5491
173797
192049
150947
125774
199064
91608
76360
68201
7765
48434
198529
136596
97105
134731
146239
29882
158144
121053
21504
108005
172616
47345
186204
14406
132603
144613
184480
142056
133045
5799
191169
152278
180803
170130
169395
3241
48396
22955
164455
185172
19698
171388
6053
117644
157780
155338
27635
196863
125193
141762
19436
159476
27766
20899
15184
32093
80433
156027
183104
27958
97000
54001
18255
156764
57062
152212
60041
168319
73991
38547
186204
129660
66927
788
158003
67877
139827
131238
69750
134044
4990
123916
11856
133822
149548
12095
28292
59629
9586
70773
168218
165354
137922
150641
88665
181835
42149
35396
71340
144537
28612
176841
137398
185600
142273
56746
46404
72656
131073
41350
67114
117046
56157
50144
180353
6645
124156
170610
41220
131055
52618
22374
172917
121384
104303
15804
111247
162109
15693
36650
122582
3880
39631
60740
153144
14304
108461
175176
86869
28368
69981
98656
164219
149408
12969
156842
171128
15729
142857
78238
41350
123114
176816
113556
107287
63539
116737
13250
124553
172415
139492
159694
36834
151523
102968
16720
20444
158399
128315
49589
154514
33995
138068
17042
159476
130001
128399
106844
49022
154350
134716
19863
68989
48334
161968
43224
125057
7743
41747
55173
99276
98253
56416
71075
172183
128156
57731
118229
69587
174802
93778
128087
43188
83111
48370
192755
96062
139458
102582
92659
17639
192981
148841
21085
6908
131776
124799
45037
100387
2503
167282
99276
35396
183043
132484
194762
16260
21899
3472
82168
36695
54107
108754
154702
22629
158065
154514
125165
133551
92287
103397
8457
18612
87666
6315
97105
185831
99201
25172
178340
166387
192276
44177
157188
55452
135494
90720
163427
49100
78784
83507
24852
108249
138543
21861
12969
141710
68692
33429
68540
41220
59032
63646
96326
49100
19276
173797
24877
117046
83263
527
79709
186888
90102
88183
76272
163200
124602
66893
48835
131618
8904
154167
81156
129775
25501
131781
2411
30894
179065
175129
130415
148103
77614
55740
92846
138670
117648
64141
53468
94977
52069
183426
132306
131000
158003
194465
94138
104231
175836
84855
160136
121791
149787
131228
199583
196481
21549
115546
76767
80852
179760
157921
157758
184209
104987
20019
3154
82250
52697
73696
119184
109854
144501
185761
25827
89776
115086
51699
147882
177551
161676
10213
105696
102474
85553
83678
110618
119718
182916
108277
13768
161501
126673
154863
83832
183753
26331
122396
21303
75429
27344
171228
163345
191597
199285
184723
33865
152987
185296
50556
36963
132226
148103
75047
126393
173547
194710
125567
64505
165976
101175
13900
1536
55712
119021
141710
151598
146853
126206
16260
188165
69662
97537
97987
135902
194652
78424
187700
52392
113556
10415
130563
99201
189176
124602
28873
39690
88976
96235
44041
81140
171259
126316
59882
36072
54957
133517
85566
144857
199811
34269
94798
67349
146626
178209
8819
55092
44266
119307
152787
163148
186005
194592
19725
79709
50406
120235
108091
62916
35078
74970
69900
83230
142761
151262
28598
180610
6976
42046
184549
46152
14525
135972
94138
194271
16260
147779
33189
20820
32727
29722
83759
36373
121717
40838
43997
36513
64421
149901
160314
51324
120235
59478
187186
169806
11856
147128
138670
33966
72732
12735
56746
28928
120649
171179
104051
113145
170667
7178
171168
43188
8073
183911
112858
32572
120376
131055
55291
31246
59362
4512
109301
61661
194628
139934
149578
113039
115370
126571
37254
77511
45679
158003
116834
125495
54166
60451
151881
196762
69321
67593
52155
185668
173400
160908
55895
16061
1179
48212
114577
60939
103011
80909
163106
492
117388
78576
190556
84129
5213
152278
27249
73403
122904
194994
146626
182377
88705
29422
65839
182628
186917
31453
127062
38133
90053
101129
193787
156146
192936
197975
120512
85736
91608
67593
34647
29093
89353
166062
165846
122853
50556
59330
184685
96779
59882
100564
140573
92081
145132
137398
107573
24034
51699
87342
120085
31209
123566
69587
191055
22418
5934
195700
152787
173962
189403
89305
152047
77614
45315
76149
197893
143627
75904
115792
75587
78511
180194
177452
139089
44974
195975
29337
142463
47396
68873
28672
199583
50556
95178
143698
187623
51152
43346
194045
110727
39776
148902
79709
148189
49737
161676
195373
168511
146724
183043
77493
154046
59447
80653
172616
62916
47477
36466
81830
70429
114643
142463
117757
142841
161825
28598
17561
55220
127369
45546
150366
130202
198068
137641
166571
7442
31000
43641
26296
102917
153778
135826
51276
18095
35252
135478
48104
55213
104775
22231
197044
38133
176574
149867
101270
142568
55213
85092
27660
179940
128684
5141
80547
110727
196863
89487
155617
87463
199367
28292
83111
55092
111093
15012
111535
38670
33891
144715
81830
24416
78123
129259
61935
127215
8949
114400
42190
154914
11971
166870
161276
31801
158522
79026
15327
92680
171388
44
90327
49182
152383
78756
136174
88334
131887
72267
91247
148189
85557
101211
172917
109875
3424
158845
151881
68517
11462
180390
86583
149916
114216
89934
6760
166455
81242
71717
74645
104656
12988
31397
196648
1869
139579
82561
193787
172917
183797
11971
75500
93873
111247
20370
59882
140720
98548
73317
174332
190950
125457
124630
136596
112417
126659
179065
60012
186005
165976
112163
114400
77493
75500
155457
21085
63323
158845
124799
16971
134108
20340
180518
16061
166040
40240
141935
58218
192049
56624
134828
45204
110377
120292
31209
40173
108850
52392
118226
174373
168511
189941
123163
28746
185875
45546
175596
107971
79129
161968
167170
195363
92124
171057
179876
101153
44266
131000
42263
133894
171562
93821
66446
178186
10999
67642
151881
181569
191813
138717
33760
94798
163231
180456
142032
170069
192439
51919
172339
75904
48650
64505
75800
64421
170096
14158
3361
154466
29481
144456
25293
83816
134078
86583
192276
86583
12211
57695
7492
170217
138655
130367
175037
12225
173156
123663
183583
108176
175873
29461
67763
196556
63646
108598
64251
21085
72146
51014
181344
88410
99857
41665
110897
109462
67763
51738
46706
138543
49628
100186
25172
133376
72656
35910
155846
179729
135065
142463
108691
183043
129945
4758
165349
61661
148645
117678
123910
921
84249
88458
77334
157703
82337
65125
137848
197816
149709
142273
68989
166870
82385
161112
11716
184020
132128
91732
83169
98777
181729
158845
179340
10749
161334
137664
172676
63244
193557
39276
176574
182411
2328
128267
91408
189060
186907
52445
48505
45983
131705
54981
22422
102474
160120
97321
87589
164037
155028
189359
96679
103542
60451
145806
100888
108669
62024
152438
125133
186478
2171
10213
51919
95786
145639
67675
29177
194751
120376
178374
4431
106237
174201
145465
133408
27249
177921
156027
199064
108277
171800
109016
107535
143913
140359
49274
149867
74351
193379
71433
185191
96397
13950
194420
24900
84016
193157
88540
82168
7646
104546
7011
124978
20444
57977
133551
160404
158461
197024
183288
45451
86678
98074
106030
10521
8367
96951
74645
127873
10984
10093
48121
168942
137482
194842
7168
19621
90442
165154
52776
76674
20472
5695
134919
153618
97777
65125
157663
59731
15558
80093
198884
145806
186276
165703
138428
81242
120235
10475
104546
35182
88458
182031
68139
439
194271
146498
197510
85882
164957
132399
65969
126571
33690
173598
149709
109827
96326
152083
68989
31229
52600
97864
161198
34246
129502
179760
118562
33063
182744
136150
107446
71870
105669
147389
63426
91608
170355
103599
121137
181420
153079
52284
187345
72656
37772
76559
182628
115069
74552
9309
31453
81261
142067
31996
111093
25117
184809
162609
89934
52673
11856
44076
6164
66893
136410
136150
167762
21105
91608
75239
169995
143107
152278
57454
155457
30417
178165
175289
163849
19032
140573
193787
55712
37071
12735
88893
93970
33723
104303
60521
131362
109982
115888
26982
26447
45037
166040
187878
123506
1786
17863
68885
199696
156230
180987
190876
53893
79537
32865
159155
192615
31524
171837
58399
193004
121384
140573
193224
63646
108919
114070
165028
126903
129570
41042
23629
2399
117046
10475
38601
33638
86462
78576
63447
105976
81288
176790
131159
198068
89832
34758
49951
189291
33025
29422
192529
157431
39760
15804
102908
128945
45451
79045
48334
64559
56603
21899
40026
139000
172456
2970
54724
62966
119284
45229
98196
980
47439
181646
110727
77026
158787
114030
48912
32727
59115
22057
53638
99494
191414
118891
24877
60799
104468
135710
121053
20058
166062
98946
151391
175944
161334
125560
8270
132793
56404
45315
54852
146393
157188
58488
89213
145149
8270
331
26859
18725
52653
49442
85510
43928
94798
57215
31086
21124
165302
122981
17478
25273
143267
110351
138068
137556
131159
77701
190473
30066
41220
183797
116219
48334
149128
46239
103011
28844
63303
176295
108277
41434
86208
27464
123698
143507
91465
103154
46259
66214
58580
76505
25960
179065
191724
109875
86941
65219
110483
174741
94798
90227
177053
95023
29583
74645
169107
13214
27533
53166
153426
193370
138624
14810
155846
130043
93913
65320
15376
1064
161711
49232
6908
192786
164957
169669
63984
115732
85092
118103
146558
155338
148645
25897
64874
51919
84129
7213
75035
163180
106315
11400
112448
183426
148103
76698
159476
56428
157663
67114
97184
162570
46622
6976
138305
118977
163397
42012
180068
141010
66446
114030
86814
179990
16011
173102
122773
149916
13214
118870
65164
172676
142326
110841
98958
51755
46622
179482
64740
195333
117644
78424
171430
113653
19896
98084
91247
39234
12856
189775
147163
120628
58218
62452
94035
145586
124139
48212
173718
38547
70039
84483
126659
56157
42448
138894
94808
61317
77614
59769
192834
81500
195461
194751
119098
114428
164037
137045
160831
43025
73911
48906
25705
112302
104748
160734
176054
42573
160005
47289
90501
143698
163589
79958
117585
115954
144715
44833
139318
6908
86724
73991
81395
107656
102072
148476
173753
168942
75093
31949
71215
113033
59629
65419
17910
97541
99531
28856
158281
194360
46152
154601
120376
165620
15215
162057
81679
152047
30330
53798
158313
146498
48334
127120
149867
155256
21226
90792
98939
109059
705
78727
142568
70229
72219
137100
88893
33502
183509
80476
144777
53638
177551
6548
28844
112792
160047
193091
41840
17834
97928
78965
98741
56662
165558
50901
110897
78727
117722
80729
25739
84244
139458
38831
150853
118020
82031
9763
97184
174643
198299
144777
132128
87281
49182
185251
163488
107971
136344
63994
130749
21652
120568
19190
195560
119125
1350
20082
95446
171521
140904
6548
59330
179614
10258
12856
159326
110291
196648
171179
43252
160953
88655
6053
166422
90644
60012
140479
105215
103440
31265
113678
154899
184020
167113
127330
71551
142384
169756
198068
71738
35357
195274
189225
86869
79537
126188
87124
72732
185191
179803
15327
17548
17478
112417
51919
19756
121700
125457
102362
22987
111653
21849
84067
1433
132461
19108
198737
170421
79596
63188
123506
127394
127648
122353
199778
129660
116897
177327
40026
185761
44266
56948
172243
195499
192485
77803
106780
100387
163849
22374
185191
138670
196392
91810
175176
16354
31706
24332
36766
83996
9576
58123
131420
35357
158399
72146
132461
171259
23644
76149
133822
20556
180799
184500
109636
162989
67145
12323
111325
63092
76272
12411
168894
13270
58736
183180
10984
90621
37429
157501
52956
92948
26407
37462
46721
46698
8949
9107
87065
158862
91185
148242
169344
151262
150845
64915
100020
184426
154133
121384
107089
65893
125384
21226
195912
85586
60112
167393
70610
21048
67285
14924
80876
65827
26035
35078
47561
187652
149408
162864
26371
120315
37772
74552
193606
154350
55291
168278
114810
170355
1558
152678
172309
56404
98316
41038
129938
91185
102576
6420
57695
18414
88285
97410
18893
129086
2970
193658
154350
164167
171179
152691
86605
54599
145039
181344
143255
171994
139082
99276
196151
109636
32558
150707
81830
85893
103254
10749
43854
186478
92566
150455
15478
195470
27323
68446
182518
175125
138207
157431
162864
195644
59805
115271
141381
187971
132897
180390
118466
128836
183043
3126
159577
33891
85882
175037
155545
46259
20969
135392
156146
137045
10415
99974
63188
39234
157546
193379
23903
46024
155570
111535
103962
3842
146064
16025
68446
39276
114167
7096
100330
158590
119395
90904
30632
5967
151116
73830
63092
123533
130749
10011
81092
4437
130749
45377
30995
140720
39020
191205
172309
148520
103870
106603
11355
152913
16161
108769
171388
50569
82987
59629
77334
157822
135415
10616
72267
187878
168560
165138
152484
69713
20556
84855
42254
22493
20969
71948
5018
56068
78123
155617
89053
170595
192786
33540
168087
119473
70963
74019
136344
94798
130233
80093
125647
45056
165898
141502
2687
57454
186661
122853
90932
35948
140209
92680
75321
1027
122460
176167
21490
63984
146210
182233
39806
159744
49823
114233
197975
17197
41858
74351
189855
178141
138894
176883
87434
35541
82520
159155
143846
163056
130605
169592
185251
59002
81754
155643
174741
122904
90327
53638
48459
151419
159906
39368
157246
176114
81754
43139
179340
112713
82250
127710
79103
104955
10462
46963
166796
15853
182347
62425
5429
144404
65893
177645
11441
187982
14413
190741
187157
142161
71215
196380
14087
84158
156764
183104
84086
47790
82520
14279
172657
41772
66134
199639
84103
129086
37531
116781
85521
157703
157280
157501
179940
193370
8504
118639
40914
181646
127835
93545
113847
195107
10319
136150
53762
137482
173274
147008
85736
39631
26061
138913
193942
102474
107217
42088
108648
4121
76018
55762
128284
14983
9432
157311
158399
35078
138655
139418
37954
134731
176114
107486
120628
117538
57695
16011
142032
127885
198476
160646
41747
140849
190209
176510
163658
84397
196998
98777
195095
14830
71340
194241
9107
1022
140625
140648
179876
174201
162031
49386
81006
93251
46239
45377
40551
190763
59428
185156
90798
188714
150350
153456
12449
156647
2113
57611
144537
114758
128684
152047
139061
123780
146239
188883
102688
4587
179876
125317
129660
99348
48029
39276
107184
182148
27635
179512
130275
60467
194360
161471
7970
139880
148393
9616
30689
149020
82277
57322
95695
97427
179619
75753
32170
66134
89053
16961
104868
14525
47194
61661
59731
26617
124322
91671
51170
71053
39760
134406
84820
148111
162570
36316
154350
83641
47668
139678
61513
86767
4059
85950
177734
120730
127330
194960
159326
34236
168942
95786
160831
165540
195819
41794
35683
126316
158017
116358
163535
1817
178780
190556
170306
102688
100564
21886
3067
49909
45886
121249
199285
7317
28598
68446
129411
81137
133095
7334
52321
73224
25827
158772
54106
44076
126778
140625
128607
149633
8489
178282
17639
29749
91732
126635
117175
35078
49564
156955
83739
177279
117678
111535
3184
3054
191055
8983
7970
35182
183525
44041
146328
142953
176535
96951
96206
114216
24717
28131
177645
40914
58153
46503
106895
100564
34758
81438
31124
117832
194143
75321
83577
16386
1106
77264
173648
182105
16825
48404
47592
90030
153284
189619
144009
169175
102123
25578
121168
50985
143255
69587
73648
141568
177141
187982
127873
122396
66988
3217
155203
30571
116270
187878
79846
77334
88935
92317
195844
165558
51607
123114
63681
191030
26529
195333
17899
184202
49971
168791
153674
12856
82699
32832
178342
174637
132022
195107
169681
181206
101570
130133
111728
57695
118154
46963
160454
77388
94977
130415
199367
90671
118740
19190
33738
36214
40789
68372
134459
191788
30281
100158
165207
42674
58521
10694
156647
101361
21452
158461
15566
115197
10984
163253
6477
95082
25897
129086
123153
153112
59542
196450
176295
104637
14579
199811
13944
9007
179653
2411
21460
191187
8570
69012
160831
70855
69242
77968
197215
77587
171259
46387
149290
70462
155245
145465
124139
92200
132733
92659
37192
128977
189272
138767
149787
45056
13472
14413
28131
139379
169138
96018
133230
110344
163200
98136
34677
7705
76898
167953
114904
135618
43188
92757
27635
123385
177705
199285
29722
103599
47745
10213
169067
22884
8380
155338
189225
57490
128886
53191
187623
62916
177201
54303
52392
196998
173205
40101
157246
167541
169431
56798
155617
23209
185041
62650
106608
132695
159476
138400
9280
131790
78560
95356
114972
88183
49089
75047
78010
96191
23912
30657
44266
4799
24717
127015
135576
146806
131618
159812
192697
80979
175324
14
112713
64011
38133
161471
22767
194360
88682
17441
95148
181388
112650
65440
118977
153916
195333
12609
87546
20267
124726
91889
147385
155028
144762
149867
24416
99190
122567
133476
11517
78834
54396
32727
6219
172490
43383
19920
168239
128488
104051
118977
189994
145815
189425
17639
51679
117353
180760
157485
122353
621
179065
139061
85335
186957
79537
187608
77701
117046
125049
82168
38831
16061
159785
117678
56603
101518
98253
90542
92566
96779
49790
43563
177597
11971
176599
20243
137694
110351
192172
168877
182759
27958
983
16896
56025
5569
25578
123227
93251
114878
14158
3766
198876
39066
196151
53147
166556
114972
60183
192777
49232
110182
48599
86208
195207
91978
134267
81618
95957
104051
186076
183911
63188
68093
14525
18688
53568
66585
67846
14022
151315
26456
15543
198903
192755
166003
112858
146239
28280
170528
172720
66036
144762
155014
3875
139000
105803
17817
129660
127570
28511
95435
78059
77334
68116
67114
18956
51919
171877
174201
143583
86261
199811
81870
116154
103389
72572
128155
123566
83507
136710
120235
92846
43383
126666
88794
46259
4535
126854
13768
182377
132720
6820
64083
157246
105298
158772
133045
118226
24578
86409
46465
53272
113653
177427
78424
196151
13768
156230
192936
27344
20605
191169
170096
125560
125209
188059
166094
125457
75544
81491
3683
170160
80547
136710
175324
2645
79412
139492
162701
73475
45671
63711
147588
41665
26562
92566
149633
3912
130001
155909
45056
149260
192834
9280
2823
163602
133602
163887
65107
84949
196086
49628
127106
67770
181980
182173
137685
89925
91671
160509
6924
3944
191948
68116
73696
1857
135707
164920
18688
159694
19863
95957
114147
55092
188286
9743
59048
174252
166055
146014
118865
46870
59784
25280
72020
66824
113257
39385
28014
37254
115252
169291
124942
43593
101270
71628
39941
181980
191030
17996
7569
187278
185673
100387
5351
196800
46973
142761
134169
32200
65674
104051
67763
153900
102968
23032
78307
113091
44332
104051
186443
129800
48599
18977
105047
144715
180869
63447
6315
118020
199367
103843
98084
101604
121035
9107
122353
39368
34499
9802
151670
125774
75626
24416
32306
68653
192334
121483
190876
107605
86124
87534
13678
15228
118865
60647
82044
102342
98477
53434
111761
191487
23484
112417
36814
171736
191353
75203
105112
113257
133054
83230
86462
60237
100772
66760
94588
38356
72035
130043
25705
52284
79255
43224
155048
126259
62682
90323
131811
4926
199278
168606
35683
13250
1400
119512
86517
107180
164167
102216
75904
82620
132961
115370
171168
174101
192834
83866
154074
192858
37994
108850
129761
168646
168505
118701
50732
59002
16559
63838
18200
84855
8270
45595
154601
158201
185761
117353
153674
161112
71661
106844
50732
164693
76149
133045
119021
84277
199154
64083
110834
175430
171259
9968
34129
45983
12609
187223
80852
61253
145039
25346
19314
67801
195598
53210
129465
132793
58488
196151
58521
167775
138536
54685
50406
161968
42902
61253
44513
2125
131887
175125
1268
63650
134253
147080
30894
152769
101716
24136
71134
91889
172676
46495
4339
6548
71796
139827
13238
65791
137398
55173
152542
104842
142870
195819
192334
138752
41454
105669
17746
72381
24668
62452
57674
50808
6315
153674
180869
90236
38467
111093
45546
148090
130415
100297
162218
73016
138388
30559
85510
93462
194011
127523
164877
63092
175150
40971
82874
117460
192049
178002
188213
104303
17639
40971
190843
170522
44913
130026
83230
183426
37235
12735
17245
46515
154998
184970
93970
49848
6053
67142
162078
65530
96644
41038
53861
81137
95786
163230
93251
56041
102072
28856
3570
73059
143913
22523
18200
92631
180408
25663
101153
141148
23811
196741
187434
23325
192901
94093
141148
62366
164421
140065
195819
190336
188409
148090
142213
102495
72534
45886
173274
62452
156322
185741
115370
147284
173285
125384
52284
188588
196509
132351
92587
101010
107418
184723
106242
24017
13768
91301
34456
73578
31996
47336
41220
31185
64020
82987
81809
159744
6820
136523
179079
62384
56225
37071
103450
61253
88218
75743
93873
46905
156230
57786
23609
163018
5091
80962
157021
124726
87589
39020
193564
143461
104618
20954
196556
104842
75662
17124
130749
126778
39941
81349
78733
116504
36349
788
98807
167669
190473
88935
18893
19816
199563
38917
151500
141225
68023
125091
189095
83432
58620
104637
122218
33502
28969
132720
78307
143214
4157
86767
130193
95356
23379
167282
184829
35078
23136
93251
49022
119021
125900
126948
106569
118659
150277
103202
102843
51276
34552
45023
187608
1547
80667
108111
115636
107980
121137
128684
168826
117353
186957
146649
13837
113609
138305
170306
101211
193942
23832
134185
116427
187553
82676
51240
27660
5636
82385
33324
48334
66585
31667
42287
59121
135972
43322
26956
164446
372
148575
163148
54955
1788
101673
160942
49022
103407
100457
4838
120012
119549
97846
23379
66446
196741
177684
11112
194102
170595
17868
19436
84103
159188
144404
2207
76499
12323
189225
151315
7928
19314
62044
20248
130934
8134
39631
126003
129761
83996
71297
135826
115792
163230
123850
50901
167320
4655
33368
107656
32960
156617
123283
167775
162242
120837
150101
70890
116581
25739
56927
59428
14686
21995
123985
91939
82107
157593
69981
163200
190053
46371
85918
126810
150641
130133
97209
137603
100644
18200
166870
183656
66640
59805
83230
23438
6101
195512
191353
105076
127523
78727
58123
51351
68446
189689
64740
109599
31246
181784
151881
95601
56652
47194
137726
148924
189689
40775
60451
102688
35683
65791
121700
148090
37071
2534
69445
53131
52347
51987
146541
87993
127106
152678
159476
168381
44584
31711
51482
14782
139458
70453
14413
122377
12997
93083
5112
7317
29675
90792
150694
194011
181683
32306
9393
143062
59805
108567
154370
18543
74645
180429
153900
90323
21196
177551
45037
130133
9280
185668
28700
108907
102968
133852
25071
21515
32410
23778
57959
170522
95601
36440
143021
194367
187322
113707
135304
99499
130994
6548
161825
171800
136410
26278
3732
64959
66410
182103
50006
147008
44785
52543
163816
7213
87342
76272
151419
69891
107418
155256
27977
87393
47082
198135
34942
10802
67058
113451
26083
61012
178576
104955
172546
22608
40914
158845
109059
75128
35541
65791
138149
39544
115846
20605
152484
29422
194592
169249
193004
10458
53303
128263
148376
47668
132793
144825
179665
52776
155931
47122
12916
49398
151914
130133
73444
162057
61865
130133
99190
123910
102688
47396
153849
95728
73991
174983
18200
28969
18919
42643
64874
44076
142878
144825
24034
50210
68989
116358
187049
9526
21086
190415
135149
97482
191081
172616
128335
151670
174983
124502
18255
168436
93661
3488
92640
33343
198941
49232
141183
119381
9935
38944
126093
143583
168980
175066
45595
115888
84762
35683
65530
33124
111247
15969
108669
68885
69133
31453
102843
37091
9841
124906
97916
19964
50985
158814
124293
44352
188722
147218
51954
171168
187390
41747
157681
78560
183911
68653
101361
129880
98777
158670
9033
56133
190028
39690
20665
97410
76898
53504
120849
73475
41434
91671
121909
7096
43171
44041
121627
144704
191353
38877
87674
6908
157485
141568
52025
194592
105353
179065
130088
24739
178126
25227
154496
103756
59136
135449
102216
26162
110662
165846
135902
127062
10253
175652
72061
375
52392
105862
63650
155735
98880
192563
197956
178126
107869
18303
15305
5222
133054
130563
139061
153494
140573
181344
157224
170877
115732
8371
98335
72993
97624
50732
91301
112037
111113
195955
128335
3201
5780
23629
29974
106007
144435
163056
63854
81630
155032
31229
161865
73135
103440
197816
48396
46905
117300
135304
190415
111653
199022
174983
16896
134628
63854
163405
9808
199943
133829
102107
133332
184320
185779
47912
23832
116154
88249
127278
27716
38363
82987
94312
199778
58736
165314
65125
127199
188059
73
191429
36713
19054
196998
70610
49564
155304
69486
16211
44611
152622
150424
182103
188807
131544
67058
142032
73198
110544
125049
189588
65530
2434
165892
38793
144704
77956
70513
79190
1377
68388
77279
42585
8489
190763
145599
185741
132955
131989
102688
104214
10616
9393
23438
40789
23017
99391
103784
161334
41923
145846
111535
29035
100564
83111
71304
110291
86147
175598
179346
76718
51351
79129
9841
30894
147107
110031
123533
193249
190299
50647
149533
108919
156380
71948
60647
177597
51679
80182
131012
79567
77803
34236
198663
123910
188461
103870
25216
18424
162078
195955
192901
123698
123338
81438
40646
127885
154024
155331
80653
132331
68682
153183
88496
79372
119168
7668
192021
186248
140079
66673
198333
190788
113737
181915
143231
64984
176816
50834
168505
138453
177279
144098
145024
185741
68023
67636
106473
158893
39631
24851
120742
79372
143373
89740
122353
84397
159906
175647
162609
166253
11695
67675
21889
193787
12806
162193
185819
46380
98447
12887
18255
62366
69713
185147
24607
91978
174230
149709
138453
89523
73363
108648
182411
168087
109440
14644
65419
179930
10897
56603
141252
132603
127478
20730
104546
36650
150424
126666
15215
117644
182916
109827
160780
43488
44558
56107
185347
84351
162864
50338
140817
17300
146626
115546
185312
90178
118226
136710
139973
153525
85051
166796
111208
96591
96313
27533
15305
185600
20009
86744
64003
98650
173205
35207
142430
135681
101764
162989
58747
140314
25705
63761
2881
41772
55173
22566
125509
80581
186568
72061
165028
141006
10265
158611
43383
84277
64861
77493
9743
64505
21345
192936
165620
198476
152769
31421
89565
87763
192172
107723
179876
194960
199154
163306
111325
168436
148497
151391
33755
20465
167487
163369
166291
146884
116920
181562
143495
82031
158110
95253
69587
97144
110782
194332
119336
48141
124139
56530
68763
119074
26259
181140
160281
87429
171259
144704
93431
161343
60012
24438
186576
15644
113707
121208
65585
6185
3256
140359
59162
91363
184771
32727
41665
197683
172871
77134
149151
62735
195975
26259
192049
111773
185673
69835
118946
199639
13335
32540
178370
9150
97321
195059
198841
176764
173962
11423
47979
174024
88893
71134
123035
159247
174373
29151
186715
191678
176295
150078
93597
100816
169571
44752
59955
8423
132634
67049
18255
64593
30528
18845
17300
122617
27000
61352
4958
105136
120292
128446
13033
25897
57674
24257
148456
114758
165540
58620
29184
47194
104656
150299
168942
29654
37531
62556
49089
108775
43046
156889
13821
148720
182347
153284
152142
128047
127570
108282
3126
59529
67593
50338
23002
79103
145250
131659
33738
26918
71092
50103
149597
67472
74745
1195
30753
167170
142
32069
184356
191377
66113
175037
1705
160546
19698
99868
31185
21849
110845
168646
21226
17068
9778
96899
57322
35683
46380
27344
61477
136710
148147
116677
30995
23772
81830
28928
35142
100888
149151
116568
173337
41772
165518
12735
18543
178601
112345
16437
164219
46622
183043
194592
166198
162193
3790
95728
128399
117472
103529
100186
74574
173052
135859
173648
32134
91671
5569
115045
135634
13648
164322
143938
48212
162312
109668
72872
7168
140427
152228
22184
121833
156683
4853
86536
20665
9161
37550
111093
130749
54409
36963
126070
139445
190209
20570
23959
191961
57250
160762
179653
109448
89428
76965
125290
172970
195373
85882
7705
43926
135494
97144
96313
55359
87065
178949
118482
120718
156993
96558
58218
51679
187390
55327
163376
189636
6908
66893
189176
122940
25071
141006
85460
95561
198001
104718
8489
20730
99905
12691
13537
53798
31880
191353
115732
60059
161023
18810
171096
177734
27464
38782
83797
168646
172995
157655
6346
23832
65939
144704
187357
113460
160213
35585
83432
30030
165138
139061
18680
95871
52543
80547
35966
774
106496
112209
162408
15012
59048
105261
103403
1272
53300
111412
62735
167113
49951
77364
15089
99051
111246
29833
101484
69945
148550
185956
117059
52589
128684
33271
33966
182814
30066
160005
7128
56530
110006
174332
24038
136988
81288
121235
14203
119737
121149
144825
98253
17139
192936
142479
30047
61840
181904
136740
157758
25563
29857
4151
103680
132461
178576
72446
186315
34414
13033
30689
93697
137336
165963
56882
121333
187746
198028
109216
38383
95402
71447
125133
166040
2665
2736
175382
116172
102216
166841
166571
22493
35683
119934
35078
70302
154350
127106
93545
154914
179065
117722
18303
95728
199513
119653
149187
6826
177811
135177
199696
131776
112154
199665
36935
73964
194139
165380
20954
30718
175706
93255
35877
7057
141935
34647
128521
114285
125774
166198
71603
105353
99939
162218
65219
159247
23638
6620
120128
123985
88060
100850
142521
84992
169770
176295
167682
66410
138001
6185
145039
22458
190299
192021
45377
51377
54599
177551
47561
85335
52823
193121
18543
118332
176086
11112
161061
54920
42925
32851
158313
16329
158772
108277
154658
65939
6164
195560
93793
87763
179248
57490
53354
80182
49232
61450
6101
196380
12377
85736
1913
8819
25071
52428
79190
96326
139277
20370
86147
89590
181344
20391
18725
159906
118043
2453
199223
102688
102908
19194
116116
45546
121470
61991
172749
33271
148698
191464
165870
3226
36029
154046
91502
109068
80117
74859
90973
157523
110607
148189
169722
139222
41251
181056
47151
191640
21196
28014
152047
39574
166198
184723
114942
163589
183002
33271
108747
195343
38091
41220
11877
115589
43252
68229
74399
169067
39806
64740
8819
87051
24017
134406
186973
104919
163816
71757
32352
100617
181766
87239
17124
87485
172901
168239
172901
77627
151670
12286
146462
48872
129761
127570
77459
162218
1571
58218
77803
113737
56290
9122
108242
76965
55167
97987
153618
120742
135330
129938
61400
163897
58362
102288
95894
75500
198476
3431
89487
195499
195207
101407
19190
39806
122377
105215
198368
33502
138001
135656
112459
144205
175342
80079
62254
78784
3590
173842
173400
171454
13611
140969
12505
178576
39834
74277
176086
177327
47486
154702
156647
87524
47561
54505
61184
138021
60799
117424
192936
65107
127220
132654
54454
98777
14782
77888
93376
151248
64376
72731
38904
13087
193143
196770
9393
129938
84244
88794
1593
141313
78490
16677
186276
167121
30417
66760
24247
41434
93545
66760
20009
103996
33271
98548
103897
153264
189763
24083
34647
98136
119830
172573
19863
124322
133969
176620
24185
169107
155529
104460
77633
155203
6053
101270
50057
118701
69133
180194
199251
77364
85494
88172
151787
44558
152678
40514
128995
92287
67058
92971
193314
30894
28842
156836
18303
102968
155209
29675
34892
111974
144564
22955
65553
134035
27344
10078
192529
123506
18087
57322
191933
104572
49019
102707
109223
197788
178601
76357
10458
105370
118562
38797
195470
123035
143698
120628
56225
120995
64324
74825
60030
15368
125831
133898
89130
80852
51463
29833
60548
188117
20204
68653
84166
104546
95456
22179
40357
196717
177031
189233
108648
22184
11310
102824
68974
144347
107908
137530
18125
59534
173466
96533
93913
146014
14983
171608
112448
21693
77167
38452
50866
51430
107589
111902
31286
164219
167487
180610
78117
189425
122528
148345
128886
41747
49182
30165
92904
27000
149801
189095
139569
51463
132118
139095
172170
124272
41923
53806
28331
188409
72731
195238
73198
93545
31331
49564
68860
35877
66171
20204
23930
134650
127105
120497
140573
22481
160375
49301
166139
161905
177840
16
109397
26083
93408
149020
40442
184549
113333
176277
81870
22019
25563
150078
86678
96152
47668
110344
23426
98741
158269
97234
127015
58183
191103
171994
7317
67309
19190
135994
105803
156064
139549
42796
115107
80415
74078
38416
105361
120376
117261
77587
112522
176522
170140
178126
49564
12177
193606
38236
92200
2490
5134
181771
124553
144015
60948
97118
148779
135763
105215
186803
94138
138655
131228
96018
190690
152950
32727
161523
124973
157859
52415
80909
118418
137466
154824
45817
23903
2900
36650
37859
121422
118396
172616
157360
13335
188883
198615
48835
179065
159224
57389
120376
74552
100158
171057
59468
93431
492
194266
179428
87239
88832
3434
157859
3351
33025
98382
108338
38202
189476
15305
119439
20465
88560
34647
9989
184942
66893
741
68989
113556
158954
5091
96739
3753
99474
149263
182916
69465
15215
147065
159179
82589
155406
104919
66722
56530
189000
77627
194024
162864
70294
78965
172525
97723
47436
181028
4724
44332
40914
127873
60272
192581
175421
39461
186432
12806
168762
58684
111556
181488
12296
185875
126778
100581
136710
132118
77828
23876
186248
177811
32422
28401
109490
153446
94266
194241
163703
92566
26815
93597
162436
107589
101432
66231
47990
169722
130450
52761
166660
101129
191055
156365
4858
92398
92566
142133
30995
100457
162264
194205
196217
1851
136760
114936
147127
76644
57959
11310
167669
37071
6312
27214
89487
102718
89600
146328
131055
31153
114936
180390
90323
17277
136710
199022
151116
160011
70158
194822
112564
33723
9185
180610
15601
29427
44266
157735
115971
29974
22264
115446
133992
70074
27069
12856
100909
64192
52589
18303
68267
181852
74207
101301
55512
181363
70690
65419
15930
135022
89236
82561
84312
26929
89925
47828
183043
126259
159188
90404
125409
50554
177092
28570
77134
149801
114198
15163
195610
7128
164505
31331
198903
131238
196495
107184
105510
73042
86791
130636
17899
14983
97184
120248
2784
148948
1851
86669
91030
169302
155684
79255
37901
89353
62735
130217
37323
193121
181388
59468
50006
94798
60936
154024
25071
160005
182964
2554
73749
136523
54147
63650
178298
58478
48480
116370
78706
126206
86423
86208
7011
9616
155560
91749
59002
117591
110794
83432
186471
177427
115846
32093
162057
183288
45483
85610
68215
155159
128886
15601
63400
46312
33172
115954
107690
26436
37550
49848
148749
169995
160672
109500
161613
68566
11517
91749
152348
188807
198068
88218
165988
43355
94857
88356
68483
14924
198769
168762
49386
182916
163233
86342
19028
124664
114643
81550
128346
121448
128371
119718
120462
175289
86409
79958
3979
41772
130332
118459
199513
118075
177327
102342
141354
166206
4222
5988
198068
114888
82902
6780
132503
163343
92566
59118
139678
190741
17057
17338
57472
171430
50045
68116
109299
140829
49378
69212
198068
163671
88372
125695
168606
179428
21160
9150
22870
6548
87534
64939
99010
110315
92081
58833
111535
86713
11967
12157
97904
34367
60486
123298
104848
90207
18956
138384
156064
166455
113446
179537
133583
16665
180042
22897
135859
140573
133509
198609
132897
189425
113219
86175
174440
48617
133141
64740
103099
82987
163577
4768
86502
6087
49823
58580
100617
102598
12887
164979
167016
11695
20750
106168
63400
195243
42796
70770
1689
45426
47956
97492
78453
132581
111232
170058
25216
185654
130563
179767
24470
12691
63291
7599
93462
61332
52519
21226
131989
75626
4150
130193
42507
70304
178165
12487
138120
95044
95561
91037
114972
181420
128087
35714
150249
77819
85162
66009
161419
194295
75682
4911
178780
71447
4765
23749
136845
57186
179512
33124
85226
91371
189619
116085
134860
86700
115732
149371
5720
150455
104848
189773
146064
138843
45817
178370
54166
107107
105136
176277
137861
144435
64251
187608
198265
109599
126172
66888
26495
51152
74078
49919
62390
1197
9185
175125
103440
181891
75544
21652
7317
110006
165260
175324
99857
188249
90479
109827
116464
155457
112481
63886
186803
11423
142000
191678
40240
189743
106237
81137
69117
121035
190556
194592
181004
183588
186617
130749
53727
128684
38508
180921
35683
120128
182628
134118
169395
57555
184605
72120
69920
91247
198702
25827
161488
41473
47510
11610
155245
152142
103271
174041
176236
82043
148242
175916
18883
58288
119718
156287
170995
138305
126405
21515
102855
116358
170799
132051
127868
85063
5904
123035
5140
67167
135449
20920
189884
45912
185491
176510
120235
61859
65791
117700
95
58631
54303
128047
7344
56652
39760
13562
49019
133206
135304
132051
113796
23209
32093
115370
199877
170096
119934
34236
183655
161369
129186
55802
113091
163703
54681
100128
55407
94842
89428
3307
167517
148841
10387
133780
74566
118477
60183
165870
119040
116269
54480
87565
129420
178857
196717
93251
168134
145362
96779
62285
178516
29810
12916
34414
10213
165620
92917
54040
194020
87429
134097
60964
24689
86409
192353
68229
50071
102968
89212
11553
155617
119718
182014
21577
136204
24262
192381
178370
153618
97410
112663
69587
170700
964
178038
18543
183320
30894
140014
2282
163633
45983
48780
77230
126116
116968
29974
6425
13537
3182
168406
139095
88540
32306
37550
116370
151009
160998
185212
76454
180760
63006
38782
157335
149597
38904
13033
89096
41794
107971
131962
86645
141568
178298
93251
62044
62637
7928
67821
56055
120900
37630
15853
181330
44041
161905
159677
15666
79494
78881
46742
40503
119814
128267
135707
138843
77134
125346
34129
71497
175916
175706
124156
132793
122711
161198
85077
72101
130173
38997
16680
175421
113786
120235
107971
60451
197858
90178
154350
196800
199401
27635
147008
181459
76211
125209
74351
159027
73901
87355
136204
136825
122353
190646
192834
182059
108907
34892
79016
38877
58736
22934
138624
175576
101540
93083
127330
38474
68837
128008
88856
125143
128008
197012
59002
190083
118972
86517
67593
123974
33189
161979
114732
83011
190763
73016
97945
96407
168381
39922
183234
142246
73363
103250
5429
105775
111150
110834
70627
173753
22400
143062
69891
19698
88793
37192
69038
182000
177597
171860
183664
45495
180477
33343
155466
38755
147127
3967
181835
78727
123698
165518
27069
83111
156836
155079
84086
46890
67503
65758
42733
134847
139119
8317
187406
12887
123974
120002
181330
9101
158201
95907
74902
15601
106007
193262
76125
112370
8832
38207
72588
149787
35142
35910
126353
126206
183435
37817
10560
12085
176295
20204
61253
151865
186568
5290
136325
169957
82277
29011
116427
50610
99964
53480
27375
28840
122353
178986
26083
185078
183530
4464
43854
143129
13238
116085
72415
104460
30753
135182
70770
69891
177840
32306
86959
156738
180760
110834
155365
116920
20304
25705
111535
114851
137508
154702
52979
43346
9273
37676
79494
127648
130125
51324
170949
163148
63488
99096
191464
179248
133509
164649
111902
118865
179729
68653
37192
132268
58830
112858
128886
147144
112066
20820
98221
109254
106168
131989
81311
185953
47057
96547
170369
139290
118418
87429
13108
145250
184693
112459
181835
133744
37804
28840
168278
194614
22121
18200
10093
13449
44266
36138
138664
34671
27635
130749
55895
17548
108461
179215
181111
172365
155500
27493
40646
2101
50486
185296
103111
81491
13223
117984
144734
128293
107971
121527
120628
198221
50210
50406
181683
42254
86543
175220
89053
100090
97904
30759
148749
13472
61818
185741
105976
149020
182377
188588
18810
109568
55678
74745
175335
26371
55664
109860
49220
94093
133969
170213
151865
31817
27977
155159
117516
107706
81867
173102
47436
88172
52979
152769
199513
26371
85632
96739
122711
71340
51152
96628
144613
136469
86409
192523
82221
28708
69037
172917
64740
9273
55664
117516
29128
195919
177279
44488
33147
20409
102688
163488
86626
26495
157049
107258
33189
117028
95664
130693
41858
112858
21995
188714
13977
125774
131671
191377
197641
151156
118226
42333
147092
48549
35142
128886
62735
181004
9526
187735
115732
137922
69587
11167
89991
29628
34367
69445
95044
133454
106138
159179
117300
22629
196053
50901
112972
1779
49564
187333
176240
140259
199313
12095
115233
65969
175647
100766
111623
17899
105775
104102
16754
189225
13923
40838
93251
184266
49501
188409
195819
121768
89212
156092
157246
155394
103647
127199
99320
67049
176549
102499
185953
132616
42530
47486
95253
188588
30216
153183
11789
83797
86791
44076
5569
105598
186204
23844
117700
84549
134542
124251
130814
161744
10616
88090
120927
67963
25752
131855
50486
51225
32987
155735
58830
11206
127031
178706
194822
69705
173944
154536
178617
154968
179262
181028
146760
58218
124585
118972
31880
101220
199583
32097
163397
49823
94977
172978
129614
28331
73475
163427
196509
15853
150277
10213
4946
107009
188409
81034
99657
125193
71340
131111
128226
152378
143495
177744
190556
104842
124337
59728
168310
143791
150141
53994
147295
159716
64823
18612
67759
138467
147946
41945
183095
47561
11856
9398
124942
13472
165620
3686
40173
180869
178820
138155
16983
62902
141313
69820
176456
49158
123780
38300
140065
126316
103784
153729
45275
70909
108567
30995
113737
71961
76454
139397
133332
49378
44661
70909
99924
53591
98922
152531
1366
71144
181938
136825
154459
98675
163828
56710
31370
123566
7463
152570
142000
64120
6820
181534
45443
78990
27766
147080
97074
167016
34047
63856
56055
189773
42149
133602
160725
152412
66585
147008
146498
96082
186608
141463
173547
100617
81754
121137
116362
147168
174230
20243
49182
126527
15531
131868
98382
108314
78059
185018
138954
56882
83011
46075
111623
68653
121788
63004
164167
147768
164016
187186
163186
118290
124191
43310
16716
99797
157335
195499
180930
80353
34969
79372
194893
116834
194420
67538
69657
139961
117892
97987
6256
140427
9101
174373
126393
177386
80566
47909
69657
168297
86583
171259
126238
176277
85460
72828
173962
91408
83177
38670
130409
190083
58620
166697
189095
182312
157381
189000
32960
27635
167752
133423
59991
103870
184563
39834
195560
79129
164505
113349
83716
27704
117516
96533
20630
158092
80476
75203
192118
3679
196762
112792
156144
98650
151582
30092
127894
45546
26162
63704
186803
136168
180068
159677
198368
9078
94977
51033
17548
30632
174332
166094
119759
73198
181915
187608
158306
29177
23638
198609
192485
87661
112972
20204
135937
122853
117218
94588
44266
120235
144715
195955
116027
32069
147348
86536
87016
36650
193224
178751
126571
114810
48185
109377
123385
114936
176613
166055
158230
122567
115508
105226
125774
59351
80547
95695
196989
123075
37429
118870
195863
191821
52906
89143
154459
30216
38944
100232
45443
50783
129481
10749
117516
160005
122010
39922
179107
103229
36249
140117
121833
111391
110119
5189
1774
121992
70013
70134
146041
127796
130820
181980
158565
15068
23114
181746
167879
11540
94977
172079
160047
154968
39099
50486
60183
3189
109148
129228
29035
51699
99894
66144
29086
14744
1156
81500
29810
74902
66722
20877
136281
9273
22706
11112
31591
89487
30130
42582
21176
110483
56225
103202
94093
21490
40326
98675
89053
186819
42643
30995
147218
172801
101361
33571
21013
144704
46011
25501
117700
134068
77803
34647
26597
40006
22870
166796
30431
185696
45780
139061
6976
22608
21667
7541
12360
126633
1536
62637
134458
139678
145536
148393
123698
53568
69295
143267
16665
15305
179639
78328
102968
84736
5824
40611
54239
101474
185296
43025
42812
30995
64625
110079
152511
161123
42812
63650
141463
111567
125290
128047
106496
56381
686
47705
69321
96313
15543
193229
14022
57322
17124
17764
157523
149199
98939
174555
37452
96739
186302
143461
1069
170725
3568
57810
155811
85788
23114
152438
64192
18810
8317
183902
140117
180261
168218
106803
103389
55327
95561
124664
145130
90753
164177
154396
184011
82250
182312
71621
165104
75153
128945
109418
136216
116228
10897
143129
87718
104926
69050
193333
182312
3063
36049
189743
162015
22231
21196
74157
101575
105523
157485
110165
96688
121035
132897
127835
86038
46867
142326
40390
62794
24593
191464
67219
9463
99640
136282
30995
86449
77273
74362
114400
172053
78292
126659
17056
63202
40066
22481
10916
103403
85537
108386
122901
154106
135902
33311
99640
52618
4150
187480
159589
68862
2564
127166
134322
90953
142392
114718
66760
170421
159950
125143
196380
124099
166841
53210
101490
160375
111341
159364
63426
188409
104572
54681
28131
46120
120997
36275
168791
42746
18580
147163
146804
17131
20370
142220
152162
169755
152824
8317
100850
100822
71935
113890
134322
128226
160646
164920
109299
26918
73904
85731
2104
187199
83111
11967
12806
57015
81730
182916
121069
104051
154384
19621
52746
193421
107418
96313
63468
42521
18303
28131
178384
79709
107971
49133
147493
57084
179340
121788
21762
32757
198663
28245
41168
57186
127369
171698
23602
16394
38094
108668
76698
47592
165104
143253
118020
27323
93251
17608
1259
187735
96416
39760
105669
121700
187069
30559
14057
45718
181771
28200
148826
72492
120128
43346
106168
10858
8489
45998
199223
81550
171057
161770
137045
106225
14495
14924
9344
110165
65012
187278
163571
72656
174735
152622
188965
152814
30066
152142
64915
79846
6117
106285
33399
49192
180194
22184
160213
153849
112459
141935
42448
90720
136976
31124
182411
45595
197690
122460
78642
83838
164569
151690
195894
146793
22493
50130
97410
133061
184153
42796
172657
23749
31667
67285
176959
8371
40903
182856
175815
164816
38547
7599
64083
179585
144704
103294
90517
136536
179079
28476
59854
42482
3621
85700
29598
143798
110523
50540
29237
165007
72005
15215
183630
165540
152184
176743
96739
62966
47251
100128
110165
94138
180068
56018
15305
193370
116912
51240
99542
118459
52392
70627
51575
6908
113946
185225
172720
10043
173753
72805
150819
51152
146341
176456
174670
124525
109148
161825
125636
37520
51977
141481
191863
63518
8317
95822
27704
184924
121515
129293
78160
113556
52941
99348
43022
66036
135786
88040
165778
25827
62735
29184
74277
104158
61112
152162
3922
129259
199223
66072
8647
180987
137118
86959
118767
199240
83169
195715
31453
149260
1153
114210
184727
155322
119254
105430
143049
119737
195758
61513
109668
95178
136281
176574
186555
78560
115489
67877
112564
149313
81730
44678
166370
185953
68372
181891
182813
134054
99010
150249
62003
2615
83368
112858
65293
16665
198702
163488
58736
27804
180042
113167
60356
73078
25172
76499
111686
6810
173944
104256
142701
30559
16211
195373
86300
183447
60866
161112
55167
28073
171410
116358
16850
63244
194877
180722
143214
27238
86974
171608
139678
178820
162765
142118
197816
116427
185347
144604
10122
26106
178298
162242
161168
165007
77334
77307
131381
85788
15410
43826
130332
21693
42333
147990
75947
109927
131499
126259
64324
124978
76799
116677
197445
161540
75321
184072
87065
27635
166925
34312
951
108931
178177
184879
23901
130166
130116
126393
66673
154625
62637
104256
81742
131962
183655
187623
161540
80353
191597
154862
177661
26495
41220
32770
107418
47561
37429
76454
156350
41251
129041
115813
92990
167170
71802
184685
164062
126959
172449
18657
66722
20335
6044
184368
58889
187393
37503
150601
121448
148564
138467
150249
113609
181646
31246
35357
7216
23638
152557
193665
106060
1879
156759
111549
170421
198529
191286
53147
139911
101784
38292
70094
87434
100564
17300
50788
190173
82337
143310
82458
70007
44726
89590
65791
52906
138189
138624
50610
98434
185078
67122
2222
119718
85401
45346
193224
15531
87405
192651
123698
81137
155855
76260
186952
188053
96484
181520
64353
145294
92165
50775
72567
10560
299
80876
39186
73191
189636
114452
121700
98325
19481
49192
189763
194295
104158
107387
112091
66036
141248
126070
199181
59032
43679
12609
54659
10078
132427
68372
186087
28029
36766
44726
190299
146393
150078
192573
120783
135522
113420
100429
190741
191564
139000
156136
25280
63291
142971
169840
55236
90517
120989
142161
3404
171454
199061
101211
167972
41682
161019
79625
145007
178986
114997
85998
114936
42397
165204
29833
131055
173098
144793
124664
63073
33355
183630
140245
9644
3282
190763
42287
72354
49442
173400
90178
63426
126778
34118
193822
153144
25312
41401
111093
107723
165138
22422
52260
24027
6312
123255
153653
190415
158772
108473
38877
123338
186808
3001
172643
88251
127369
178250
42629
89256
114023
61708
3725
145459
85494
188807
185412
6419
89428
103313
49378
8992
24577
48121
196998
86941
49628
16950
174101
85656
65530
196570
122922
117424
185953
49961
20494
124034
160
147249
124683
18919
116265
132634
11006
24189
47592
85788
141225
169015
87763
140717
187960
159744
146373
169283
75506
181330
155529
93127
132577
20409
86124
175481
34969
46465
152484
109770
174201
84712
22870
151756
128087
94626
158995
152030
9679
56107
136358
26268
57971
188409
149371
86273
70134
57413
33271
131073
124946
159950
146777
180211
85998
6164
190950
165518
42729
133761
149151
183720
51152
153241
160442
56290
180799
150078
138258
54147
19481
113268
194661
153183
156287
181330
94793
79709
50554
124448
23047
174637
41018
81764
112481
185741
170306
76758
52519
77434
152838
175289
109397
72267
126735
190995
142682
191030
177368
84949
157139
132922
188053
79372
37630
176510
58218
130563
163714
133894
38755
89600
136710
492
93945
118676
167215
8983
122195
56173
67611
94175
103480
170578
2509
31453
179116
155159
191055
2046
183720
45315
14620
97987
198476
101716
172079
16061
179131
137282
161061
59002
133
157569
56746
3251
111208
177031
144581
164339
32170
73803
77755
17066
192316
139277
15215
124973
11370
21196
28131
18612
173098
169622
97864
180722
112091
179984
49333
192755
615
188053
156647
75390
129126
19798
194592
174670
46202
50540
59728
115113
57037
185078
13880
192118
50357
30431
100564
126003
163056
191487
47194
77803
82632
28840
167822
55268
83952
162307
68793
21160
149889
191587
26741
47251
23772
30694
8904
165691
59728
101604
74351
132306
78238
47561
195686
180722
181330
174993
53468
197280
90101
119814
95332
166387
43888
49585
74351
146328
169485
159677
140969
60828
2626
80962
117848
57308
193138
126238
103135
182720
183720
88172
161369
135994
122460
196800
73525
176352
36540
97427
65620
36607
129126
152162
184584
97209
115086
122218
119307
194960
187859
112871
3021
163849
33222
136043
111773
123172
21048
65107
43739
154328
98565
90501
135902
58830
177811
154878
1440
133408
20037
166144
54587
88535
177902
138258
70545
170213
179107
47336
150194
177399
141070
50705
94588
108509
4950
131310
169686
198188
132217
173811
153531
55134
154968
54631
22870
76965
30030
71851
123640
9913
68023
153480
62966
125695
177697
10157
183630
87944
196380
123805
21762
144825
168278
169582
43756
119855
27323
152769
61450
72381
116321
36153
34647
152030
187700
162170
16386
129846
177551
6908
172159
89131
178446
153446
15954
124217
116897
158565
60222
193229
193237
168436
129259
163999
176790
158565
59447
184112
9199
128684
149290
86974
30092
41350
175150
20947
137922
56381
18255
103986
173453
2223
87135
61670
50006
392
4447
59577
133602
102688
51575
115846
170933
126116
74125
6645
188779
149105
11610
5347
128836
75467
52260
88410
83169
94262
60759
124337
49951
145687
118312
199654
28073
78143
52347
68755
149787
162664
180162
71478
143062
193719
41991
98880
62366
107009
63202
26524
151207
13850
152922
118797
16487
171994
65992
131618
93517
83063
152228
191667
110216
60222
99391
105045
91325
84680
149578
84615
136288
151826
170521
52776
80653
17817
143551
20730
1010
175783
191587
196821
44168
74825
176412
132399
112454
149087
140439
110089
27017
67963
78592
101474
1602
127330
45817
192692
150078
46963
194213
177100
124041
8457
104718
71215
192217
190479
79168
77388
128555
111048
9007
197510
5
184739
38091
145039
21976
61022
4157
165898
199074
120120
165169
110240
51276
67503
141686
86767
116085
59234
51679
111902
7541
189884
140176
64376
91487
168942
22189
49823
10623
58736
64251
32801
195992
190038
43926
156178
121384
138021
70404
149873
137015
103522
184320
183797
199022
132427
45197
121116
40903
180760
86175
138765
196509
173822
95082
21549
115079
159807
134912
138173
39415
127031
63115
131111
152142
192425
43796
182115
1128
166285
141070
74277
31086
55698
58024
111208
143049
134131
12609
187157
199513
154249
119279
51377
18646
93178
126825
138655
112417
90517
90671
84351
32452
174413
126778
162753
104970
143828
19355
7372
147008
163808
3198
94064
16665
3881
191858
115602
165581
37676
38021
96191
158399
41728
86814
139884
67617
15989
59529
128335
107709
137107
100617
192581
110586
47258
124597
73648
53401
28969
30216
106581
186001
104919
72828
6246
50210
56107
22295
134811
134204
7868
16091
121356
78328
51011
92936
63400
90323
144613
135182
62966
63178
34969
135870
59805
102495
168544
177248
26850
89010
31751
63115
188117
57186
2351
150668
128861
67241
69168
167113
49501
53836
32498
165892
78727
6729
134135
97344
68653
67666
107757
107849
159476
81231
34671
188053
69295
81395
119814
161164
185078
103389
8619
5799
18810
162242
150953
26562
82561
172657
143013
9968
58288
169
198941
80051
68274
174465
162193
57572
32170
113946
26162
26616
63115
179570
84510
126976
69820
55895
113609
163488
31637
91608
158772
118222
96191
173919
28476
30608
199513
113653
50945
3664
32958
86342
174966
158697
77230
186351
14022
90207
47139
21577
5932
187735
117906
196380
8198
189994
117388
79778
130367
176959
31880
189241
133141
98638
199234
129259
183902
111425
47790
195207
51738
181835
68450
189994
30608
125091
43722
86869
16665
196380
109596
39574
33153
79404
107723
108134
63049
80766
194652
11266
81411
99391
62366
151787
163148
66327
105927
139076
77782
151910
87954
77819
74902
29631
198663
82157
79372
13496
182813
22870
39834
142037
182059
92838
16896
31184
91718
70610
116219
134204
67345
125389
47336
187553
127278
195844
176325
114718
189399
25705
133980
61661
130001
151582
64959
192353
131705
118222
180320
138258
140788
56041
26243
50899
188053
119021
17300
61400
113137
88108
9007
169559
175176
64421
22470
138258
43997
1612
38370
99964
13850
117774
92644
149578
95044
6209
52941
1742
32170
114643
175588
18402
167202
37056
110240
170306
181140
78328
13464
123663
195230
3810
192635
10616
111425
36856
102908
76526
36378
39922
140703
187333
154133
7143
143791
167030
61935
79852
149408
69758
84920
170933
71533
87610
48258
57810
69705
111902
10728
39108
84008
55740
95393
148595
11266
181330
102446
56417
108338
84869
50617
195863
19549
17397
184112
53773
28612
63591
444
101270
22621
27352
16720
136615
127597
64003
112544
82561
100482
123780
194489
93078
24247
4632
94204
68507
55092
59967
112897
22870
169395
99773
155824
172250
114936
170667
196234
144347
181063
71822
46843
120462
129163
177452
57454
31441
152950
142000
61184
137717
155909
92050
26597
125816
190646
182115
156955
54524
125138
41599
199979
35541
62966
181646
91566
111119
57285
16529
146019
55344
186803
86121
2290
54147
43926
117232
119439
197975
171724
165007
99640
33734
104158
13562
34577
186136
17123
89266
55213
16585
11610
54659
96627
193249
62149
136966
122853
33460
189743
138088
190400
190646
88323
115636
130885
90991
138292
190924
198793
104395
40569
116731
182411
96397
36440
43426
147505
92757
99964
151180
146092
55698
195874
28200
75390
83797
77803
142730
197459
34892
6419
148665
148902
2478
50945
18255
197402
173522
186952
122624
105505
39234
52288
96099
22734
71014
10307
175869
145846
198871
32593
14427
158772
113091
16211
21380
145459
165104
38579
125409
16068
97519
118528
184924
51755
177152
58736
1923
43257
93317
159819
198188
40514
22065
123035
196481
197840
199513
21196
96591
190092
176352
136410
129714
20920
192735
120989
57094
174810
142056
179248
102824
25443
149740
97354
14427
37503
189689
161089
189524
54060
183630
138001
187636
25487
102824
85761
191667
98140
7317
176135
22558
71757
133509
120837
176790
17712
70903
165169
34330
126778
135859
15153
168815
47561
116160
9715
28969
143153
186881
109377
145053
55802
112334
48650
93251
161161
133693
8401
163343
129740
9741
150379
92790
69212
118387
146738
181330
186432
40971
173348
192049
61036
110216
23438
77582
36650
39615
186432
66824
150806
169344
83771
114810
62887
125242
191514
46120
117137
198492
10858
102824
132897
39574
83049
35357
39368
45112
136536
150778
149805
52321
79244
164677
129761
176522
14924
185668
806
110240
120158
156848
197250
4840
137922
82337
65419
199536
67285
36935
94893
130693
172387
186234
70183
134556
159974
62829
11789
113238
180491
60521
174915
179188
199061
5196
130844
50775
19155
69445
67133
136523
42287
119254
105215
21111
31949
190556
196989
1199
75904
82143
69072
134458
55924
77307
138878
65758
104096
106315
6312
43139
175031
9935
134796
179606
174024
58639
112871
173154
164649
165104
61450
67099
30467
23379
126353
112836
63004
41434
139346
69891
92268
10307
115986
173598
17899
16903
157741
4317
21978
47690
25350
139904
198449
158100
107573
110412
9052
47336
43474
39368
74277
4414
93694
26052
93673
179930
72588
22374
36747
58024
88989
49700
14073
77755
21570
109428
102174
8647
175442
73673
48334
99071
8895
130844
195919
135826
193904
164435
65303
123903
39760
140813
602
99894
111449
185546
85586
138068
50661
21013
65939
147218
124942
160120
89991
198415
9968
22911
142268
49380
108767
5465
24094
92685
86919
18424
45443
118031
26597
70890
120514
69465
52697
18680
51170
69705
55678
126449
17746
57010
131102
155203
191617
80287
134282
128684
44740
82385
41991
105544
8701
166915
92452
146626
171786
8134
5817
97723
190843
80735
13611
39322
111007
106663
135958
119855
163123
189225
43513
13214
192370
105298
194385
116392
128572
127521
189399
173154
154730
113819
147218
161865
190586
180722
114001
73525
81630
75904
194045
147768
30403
76314
52956
181363
43446
199061
101974
73673
194665
47350
135113
52576
171893
191273
196053
19512
178478
193942
164649
110993
163999
146738
188625
176711
74207
166697
64593
189636
85731
178366
153891
66540
97734
111929
81156
165778
100429
66327
64304
171069
155203
188457
135478
38007
131659
101842
158242
155159
161319
70770
34236
80340
30480
190066
171021
180211
100429
142213
60964
114266
174555
194045
130345
1575
189953
62366
159510
88435
146119
131000
126093
123655
34509
73444
4349
133683
97537
128970
118761
152769
70404
39941
128062
188965
131720
133635
19329
7245
119649
30066
177031
157374
79026
133332
102174
193942
190100
119759
181787
148456
40775
21889
134035
195333
80203
15954
37630
35218
112481
84597
30205
109160
91078
100850
130294
16790
71086
162728
38508
122119
94588
140439
122053
1411
115430
185296
86517
4513
65893
199877
36072
30162
50705
156273
8380
158207
104618
61450
77840
18330
168239
140791
36275
29852
133206
137073
83579
110727
37690
144347
70158
169622
98857
190336
45595
151419
74757
86077
61670
78868
72580
66970
162503
120422
127535
79244
59947
981
158611
163200
97000
142861
145073
198352
181363
187022
26815
65823
160614
15930
112939
180509
49716
141225
57831
101417
76357
28542
178949
84146
108214
33388
31880
26462
17380
193673
192548
187771
48535
5266
6976
159797
182537
18200
5189
163615
83063
150568
21431
46465
155796
126580
189120
144926
92838
138428
29583
27635
197062
197510
197829
103996
41457
92533
30995
193575
25338
49274
178726
182103
107723
123255
10616
108965
177645
170467
21420
165194
166577
1972
42902
152142
183720
57595
91851
32398
166206
43177
93388
18081
21995
137572
141225
110618
52392
168218
96313
34118
116874
114997
158505
37676
5636
116212
72872
60866
144009
75281
99640
39131
33072
159085
69424
23707
185483
24534
188965
10078
109428
116114
172053
60716
116603
128101
136344
128399
159365
185761
41682
82043
109750
167719
10749
5465
140359
78868
182637
98650
22029
155394
11337
118946
64740
181562
199681
191429
174218
120019
184970
10709
64367
196815
141521
105417
63444
145687
167517
142698
118891
74351
20391
30999
142213
50486
61477
94689
186907
190995
124393
128886
42746
137548
158845
40263
171301
145221
146354
116834
29703
167752
100330
39760
18988
56355
75587
118865
37071
183395
49440
193619
50486
78238
191169
25273
96784
59362
126304
193942
94078
17328
64421
73010
142154
76788
180869
58620
51919
160570
118891
140752
105298
21667
170689
24773
130081
114997
132897
113946
7442
84086
170484
164270
155888
95957
97166
165297
79163
141935
27017
48351
7541
21490
159950
71287
109096
126571
129128
138068
17851
182059
104572
127894
148418
72588
178949
49780
132309
34937
86502
20204
64759
69331
82843
163795
49378
131720
123445
43113
27238
189072
35585
21539
83432
100693
14215
158017
39922
152212
89925
62887
142032
48121
32525
25381
197119
57964
164581
92283
54282
56107
196861
114390
97144
21355
160213
162638
130749
125626
172365
29575
158326
155545
4799
58044
577
100000
93517
119279
157921
87199
92390
106500
198627
96062
96043
1259
159599
128058
36650
118917
52979
19549
18478
176761
116242
75056
193479
69337
85731
11756
24233
69945
170649
144110
42796
7178
142808
37204
73191
118639
79703
2780
37226
170829
88491
131159
11072
87703
53310
54955
21380
82902
72458
195363
130043
37676
93440
1268
165138
171736
48351
97000
41302
121168
179262
187971
41760
128008
162472
141070
165940
109776
94761
76125
166937
189576
175706
64823
34236
179860
181363
5083
158017
725
1488
109956
55192
180937
28280
128886
45671
36564
30405
64083
7638
174894
81730
47132
198116
34414
14895
160818
181004
1720
190556
126976
126238
120997
51385
96484
184214
137664
197012
6586
67285
15930
143000
199131
123385
10782
57792
7743
123714
165940
15954
164872
66608
23832
70545
13678
186803
195874
132685
194011
71014
24959
41599
182813
184518
165620
21380
63178
52576
36963
175869
41840
141470
145912
179884
128226
170329
193977
75116
121813
98196
106508
5491
156473
171308
62637
78706
56530
82676
17211
5643
84312
151689
159039
114198
174327
134943
85510
127894
189315
63500
111301
164592
122460
188765
70963
125486
77614
30594
45170
137986
188213
96313
128684
83838
107656
21834
106176
166755
14243
18081
186907
25511
188457
155735
38997
133206
95381
181858
100887
104842
112008
170521
105713
156555
71603
158565
57035
147407
160120
164722
37429
137395
181965
138569
52068
93375
178701
191901
68372
150845
152455
95456
87661
148595
633
107971
160730
155394
131055
107287
182557
106703
55003
169755
114266
97344
40591
151756
171487
176812
63444
34969
197975
19054
20665
79931
152348
75239
96421
50945
29625
7796
45495
154384
49220
96484
157681
29020
12966
199090
74893
142953
7108
38948
92403
68229
117516
197373
75682
133239
178519
53035
161261
118579
81306
8317
198769
152348
199030
8244
54106
148279
72165
143153
90817
96416
6568
184378
174682
25946
153241
22330
80076
42840
115244
80079
10749
27361
18919
69242
178445
57413
89776
78881
112066
107387
196319
181646
151391
93720
66824
126353
93408
87714
78965
120248
164315
135827
69321
195560
34767
136979
39806
44936
41302
139678
180869
45183
47001
4934
19355
101043
196174
133054
6256
150127
94711
81856
29020
31937
152162
114216
153331
45738
26929
33460
102216
166040
127553
179304
35316
88060
87070
135415
78642
32595
12806
59728
117906
189816
78642
137147
44974
174603
129163
166862
5406
68989
95015
82477
179729
36072
63049
41220
46152
173522
14495
9101
111119
38753
66824
125138
97904
19964
45170
153249
192206
180722
2611
14644
88334
87290
63962
174637
6747
42840
169622
27977
121470
106703
80960
60451
88757
45377
73224
106086
5196
21226
164219
191273
29128
87976
176574
58444
171724
63958
72219
7649
182026
133230
130081
142213
172842
144376
91208
3636
110519
136622
67983
162989
156617
91266
198769
20625
197445
106500
21762
146205
17804
93814
58992
178503
177141
23017
146024
48334
32452
158207
184878
126527
73231
138305
92342
46867
33460
133744
88560
174029
111391
130608
176217
136168
145803
12887
153308
35396
21013
63178
72909
38452
171615
194665
150806
138189
118917
167170
109148
67472
103055
103809
115954
63468
34236
39922
61477
50338
52906
18612
71948
65969
176054
15804
27958
112522
52808
5896
190028
111728
164872
124561
146328
134847
87100
144347
57373
74790
140206
192439
180610
183217
104637
117175
172546
123780
188504
197887
5347
15804
116920
88963
108907
30369
133761
133750
46024
118639
147455
37676
105045
125816
118103
192901
67733
72802
55512
105505
183902
9279
102296
128572
192615
4273
133095
191983
181304
80960
27765
198492
62083
127597
72656
76714
44145
149290
154320
20484
84448
183884
132413
72267
24534
65419
154078
79808
90479
182502
78416
82031
187367
118075
90323
78307
184783
52704
156064
5209
92768
92533
59192
9576
1769
97071
91967
131420
182472
132955
168962
21105
34270
22029
16091
109982
98447
122218
77434
102765
14186
198769
101301
95539
65992
186715
28131
97118
165298
64251
91291
51531
89395
197586
104203
31911
85850
75857
63958
59854
124726
109860
50997
128886
99210
44168
158100
186963
48191
161900
124946
190646
42902
58620
28870
65969
153592
144734
36650
57454
162638
130693
120235
136898
162125
139194
43595
166682
159744
194439
12856
102881
136760
43942
183244
195912
168446
4955
95015
73988
25779
85820
80664
161112
80979
147163
50314
42643
88342
31478
19113
188457
172078
68388
151536
123163
85162
135392
39806
185916
106817
108314
185041
45825
193091
51598
5406
82458
37987
87661
31820
59291
167682
32987
127562
110284
112360
195484
192857
164167
8421
161845
143021
173578
71215
23602
191030
65419
190646
190400
30325
23296
172878
124991
52906
9616
90953
187764
131930
169924
31858
117848
54659
185251
72656
80991
67333
124139
84448
67333
190400
156555
180866
123385
61572
94744
33
138415
176197
102688
4988
151107
109770
90517
26768
172211
97482
172211
80433
133551
186574
27117
72567
165297
110727
93517
188409
120411
139610
125138
16850
189000
110796
185523
155287
164435
30559
118993
174161
75377
167016
121788
120799
20058
55492
132897
107034
161276
170755
72828
83533
4323
27202
3512
71948
18047
151944
3668
186497
6976
184389
102908
26597
8819
199962
19493
31329
120816
9199
133683
140573
113110
151523
41018
156350
180760
18354
188807
85226
20452
131228
169283
29976
142326
112454
55664
59048
74044
153849
48669
196026
3934
124726
143034
27069
170213
124074
114167
141753
96018
79083
132118
113797
29575
85632
166303
58076
182347
185733
50775
175335
42687
143118
62594
181816
126976
27152
184083
57786
31591
182919
171259
16256
49232
184748
180722
47007
162035
5157
22558
8609
157177
162312
181745
6539
25705
188588
45595
136406
76927
86388
117388
152278
1505
30281
160509
51232
14718
93133
172593
115489
62594
36650
122853
42024
176054
101220
114532
29979
26035
39941
22650
129444
1914
99964
11206
85150
5549
65837
131420
131962
79026
115971
177089
47395
35877
76698
85998
25338
157431
73803
11930
47592
17206
65530
138384
179803
148031
157940
46877
109344
150294
138384
65685
188249
165771
87993
64645
47001
98675
156520
137275
169921
7928
182027
1857
31967
148698
178645
191787
70806
164877
126693
97196
163488
63006
198135
37711
86941
102072
109160
178503
89614
181464
406
56948
189524
70158
28938
114390
93755
186234
140245
106734
121333
102758
45170
34543
69321
26659
28746
102123
19725
154230
145459
191813
50899
117802
1896
154450
188965
161501
158590
34236
84949
13768
168942
47238
109657
118312
10521
167113
45409
22934
115516
38944
133551
77132
70963
52979
37520
34356
139290
179188
76950
192425
21799
177481
71774
38782
52936
72338
109397
59882
80093
114308
150520
42925
49561
131310
125193
119855
46870
105803
129259
10709
138693
171410
28029
132812
150520
159917
152231
180169
40789
113257
67023
50091
106138
92936
90178
125816
127090
184685
149301
161711
191267
61743
90327
74141
162015
126691
78290
16260
172053
87124
126003
145586
6717
125110
106703
193397
45946
74141
44513
116620
76073
8728
27635
170933
42582
27958
191241
188299
91247
189619
70488
184220
98030
112858
197710
128284
121032
14022
199877
90671
43701
163696
150947
37550
196800
29575
80391
133967
151715
81156
181520
196946
130817
167659
153653
178072
116774
104842
20110
112939
123655
9150
185041
101504
63317
138292
170478
119981
20605
35155
5491
143551
161957
69830
67721
170725
87763
31676
13900
199633
191469
97259
57572
2203
45554
10916
198769
143118
43888
67049
76568
194856
124870
14495
160778
122119
90895
44168
172901
178053
115298
29976
7245
6439
29275
126564
116185
87379
92124
194842
192777
68596
57700
69657
80653
52681
68046
39665
33537
38782
193224
16500
11112
145071
43478
59649
189524
195700
81611
181816
128861
116662
105215
85494
35078
95082
5491
107656
32757
38987
74082
102598
118503
97812
108887
119459
12988
178002
24689
131459
136590
106608
158845
171096
158594
89713
7011
107180
159877
108404
93843
115489
28180
71363
84277
155479
188714
61867
6908
156555
25290
193494
8150
76898
31711
179512
29974
189352
145639
32498
68450
106341
85376
169211
168384
89565
117026
152449
191667
47194
150999
34809
128655
14802
25827
192150
160962
199751
73363
66703
116677
146809
44332
134425
22057
76307
32958
117388
198304
73590
199373
176456
61991
50783
90991
29406
192217
75793
37787
166139
39806
153480
131420
137443
5613
189660
32093
179359
169287
73911
55014
110630
176295
43796
128226
73564
167030
105713
74107
162994
193127
9660
109216
100387
17159
129740
71916
97371
165452
174559
169622
49378
117393
43826
82839
163729
18443
72993
59775
149408
73191
106095
146501
189593
62366
41075
8270
42349
151549
81550
167719
79120
191267
22097
128355
125695
159107
76758
162782
161957
9913
40357
3488
70269
9007
155310
93251
181008
74362
92390
168393
115697
14279
164208
162170
93275
186518
192406
99451
180104
198529
58218
106703
44266
142117
136536
76357
182469
194960
61840
58076
88071
175382
147907
90270
119649
136760
143214
162503
83952
121249
4512
134418
43742
87164
45567
116946
125774
178820
117026
169934
16329
193606
157205
175886
108965
27802
131120
174096
171228
80415
25393
67617
56107
57548
36297
9703
169840
149408
178038
132769
18200
49311
42024
106030
51977
140281
133761
115636
28672
129846
128008
34809
23017
81687
49378
181965
176959
127015
188424
86300
31301
77104
71444
60548
167659
33502
145586
126882
30325
23901
147639
125242
64274
126393
39268
30521
179071
128706
122353
61818
162260
192168
171249
194420
185696
43826
41168
48633
170306
178072
52318
57010
70441
176116
53523
134068
28131
19843
80745
27863
189576
17746
96261
29913
6185
137647
66398
20115
90908
192316
189033
66555
48480
1399
41095
145149
64083
145693
160755
142971
183583
104422
132973
197402
69881
16011
199938
85316
196861
178820
75176
52065
29833
151598
74130
160831
61400
50210
197459
624
144347
92874
159716
163046
764
12891
67747
178503
6044
132720
109854
164006
101596
157021
34483
49378
105954
47289
102410
149371
135859
75176
193307
108338
178645
112209
54554
56025
53191
196000
20370
117114
19549
139159
91918
72588
181378
106341
166477
80076
2679
56530
141608
3866
44168
119572
67846
144098
195207
180518
64759
56225
163110
131824
144162
493
172078
54505
186432
65642
33502
32384
106052
35078
136183
127553
67846
101930
84698
170725
141521
132461
29900
87763
62856
178340
154968
18646
180469
108338
95978
170016
79412
155028
160423
45567
73059
55698
13463
104022
99342
16118
194213
8520
40006
71603
21762
198856
65530
175634
170058
80996
61883
100196
13977
103048
145803
62083
113295
182773
149787
133943
11856
64251
115760
10802
43679
61400
7833
136150
134907
183831
122853
48953
72802
155589
28245
22458
18646
18784
145693
129133
186881
174555
11167
103407
47680
28962
48395
69264
171502
107908
33063
8345
182059
131686
178002
58362
124612
91291
68416
31086
180921
80433
188965
91483
67285
139061
9686
113844
188935
47790
163408
109148
158735
36195
28576
50253
137045
24295
26659
100798
1041
192118
66824
93517
75239
84663
4804
157681
191030
165194
100128
29974
155744
38547
144347
40838
49848
176197
110240
17548
83634
37071
62193
6439
87993
42796
117114
92124
184320
190950
75778
176352
78896
196983
43188
5799
134667
123872
8489
76307
81578
38319
59478
85460
89373
170578
131420
65547
165518
120170
92419
178309
169431
109770
8198
126917
153241
98552
194994
22231
53921
69357
162989
176456
55557
157801
148532
41401
70453
16923
96949
71336
182014
187463
148313
32458
55359
188409
72354
45019
41629
9788
86263
162242
194489
5940
57250
4566
113257
69321
23772
196196
38416
26366
17300
135626
48741
177941
157940
106138
38636
45046
113637
133943
177368
86974
29237
98491
1293
42482
183720
36029
118562
16923
106603
115584
147385
892
134907
139318
96118
152867
139136
143989
143583
38011
165476
121333
15793
85494
161698
16665
79372
106603
94744
34671
18680
87997
2154
49646
38917
195691
48953
64112
46001
67285
64112
20108
81920
135707
45377
144162
98353
17190
50576
30210
161409
102313
64559
162702
45884
57731
74893
91889
116212
155699
130166
81920
168768
19920
160646
171770
174096
57863
11610
154536
119284
191081
149181
126723
51677
70806
82676
164455
916
129345
9061
9043
106663
23667
129945
97812
20204
118865
112697
69920
69530
139418
66708
135392
36996
103784
17893
31858
43796
159565
59561
18402
197641
187784
112600
40775
118043
132961
72828
85761
106608
33602
1240
43426
107217
12411
1923
84158
174559
8926
181965
29020
190300
181891
192276
62130
142370
47561
172842
172874
106314
64593
154167
33318
125091
108314
195207
189786
167632
112713
3590
1602
57611
11610
32633
82795
167104
50610
182437
195992
58639
177162
74549
12735
126976
92439
106343
2247
183884
119439
90644
39368
154249
115584
145465
137147
177821
104158
64939
133095
118387
1582
178902
183720
8073
11423
197989
88629
149072
103599
86767
28565
6101
102795
134345
112600
50945
151837
104987
83230
106438
197831
174318
61588
56996
104158
38761
137941
27863
107217
137107
99010
154625
139061
118639
9722
14924
49301
29778
66929
33832
138080
7372
258
99249
18354
40838
51170
68372
42746
55192
148550
106179
127669
113653
67491
17955
152012
158893
66072
190161
36747
81050
169582
118594
122976
171562
92631
10213
172525
1400
60799
196770
70074
134406
122291
76227
192378
77104
198529
18330
149787
23959
74207
67983
172705
173811
24025
120947
87016
87847
147218
109148
6023
38650
106438
33959
95332
65530
91385
121909
66619
16677
172631
126882
118466
56624
196481
110407
5799
149509
176962
69972
176054
195579
50467
114493
25624
85270
36799
165104
93019
114878
123996
162170
119368
65440
82142
62176
133583
107258
168195
117353
14073
97287
139000
61253
177921
197683
110727
342
48978
185831
62637
140791
85761
89010
114266
78238
103407
51190
56053
95049
174648
184349
68789
99868
139445
125193
45311
179467
9122
16529
34647
56740
131228
94121
31667
109285
189291
158643
137350
195894
63178
26632
58153
155338
171562
181658
91078
59362
120507
92165
138859
162000
86006
89150
137641
75682
5549
177734
143449
198954
170329
74157
153802
181028
58024
8100
183958
94761
172195
190584
58385
48065
12797
26093
92917
111388
99474
43098
15531
190455
129800
66780
136204
28576
141821
67908
4173
94047
191081
169666
64475
79372
186900
60198
154837
64939
117700
41515
165518
97812
175199
2632
4075
99692
166862
94531
178141
88524
82167
173641
23002
22558
192088
89533
129358
143449
80518
192143
67821
171770
89084
49933
52941
184349
110655
111590
38030
180390
98253
84574
25255
172801
119284
10122
50045
24247
179091
94798
142268
18431
87100
51120
159179
43234
185741
153552
169895
150770
143495
148626
14866
162325
47194
55887
182517
101518
28672
104868
179248
114348
25866
148665
132922
3892
190400
51377
42840
119572
198609
14817
182278
6383
67345
153013
89256
168661
197569
117684
42198
82795
73078
53538
60647
165823
180297
123996
159785
87145
162864
68372
61588
81050
113678
59487
31880
14556
157993
1190
104842
146373
78273
38217
30689
124597
97344
46177
17996
128655
38493
199729
4124
175576
188722
39444
186721
137395
110762
49220
18580
163849
15793
90885
121680
156122
127261
3226
159694
27000
101986
36747
17548
191103
159359
34236
64011
187223
61104
11041
7700
152184
169225
154230
21088
127478
33025
197402
24034
126332
95664
176711
103407
78919
61806
68905
193687
114167
199203
99123
69705
195082
24593
119830
38493
3870
159179
71670
38021
114198
132685
21050
181206
40008
50486
4315
142332
50540
75203
104868
71521
174096
167762
177248
42229
76073
129228
68173
37924
60807
103172
196089
113977
130749
94531
144704
155728
163808
147319
39959
13418
59412
50338
24875
131168
66555
32139
86423
112939
199722
188273
146462
30459
140516
53465
167170
89395
137647
97777
906
39492
177807
135472
86669
160864
132871
31150
28041
43722
37669
67309
174425
154074
111364
86869
198831
98394
1424
62452
168261
68974
139159
85316
82238
2414
140887
135994
84984
67309
32306
199061
44266
41220
191429
107052
129163
64740
40646
80391
143091
67241
59805
49682
63178
179537
39186
87714
149867
158149
96346
142268
63585
76191
28245
58571
189704
154824
84574
92419
37310
78290
199447
89395
165375
128226
40001
21570
144581
179248
97641
38670
16825
57872
28887
35013
150798
191201
139721
74314
91990
189160
150194
23189
34330
91972
59973
53676
106438
75484
68695
123780
141568
98253
150553
196897
75743
161793
122866
63115
156738
108118
102035
45483
75377
60573
2583
124630
2692
152030
88524
139290
144948
114390
168381
88251
16407
92165
199748
181363
20409
59728
164872
93720
57611
64184
79079
9660
43257
83605
171425
46635
53621
15878
62024
159027
179340
159208
198774
38877
128121
101851
79618
99451
48830
36695
67368
120595
42705
1098
147847
27333
1510
82752
101570
199234
59291
113666
33760
58123
56530
133750
108545
124074
184924
39234
104718
30689
96756
62220
133744
101570
76758
23189
79981
191235
34648
74404
60222
162701
124466
83169
48191
43426
68079
6023
77459
115247
166062
71336
126903
19883
81630
31286
189315
171430
28840
197487
15930
148242
52392
57767
94555
146785
153301
165007
191787
40563
52730
97166
139095
177513
140359
121960
105136
63960
192950
69264
197629
184515
121713
92516
24438
100429
86409
199391
104083
41520
61818
177135
51170
112549
49425
51906
152030
14828
8270
122218
122460
84085
168319
63838
32065
99276
30876
52065
33063
126976
160672
33251
147847
162553
153520
136954
13751
85998
133894
92124
50725
80831
1204
73544
92631
122711
57499
129041
141821
22766
169582
15626
192217
181745
145925
22897
187939
136204
196053
71086
64353
192834
125165
151549
37690
80894
93440
152412
126003
85270
11310
161161
78500
117984
105353
142852
187480
47668
92838
80957
92217
43722
26918
168755
145925
193724
48806
110119
84917
97166
166815
174271
97783
195644
102035
19896
2213
100766
30417
137395
78990
185312
30759
60799
100564
188273
23156
108207
56399
164916
57318
81679
189503
57629
45708
78745
192529
161419
104225
131989
195789
78842
84917
164167
88324
183544
181050
100798
130797
159379
91115
42914
150434
33995
72101
187834
96261
189160
147796
95381
49501
119279
135330
9715
101010
107450
95584
30571
168616
78238
145912
10085
74078
132103
180183
52730
33130
154065
93597
64054
119549
10319
80117
169138
89974
76441
71802
40665
186952
162812
108380
186957
44699
161061
198587
35541
59468
50036
105250
7168
105417
98016
170232
88757
174815
42582
99249
12966
143304
166641
35541
85316
3292
110828
159917
67336
135084
59837
112707
163070
169055
172871
118387
157942
170355
12137
99010
150109
119343
153340
20844
64861
155287
192021
187322
105215
106513
173035
82561
32374
72381
36864
75904
76108
88855
122282
42002
177141
97287
130043
158100
24247
53893
156273
13751
148049
127710
27533
151618
54955
59330
57747
51919
12698
119304
50412
133616
67747
70618
172744
119608
148345
60627
189019
46742
145039
164916
156473
156273
128101
169043
152012
53480
31053
160546
99857
144300
59388
179248
180429
150754
145599
135673
15305
128315
199373
104051
173274
96812
73621
143546
12552
91896
92891
11441
77888
43177
34719
289
54965
199022
87820
81679
48294
186325
130994
68885
21419
154450
40591
104179
6219
70963
172871
191286
136168
129279
158193
13562
102598
27716
106500
183435
49826
42198
157403
27449
168980
118459
69996
25827
183199
24483
135634
167752
111686
166183
80128
60716
195579
54164
20570
109668
9548
103710
81224
108840
28180
49100
42560
83777
186617
146203
137073
32008
6914
180760
189660
101153
34269
96801
21924
92200
15558
133356
77167
101378
125305
132103
123750
46867
92473
126353
31591
135096
199278
82184
123640
94266
126206
54302
181378
151446
119058
119805
142326
86342
70589
182437
54302
86300
5932
159208
91828
115971
198567
37204
179557
10287
76505
119125
49470
87100
189503
188475
13640
75056
131437
24900
93251
53405
198954
137589
116504
153297
60356
30847
7682
199373
82250
165194
69344
173994
61299
137158
179860
39922
46380
3286
158100
103784
132955
101596
7057
62307
125879
159797
123172
54948
183745
68173
106663
90270
78612
130325
125066
57528
137629
192276
5695
159134
38793
34681
170369
90720
52208
93545
108545
72146
2046
26552
177135
44477
151715
29749
93901
152672
192406
184426
140817
23508
163488
83679
27704
102690
165169
177368
189403
120235
153773
195766
194360
108182
79045
41923
58631
87820
10324
63488
177807
673
87763
58288
99210
111600
557
137949
49378
160018
161957
50705
97904
134667
89658
59875
166040
113333
28565
25227
198409
194054
194216
108158
165028
67821
185546
82480
74942
175232
84524
97259
3288
195975
124190
45409
188053
160509
18402
168218
5780
124074
167994
152867
33355
167368
178576
103099
176546
85270
181922
174052
50610
154148
137848
197299
79045
172351
184112
7057
17357
21577
138388
102749
175596
2880
171753
148049
156984
191169
149076
29622
90707
68173
43958
120628
88410
36440
4850
109823
76073
9279
28746
94677
57084
146720
25605
79780
44611
35299
10749
13075
149076
96627
176784
68566
133525
131745
73128
108818
144480
183546
150076
88334
9161
29011
119284
58024
33324
43533
22706
134261
184121
79329
73403
195753
76877
180183
134623
183884
153752
162000
104006
8244
157052
5669
130722
109216
158964
155105
194010
93517
67715
98675
123903
153618
163427
96395
14992
170629
26673
28014
80319
3399
78642
79528
121768
169840
84500
105469
145586
81165
159578
35155
182694
76073
113089
114495
82524
88982
193564
166094
85233
190678
89933
181304
185041
168962
110791
62492
146907
88705
192118
129126
124367
85316
16529
27692
65183
117261
166556
180456
64309
167431
3438
52576
193526
95411
89516
35886
131083
82238
309
144098
11553
183999
166422
159239
72926
198221
144751
94744
58889
141935
129818
46905
73732
5759
137589
124517
170152
158310
115986
104323
135392
26243
142953
37731
19976
665
54157
32477
150515
135586
159950
9393
187406
5189
52808
10496
185696
75128
43022
178038
87429
33460
181137
182715
98922
45522
8244
113946
169283
57611
190400
192480
171682
30571
53357
63886
84042
125486
26097
108563
15566
130722
60814
131544
197024
61340
176277
12025
171249
15930
148626
17245
38452
148456
58571
7076
151180
122119
181176
106531
68229
67285
57830
1362
49118
54631
69830
55887
165375
124999
180921
131610
143698
173296
96547
101220
8895
114493
89256
86645
97262
102744
87224
13821
163678
12797
51201
113819
18956
185916
29406
120158
24593
88275
44723
163999
78727
156699
147022
19274
9762
83452
6085
58024
55557
14186
170578
165138
47956
189191
50540
103229
167802
10873
85747
57792
71851
178209
188249
13418
174790
107107
131437
105884
7388
162125
108648
175121
32295
141935
8198
75248
123283
184320
180
5882
139547
177292
29184
70627
197147
113751
130460
105803
29177
126616
167541
119649
105215
106755
90863
54239
33555
61516
146793
50467
112417
135230
172836
50705
36227
38670
182026
121813
75239
170369
103250
65915
37056
34785
138533
127015
180211
17851
103303
81830
62588
9173
75333
138839
8819
167894
189391
199022
122353
77197
97321
78926
53591
113219
154106
176002
198954
160546
114810
128655
33669
128743
36897
56710
48141
94028
77481
195863
179619
135044
87763
169485
16256
102718
115897
50467
145458
163571
175365
194412
17123
188409
43641
176167
70827
182089
34466
19666
28419
93545
152289
5884
52906
170559
91465
122282
173994
67023
152672
117353
61684
86623
112783
73191
123246
153773
139136
12891
108742
139515
50401
1744
8489
45546
113295
141521
157609
120170
181816
175022
6246
76249
47690
15639
142503
37271
132943
28486
127215
196509
17652
190176
11228
106086
24247
111901
166183
41306
187115
99140
167169
118123
43042
34719
146615
75865
194489
162770
62682
102968
176132
20304
73440
66276
199896
144842
178874
5569
76965
117009
195207
141255
6315
163849
152337
120235
60441
42136
149020
20006
16211
35266
61955
126304
51377
170689
108118
102865
58024
85586
3208
31331
30403
30979
75947
131310
58024
186803
9043
190605
38064
151207
172159
77819
165223
24470
151598
133863
103407
144435
33271
3378
60964
16424
60030
105157
84351
28073
46721
22374
78345
61555
45170
138533
139631
109397
185078
97371
103996
39760
65893
22852
112953
9908
99071
49470
125900
141762
96819
17575
167201
161369
94437
18844
54040
78416
193294
135859
163397
143267
153183
132603
117460
175022
39299
21114
82458
126077
199949
140698
63244
153183
91608
16329
64003
107066
83324
170160
192118
139904
17548
192226
157335
197683
20380
115244
94555
169666
24717
176599
186881
33172
18893
170418
73308
55125
129186
139721
107908
111388
8504
44584
169320
114390
77755
156230
130163
196648
94234
114126
95538
18133
76914
62044
176167
164219
114148
38128
184072
156937
80831
168278
189225
183753
194045
153199
43426
5491
29406
176039
146288
193066
176277
124099
143526
124517
133509
66367
102765
196392
11244
84447
85619
147965
125344
194091
70896
79741
97680
175886
135096
69377
61299
165349
6717
75153
163290
36910
164421
53021
130415
63962
121745
129894
9932
194729
197561
176456
188053
137508
65049
18195
2245
69705
179907
62060
146434
111223
88680
158845
98704
58509
99010
76818
81730
21230
51396
16211
77211
74107
45804
79528
383
199331
105838
139240
103397
124049
167719
90323
11400
81741
63350
6539
16380
29237
56355
151581
5091
130722
88135
178340
145621
182537
74207
68267
6383
50661
154320
176217
12663
10234
90421
131983
159403
41682
93565
130193
54416
65080
140508
82277
172365
113196
15782
106731
29583
3549
26156
199142
21160
72061
112712
188714
143828
25765
36564
34885
136204
129846
73911
93873
181063
10458
78222
55586
20077
108090
91967
89976
114502
74222
66072
92439
82415
73032
94286
68483
195402
47979
101486
130450
7856
70621
192134
67488
50139
185733
57611
121333
81648
28511
12449
110828
153674
175297
12891
145181
7162
106731
198702
95178
126070
185147
124466
71171
193642
115589
168357
18456
106287
92294
82676
28280
88323
178736
38725
109523
96178
131816
100457
136216
65507
28414
138026
115732
127560
32686
98176
25137
184648
54313
41407
70589
26495
836
121333
92971
140573
45546
45356
98030
124099
41599
149199
9
108207
56355
74078
162770
105081
80957
182340
20243
145007
162609
167265
7806
55213
183720
32732
15401
41454
100330
110470
45019
195962
144034
41682
78592
164117
2641
31911
88489
160345
168942
53921
90222
117678
78622
30004
107863
142169
82385
122595
17166
54137
71014
190346
32134
1733
93127
164649
86791
192217
56149
134667
26782
91141
181683
157993
43113
18402
42560
12928
50899
180297
180961
190301
120235
158448
120235
157569
95786
124322
159403
189407
181729
101285
6085
81574
45671
59854
168351
14176
147407
89340
45197
74150
170629
9679
136622
119168
14948
166915
190678
55716
195402
7569
137742
177807
170877
110165
35905
139934
96152
99576
181459
129228
63790
194489
143828
117644
159832
67846
189849
112730
52618
21652
122981
199030
157822
64264
72534
39655
187470
173944
184233
144508
8926
184349
127873
42672
14057
171597
145615
62778
25209
120976
38703
62999
98289
7856
32865
106138
167320
6586
85553
84052
47521
34229
155909
113986
63648
7649
102200
157150
124726
112627
154450
80119
142761
89925
180760
87376
156059
49909
34118
74362
147107
54157
46984
112792
117656
89130
10434
57830
78490
188643
25705
42998
108373
186067
10576
95028
188346
15853
35754
137031
45320
179647
27117
142307
60799
16535
145374
7143
59291
86293
159642
72407
73648
180635
182964
38703
76211
28683
30657
68596
193333
51276
191816
127796
62794
156473
55236
131012
177189
166015
97719
119021
46075
149560
183078
150097
148685
182059
104256
167396
39263
110704
50
74185
102480
85051
149478
73331
186136
194262
30632
145356
108415
81500
22231
4714
91776
81618
171192
160620
37901
94531
147619
187186
51170
146349
93661
180825
22981
41407
135786
164941
147990
186315
173199
133373
55422
71033
149998
25209
29128
162277
9150
42975
7011
165653
21338
143113
69486
104572
153520
110240
121745
7599
180162
57786
56450
166815
150637
33926
137647
11868
144751
62715
197535
79958
98173
152278
55327
182625
67991
63291
148698
30903
173773
180491
65559
93566
67349
111780
171597
31967
142126
125961
146498
178978
178038
113946
20871
66457
114462
114390
131277
187524
84103
77167
46495
174149
195406
164816
122624
79016
40838
167417
79421
190212
137986
187186
152506
8566
92996
14733
51977
1255
74644
79026
107261
129431
151304
78010
128008
126571
150947
95538
80909
120184
71419
86959
38416
58076
178122
97441
44332
38987
70537
94239
98221
99478
116362
70610
69820
51391
141364
84026
127424
104203
130079
169934
88935
109358
21386
186045
1110
115446
94689
76330
135763
181206
27802
18402
144658
178849
80566
192915
56268
29749
40591
142868
146498
199513
42002
42175
83605
169815
136204
21048
180162
124251
19807
102244
155623
12837
45779
59234
76777
9808
59769
25946
36766
117644
57373
24988
106923
179936
70068
168894
63090
5967
156717
66072
112345
67847
158269
188428
113946
16211
139610
109636
3226
148386
28604
75904
44558
10415
190646
16510
190209
41772
158643
103596
80086
167128
42037
126972
78490
14057
179753
170964
56225
91360
145484
166682
194515
37531
150866
34602
2799
44177
21995
76788
89340
21088
152076
31591
51549
157188
185293
16211
76670
67000
21419
42083
169764
71839
64897
170452
142213
107097
74976
38670
80353
142917
120315
70068
29757
156766
159085
82089
69979
99964
163085
4988
66888
2078
74033
2969
151256
87376
46380
178759
182916
36029
72843
67488
13033
76656
152171
58930
188520
127330
36063
161957
128155
177513
147329
160112
55167
13186
11665
190273
70385
75035
166264
120628
11665
172647
86570
63681
104796
126259
70719
161471
87589
172151
86645
6752
138120
68989
58905
105729
171168
29532
16329
98824
34885
66043
159359
30281
72383
66429
125463
98300
196670
128293
25997
104087
196343
90529
141178
112008
121084
41302
22132
149251
154024
81438
63426
146498
121084
58889
48919
51677
69614
62143
79741
191713
48585
88356
41476
64687
68705
186554
9543
131361
92452
123698
97144
143107
33832
61253
80415
163774
1212
157072
57389
171441
195207
100689
34967
155439
173178
56268
99913
183929
26176
16466
53866
69891
72909
176522
66009
129781
52489
145670
41075
195686
125387
18736
184002
32525
104546
187106
174890
33537
11388
19568
68483
184375
196086
187842
158522
79741
153297
118075
61675
50467
122853
72689
74472
159618
9802
22932
180921
116419
87281
37192
100564
126393
190265
80831
195238
68789
122282
105818
44118
116946
67376
143214
91509
159877
91234
171259
190624
179449
181658
188625
115825
14983
106569
65758
173904
179753
62794
30608
110407
179332
18402
87429
189704
151374
187036
120104
96812
606
182347
12160
5083
190346
15930
196724
162391
139786
80179
10458
12036
52365
75390
177998
8713
195801
119549
29035
163808
191713
154672
13537
99967
45170
31153
4735
21834
124272
51575
1779
170595
139610
161825
151777
113786
186234
21667
129880
198755
103118
162570
150845
22496
65092
187878
54881
129444
6717
97344
188322
44839
176038
120783
24188
146996
82391
190455
123212
161089
118925
196319
84917
105430
150999
199251
48535
123888
185293
108249
13108
132165
19621
176109
138878
147882
42482
153057
154249
24099
66854
162170
130202
267
119912
84212
50113
187357
135182
15068
146217
45969
187068
106335
113137
79858
194045
11856
22374
7442
126854
118075
72993
5778
30405
159239
134458
96679
185041
152590
161112
53480
171168
184020
153849
117388
31711
69006
43461
176379
181137
107801
6111
157609
28090
192134
156874
159015
89801
5140
175521
31380
13777
167994
34270
66421
35274
49780
51549
161462
148773
98849
182089
156380
26083
169895
150678
73774
165169
3563
45386
182982
41620
68240
14791
51102
4243
47592
49136
143828
142730
168087
44261
42653
152976
195207
158448
177684
140844
77056
81366
87993
110240
5759
64006
161299
128767
158472
74601
152873
11640
175702
89961
195207
47315
184331
46843
36841
169211
83299
10999
95
3831
101533
19008
55167
44336
95485
146014
39382
156144
37630
121680
38547
146373
145912
195011
177226
17939
196396
140141
69072
187608
120783
93078
145866
184960
84775
73604
156365
159476
60441
7011
69168
62452
21345
114997
122886
173355
37559
152769
18680
55359
183288
28576
44492
188965
190701
91608
153729
145863
38904
72942
98450
24900
179467
47199
194592
133761
121489
23340
51906
71223
22400
170521
80957
196724
144435
175365
27361
33891
81948
141521
170213
96533
105525
24304
29201
85226
99810
78290
150754
181176
48776
88757
190185
171259
115846
192571
144528
44204
50302
47960
129041
18736
36996
31329
90404
11695
87643
77230
180635
114810
132331
145007
170933
174648
110568
44118
184739
13322
135527
106052
99010
2795
96295
25381
115165
156944
73128
192998
36489
124041
121745
25020
19024
166841
87683
194162
11228
91776
76994
79477
4767
161378
179803
118020
12033
125705
182715
119509
103071
135336
175869
8566
32498
153453
158326
94064
195942
150424
92342
179439
36312
199074
61934
134981
84212
14948
129345
49754
21160
160005
38978
150668
5643
164167
161276
114266
100387
104718
61952
198732
14033
139827
25273
115732
72872
143000
71444
87326
58992
6363
178270
50486
174066
116172
181330
129425
34885
171708
154968
114751
175916
190786
126580
116450
168942
170132
85998
35266
94154
149251
193646
33222
187068
110607
86919
59258
91141
176412
80254
45983
136536
69925
110470
186234
3870
173687
2165
60030
146498
80442
71610
149241
26850
80287
159364
103578
4854
199722
195274
165700
60277
150221
145271
152807
24404
57810
90991
83577
37460
47395
63585
27446
70056
141354
43257
166556
77364
53024
146996
158847
48207
14470
141248
126107
168186
164933
90596
199115
131207
74730
93913
113719
171892
156836
16559
182666
24345
97987
121333
122137
179304
48258
31423
116427
172778
32934
142087
196670
100564
177540
134257
70770
63664
127031
70537
167871
11151
35779
160183
2427
178545
160953
10916
157266
105157
40383
51423
9576
156365
136522
132527
101270
186803
64740
118541
168406
109223
173400
93127
45019
133206
75467
67349
38467
43550
182828
37056
166606
108907
70329
161476
112895
150866
96260
164219
25172
45077
33923
155525
12333
156322
137572
49470
87281
69072
118674
160442
30030
21720
112886
17978
85913
172730
6780
108134
118690
79292
55268
188612
166584
196556
151523
76460
166322
619
13574
6965
46548
41407
172133
12837
91708
109434
122663
17632
139827
48650
4706
149371
8355
53300
82615
70749
194592
98467
153374
61724
131544
106335
146180
48400
33025
129683
80144
115271
63736
175037
121333
58024
158062
177226
153603
51946
22706
158448
69465
103553
144456
14782
112481
29625
98408
170767
37452
84116
145783
81021
118674
135014
28689
177200
150515
102174
1061
118312
170306
12286
22055
115971
3178
152478
142992
192406
94028
184426
58123
52776
82138
60627
129228
52906
149444
120595
128047
35779
44236
82031
172456
15558
155728
35833
149402
475
184942
72101
81849
172483
90798
153694
53638
117801
151391
110483
89010
144480
148279
175335
36440
21667
26901
100145
46327
130515
18246
15316
81948
145271
103835
175873
128263
169395
183655
66032
97287
48906
154781
9741
71287
25362
17939
22932
169496
98857
76674
59271
159457
177840
189967
180639
153480
3818
199090
174730
104859
62285
128886
7796
108700
190605
20605
68335
61670
194010
184522
176236
31591
90430
190688
73421
170175
171396
190622
47410
69133
77803
158818
76763
155811
60230
85688
151412
34767
162029
91918
23245
146270
183611
85419
8329
53238
190605
33025
10916
186826
114210
53303
22706
81242
72017
26205
156273
146146
12698
48830
176959
177427
83605
143072
133871
104970
96260
136949
143989
128121
190161
12815
80889
49533
167368
21490
128101
37323
60183
156080
194347
53691
39574
141002
121788
151865
196581
163059
147031
178645
28612
117353
47507
63488
26901
30110
197510
32954
183561
198871
124481
74671
105349
162325
128008
52576
120738
72274
151944
162503
107514
180433
83558
67821
30753
137289
127108
42434
188457
137775
72061
12891
72101
175121
142026
127369
138499
130760
133852
75785
26304
105045
128920
100441
133852
126393
99455
83945
85998
61963
32635
42128
165164
129361
146174
76788
170799
82157
23097
137956
62031
94330
180921
168144
169367
138078
155281
10479
147385
40154
4601
184083
57123
114493
25112
11310
66988
144283
41143
89424
181995
32835
151369
191617
138324
49076
176510
59529
12312
175844
168936
192154
171113
85150
44955
3633
39465
47261
163488
147730
114231
194262
99806
67105
128335
67952
66760
120120
179188
46075
192647
84212
99875
65758
52089
164117
119074
42689
31801
62098
177597
9150
23749
93642
37503
186917
41536
22706
78429
19041
181459
192276
73191
116120
133308
147670
127330
184771
141094
6085
92566
199896
174465
184480
118154
5362
109223
23832
179860
176883
137147
45738
77888
180713
141622
104158
140849
123246
47668
124354
66398
161510
183831
178298
88629
112481
31744
5362
82180
27853
173693
60957
57786
36604
29695
31012
89487
181184
13810
62829
148924
35833
27899
122567
135780
114210
184233
135044
93317
166742
91234
130294
33063
155048
88212
155699
153603
34221
23097
73604
185875
31986
165164
188346
66214
102743
30061
71033
9778
57285
135182
157403
108998
12312
42083
171608
37731
171868
35524
184349
148811
89166
93462
138388
148313
115542
13482
63444
59245
10782
110332
46843
179585
27853
193224
96510
22570
176456
61261
149371
24851
120497
136907
11107
23749
117801
28576
150277
80104
101504
13537
157485
146985
162000
64874
142953
165164
196935
125509
118387
187627
197596
110407
98183
93767
184856
173400
194439
170559
172775
159328
40797
121084
133332
151666
137530
13033
93451
64083
109342
25815
15316
115888
84750
26782
10085
181880
62024
193194
54981
105862
65054
89204
21048
10728
20380
117841
87007
94121
153849
11732
162365
115592
21762
184368
129590
149972
158193
13087
73475
19288
137629
145094
193526
185520
95389
23032
112209
84016
98766
171011
123750
148329
36577
71551
146270
136711
171821
45671
44145
179925
68914
13889
107418
47592
32134
188935
32510
6209
84377
104616
183611
133744
96099
199633
32564
153374
183753
172836
45443
29499
115986
79720
140969
97209
48034
171753
50401
87475
135618
56907
14152
195686
48741
47790
24689
176051
74179
11905
56760
4771
135522
44930
145227
149258
193787
26462
46682
177452
76034
98901
141337
177312
194367
132367
60799
42035
190665
99404
15604
140625
133822
168505
137282
162382
34937
33678
8846
34499
139858
175944
100617
158292
166370
73128
91608
13880
157049
98119
130275
111150
133744
131641
46152
118404
158281
189225
45339
120615
54137
128101
186045
102117
175121
59748
106890
83618
71190
102209
153684
66570
166777
195801
126842
197147
92852
12891
136651
82157
56884
91385
133863
194525
130753
181710
8155
74082
172556
195207
181899
143546
116834
94842
176295
62664
81050
54821
107593
128976
131267
64700
60957
141987
65585
59781
105215
29532
162214
47617
167298
156027
97262
121333
37588
171800
122832
15601
155294
195849
8355
76698
87931
192647
92268
84116
84869
175390
136031
22121
195330
39429
131083
168661
107687
110275
89424
24785
199811
66555
190763
123326
189425
76818
65440
193224
5189
8198
51651
196837
117055
73596
131102
194295
132788
130422
157940
67087
29974
52126
166243
24094
86623
3237
34040
33923
115347
161061
148993
115362
89658
106168
33343
50540
56884
92746
42767
64622
186639
196800
8819
118473
1851
48688
135246
187574
89888
129163
72593
184924
59542
168319
119822
121154
128141
95521
167415
49733
101905
181852
177279
158448
139385
119718
102990
52365
63816
121592
170348
142326
23394
60183
175543
66854
176089
190678
147472
5157
188273
120292
199061
15065
9393
107549
184153
55895
83771
94330
163154
117296
183234
98253
57110
196380
28598
39116
145205
76994
134907
74767
163488
96925
44508
27312
195207
159142
113626
8489
115602
171849
88410
157593
149597
166370
196543
105045
87515
160710
39941
51906
87354
102905
122649
126804
166467
149633
104774
172365
37627
179925
2946
179972
100617
127868
14608
78676
112673
159284
13186
134824
199447
195445
63676
133141
109148
85788
118283
71822
173337
156686
167481
63585
169778
102905
93462
182006
182247
100571
46664
5465
106803
156194
125602
176038
126571
133967
121713
17190
82887
128273
70404
154824
4492
139786
30697
167787
139115
120471
1679
82676
166264
41923
26815
126172
73363
153674
25522
123427
55557
19883
199391
21698
74379
125856
126116
59976
184072
90834
11846
100997
110089
173149
53065
27055
101930
82795
10422
107275
66327
196622
28073
119794
97904
49500
30790
38356
73544
38785
23811
68173
149151
98885
127510
42362
127912
151719
71152
158983
61253
177155
119304
9025
5018
11355
12261
58992
137922
10999
95028
146328
16746
137094
174127
32452
45633
132897
13631
193916
129502
150455
178902
151536
188714
166308
13212
17042
7108
127648
127261
21109
134969
36540
187955
183583
59973
129283
83541
76818
179188
19081
81137
114198
176379
122528
126842
81788
11138
65939
33963
132843
490
30281
108742
191948
91465
198064
53166
138894
17575
197330
82221
81405
177427
103250
1665
64164
106194
89767
29969
94711
56996
28029
48978
10287
97812
72712
101306
169622
108134
42469
135859
36346
173547
179373
197250
41454
5852
147107
1786
109059
70134
59959
57572
182477
159715
133744
20851
96122
76758
199061
148698
176574
138839
106685
73191
99443
123743
156568
161919
134305
91161
48395
59362
38904
46259
109523
143989
164435
101632
52906
193333
183872
46867
142579
175347
11072
175220
18171
41302
196243
23484
166003
77273
18110
63729
99010
10521
113145
9322
34411
40548
78307
26901
96295
11500
38201
52048
194179
176737
146174
129293
55492
125340
173452
93720
40746
133373
15089
90973
4358
57487
143292
153283
166227
103553
29319
96876
67846
11072
133744
76211
142648
47474
69266
160041
106833
134796
93133
155394
198375
71444
9095
20232
173149
188559
155855
37731
168466
52184
137211
145783
163343
118946
73555
184368
60441
156683
197330
69295
103262
58221
13108
98289
191149
28746
184970
23296
99154
172705
118236
153982
129787
17760
113796
133117
173166
83368
23017
147407
104987
188409
50401
30753
1162
42551
69209
125546
183777
173587
55730
44
101762
12411
91889
53465
158306
89053
195343
141408
44611
121333
141064
64292
50057
31801
20148
130608
37711
67527
91141
1762
139911
81957
130345
176711
117232
181616
156307
73128
170348
854
177152
113971
176904
145156
116392
89931
16788
100387
71551
2053
110344
27977
88040
109448
165194
117154
133980
146400
76639
118946
191049
82615
24875
121375
10782
130920
138358
17775
91918
134623
109951
2104
8609
156532
180491
64421
144751
8493
53707
98548
136596
168616
116185
112066
198028
151233
85101
27794
64353
18956
104158
73888
117748
172365
197829
95107
143351
84917
67212
137678
46404
48978
37833
186418
46758
100387
140644
92206
190019
72729
53762
192589
68820
12449
52618
7120
189576
64915
89801
158399
24451
60048
110315
148626
52600
20422
49301
140303
176002
87580
120927
9989
99249
112741
137031
147450
100633
95957
190400
65253
30650
159540
189849
142326
43177
175365
157942
196874
145953
64759
107862
57863
12083
118236
114810
153923
153308
185606
190634
162742
157242
96634
174218
79778
3741
75494
123307
82107
52589
69303
74525
132527
140014
178645
188488
96627
145067
99643
89373
72802
33502
9616
159513
128779
199203
131770
196724
8229
1010
35078
122460
11640
2541
118222
110165
89767
182916
10043
72101
177053
76211
171619
122832
129987
162844
127215
114065
119732
197429
140467
64822
56853
3969
64822
189816
137466
1240
95538
195366
154256
152790
100964
154230
28626
120170
20857
196678
198587
84975
17939
190981
40136
137603
116464
101669
143526
145790
133780
39856
89204
36316
68727
165741
60267
43310
18110
45346
74549
90576
147682
77410
86744
172836
62176
2194
51033
18725
15065
143938
186136
178506
29532
114231
101195
78551
119989
53465
165452
109282
184426
30161
174959
137226
78391
105505
9475
126903
137275
154297
174777
21419
136757
72926
84409
166963
15368
89499
77763
195559
49620
160041
38064
34499
123246
88892
125716
63375
2268
29575
128970
174713
140290
192276
20693
31996
183112
40340
141686
131947
20304
29695
167972
175289
26815
104281
105045
118355
160853
186574
14413
126259
36695
99249
165741
47790
78706
146907
41817
172871
78117
40314
101805
185875
90501
94761
48505
170306
44578
135562
81679
45611
88489
111974
30979
177597
39922
186998
184158
178340
154998
39776
52273
72772
27958
6637
107429
123283
144221
78117
47669
58440
10431
155602
122395
150249
55635
110470
68303
96156
49733
19920
25071
85882
113179
142090
143091
126571
170869
151345
126353
64264
93812
88083
97812
127031
30689
98335
138435
79361
4586
168177
16665
66608
73294
121873
71961
115852
151865
23097
2574
120471
165868
91291
98675
74644
192675
90249
82299
150553
135801
81165
78609
188930
179653
145629
39922
35357
179188
196084
176729
110945
21105
5020
81607
36090
19896
130163
122756
46075
68507
92746
170725
192353
30693
49076
162609
725
62425
147788
118551
24648
105744
173811
100884
14057
88664
51253
56530
116035
68668
132835
180483
24648
129933
90952
76186
71691
99857
195406
135821
78273
184549
103522
121053
50796
156508
17760
14022
118353
8504
104438
26027
34118
147515
147319
83111
2676
12072
189728
174489
121208
94468
93913
57192
50004
167775
194751
6489
55902
97410
139515
119040
98424
41923
81804
94175
56162
122567
131102
30467
157921
178012
106176
187199
77167
61063
109860
628
84008
154055
31478
124171
101731
5940
166183
182454
76877
108754
92214
168058
4150
154378
113792
60486
189072
130563
11553
127570
131697
100090
20304
155589
107332
51598
122427
167448
125387
38797
45377
78990
6900
103202
152830
4865
129010
154878
198397
18580
125705
61580
88680
19198
29654
51177
92294
147239
191031
20043
8421
45103
171904
9908
157403
91325
9788
75970
86175
119368
139335
38703
48850
179557
24959
97945
51677
153849
22179
120012
155983
153208
155294
133448
95584
148595
183288
72111
141862
133683
131072
177427
138173
146384
128155
174096
133430
183128
73128
109252
148279
108400
86652
184515
123708
115233
199052
86941
92838
102688
37531
56662
81730
43701
55492
103450
13212
72256
126093
105555
6256
21430
120606
115269
16913
178087
80179
5569
97287
173331
151160
31026
86409
55435
155602
71916
73862
84351
150424
41340
180456
16211
173598
186782
18110
107862
120158
86791
105740
150578
125961
183720
16370
43310
147031
116150
182624
198463
134793
87405
32888
138021
44261
7457
134556
81574
157314
175121
173616
171113
154043
29778
33189
128488
116577
175022
48179
79867
91671
60647
12614
4456
153325
110197
29237
136733
66760
126238
60791
139786
91810
113268
10616
56882
45748
3156
56622
177025
179659
99640
41302
144604
128655
12025
170603
94820
128572
86337
113196
177643
104508
94192
111761
44641
59659
48294
19108
198169
33940
181683
172961
164037
148313
26080
139568
48894
122773
48953
2532
96018
85175
80581
151777
70488
178270
105636
7782
20605
180477
173466
118482
3361
58764
26782
153729
64077
107950
69033
140176
103202
164722
160509
81948
122092
180559
32770
174024
96627
20925
13335
13322
190100
141446
86562
4078
81014
145395
70044
100884
67997
75904
77642
85460
71968
140625
866
1711
93131
104214
108998
33620
77423
124790
134077
172730
190299
126070
74312
168141
126735
135113
82131
164236
153453
141246
144274
40683
15065
192252
117644
91502
128767
166937
39299
175783
32572
137572
143481
146935
113427
98382
86959
16746
9043
48599
156792
17548
2601
72219
19744
33153
123655
19032
158399
166841
190011
21196
181965
81434
94136
134117
151333
84603
24345
17123
116505
114936
121717
125138
186732
79801
192523
33388
136076
53621
109951
178815
3902
99050
69050
118123
128684
74616
152228
142857
46011
42629
36293
116518
89277
173265
142479
101168
90030
7985
163790
97812
120942
69587
190950
69486
171192
93750
101490
12479
119492
133965
137031
141666
77026
168890
58288
159785
26982
198221
50775
2758
76496
104987
181745
192305
193557
99377
12852
185281
93178
161957
42975
93790
136976
86110
121435
65893
36275
47221
21266
54412
149388
188409
124481
66091
190901
109347
117026
136312
115664
166898
41143
1175
65253
198009
47395
33251
152622
115792
51977
106016
4457
172627
174858
64897
67248
149105
41038
25086
94977
196174
134623
142568
52924
174410
173777
6820
192002
162676
42491
9788
70647
154167
49716
111113
121515
144212
143828
173166
50401
70610
31150
90323
164819
69321
80276
161900
31911
110483
107801
116114
112231
171301
48806
186705
161968
188525
93408
139568
33832
28554
85262
153453
89776
184426
147926
158110
53131
188081
184777
191140
150059
141313
69657
69614
165799
45738
169138
122981
124978
140998
152922
12735
83010
68092
76065
11825
94893
33271
137432
108506
39164
110981
190299
95107
32727
161254
11460
47221
121321
93251
177135
134818
674
90064
67285
26495
158409
83701
18137
38492
125735
69945
50091
80459
116388
64309
65758
189941
21048
52489
100387
91483
11485
615
107171
172475
141499
28840
195402
173522
159469
70917
102598
104072
52808
95253
36214
56927
49919
65514
113759
158845
187684
109854
112582
58764
91876
4323
119409
118684
129344
186384
79888
31880
91141
973
42937
147788
93027
5026
94399
151591
149371
183320
116440
102117
109001
54480
5549
122185
51023
41666
26252
26850
132943
80996
98675
108965
60559
25290
29453
178559
191030
20848
16118
130994
100661
97641
94491
26252
85523
173841
6383
181534
162029
182828
36718
29351
24470
6506
149316
92838
185458
145130
26956
31986
91078
133206
78238
111347
94555
65037
170348
135044
1841
25172
111041
185078
141432
129775
161089
63994
31124
113459
132143
8371
36864
98462
119098
118594
154434
71603
7856
103507
161546
58115
38328
144802
47561
4180
192743
38064
61661
128595
21482
17548
80831
62193
63585
143959
75970
94809
68815
40746
39066
96260
122582
128743
60814
69657
195592
158269
156392
177811
121137
161982
174373
177697
152278
136954
53836
43113
3498
61883
84524
72465
133965
65992
82795
46606
163954
45780
163404
184739
4548
56225
90517
149258
24532
177025
46843
181050
94735
198188
101367
40533
88458
102668
57059
126804
196481
70294
168087
156473
145729
94644
20344
47238
21652
53691
151007
171069
83884
39263
122649
93870
34719
124411
132143
152824
153674
64959
96533
14701
177811
47489
2518
85051
80505
34312
73294
133180
199278
128015
10024
171113
17397
104955
144435
99744
3096
37817
110275
114285
199729
83387
36478
48535
65198
115825
182951
60441
113427
36029
195309
188559
168347
116581
4772
13750
67926
108182
101686
29494
121321
66988
138428
190503
127124
57523
43563
109282
64687
51719
92516
24938
97560
189619
120249
81202
106755
70531
65789
199696
128169
128315
93317
26233
179157
56676
189272
86919
25842
57611
195274
99010
26566
182879
183886
78123
155505
181683
180713
25878
15327
82998
140813
187689
121139
160853
20370
132284
84021
16380
156555
198188
116419
151523
29049
133822
93019
78290
123600
39760
114861
148470
124411
16923
181363
62901
165280
83169
65789
41431
196897
38981
93019
197586
126616
156365
7344
96326
72951
195274
8674
30753
98932
183780
193004
11678
193864
136634
134709
103756
142907
43356
170312
12449
142666
151580
150705
140062
122901
161793
37339
80735
162619
74399
168803
177344
100019
46404
118254
95633
79703
170152
24295
88495
134709
144409
158942
124099
5213
188249
96043
149597
92971
69072
69725
60322
191597
194262
190678
24295
163882
1350
121848
68873
85586
182050
140309
66171
38236
184320
59642
158254
44839
25736
172676
167298
171502
58297
134933
21048
132390
76085
144989
190584
81499
143698
2375
134513
70610
4648
13090
93104
171939
167053
16256
57916
9616
110867
189106
82089
16680
14895
30162
131770
132577
89143
78654
38797
199004
19041
132599
41794
22329
147273
105670
68372
179262
130367
156676
87224
186705
112829
21849
196610
56068
148103
80319
54881
176574
26390
14100
143546
136733
176620
180760
11967
124664
28746
88583
103931
5738
183163
50610
196431
165940
21196
73059
32264
5429
16021
12025
22097
166908
14983
74312
60112
81391
167282
2240
189248
34040
171706
198529
58115
94893
155504
27804
119186
108815
58992
15389
42035
185875
142384
25172
135994
23132
33292
160234
154951
196861
101974
173400
19198
125795
116239
107535
116753
179665
17712
112575
153424
161061
37787
25470
124966
120422
75409
65704
193185
197690
156122
75548
186497
24295
58851
95332
133791
42469
136964
139988
4787
112697
90653
106485
185172
142892
175783
110483
139809
183241
28870
18506
197
80581
126238
107621
69881
197952
61718
99744
34967
57208
33092
147
153792
63894
46548
111727
67212
163816
52924
115113
170767
125690
57916
170877
160486
106513
157059
18238
174502
2133
182233
110082
28014
13075
121753
75920
85731
70007
195789
7594
112771
86645
65419
139358
5720
115931
194054
81499
125924
63178
21889
150392
179729
5877
18195
159642
174913
2580
99868
82676
145149
8421
47610
75248
22360
50249
80894
11905
73407
30894
164957
139443
192668
171831
170543
105775
136038
188457
64407
83324
86263
172546
102257
71551
166198
100441
44913
50704
142761
149118
152976
12373
65084
22932
89820
84917
192548
179930
166094
99675
19989
152278
15350
63946
95434
148189
67904
37751
54670
17712
46905
182889
71658
70068
49394
86562
51072
115584
35009
150637
44409
53657
10692
65146
43188
5988
74399
184356
4128
119161
94623
158611
33063
154024
136630
62087
131303
127943
86570
53936
60957
80677
159202
144098
92122
71417
153255
152672
153718
4404
112299
197689
181
119981
86818
137806
55452
188625
63886
14033
74044
64505
69091
56652
70787
128584
67846
156508
50862
49348
75272
190256
43234
68289
59387
85688
8367
167719
149258
60791
154824
114565
114762
32851
136904
40551
139664
104472
137589
168116
44145
151536
193294
129539
170853
49754
125305
129378
946
84006
91990
191926
139499
140340
63816
23876
194604
76927
105670
65293
149241
47561
143399
155792
91341
101646
50129
44584
167653
62916
157242
138717
183308
94064
93408
7847
187649
101474
105670
13773
189241
36440
69925
191961
94711
143292
6842
186907
168466
125862
22125
1096
36695
89767
188118
38128
20547
188887
37429
154370
151391
141607
19549
36312
179512
167016
83368
100103
99857
190209
58658
67593
112741
149112
167113
34206
97410
20619
31515
54259
172842
9199
1008
45377
195686
131659
41302
88383
81648
98154
36232
38703
35714
176277
58658
189786
116700
60840
42482
195155
63681
52489
106581
109047
55837
67527
104719
99472
65758
53238
193499
33748
95063
10133
190656
123445
188734
20820
34419
80144
10665
80252
107066
48549
26436
191383
79196
68139
93251
188820
64897
79154
174810
36630
26243
47828
187139
140100
145905
63669
164167
194628
111388
96580
29786
797
3413
160136
150263
143351
123478
126131
93334
153653
155998
81830
84949
85282
87763
139253
166094
78910
138273
54724
31591
154282
94399
141666
73862
152365
11221
25663
4562
115332
122866
65241
5904
139098
110497
137572
116228
71255
85017
28812
93187
136076
182951
100158
3413
74730
37226
33063
107034
76663
118674
195686
191487
112280
11981
194856
155610
156345
90051
101390
177094
19774
190083
129740
84652
129344
143913
177921
156683
97730
35803
174218
102426
104970
129332
140121
167201
130683
5112
165397
37711
33343
85460
46036
159715
153648
27844
32644
52906
198831
96663
146626
131102
80945
100371
59529
123775
125251
90195
109479
178601
63303
13212
81062
124664
50704
30582
185520
111341
138298
103784
110964
3315
123903
134907
178686
55176
190053
26205
32210
39263
95456
173198
55203
135208
39020
137211
27844
17548
171724
117575
126924
141607
182158
30305
160375
171410
35803
158991
182982
35611
43550
24083
137226
119307
41108
127166
27755
198856
31801
119902
160375
171054
81977
180433
4310
123775
148081
154230
153128
128684
17893
199563
13778
111460
50144
33537
119732
129420
50969
192615
110470
117388
116568
180674
121435
31397
129818
84312
29749
145356
182247
38094
159540
112209
27128
16983
16394
172508
172775
196174
111267
9656
163624
54821
114065
148430
89516
49677
156059
31865
184375
77755
49501
165454
111059
77510
150379
189503
165280
35142
23565
129865
98300
70855
180042
77701
177947
186602
22621
199373
147926
162453
118674
73128
146781
198189
126976
41873
93317
26782
130998
78328
173792
5183
116524
6551
57977
46704
151921
34621
17190
89558
97987
110470
176795
184469
4155
129370
67086
87909
167775
162109
198929
185458
102551
131293
181858
150101
117612
90895
136281
196319
139443
107514
5126
187019
118684
67849
197346
10858
5032
81165
137350
22713
158468
33472
63648
30375
168729
34547
160314
133744
62995
106168
197653
195559
172836
5569
20330
93551
70117
175665
194771
122729
145636
145352
141463
199778
60685
142914
196084
86705
26761
91234
77388
183630
25199
175442
168134
27844
174440
93462
168637
98885
163954
113087
41789
69552
136174
37550
113196
49632
115446
94648
116511
73440
118459
15601
10970
91509
168778
474
74399
168482
143214
144948
198037
78334
82589
103561
48370
193642
109428
169150
95497
81809
186574
3250
137385
183958
119632
186001
113556
69713
169755
198871
39861
94262
161369
37804
135937
137848
192276
66478
154496
183377
168090
92936
168980
140927
188165
148907
75494
5702
6439
111007
140109
107138
8520
37060
1637
165868
149371
13617
191049
85460
7587
120315
189447
62859
135870
176896
7317
99249
87133
138786
97537
47194
198555
198221
122901
177645
174024
159974
115621
102244
27925
185953
41682
179044
67997
47790
152672
156088
113704
146720
142808
28565
187608
60119
153297
136546
32633
82589
7205
120067
168556
58076
113179
81137
140573
6312
156520
126077
188457
19450
110066
114147
160894
30324
143470
30559
148767
119572
94977
55125
167928
168326
171632
135177
67358
69935
46843
154878
138776
127585
173648
37900
134933
65893
187470
137607
121137
76073
120235
40889
154998
62794
3896
3226
55602
163602
64634
43958
160311
33794
34259
123540
95633
106603
113946
73889
151179
187069
8797
51091
91918
170384
176812
80653
53994
137861
62856
17893
33995
119207
183807
103389
7490
66035
196084
92223
173770
108663
105162
146440
163230
56853
190763
92852
102968
15830
3860
198780
129695
10782
63078
96670
81231
139458
30161
161765
84409
31124
16564
79958
173993
198793
183435
59854
71417
436
30340
77885
10938
106603
87835
133308
103477
171123
167963
67527
8313
176412
50997
112397
52489
196556
67675
58288
39234
28414
125110
110332
151625
68971
16720
149787
109148
148973
35553
13804
19155
16183
198924
76149
165499
70108
33016
106030
123172
42998
152490
148088
172643
7835
118727
85850
52640
152228
184500
17323
158959
135449
26790
89888
1088
38515
110762
57312
27614
106531
91418
108277
151794
125710
20444
126169
198717
173641
90952
118254
145863
72534
191753
198924
36730
36138
28870
157727
188138
52618
164816
62399
150947
150901
34785
4124
188807
186579
26495
134907
157513
79778
88815
113642
141225
80653
56907
135494
89558
112641
77364
188668
138717
105215
74827
188643
130625
198463
78290
111534
109713
35191
74942
184072
90865
144691
63049
168347
42380
163533
171661
11072
123385
86265
15566
84574
57373
28124
147682
112522
77325
73911
24295
17949
148242
85913
23245
47617
84212
124763
113819
146608
185714
97514
84839
98008
83659
29773
43701
103599
171283
60277
95332
26040
118222
37577
120595
85861
170913
140752
148432
36935
109713
9287
130780
188867
135113
6790
11072
170197
143846
83860
34727
107687
146210
27163
5613
86500
56589
158263
129049
2317
10213
20006
111412
144376
65915
3198
182233
186602
92206
27556
110782
145362
92837
51225
173822
137012
125049
317
633
178287
24064
185568
89450
186803
149012
26918
165454
56505
31637
136837
140340
9913
178270
75904
86449
90166
38064
21266
51519
136043
113844
92122
6251
146540
9236
114810
148595
48912
61859
148948
33196
156778
189291
51760
107275
103437
36730
185826
118181
172775
186735
153648
107772
42643
140788
97030
112707
105713
155203
146982
48129
72909
144748
22256
54965
107976
57735
164283
151651
114227
158029
172441
4279
106473
159748
131776
175220
94103
150999
196026
67538
108668
21303
48617
101632
24074
195309
162770
150637
138928
29974
98152
57786
116125
178126
70890
8244
119718
153648
156654
192980
137956
148476
196935
34161
59032
60486
175557
84277
49517
125636
196319
152012
153128
61340
140573
176711
78892
94761
40088
82676
196089
198732
26790
147768
112091
14215
3499
167169
166455
24000
191103
158029
130752
174413
27152
27844
173561
139874
140573
1830
114992
22329
158787
76994
75768
133852
32584
199447
66974
50208
55681
166164
84964
145205
194198
125457
174465
109782
95273
42148
116310
108473
98124
2087
15000
33025
3855
81574
81870
67824
11394
198732
44831
75361
131055
1420
156473
188404
177921
76670
189985
76818
178087
188156
198265
191587
171994
139379
128615
60957
106237
31498
176379
198500
10539
195230
154730
49076
98578
119896
169111
85586
79589
150568
96252
92317
9917
112397
108306
56318
104281
102102
170559
15601
197487
191843
38982
187022
110568
187281
66779
23305
70112
120128
152769
147723
929
44661
99585
11388
72772
70026
99171
22706
78840
160092
63994
143913
19653
179373
108767
55981
123872
58076
166381
174149
72712
84447
91990
40533
17380
183981
109590
61131
71948
188273
31015
60635
10970
121422
22307
59056
163930
154801
61940
109479
105544
100330
110351
175390
44719
138298
23667
180846
89880
67413
178160
29494
108506
66327
81092
29642
28789
109636
83324
101527
165144
188446
138915
61661
25172
176038
93961
55492
76927
24444
141278
47937
61883
156888
113829
113691
156222
135014
136115
114348
184389
108373
127560
199000
140375
97629
36695
84377
107669
126551
196431
49043
141088
76496
133221
186205
9612
16716
113087
8856
123106
91400
25353
98016
185078
32782
45562
39483
111267
127609
145641
60267
129293
2201
72772
168058
117748
22992
136976
67919
190397
173522
190934
195445
34499
169216
89658
158048
192668
171698
32686
33630
87681
59688
114390
163954
32888
16896
78673
72980
35068
5465
39473
122185
27958
21698
17548
142537
47315
74354
60350
168747
171939
63704
102832
33832
57761
86354
18174
84549
86669
124664
172441
25071
70749
121321
85950
22706
127031
56801
177682
10782
148811
27917
58463
41407
190478
149431
33343
174149
90133
131811
282
123698
69117
106901
3071
119336
111223
56133
118891
87393
94793
198476
168216
167067
54307
160499
39949
155519
112397
8455
190538
140041
195749
114465
172084
35803
131310
164374
82261
140439
77821
97074
106402
190896
57318
129502
48416
36430
148345
85656
47702
193618
148212
11914
129169
185696
31286
83063
4923
28593
60407
180268
115045
139800
85003
126778
37784
103969
5852
64822
22788
110006
39939
162408
73042
129259
116150
114302
87681
155728
87533
135177
192615
178384
144259
88892
82676
168936
25035
117296
38987
59175
128684
8533
57595
88963
79129
39613
111068
73875
176352
6900
163074
60840
143757
90686
137870
170543
38236
6516
125924
26173
184500
15504
109904
124610
51651
17042
186821
156164
69143
110224
88468
158818
52540
169755
133161
59253
95253
120649
21374
1562
56505
18339
167113
130391
38988
151081
103250
197975
196135
