1251545
1251545
1251545
1251545
1251545
1251545
0
0
1251545
1251545
1251545
1251545
1251545
1251545
5739083
5739083
5739083
5739083
5739083
5739083
0
23864643
23864643
23864643
23864643
23864643
23864643
0
24772596
24772596
24772596
24772596
24772596
24772596
30785621
30785621
30785621
30785621
30785621
30785621
0
0
30785621
30785621
30785621
30785621
30785621
30785621
37961574
37961574
37961574
37961574
37961574
37961574
0
40687734
40687734
40687734
40687734
40687734
40687734
0
41880607
41880607
41880607
41880607
41880607
41880607
52640392
52640392
52640392
52640392
52640392
52640392
0
0
52640392
52640392
52640392
52640392
52640392
52640392
64338215
64338215
64338215
64338215
64338215
64338215
0
70164975
70164975
70164975
70164975
70164975
70164975
0
71642768
71642768
71642768
71642768
71642768
71642768
86764753
86764753
86764753
86764753
86764753
86764753
0
0
86764753
86764753
86764753
86764753
86764753
86764753
99447931
99447931
99447931
99447931
99447931
99447931
0
108375291
108375291
108375291
108375291
108375291
108375291
0
108438004
108438004
108438004
108438004
108438004
108438004
132534349
132534349
132534349
132534349
132534349
132534349
0
0
132534349
132534349
132534349
132534349
132534349
132534349
146343152
146343152
146343152
146343152
146343152
146343152
0
158371112
158371112
158371112
158371112
158371112
158371112
0
158718745
158718745
158718745
158718745
158718745
158718745
187429610
187429610
187429610
187429610
187429610
187429610
26705
0
187429610
187429610
187429610
187429610
187429610
187429610
188688268
188688268
188688268
188688268
188688268
188688268
0
203816828
203816828
203816828
203816828
203816828
203816828
0
204449381
204449381
204449381
204449381
204449381
204449381
205435086
205435086
205435086
205435086
205435086
205435086
0
0
205435086
205435086
205435086
205435086
205435086
205435086
209768519
209768519
209768519
209768519
209768519
209768519
0
227997679
227997679
227997679
227997679
227997679
227997679
0
228915152
228915152
228915152
228915152
228915152
228915152
234593057
234593057
234593057
234593057
234593057
234593057
0
0
234593057
234593057
234593057
234593057
234593057
234593057
240583005
240583005
240583005
240583005
240583005
240583005
0
243412765
243412765
243412765
243412765
243412765
243412765
0
244615158
244615158
244615158
244615158
244615158
244615158
256338143
256338143
256338143
256338143
256338143
256338143
0
0
256338143
256338143
256338143
256338143
256338143
256338143
264192461
264192461
264192461
264192461
264192461
264192461
0
270122821
270122821
270122821
270122821
270122821
270122821
0
271610134
271610134
271610134
271610134
271610134
271610134
287714359
287714359
287714359
287714359
287714359
287714359
0
0
287714359
287714359
287714359
287714359
287714359
287714359
300721452
300721452
300721452
300721452
300721452
300721452
0
309752412
309752412
309752412
309752412
309752412
309752412
121010
309824645
309824645
309824645
309824645
309824645
309824645
332979150
332979150
332979150
332979150
332979150
332979150
0
0
332979150
332979150
332979150
332979150
332979150
332979150
342447458
342447458
342447458
342447458
342447458
342447458
0
354579018
354579018
354579018
354579018
354579018
354579018
0
354936171
354936171
354936171
354936171
354936171
354936171
381708836
381708836
381708836
381708836
381708836
381708836
0
0
381708836
381708836
381708836
381708836
381708836
381708836
383658119
383658119
383658119
383658119
383658119
383658119
0
398890279
398890279
398890279
398890279
398890279
398890279
0
399532352
399532352
399532352
399532352
399532352
399532352
400697977
400697977
400697977
400697977
400697977
400697977
0
0
400697977
400697977
400697977
400697977
400697977
400697977
403893350
403893350
403893350
403893350
403893350
403893350
0
422226110
422226110
422226110
422226110
422226110
422226110
0
423153103
423153103
423153103
423153103
423153103
423153103
428034888
428034888
428034888
428034888
428034888
428034888
0
0
428034888
428034888
428034888
428034888
428034888
428034888
433296786
433296786
433296786
433296786
433296786
433296786
0
436230146
436230146
436230146
436230146
436230146
436230146
0
437442059
437442059
437442059
437442059
437442059
437442059
448191764
448191764
448191764
448191764
448191764
448191764
0
0
448191764
448191764
448191764
448191764
448191764
448191764
460963457
460963457
460963457
460963457
460963457
460963457
0
466997417
466997417
466997417
466997417
466997417
466997417
26705
468494250
468494250
468494250
468494250
468494250
468494250
489689475
489689475
489689475
489689475
489689475
489689475
0
0
489689475
489689475
489689475
489689475
489689475
489689475
497790808
497790808
497790808
497790808
497790808
497790808
0
506925368
506925368
506925368
506925368
506925368
506925368
0
507007121
507007121
507007121
507007121
507007121
507007121
525475066
525475066
525475066
525475066
525475066
525475066
0
0
525475066
525475066
525475066
525475066
525475066
525475066
539657279
539657279
539657279
539657279
539657279
539657279
0
551892439
551892439
551892439
551892439
551892439
551892439
0
552259112
552259112
552259112
552259112
552259112
552259112
582452537
582452537
582452537
582452537
582452537
582452537
0
0
582452537
582452537
582452537
582452537
582452537
582452537
584365785
584365785
584365785
584365785
584365785
584365785
1574160
599701545
599701545
599701545
599701545
599701545
599701545
0
600353138
600353138
600353138
600353138
600353138
600353138
602296123
602296123
602296123
602296123
602296123
602296123
43465
0
602296123
602296123
602296123
602296123
602296123
602296123
606461416
606461416
606461416
606461416
606461416
606461416
193600
624897776
624897776
624897776
624897776
624897776
624897776
0
625834289
625834289
625834289
625834289
625834289
625834289
632435434
632435434
632435434
632435434
632435434
632435434
60785
0
632435434
632435434
632435434
632435434
632435434
632435434
638709777
638709777
638709777
638709777
638709777
638709777
0
641746737
641746737
641746737
641746737
641746737
641746737
0
642968170
642968170
642968170
642968170
642968170
642968170
654956595
654956595
654956595
654956595
654956595
654956595
0
0
654956595
654956595
654956595
654956595
654956595
654956595
665862688
665862688
665862688
665862688
665862688
665862688
61345
672000248
672000248
672000248
672000248
672000248
672000248
0
673506601
673506601
673506601
673506601
673506601
673506601
691682226
691682226
691682226
691682226
691682226
691682226
0
0
691682226
691682226
691682226
691682226
691682226
691682226
703144609
703144609
703144609
703144609
703144609
703144609
0
712382769
712382769
712382769
712382769
712382769
712382769
0
712474042
712474042
712474042
712474042
712474042
712474042
738216227
738216227
738216227
738216227
738216227
738216227
0
0
738216227
738216227
738216227
738216227
738216227
738216227
750869175
750869175
750869175
750869175
750869175
750869175
1521275
763207935
763207935
763207935
763207935
763207935
763207935
0
763584128
763584128
763584128
763584128
763584128
763584128
789111713
789111713
789111713
789111713
789111713
789111713
0
0
789111713
789111713
789111713
789111713
789111713
789111713
791342156
791342156
791342156
791342156
791342156
791342156
0
806781516
806781516
806781516
806781516
806781516
806781516
0
807442629
807442629
807442629
807442629
807442629
807442629
809614894
809614894
809614894
809614894
809614894
809614894
0
1318265
809614894
809614894
809614894
809614894
809614894
809614894
814496497
814496497
814496497
814496497
814496497
814496497
0
814536457
814536457
814536457
814536457
814536457
814536457
0
815482490
815482490
815482490
815482490
815482490
815482490
820989755
820989755
820989755
820989755
820989755
820989755
0
0
820989755
820989755
820989755
820989755
820989755
820989755
828848523
828848523
828848523
828848523
828848523
828848523
0
831989083
831989083
831989083
831989083
831989083
831989083
0
833220036
833220036
833220036
833220036
833220036
833220036
844553261
844553261
844553261
844553261
844553261
844553261
0
0
844553261
844553261
844553261
844553261
844553261
844553261
857430744
857430744
857430744
857430744
857430744
857430744
0
863671904
863671904
863671904
863671904
863671904
863671904
0
865187777
865187777
865187777
865187777
865187777
865187777
881673442
881673442
881673442
881673442
881673442
881673442
0
0
881673442
881673442
881673442
881673442
881673442
881673442
892978790
892978790
892978790
892978790
892978790
892978790
0
902320550
902320550
902320550
902320550
902320550
902320550
0
902421343
902421343
902421343
902421343
902421343
902421343
927358728
927358728
927358728
927358728
927358728
927358728
0
0
927358728
927358728
927358728
927358728
927358728
927358728
936447686
936447686
936447686
936447686
936447686
936447686
0
948890046
948890046
948890046
948890046
948890046
948890046
0
949275759
949275759
949275759
949275759
949275759
949275759
975622904
975622904
975622904
975622904
975622904
975622904
0
0
975622904
975622904
975622904
975622904
975622904
975622904
977439867
977439867
977439867
977439867
977439867
977439867
0
992982827
992982827
992982827
992982827
992982827
992982827
0
993653460
993653460
993653460
993653460
993653460
993653460
995093565
995093565
995093565
995093565
995093565
995093565
0
0
995093565
995093565
995093565
995093565
995093565
995093565
999447403
999447403
999447403
999447403
999447403
999447403
0
999590963
999590963
999590963
999590963
999590963
999590963
0
1000546516
1000546516
1000546516
1000546516
1000546516
1000546516
1008369741
1008369741
1008369741
1008369741
1008369741
1008369741
60225
0
1008369741
1008369741
1008369741
1008369741
1008369741
1008369741
1016369414
1016369414
1016369414
1016369414
1016369414
1016369414
109060
1019613574
1019613574
1019613574
1019613574
1019613574
1019613574
0
1020854047
1020854047
1020854047
1020854047
1020854047
1020854047
1034120952
1034120952
1034120952
1034120952
1034120952
1034120952
0
0
1034120952
1034120952
1034120952
1034120952
1034120952
1034120952
1043016050
1043016050
1043016050
1043016050
1043016050
1043016050
0
1049360810
1049360810
1049360810
1049360810
1049360810
1049360810
0
1050886203
1050886203
1050886203
1050886203
1050886203
1050886203
1066989188
1066989188
1066989188
1066989188
1066989188
1066989188
0
0
1066989188
1066989188
1066989188
1066989188
1066989188
1066989188
1075740591
1075740591
1075740591
1075740591
1075740591
1075740591
0
1085185951
1085185951
1085185951
1085185951
1085185951
1085185951
0
1085296264
1085296264
1085296264
1085296264
1085296264
1085296264
1111747089
1111747089
1111747089
1111747089
1111747089
1111747089
0
0
1111747089
1111747089
1111747089
1111747089
1111747089
1111747089
1128525262
1128525262
1128525262
1128525262
1128525262
1128525262
0
1141071222
1141071222
1141071222
1141071222
1141071222
1141071222
0
1141466455
1141466455
1141466455
1141466455
1141466455
1141466455
1166372520
1166372520
1166372520
1166372520
1166372520
1166372520
0
0
1166372520
1166372520
1166372520
1166372520
1166372520
1166372520
1168290013
1168290013
1168290013
1168290013
1168290013
1168290013
0
1183936573
1183936573
1183936573
1183936573
1183936573
1183936573
0
1184616726
1184616726
1184616726
1184616726
1184616726
1184616726
1186896671
1186896671
1186896671
1186896671
1186896671
1186896671
0
0
1186896671
1186896671
1186896671
1186896671
1186896671
1186896671
1190158054
1190158054
1190158054
1190158054
1190158054
1190158054
0
1190405214
1190405214
1190405214
1190405214
1190405214
1190405214
0
1191370287
1191370287
1191370287
1191370287
1191370287
1191370287
1197756472
1197756472
1197756472
1197756472
1197756472
1197756472
0
0
1197756472
1197756472
1197756472
1197756472
1197756472
1197756472
1205476745
1205476745
1205476745
1205476745
1205476745
1205476745
0
1208824505
1208824505
1208824505
1208824505
1208824505
1208824505
0
1210074498
1210074498
1210074498
1210074498
1210074498
1210074498
1224737483
1224737483
1224737483
1224737483
1224737483
1224737483
0
0
1224737483
1224737483
1224737483
1224737483
1224737483
1224737483
1232947401
1232947401
1232947401
1232947401
1232947401
1232947401
0
1239395761
1239395761
1239395761
1239395761
1239395761
1239395761
0
1240930674
1240930674
1240930674
1240930674
1240930674
1240930674
1262981579
1262981579
1262981579
1262981579
1262981579
1262981579
0
0
1262981579
1262981579
1262981579
1262981579
1262981579
1262981579
1272918292
1272918292
1272918292
1272918292
1272918292
1272918292
0
1282467252
1282467252
1282467252
1282467252
1282467252
1282467252
0
1282587085
1282587085
1282587085
1282587085
1282587085
1282587085
1306497750
1306497750
1306497750
1306497750
1306497750
1306497750
0
0
1306497750
1306497750
1306497750
1306497750
1306497750
1306497750
1317653128
1317653128
1317653128
1317653128
1317653128
1317653128
0
1330302688
1330302688
1330302688
1330302688
1330302688
1330302688
0
1330707441
1330707441
1330707441
1330707441
1330707441
1330707441
1357005786
1357005786
1357005786
1357005786
1357005786
1357005786
0
0
1357005786
1357005786
1357005786
1357005786
1357005786
1357005786
1359830219
1359830219
1359830219
1359830219
1359830219
1359830219
0
1375580379
1375580379
1375580379
1375580379
1375580379
1375580379
146155
1376270052
1376270052
1376270052
1376270052
1376270052
1376270052
1378877997
1378877997
1378877997
1378877997
1378877997
1378877997
0
0
1378877997
1378877997
1378877997
1378877997
1378877997
1378877997
1384096370
1384096370
1384096370
1384096370
1384096370
1384096370
0
1384447130
1384447130
1384447130
1384447130
1384447130
1384447130
0
1385421723
1385421723
1385421723
1385421723
1385421723
1385421723
1391564308
1391564308
1391564308
1391564308
1391564308
1391564308
0
0
1391564308
1391564308
1391564308
1391564308
1391564308
1391564308
1398285446
1398285446
1398285446
1398285446
1398285446
1398285446
0
1401736806
1401736806
1401736806
1401736806
1401736806
1401736806
0
1402996319
1402996319
1402996319
1402996319
1402996319
1402996319
1416273304
1416273304
1416273304
1416273304
1416273304
1416273304
76985
0
1416273304
1416273304
1416273304
1416273304
1416273304
1416273304
1427697447
1427697447
1427697447
1427697447
1427697447
1427697447
0
1434249407
1434249407
1434249407
1434249407
1434249407
1434249407
0
1435793840
1435793840
1435793840
1435793840
1435793840
1435793840
1454642065
1454642065
1454642065
1454642065
1454642065
1454642065
0
0
1454642065
1454642065
1454642065
1454642065
1454642065
1454642065
1462462663
1462462663
1462462663
1462462663
1462462663
1462462663
0
1472115223
1472115223
1472115223
1472115223
1472115223
1472115223
0
1472244576
1472244576
1472244576
1472244576
1472244576
1472244576
1496888841
1496888841
1496888841
1496888841
1496888841
1496888841
0
0
1496888841
1496888841
1496888841
1496888841
1496888841
1496888841
1507531589
1507531589
1507531589
1507531589
1507531589
1507531589
0
1520284749
1520284749
1520284749
1520284749
1520284749
1520284749
0
1520699022
1520699022
1520699022
1520699022
1520699022
1520699022
1551177767
1551177767
1551177767
1551177767
1551177767
1551177767
0
43465
1551177767
1551177767
1551177767
1551177767
1551177767
1551177767
1553447290
1553447290
1553447290
1553447290
1553447290
1553447290
0
1569301050
1569301050
1569301050
1569301050
1569301050
1569301050
0
1570000243
1570000243
1570000243
1570000243
1570000243
1570000243
1572813228
1572813228
1572813228
1572813228
1572813228
1572813228
0
0
1572813228
1572813228
1572813228
1572813228
1572813228
1572813228
1575567391
1575567391
1575567391
1575567391
1575567391
1575567391
0
1576021751
1576021751
1576021751
1576021751
1576021751
1576021751
0
1577005864
1577005864
1577005864
1577005864
1577005864
1577005864
1584697089
1584697089
1584697089
1584697089
1584697089
1584697089
0
0
1584697089
1584697089
1584697089
1584697089
1584697089
1584697089
1591160452
1591160452
1591160452
1591160452
1591160452
1591160452
0
1594715412
1594715412
1594715412
1594715412
1594715412
1594715412
0
1595984445
1595984445
1595984445
1595984445
1595984445
1595984445
1610453670
1610453670
1610453670
1610453670
1610453670
1610453670
0
0
1610453670
1610453670
1610453670
1610453670
1610453670
1610453670
1619776403
1619776403
1619776403
1619776403
1619776403
1619776403
0
1626431963
1626431963
1626431963
1626431963
1626431963
1626431963
0
1627985916
1627985916
1627985916
1627985916
1627985916
1627985916
1642065541
1642065541
1642065541
1642065541
1642065541
1642065541
0
0
1642065541
1642065541
1642065541
1642065541
1642065541
1642065541
1657841444
1657841444
1657841444
1657841444
1657841444
1657841444
0
1667597604
1667597604
1667597604
1667597604
1667597604
1667597604
43465
1667736477
1667736477
1667736477
1667736477
1667736477
1667736477
1691692262
1691692262
1691692262
1691692262
1691692262
1691692262
0
0
1691692262
1691692262
1691692262
1691692262
1691692262
1691692262
1705449985
1705449985
1705449985
1705449985
1705449985
1705449985
0
1718306745
1718306745
1718306745
1718306745
1718306745
1718306745
0
1718730538
1718730538
1718730538
1718730538
1718730538
1718730538
1749203923
1749203923
1749203923
1749203923
1749203923
1749203923
0
0
1749203923
1749203923
1749203923
1749203923
1749203923
1749203923
1751241641
1751241641
1751241641
1751241641
1751241641
1751241641
0
1767199001
1767199001
1767199001
1767199001
1767199001
1767199001
0
1767907714
1767907714
1767907714
1767907714
1767907714
1767907714
1771419339
1771419339
1771419339
1771419339
1771419339
1771419339
0
0
1771419339
1771419339
1771419339
1771419339
1771419339
1771419339
1776283967
1776283967
1776283967
1776283967
1776283967
1776283967
0
1776841927
1776841927
1776841927
1776841927
1776841927
1776841927
0
1777835560
1777835560
1777835560
1777835560
1777835560
1777835560
1786088985
1786088985
1786088985
1786088985
1786088985
1786088985
61345
0
1786088985
1786088985
1786088985
1786088985
1786088985
1786088985
1791365138
1791365138
1791365138
1791365138
1791365138
1791365138
0
1795023698
1795023698
1795023698
1795023698
1795023698
1795023698
0
1796302251
1796302251
1796302251
1796302251
1796302251
1796302251
1809106596
1809106596
1809106596
1809106596
1809106596
1809106596
0
0
1809106596
1809106596
1809106596
1809106596
1809106596
1809106596
1821054184
1821054184
1821054184
1821054184
1821054184
1821054184
0
1827813344
1827813344
1827813344
1827813344
1827813344
1827813344
0
1829376817
1829376817
1829376817
1829376817
1829376817
1829376817
1846694082
1846694082
1846694082
1846694082
1846694082
1846694082
93745
0
1846694082
1846694082
1846694082
1846694082
1846694082
1846694082
1858886380
1858886380
1858886380
1858886380
1858886380
1858886380
0
1868746140
1868746140
1868746140
1868746140
1868746140
1868746140
0
1868894533
1868894533
1868894533
1868894533
1868894533
1868894533
1893349518
1893349518
1893349518
1893349518
1893349518
1893349518
0
0
1893349518
1893349518
1893349518
1893349518
1893349518
1893349518
1904922546
1904922546
1904922546
1904922546
1904922546
1904922546
0
1917882906
1917882906
1917882906
1917882906
1917882906
1917882906
0
1918316219
1918316219
1918316219
1918316219
1918316219
1918316219
1949943124
1949943124
1949943124
1949943124
1949943124
1949943124
0
0
1949943124
1949943124
1949943124
1949943124
1949943124
1949943124
1952362862
1952362862
1952362862
1952362862
1952362862
1952362862
0
1968423822
1968423822
1968423822
1968423822
1968423822
1968423822
0
1969142055
1969142055
1969142055
1969142055
1969142055
1969142055
1972679440
1972679440
1972679440
1972679440
1972679440
1972679440
0
0
1972679440
1972679440
1972679440
1972679440
1972679440
1972679440
1978112083
1978112083
1978112083
1978112083
1978112083
1978112083
0
1978773643
1978773643
1978773643
1978773643
1978773643
1978773643
111530
1979776796
1979776796
1979776796
1979776796
1979776796
1979776796
1988485861
1988485861
1988485861
1988485861
1988485861
1988485861
0
0
1988485861
1988485861
1988485861
1988485861
1988485861
1988485861
1994851739
1994851739
1994851739
1994851739
1994851739
1994851739
0
1998613899
1998613899
1998613899
1998613899
1998613899
1998613899
0
1999901972
1999901972
1999901972
1999901972
1999901972
1999901972
2013395677
2013395677
2013395677
2013395677
2013395677
2013395677
0
0
2013395677
2013395677
2013395677
2013395677
2013395677
2013395677
2026168700
2026168700
2026168700
2026168700
2026168700
2026168700
0
2033031460
2033031460
2033031460
2033031460
2033031460
2033031460
0
2034604453
2034604453
2034604453
2034604453
2034604453
2034604453
2056554038
2056554038
2056554038
2056554038
2056554038
2056554038
0
0
2056554038
2056554038
2056554038
2056554038
2056554038
2056554038
2071058451
2071058451
2071058451
2071058451
2071058451
2071058451
0
2081021811
2081021811
2081021811
2081021811
2081021811
2081021811
0
2081179724
2081179724
2081179724
2081179724
2081179724
2081179724
2107427349
2107427349
2107427349
2107427349
2107427349
2107427349
0
0
2107427349
2107427349
2107427349
2107427349
2107427349
2107427349
2118478787
2118478787
2118478787
2118478787
2118478787
2118478787
0
2131542747
2131542747
2131542747
2131542747
2131542747
2131542747
0
2131985580
2131985580
2131985580
2131985580
2131985580
2131985580
2160884405
2160884405
2160884405
2160884405
2160884405
2160884405
0
0
2160884405
2160884405
2160884405
2160884405
2160884405
2160884405
2163064363
2163064363
2163064363
2163064363
2163064363
2163064363
0
2179228923
2179228923
2179228923
2179228923
2179228923
2179228923
0
2179956676
2179956676
2179956676
2179956676
2179956676
2179956676
2182884621
2182884621
2182884621
2182884621
2182884621
2182884621
0
0
2182884621
2182884621
2182884621
2182884621
2182884621
2182884621
2188113319
2188113319
2188113319
2188113319
2188113319
2188113319
0
2188878479
2188878479
2188878479
2188878479
2188878479
2188878479
0
2189891152
2189891152
2189891152
2189891152
2189891152
2189891152
2198294937
2198294937
2198294937
2198294937
2198294937
2198294937
0
0
2198294937
2198294937
2198294937
2198294937
2198294937
2198294937
2205625185
2205625185
2205625185
2205625185
2205625185
2205625185
0
2209490945
2209490945
2209490945
2209490945
2209490945
2209490945
0
2210788538
2210788538
2210788538
2210788538
2210788538
2210788538
2225840723
2225840723
2225840723
2225840723
2225840723
2225840723
0
0
2225840723
2225840723
2225840723
2225840723
2225840723
2225840723
2235999481
2235999481
2235999481
2235999481
2235999481
2235999481
0
2242965841
2242965841
2242965841
2242965841
2242965841
2242965841
0
2244548354
2244548354
2244548354
2244548354
2244548354
2244548354
2263485459
2263485459
2263485459
2263485459
2263485459
2263485459
0
0
2263485459
2263485459
2263485459
2263485459
2263485459
2263485459
2278669327
2278669327
2278669327
2278669327
2278669327
2278669327
0
2288736287
2288736287
2288736287
2288736287
2288736287
2288736287
0
2288903720
2288903720
2288903720
2288903720
2288903720
2288903720
2305690705
2305690705
2305690705
2305690705
2305690705
2305690705
10505
0
2305690705
2305690705
2305690705
2305690705
2305690705
2305690705
2318611553
2318611553
2318611553
2318611553
2318611553
2318611553
0
2331779113
2331779113
2331779113
2331779113
2331779113
2331779113
0
2332231466
2332231466
2332231466
2332231466
2332231466
2332231466
2362871091
2362871091
2362871091
2362871091
2362871091
2362871091
0
0
2362871091
2362871091
2362871091
2362871091
2362871091
2362871091
2365422139
2365422139
2365422139
2365422139
2365422139
2365422139
0
2381690299
2381690299
2381690299
2381690299
2381690299
2381690299
0
2382427572
2382427572
2382427572
2382427572
2382427572
2382427572
2384944637
2384944637
2384944637
2384944637
2384944637
2384944637
0
0
2384944637
2384944637
2384944637
2384944637
2384944637
2384944637
2390962060
2390962060
2390962060
2390962060
2390962060
2390962060
0
2391830820
2391830820
2391830820
2391830820
2391830820
2391830820
0
2392853013
2392853013
2392853013
2392853013
2392853013
2392853013
2403100198
2403100198
2403100198
2403100198
2403100198
2403100198
0
0
2403100198
2403100198
2403100198
2403100198
2403100198
2403100198
2413623116
2413623116
2413623116
2413623116
2413623116
2413623116
0
2417592476
2417592476
2417592476
2417592476
2417592476
2417592476
0
2418899589
2418899589
2418899589
2418899589
2418899589
2418899589
2431208334
2431208334
2431208334
2431208334
2431208334
2431208334
0
0
2431208334
2431208334
2431208334
2431208334
2431208334
2431208334
2442589717
2442589717
2442589717
2442589717
2442589717
2442589717
0
2449659677
2449659677
2449659677
2449659677
2449659677
2449659677
0
2451251710
2451251710
2451251710
2451251710
2451251710
2451251710
2467964295
2467964295
2467964295
2467964295
2467964295
2467964295
0
0
2467964295
2467964295
2467964295
2467964295
2467964295
2467964295
2482747293
2482747293
2482747293
2482747293
2482747293
2482747293
13865
2492917853
2492917853
2492917853
2492917853
2492917853
2492917853
0
2493094806
2493094806
2493094806
2493094806
2493094806
2493094806
2518339151
2518339151
2518339151
2518339151
2518339151
2518339151
0
0
2518339151
2518339151
2518339151
2518339151
2518339151
2518339151
2518529109
2518529109
2518529109
2518529109
2518529109
2518529109
0
2531800269
2531800269
2531800269
2531800269
2531800269
2531800269
0
2532262142
2532262142
2532262142
2532262142
2532262142
2532262142
2558950967
2558950967
2558950967
2558950967
2558950967
2558950967
0
118330
2558950967
2558950967
2558950967
2558950967
2558950967
2558950967
2561962165
2561962165
2561962165
2561962165
2561962165
2561962165
0
2578333925
2578333925
2578333925
2578333925
2578333925
2578333925
0
2579080718
2579080718
2579080718
2579080718
2579080718
2579080718
2582905303
2582905303
2582905303
2582905303
2582905303
2582905303
0
0
2582905303
2582905303
2582905303
2582905303
2582905303
2582905303
2590006851
2590006851
2590006851
2590006851
2590006851
2590006851
0
2590979211
2590979211
2590979211
2590979211
2590979211
2590979211
0
2592010924
2592010924
2592010924
2592010924
2592010924
2592010924
2601092709
2601092709
2601092709
2601092709
2601092709
2601092709
0
0
2601092709
2601092709
2601092709
2601092709
2601092709
2601092709
2605743637
2605743637
2605743637
2605743637
2605743637
2605743637
0
2609816597
2609816597
2609816597
2609816597
2609816597
2609816597
0
2611133230
2611133230
2611133230
2611133230
2611133230
2611133230
2625599655
2625599655
2625599655
2625599655
2625599655
2625599655
0
0
2625599655
2625599655
2625599655
2625599655
2625599655
2625599655
2636805098
2636805098
2636805098
2636805098
2636805098
2636805098
0
2643978658
2643978658
2643978658
2643978658
2643978658
2643978658
0
2645580211
2645580211
2645580211
2645580211
2645580211
2645580211
2663169876
2663169876
2663169876
2663169876
2663169876
2663169876
0
0
2663169876
2663169876
2663169876
2663169876
2663169876
2663169876
2676365574
2676365574
2676365574
2676365574
2676365574
2676365574
0
2686639734
2686639734
2686639734
2686639734
2686639734
2686639734
0
2686826207
2686826207
2686826207
2686826207
2686826207
2686826207
2714227432
2714227432
2714227432
2714227432
2714227432
2714227432
0
0
2714227432
2714227432
2714227432
2714227432
2714227432
2714227432
2714448155
2714448155
2714448155
2714448155
2714448155
2714448155
0
2727822915
2727822915
2727822915
2727822915
2727822915
2727822915
0
2728294308
2728294308
2728294308
2728294308
2728294308
2728294308
2757123293
2757123293
2757123293
2757123293
2757123293
2757123293
27265
0
2757123293
2757123293
2757123293
2757123293
2757123293
2757123293
2760299151
2760299151
2760299151
2760299151
2760299151
2760299151
0
2776774511
2776774511
2776774511
2776774511
2776774511
2776774511
0
2777530824
2777530824
2777530824
2777530824
2777530824
2777530824
2781408449
2781408449
2781408449
2781408449
2781408449
2781408449
112090
0
2781408449
2781408449
2781408449
2781408449
2781408449
2781408449
2786068467
2786068467
2786068467
2786068467
2786068467
2786068467
0
2787144427
2787144427
2787144427
2787144427
2787144427
2787144427
0
2788185660
2788185660
2788185660
2788185660
2788185660
2788185660
2795208365
2795208365
2795208365
2795208365
2795208365
2795208365
0
0
2795208365
2795208365
2795208365
2795208365
2795208365
2795208365
2801499588
2801499588
2801499588
2801499588
2801499588
2801499588
0
2805676148
2805676148
2805676148
2805676148
2805676148
2805676148
0
2807002301
2807002301
2807002301
2807002301
2807002301
2807002301
2820616966
2820616966
2820616966
2820616966
2820616966
2820616966
0
78105
2820616966
2820616966
2820616966
2820616966
2820616966
2820616966
2833411679
2833411679
2833411679
2833411679
2833411679
2833411679
0
2840688839
2840688839
2840688839
2840688839
2840688839
2840688839
0
2842299912
2842299912
2842299912
2842299912
2842299912
2842299912
2866194257
2866194257
2866194257
2866194257
2866194257
2866194257
0
0
2866194257
2866194257
2866194257
2866194257
2866194257
2866194257
2879222280
2879222280
2879222280
2879222280
2879222280
2879222280
0
2889600040
2889600040
2889600040
2889600040
2889600040
2889600040
0
2889796033
2889796033
2889796033
2889796033
2889796033
2889796033
2911266618
2911266618
2911266618
2911266618
2911266618
2911266618
0
0
2911266618
2911266618
2911266618
2911266618
2911266618
2911266618
2911667521
2911667521
2911667521
2911667521
2911667521
2911667521
0
2925145881
2925145881
2925145881
2925145881
2925145881
2925145881
60225
2925626794
2925626794
2925626794
2925626794
2925626794
2925626794
2956817459
2956817459
2956817459
2956817459
2956817459
2956817459
0
0
2956817459
2956817459
2956817459
2956817459
2956817459
2956817459
2960034042
2960034042
2960034042
2960034042
2960034042
2960034042
130555
2976613002
2976613002
2976613002
2976613002
2976613002
2976613002
0
2977378835
2977378835
2977378835
2977378835
2977378835
2977378835
2980499740
2980499740
2980499740
2980499740
2980499740
2980499740
0
0
2980499740
2980499740
2980499740
2980499740
2980499740
2980499740
2986391583
2986391583
2986391583
2986391583
2986391583
2986391583
0
2987571143
2987571143
2987571143
2987571143
2987571143
2987571143
0
2988621896
2988621896
2988621896
2988621896
2988621896
2988621896
2999131841
2999131841
2999131841
2999131841
2999131841
2999131841
0
0
2999131841
2999131841
2999131841
2999131841
2999131841
2999131841
3007927919
3007927919
3007927919
3007927919
3007927919
3007927919
0
3012208079
3012208079
3012208079
3012208079
3012208079
3012208079
0
3013543752
3013543752
3013543752
3013543752
3013543752
3013543752
3029423057
3029423057
3029423057
3029423057
3029423057
3029423057
0
0
3029423057
3029423057
3029423057
3029423057
3029423057
3029423057
3042184680
3042184680
3042184680
3042184680
3042184680
3042184680
0
3049565440
3049565440
3049565440
3049565440
3049565440
3049565440
0
3051186033
3051186033
3051186033
3051186033
3051186033
3051186033
3068102618
3068102618
3068102618
3068102618
3068102618
3068102618
0
0
3068102618
3068102618
3068102618
3068102618
3068102618
3068102618
3082240381
3082240381
3082240381
3082240381
3082240381
3082240381
0
3092721741
3092721741
3092721741
3092721741
3092721741
3092721741
0
3092927254
3092927254
3092927254
3092927254
3092927254
3092927254
3111968799
3111968799
3111968799
3111968799
3111968799
3111968799
0
3915905
3111968799
3111968799
3111968799
3111968799
3111968799
3111968799
3112433752
3112433752
3112433752
3112433752
3112433752
3112433752
0
3126015712
3126015712
3126015712
3126015712
3126015712
3126015712
168265
3126506145
3126506145
3126506145
3126506145
3126506145
3126506145
3143586970
3143586970
3143586970
3143586970
3143586970
3143586970
0
0
3143586970
3143586970
3143586970
3143586970
3143586970
3143586970
3146689678
3146689678
3146689678
3146689678
3146689678
3146689678
0
3163372238
3163372238
3163372238
3163372238
3163372238
3163372238
0
3164147591
3164147591
3164147591
3164147591
3164147591
3164147591
3168320496
3168320496
3168320496
3168320496
3168320496
3168320496
44025
0
3168320496
3168320496
3168320496
3168320496
3168320496
3168320496
3174518169
3174518169
3174518169
3174518169
3174518169
3174518169
0
3175801329
3175801329
3175801329
3175801329
3175801329
3175801329
78320
3176861602
3176861602
3176861602
3176861602
3176861602
3176861602
3184613947
3184613947
3184613947
3184613947
3184613947
3184613947
0
0
3184613947
3184613947
3184613947
3184613947
3184613947
3184613947
3192507470
3192507470
3192507470
3192507470
3192507470
3192507470
0
3196891230
3196891230
3196891230
3196891230
3196891230
3196891230
0
3198236423
3198236423
3198236423
3198236423
3198236423
3198236423
3211790608
3211790608
3211790608
3211790608
3211790608
3211790608
0
0
3211790608
3211790608
3211790608
3211790608
3211790608
3211790608
3224793641
3224793641
3224793641
3224793641
3224793641
3224793641
0
3232278001
3232278001
3232278001
3232278001
3232278001
3232278001
0
3233908114
3233908114
3233908114
3233908114
3233908114
3233908114
3253397019
3253397019
3253397019
3253397019
3253397019
3253397019
0
0
3253397019
3253397019
3253397019
3253397019
3253397019
3253397019
3262298032
3262298032
3262298032
3262298032
3262298032
3262298032
0
3272882992
3272882992
3272882992
3272882992
3272882992
3272882992
0
3273098025
3273098025
3273098025
3273098025
3273098025
3273098025
3295634130
3295634130
3295634130
3295634130
3295634130
3295634130
532565
0
3295634130
3295634130
3295634130
3295634130
3295634130
3295634130
3296242128
3296242128
3296242128
3296242128
3296242128
3296242128
0
3309927688
3309927688
3309927688
3309927688
3309927688
3309927688
0
3310427641
3310427641
3310427641
3310427641
3310427641
3310427641
3327631266
3327631266
3327631266
3327631266
3327631266
3327631266
0
0
3327631266
3327631266
3327631266
3327631266
3327631266
3327631266
3331055474
3331055474
3331055474
3331055474
3331055474
3331055474
97665
3347841634
3347841634
3347841634
3347841634
3347841634
3347841634
0
3348626507
3348626507
3348626507
3348626507
3348626507
3348626507
3352533012
3352533012
3352533012
3352533012
3352533012
3352533012
0
826320
3352533012
3352533012
3352533012
3352533012
3352533012
3352533012
3355312060
3355312060
3355312060
3355312060
3355312060
3355312060
0
3356698820
3356698820
3356698820
3356698820
3356698820
3356698820
0
3357768613
3357768613
3357768613
3357768613
3357768613
3357768613
3369231198
3369231198
3369231198
3369231198
3369231198
3369231198
0
0
3369231198
3369231198
3369231198
3369231198
3369231198
3369231198
3378903121
3378903121
3378903121
3378903121
3378903121
3378903121
465
3383390481
3383390481
3383390481
3383390481
3383390481
3383390481
0
3384745194
3384745194
3384745194
3384745194
3384745194
3384745194
3398313379
3398313379
3398313379
3398313379
3398313379
3398313379
0
63240
3398313379
3398313379
3398313379
3398313379
3398313379
3398313379
3410792867
3410792867
3410792867
3410792867
3410792867
3410792867
0
3418380827
3418380827
3418380827
3418380827
3418380827
3418380827
14640
3420020460
3420020460
3420020460
3420020460
3420020460
3420020460
3441444805
3441444805
3441444805
3441444805
3441444805
3441444805
0
0
3441444805
3441444805
3441444805
3441444805
3441444805
3441444805
3454295663
3454295663
3454295663
3454295663
3454295663
3454295663
0
3464984223
3464984223
3464984223
3464984223
3464984223
3464984223
0
3465208776
3465208776
3465208776
3465208776
3465208776
3465208776
3490861841
3490861841
3490861841
3490861841
3490861841
3490861841
0
0
3490861841
3490861841
3490861841
3490861841
3490861841
3490861841
3491505804
3491505804
3491505804
3491505804
3491505804
3491505804
0
3505294964
3505294964
3505294964
3505294964
3505294964
3505294964
0
3505804437
3505804437
3505804437
3505804437
3505804437
3505804437
3523264742
3523264742
3523264742
3523264742
3523264742
3523264742
0
0
3523264742
3523264742
3523264742
3523264742
3523264742
3523264742
3526523265
3526523265
3526523265
3526523265
3526523265
3526523265
0
3543413025
3543413025
3543413025
3543413025
3543413025
3543413025
0
3544207418
3544207418
3544207418
3544207418
3544207418
3544207418
3548124403
3548124403
3548124403
3548124403
3548124403
3548124403
0
0
3548124403
3548124403
3548124403
3548124403
3548124403
3548124403
3553519281
3553519281
3553519281
3553519281
3553519281
3553519281
0
3555009641
3555009641
3555009641
3555009641
3555009641
3555009641
0
3556088954
3556088954
3556088954
3556088954
3556088954
3556088954
3563070619
3563070619
3563070619
3563070619
3563070619
3563070619
60785
0
3563070619
3563070619
3563070619
3563070619
3563070619
3563070619
3572361437
3572361437
3572361437
3572361437
3572361437
3572361437
0
3576952397
3576952397
3576952397
3576952397
3576952397
3576952397
0
3578316630
3578316630
3578316630
3578316630
3578316630
3578316630
3594832095
3594832095
3594832095
3594832095
3594832095
3594832095
0
0
3594832095
3594832095
3594832095
3594832095
3594832095
3594832095
3609730768
3609730768
3609730768
3609730768
3609730768
3609730768
0
3617422328
3617422328
3617422328
3617422328
3617422328
3617422328
0
3619071481
3619071481
3619071481
3619071481
3619071481
3619071481
3635427546
3635427546
3635427546
3635427546
3635427546
3635427546
0
0
3635427546
3635427546
3635427546
3635427546
3635427546
3635427546
3646009969
3646009969
3646009969
3646009969
3646009969
3646009969
0
3656802129
3656802129
3656802129
3656802129
3656802129
3656802129
0
3657036202
3657036202
3657036202
3657036202
3657036202
3657036202
3678617027
3678617027
3678617027
3678617027
3678617027
3678617027
0
0
3678617027
3678617027
3678617027
3678617027
3678617027
3678617027
3679459275
3679459275
3679459275
3679459275
3679459275
3679459275
0
3693352035
3693352035
3693352035
3693352035
3693352035
3693352035
0
3693871028
3693871028
3693871028
3693871028
3693871028
3693871028
3711541413
3711541413
3711541413
3711541413
3711541413
3711541413
0
0
3711541413
3711541413
3711541413
3711541413
3711541413
3711541413
3715690111
3715690111
3715690111
3715690111
3715690111
3715690111
0
3732683471
3732683471
3732683471
3732683471
3732683471
3732683471
0
3733487384
3733487384
3733487384
3733487384
3733487384
3733487384
3738963809
3738963809
3738963809
3738963809
3738963809
3738963809
0
0
3738963809
3738963809
3738963809
3738963809
3738963809
3738963809
3745783187
3745783187
3745783187
3745783187
3745783187
3745783187
0
3747377147
3747377147
3747377147
3747377147
3747377147
3747377147
0
3748465980
3748465980
3748465980
3748465980
3748465980
3748465980
3756431405
3756431405
3756431405
3756431405
3756431405
3756431405
0
681240
3756431405
3756431405
3756431405
3756431405
3756431405
3756431405
3765276933
3765276933
3765276933
3765276933
3765276933
3765276933
0
3769971493
3769971493
3769971493
3769971493
3769971493
3769971493
0
3771345246
3771345246
3771345246
3771345246
3771345246
3771345246
3783264791
3783264791
3783264791
3783264791
3783264791
3783264791
0
0
3783264791
3783264791
3783264791
3783264791
3783264791
3783264791
3797501549
3797501549
3797501549
3797501549
3797501549
3797501549
0
3805296709
3805296709
3805296709
3805296709
3805296709
3805296709
0
3806955382
3806955382
3806955382
3806955382
3806955382
3806955382
3824972087
3824972087
3824972087
3824972087
3824972087
3824972087
0
0
3824972087
3824972087
3824972087
3824972087
3824972087
3824972087
3837111335
3837111335
3837111335
3837111335
3837111335
3837111335
0
3848007095
3848007095
3848007095
3848007095
3848007095
3848007095
0
3848250688
3848250688
3848250688
3848250688
3848250688
3848250688
3871352873
3871352873
3871352873
3871352873
3871352873
3871352873
0
0
3871352873
3871352873
3871352873
3871352873
3871352873
3871352873
3872026851
3872026851
3872026851
3872026851
3872026851
3872026851
0
3886023211
3886023211
3886023211
3886023211
3886023211
3886023211
0
3886551724
3886551724
3886551724
3886551724
3886551724
3886551724
3904370229
3904370229
3904370229
3904370229
3904370229
3904370229
0
0
3904370229
3904370229
3904370229
3904370229
3904370229
3904370229
3908226372
3908226372
3908226372
3908226372
3908226372
3908226372
0
3925323332
3925323332
3925323332
3925323332
3925323332
3925323332
0
3926136765
3926136765
3926136765
3926136765
3926136765
3926136765
3931803510
3931803510
3931803510
3931803510
3931803510
3931803510
0
0
3931803510
3931803510
3931803510
3931803510
3931803510
3931803510
3936789973
3936789973
3936789973
3936789973
3936789973
3936789973
0
3938487533
3938487533
3938487533
3938487533
3938487533
3938487533
0
3939585886
3939585886
3939585886
3939585886
3939585886
3939585886
3950033031
3950033031
3950033031
3950033031
3950033031
3950033031
0
0
3950033031
3950033031
3950033031
3950033031
3950033031
3950033031
3958422069
3958422069
3958422069
3958422069
3958422069
3958422069
120
3963220229
3963220229
3963220229
3963220229
3963220229
3963220229
0
3964603502
3964603502
3964603502
3964603502
3964603502
3964603502
3979983287
3979983287
3979983287
3979983287
3979983287
3979983287
77545
0
3979983287
3979983287
3979983287
3979983287
3979983287
3979983287
3988117510
3988117510
3988117510
3988117510
3988117510
3988117510
0
3996016270
3996016270
3996016270
3996016270
3996016270
3996016270
0
3997684463
3997684463
3997684463
3997684463
3997684463
3997684463
4019954248
4019954248
4019954248
4019954248
4019954248
4019954248
0
0
4019954248
4019954248
4019954248
4019954248
4019954248
4019954248
4037020391
4037020391
4037020391
4037020391
4037020391
4037020391
0
4048019751
4048019751
4048019751
4048019751
4048019751
4048019751
0
4048272864
4048272864
4048272864
4048272864
4048272864
4048272864
4070760329
4070760329
4070760329
4070760329
4070760329
4070760329
0
0
4070760329
4070760329
4070760329
4070760329
4070760329
4070760329
4071547692
4071547692
4071547692
4071547692
4071547692
4071547692
79440
4085647652
4085647652
4085647652
4085647652
4085647652
4085647652
0
4086185685
4086185685
4086185685
4086185685
4086185685
4086185685
4104096670
4104096670
4104096670
4104096670
4104096670
4104096670
0
0
4104096670
4104096670
4104096670
4104096670
4104096670
4104096670
4108116488
4108116488
4108116488
4108116488
4108116488
4108116488
0
4125317048
4125317048
4125317048
4125317048
4125317048
4125317048
76985
4126140001
4126140001
4126140001
4126140001
4126140001
4126140001
4131208746
4131208746
4131208746
4131208746
4131208746
4131208746
0
0
4131208746
4131208746
4131208746
4131208746
4131208746
4131208746
4139805669
4139805669
4139805669
4139805669
4139805669
4139805669
100690
4141606829
4141606829
4141606829
4141606829
4141606829
4141606829
0
4142714702
4142714702
4142714702
4142714702
4142714702
4142714702
4154003687
4154003687
4154003687
4154003687
4154003687
4154003687
0
0
4154003687
4154003687
4154003687
4154003687
4154003687
4154003687
4162642960
4162642960
4162642960
4162642960
4162642960
4162642960
0
4167544720
4167544720
4167544720
4167544720
4167544720
4167544720
0
4168937513
4168937513
4168937513
4168937513
4168937513
4168937513
4184336898
4184336898
4184336898
4184336898
4184336898
4184336898
0
0
4184336898
4184336898
4184336898
4184336898
4184336898
4184336898
4195989121
4195989121
4195989121
4195989121
4195989121
4195989121
0
4203991481
4203991481
4203991481
4203991481
4203991481
4203991481
0
4205669194
4205669194
4205669194
4205669194
4205669194
4205669194
4226941179
4226941179
4226941179
4226941179
4226941179
4226941179
0
0
4226941179
4226941179
4226941179
4226941179
4226941179
4226941179
4243227392
4243227392
4243227392
4243227392
4243227392
4243227392
0
4254330352
4254330352
4254330352
4254330352
4254330352
4254330352
0
4254592985
4254592985
4254592985
4254592985
4254592985
4254592985
4283826850
4283826850
4283826850
4283826850
4283826850
4283826850
0
0
4283826850
4283826850
4283826850
4283826850
4283826850
4283826850
4284880808
4284880808
4284880808
4284880808
4284880808
4284880808
0
4299084368
4299084368
4299084368
4299084368
4299084368
4299084368
4385
4299631921
4299631921
4299631921
4299631921
4299631921
4299631921
4317888386
4317888386
4317888386
4317888386
4317888386
4317888386
0
0
4317888386
4317888386
4317888386
4317888386
4317888386
4317888386
4321874854
4321874854
4321874854
4321874854
4321874854
4321874854
0
4339179014
4339179014
4339179014
4339179014
4339179014
4339179014
0
4340011487
4340011487
4340011487
4340011487
4340011487
4340011487
4344658952
4344658952
4344658952
4344658952
4344658952
4344658952
0
0
4344658952
4344658952
4344658952
4344658952
4344658952
4344658952
4349398525
4349398525
4349398525
4349398525
4349398525
4349398525
0
4351303285
4351303285
4351303285
4351303285
4351303285
4351303285
0
4352420678
4352420678
4352420678
4352420678
4352420678
4352420678
4362092663
4362092663
4362092663
4362092663
4362092663
4362092663
0
0
4362092663
4362092663
4362092663
4362092663
4362092663
4362092663
4372938006
4372938006
4372938006
4372938006
4372938006
4372938006
0
4377943366
4377943366
4377943366
4377943366
4377943366
4377943366
0
4379345679
4379345679
4379345679
4379345679
4379345679
4379345679
4396857944
4396857944
4396857944
4396857944
4396857944
4396857944
0
0
4396857944
4396857944
4396857944
4396857944
4396857944
4396857944
4408091952
4408091952
4408091952
4408091952
4408091952
4408091952
0
4416197912
4416197912
4416197912
4416197912
4416197912
4416197912
0
4417885145
4417885145
4417885145
4417885145
4417885145
4417885145
4440044330
4440044330
4440044330
4440044330
4440044330
4440044330
94305
0
4440044330
4440044330
4440044330
4440044330
4440044330
4440044330
4457057598
4457057598
4457057598
4457057598
4457057598
4457057598
0
4468264158
4468264158
4468264158
4468264158
4468264158
4468264158
0
4468536311
4468536311
4468536311
4468536311
4468536311
4468536311
4495175456
4495175456
4495175456
4495175456
4495175456
4495175456
0
527280
4495175456
4495175456
4495175456
4495175456
4495175456
4495175456
4496171309
4496171309
4496171309
4496171309
4496171309
4496171309
0
4510478469
4510478469
4510478469
4510478469
4510478469
4510478469
0
4511035542
4511035542
4511035542
4511035542
4511035542
4511035542
4529302727
4529302727
4529302727
4529302727
4529302727
4529302727
0
0
4529302727
4529302727
4529302727
4529302727
4529302727
4529302727
4532655675
4532655675
4532655675
4532655675
4532655675
4532655675
0
4550063435
4550063435
4550063435
4550063435
4550063435
4550063435
0
4550905428
4550905428
4550905428
4550905428
4550905428
4550905428
4556034013
4556034013
4556034013
4556034013
4556034013
4556034013
0
0
4556034013
4556034013
4556034013
4556034013
4556034013
4556034013
4563531446
4563531446
4563531446
4563531446
4563531446
4563531446
0
4565539806
4565539806
4565539806
4565539806
4565539806
4565539806
0
4566666719
4566666719
4566666719
4566666719
4566666719
4566666719
4576281904
4576281904
4576281904
4576281904
4576281904
4576281904
0
0
4576281904
4576281904
4576281904
4576281904
4576281904
4576281904
4587122077
4587122077
4587122077
4587122077
4587122077
4587122077
0
4592231037
4592231037
4592231037
4592231037
4592231037
4592231037
0
4593642870
4593642870
4593642870
4593642870
4593642870
4593642870
4609831855
4609831855
4609831855
4609831855
4609831855
4609831855
37905
0
4609831855
4609831855
4609831855
4609831855
4609831855
4609831855
4623271588
4623271588
4623271588
4623271588
4623271588
4623271588
0
4631481148
4631481148
4631481148
4631481148
4631481148
4631481148
0
4633177901
4633177901
4633177901
4633177901
4633177901
4633177901
4655240366
4655240366
4655240366
4655240366
4655240366
4655240366
0
0
4655240366
4655240366
4655240366
4655240366
4655240366
4655240366
4671730419
4671730419
4671730419
4671730419
4671730419
4671730419
0
4683040579
4683040579
4683040579
4683040579
4683040579
4683040579
0
4683322252
4683322252
4683322252
4683322252
4683322252
4683322252
4711634997
4711634997
4711634997
4711634997
4711634997
4711634997
0
0
4711634997
4711634997
4711634997
4711634997
4711634997
4711634997
4712756745
4712756745
4712756745
4712756745
4712756745
4712756745
0
4727167505
4727167505
4727167505
4727167505
4727167505
4727167505
0
4727734098
4727734098
4727734098
4727734098
4727734098
4727734098
4746061683
4746061683
4746061683
4746061683
4746061683
4746061683
0
0
4746061683
4746061683
4746061683
4746061683
4746061683
4746061683
4749680671
4749680671
4749680671
4749680671
4749680671
4749680671
0
4767192031
4767192031
4767192031
4767192031
4767192031
4767192031
0
4768043544
4768043544
4768043544
4768043544
4768043544
4768043544
4772174849
4772174849
4772174849
4772174849
4772174849
4772174849
0
0
4772174849
4772174849
4772174849
4772174849
4772174849
4772174849
4781783692
4781783692
4781783692
4781783692
4781783692
4781783692
0
4783895652
4783895652
4783895652
4783895652
4783895652
4783895652
0
4785032085
4785032085
4785032085
4785032085
4785032085
4785032085
4795651110
4795651110
4795651110
4795651110
4795651110
4795651110
0
0
4795651110
4795651110
4795651110
4795651110
4795651110
4795651110
4805118153
4805118153
4805118153
4805118153
4805118153
4805118153
0
4810330713
4810330713
4810330713
4810330713
4810330713
4810330713
0
4811752066
4811752066
4811752066
4811752066
4811752066
4811752066
4826257131
4826257131
4826257131
4826257131
4826257131
4826257131
0
0
4826257131
4826257131
4826257131
4826257131
4826257131
4826257131
4832358619
4832358619
4832358619
4832358619
4832358619
4832358619
0
4840671779
4840671779
4840671779
4840671779
4840671779
4840671779
0
4840678052
4840678052
4840678052
4840678052
4840678052
4840678052
4859773717
4859773717
4859773717
4859773717
4859773717
4859773717
0
1348420
4859773717
4859773717
4859773717
4859773717
4859773717
4859773717
4869131690
4869131690
4869131690
4869131690
4869131690
4869131690
0
4880545450
4880545450
4880545450
4880545450
4880545450
4880545450
86720
4880836643
4880836643
4880836643
4880836643
4880836643
4880836643
4904565628
4904565628
4904565628
4904565628
4904565628
4904565628
11065
0
4904565628
4904565628
4904565628
4904565628
4904565628
4904565628
4905785186
4905785186
4905785186
4905785186
4905785186
4905785186
0
4920299546
4920299546
4920299546
4920299546
4920299546
4920299546
0
4920875659
4920875659
4920875659
4920875659
4920875659
4920875659
4939572164
4939572164
4939572164
4939572164
4939572164
4939572164
0
0
4939572164
4939572164
4939572164
4939572164
4939572164
4939572164
4942556242
4942556242
4942556242
4942556242
4942556242
4942556242
0
4960171202
4960171202
4960171202
4960171202
4960171202
4960171202
0
4961032235
4961032235
4961032235
4961032235
4961032235
4961032235
4965419860
4965419860
4965419860
4965419860
4965419860
4965419860
18905
0
4965419860
4965419860
4965419860
4965419860
4965419860
4965419860
4970683313
4970683313
4970683313
4970683313
4970683313
4970683313
88185
4972898873
4972898873
4972898873
4972898873
4972898873
4972898873
0
4974044826
4974044826
4974044826
4974044826
4974044826
4974044826
4985305531
4985305531
4985305531
4985305531
4985305531
4985305531
0
0
4985305531
4985305531
4985305531
4985305531
4985305531
4985305531
4994002439
4994002439
4994002439
4994002439
4994002439
4994002439
0
4999318599
4999318599
4999318599
4999318599
4999318599
4999318599
0
5000749472
5000749472
5000749472
5000749472
5000749472
5000749472
5017302457
5017302457
5017302457
5017302457
5017302457
5017302457
0
282290
5017302457
5017302457
5017302457
5017302457
5017302457
5017302457
5030723355
5030723355
5030723355
5030723355
5030723355
5030723355
0
5039140115
5039140115
5039140115
5039140115
5039140115
5039140115
0
5039155908
5039155908
5039155908
5039155908
5039155908
5039155908
5055163293
5055163293
5055163293
5055163293
5055163293
5055163293
0
0
5055163293
5055163293
5055163293
5055163293
5055163293
5055163293
5068854681
5068854681
5068854681
5068854681
5068854681
5068854681
305505
5080372041
5080372041
5080372041
5080372041
5080372041
5080372041
0
5080672754
5080672754
5080672754
5080672754
5080672754
5080672754
5107141179
5107141179
5107141179
5107141179
5107141179
5107141179
0
0
5107141179
5107141179
5107141179
5107141179
5107141179
5107141179
5108600197
5108600197
5108600197
5108600197
5108600197
5108600197
88400
5123218157
5123218157
5123218157
5123218157
5123218157
5123218157
0
5123803790
5123803790
5123803790
5123803790
5123803790
5123803790
5142640575
5142640575
5142640575
5142640575
5142640575
5142640575
0
0
5142640575
5142640575
5142640575
5142640575
5142640575
5142640575
5146720503
5146720503
5146720503
5146720503
5146720503
5146720503
0
5164439063
5164439063
5164439063
5164439063
5164439063
5164439063
0
5165309616
5165309616
5165309616
5165309616
5165309616
5165309616
5169914201
5169914201
5169914201
5169914201
5169914201
5169914201
0
52640
5169914201
5169914201
5169914201
5169914201
5169914201
5169914201
5176444899
5176444899
5176444899
5176444899
5176444899
5176444899
0
5178764059
5178764059
5178764059
5178764059
5178764059
5178764059
0
5179919532
5179919532
5179919532
5179919532
5179919532
5179919532
5190540437
5190540437
5190540437
5190540437
5190540437
5190540437
0
0
5190540437
5190540437
5190540437
5190540437
5190540437
5190540437
5199378810
5199378810
5199378810
5199378810
5199378810
5199378810
105600
5204798570
5204798570
5204798570
5204798570
5204798570
5204798570
0
5206238963
5206238963
5206238963
5206238963
5206238963
5206238963
5224317948
5224317948
5224317948
5224317948
5224317948
5224317948
0
0
5224317948
5224317948
5224317948
5224317948
5224317948
5224317948
5231258006
5231258006
5231258006
5231258006
5231258006
5231258006
0
5239778366
5239778366
5239778366
5239778366
5239778366
5239778366
0
5239803679
5239803679
5239803679
5239803679
5239803679
5239803679
5260384944
5260384944
5260384944
5260384944
5260384944
5260384944
0
0
5260384944
5260384944
5260384944
5260384944
5260384944
5260384944
5274709042
5274709042
5274709042
5274709042
5274709042
5274709042
0
5286330002
5286330002
5286330002
5286330002
5286330002
5286330002
20800
5286640235
5286640235
5286640235
5286640235
5286640235
5286640235
5312389300
5312389300
5312389300
5312389300
5312389300
5312389300
0
0
5312389300
5312389300
5312389300
5312389300
5312389300
5312389300
5313595268
5313595268
5313595268
5313595268
5313595268
5313595268
0
5328316828
5328316828
5328316828
5328316828
5328316828
5328316828
0
5328911981
5328911981
5328911981
5328911981
5328911981
5328911981
5347981686
5347981686
5347981686
5347981686
5347981686
5347981686
27825
0
5347981686
5347981686
5347981686
5347981686
5347981686
5347981686
5352302164
5352302164
5352302164
5352302164
5352302164
5352302164
335330
5370124324
5370124324
5370124324
5370124324
5370124324
5370124324
0
5371004397
5371004397
5371004397
5371004397
5371004397
5371004397
5378432822
5378432822
5378432822
5378432822
5378432822
5378432822
0
0
5378432822
5378432822
5378432822
5378432822
5378432822
5378432822
5384715720
5384715720
5384715720
5384715720
5384715720
5384715720
0
5387138480
5387138480
5387138480
5387138480
5387138480
5387138480
93745
5388303473
5388303473
5388303473
5388303473
5388303473
5388303473
5398937658
5398937658
5398937658
5398937658
5398937658
5398937658
0
805070
5398937658
5398937658
5398937658
5398937658
5398937658
5398937658
5410144846
5410144846
5410144846
5410144846
5410144846
5410144846
0
5415668206
5415668206
5415668206
5415668206
5415668206
5415668206
0
5417118119
5417118119
5417118119
5417118119
5417118119
5417118119
5432394864
5432394864
5432394864
5432394864
5432394864
5432394864
0
0
5432394864
5432394864
5432394864
5432394864
5432394864
5432394864
5445187447
5445187447
5445187447
5445187447
5445187447
5445187447
0
5453811407
5453811407
5453811407
5453811407
5453811407
5453811407
0
5453846240
5453846240
5453846240
5453846240
5453846240
5453846240
5476503505
5476503505
5476503505
5476503505
5476503505
5476503505
0
2145
5476503505
5476503505
5476503505
5476503505
5476503505
5476503505
5488845983
5488845983
5488845983
5488845983
5488845983
5488845983
0
5500570543
5500570543
5500570543
5500570543
5500570543
5500570543
0
5500890296
5500890296
5500890296
5500890296
5500890296
5500890296
5528791361
5528791361
5528791361
5528791361
5528791361
5528791361
0
0
5528791361
5528791361
5528791361
5528791361
5528791361
5528791361
5530131624
5530131624
5530131624
5530131624
5530131624
5530131624
0
5544956784
5544956784
5544956784
5544956784
5544956784
5544956784
0
5545561457
5545561457
5545561457
5545561457
5545561457
5545561457
5565004122
5565004122
5565004122
5565004122
5565004122
5565004122
0
0
5565004122
5565004122
5565004122
5565004122
5565004122
5565004122
5569546245
5569546245
5569546245
5569546245
5569546245
5569546245
0
5587472005
5587472005
5587472005
5587472005
5587472005
5587472005
0
5588361598
5588361598
5588361598
5588361598
5588361598
5588361598
5593126983
5593126983
5593126983
5593126983
5593126983
5593126983
0
0
5593126983
5593126983
5593126983
5593126983
5593126983
5593126983
5600212746
5600212746
5600212746
5600212746
5600212746
5600212746
0
5602739106
5602739106
5602739106
5602739106
5602739106
5602739106
0
5603913619
5603913619
5603913619
5603913619
5603913619
5603913619
5613103644
5613103644
5613103644
5613103644
5613103644
5613103644
0
0
5613103644
5613103644
5613103644
5613103644
5613103644
5613103644
5623470352
5623470352
5623470352
5623470352
5623470352
5623470352
0
5629097312
5629097312
5629097312
5629097312
5629097312
5629097312
0
5630556745
5630556745
5630556745
5630556745
5630556745
5630556745
5647027410
5647027410
5647027410
5647027410
5647027410
5647027410
0
0
5647027410
5647027410
5647027410
5647027410
5647027410
5647027410
5660521313
5660521313
5660521313
5660521313
5660521313
5660521313
37905
5669248873
5669248873
5669248873
5669248873
5669248873
5669248873
0
5669293226
5669293226
5669293226
5669293226
5669293226
5669293226
5692504131
5692504131
5692504131
5692504131
5692504131
5692504131
0
0
5692504131
5692504131
5692504131
5692504131
5692504131
5692504131
5706506474
5706506474
5706506474
5706506474
5706506474
5706506474
0
5718334634
5718334634
5718334634
5718334634
5718334634
5718334634
0
5718663907
5718663907
5718663907
5718663907
5718663907
5718663907
5748469692
5748469692
5748469692
5748469692
5748469692
5748469692
0
0
5748469692
5748469692
5748469692
5748469692
5748469692
5748469692
5749999215
5749999215
5749999215
5749999215
5749999215
5749999215
0
5764927975
5764927975
5764927975
5764927975
5764927975
5764927975
0
5765542168
5765542168
5765542168
5765542168
5765542168
5765542168
5785107953
5785107953
5785107953
5785107953
5785107953
5785107953
0
0
5785107953
5785107953
5785107953
5785107953
5785107953
5785107953
5789563101
5789563101
5789563101
5789563101
5789563101
5789563101
0
5807592461
5807592461
5807592461
5807592461
5807592461
5807592461
0
5808491574
5808491574
5808491574
5808491574
5808491574
5808491574
5814008799
5814008799
5814008799
5814008799
5814008799
5814008799
44585
0
5814008799
5814008799
5814008799
5814008799
5814008799
5814008799
5820671062
5820671062
5820671062
5820671062
5820671062
5820671062
0
5823301022
5823301022
5823301022
5823301022
5823301022
5823301022
0
5824485055
5824485055
5824485055
5824485055
5824485055
5824485055
5837669400
5837669400
5837669400
5837669400
5837669400
5837669400
0
0
5837669400
5837669400
5837669400
5837669400
5837669400
5837669400
5848491218
5848491218
5848491218
5848491218
5848491218
5848491218
0
5854221778
5854221778
5854221778
5854221778
5854221778
5854221778
0
5855690731
5855690731
5855690731
5855690731
5855690731
5855690731
5875913396
5875913396
5875913396
5875913396
5875913396
5875913396
0
0
5875913396
5875913396
5875913396
5875913396
5875913396
5875913396
5888129489
5888129489
5888129489
5888129489
5888129489
5888129489
0
5896960649
5896960649
5896960649
5896960649
5896960649
5896960649
0
5897014522
5897014522
5897014522
5897014522
5897014522
5897014522
5918104827
5918104827
5918104827
5918104827
5918104827
5918104827
0
0
5918104827
5918104827
5918104827
5918104827
5918104827
5918104827
5927260325
5927260325
5927260325
5927260325
5927260325
5927260325
0
5939192085
5939192085
5939192085
5939192085
5939192085
5939192085
0
5939530878
5939530878
5939530878
5939530878
5939530878
5939530878
5970989063
5970989063
5970989063
5970989063
5970989063
5970989063
0
0
5970989063
5970989063
5970989063
5970989063
5970989063
5970989063
5973120686
5973120686
5973120686
5973120686
5973120686
5973120686
33425
5988153046
5988153046
5988153046
5988153046
5988153046
5988153046
0
5988776759
5988776759
5988776759
5988776759
5988776759
5988776759
5989803224
5989803224
5989803224
5989803224
5989803224
5989803224
0
0
5989803224
5989803224
5989803224
5989803224
5989803224
5989803224
5993628657
5993628657
5993628657
5993628657
5993628657
5993628657
0
6011761617
6011761617
6011761617
6011761617
6011761617
6011761617
0
6012670250
6012670250
6012670250
6012670250
6012670250
6012670250
6018893155
6018893155
6018893155
6018893155
6018893155
6018893155
0
0
6018893155
6018893155
6018893155
6018893155
6018893155
6018893155
6027902798
6027902798
6027902798
6027902798
6027902798
6027902798
0
6030636358
6030636358
6030636358
6030636358
6030636358
6030636358
0
6031829911
6031829911
6031829911
6031829911
6031829911
6031829911
6040361576
6040361576
6040361576
6040361576
6040361576
6040361576
0
3480
6040361576
6040361576
6040361576
6040361576
6040361576
6040361576
6049234624
6049234624
6049234624
6049234624
6049234624
6049234624
0
6055068784
6055068784
6055068784
6055068784
6055068784
6055068784
0
6056547257
6056547257
6056547257
6056547257
6056547257
6056547257
6074825602
6074825602
6074825602
6074825602
6074825602
6074825602
0
0
6074825602
6074825602
6074825602
6074825602
6074825602
6074825602
6086359925
6086359925
6086359925
6086359925
6086359925
6086359925
0
6095294685
6095294685
6095294685
6095294685
6095294685
6095294685
0
6095358078
6095358078
6095358078
6095358078
6095358078
6095358078
6112718063
6112718063
6112718063
6112718063
6112718063
6112718063
0
0
6112718063
6112718063
6112718063
6112718063
6112718063
6112718063
6124751511
6124751511
6124751511
6124751511
6124751511
6124751511
0
6136786871
6136786871
6136786871
6136786871
6136786871
6136786871
0
6137135184
6137135184
6137135184
6137135184
6137135184
6137135184
6164849849
6164849849
6164849849
6164849849
6164849849
6164849849
0
0
6164849849
6164849849
6164849849
6164849849
6164849849
6164849849
6166344777
6166344777
6166344777
6166344777
6166344777
6166344777
0
6181480737
6181480737
6181480737
6181480737
6181480737
6181480737
0
6182113970
6182113970
6182113970
6182113970
6182113970
6182113970
6182565955
6182565955
6182565955
6182565955
6182565955
6182565955
0
0
6182565955
6182565955
6182565955
6182565955
6182565955
6182565955
6187642783
6187642783
6187642783
6187642783
6187642783
6187642783
0
6205879343
6205879343
6205879343
6205879343
6205879343
6205879343
0
6206797496
6206797496
6206797496
6206797496
6206797496
6206797496
6213649601
6213649601
6213649601
6213649601
6213649601
6213649601
0
0
6213649601
6213649601
6213649601
6213649601
6213649601
6213649601
6220966819
6220966819
6220966819
6220966819
6220966819
6220966819
0
6223803979
6223803979
6223803979
6223803979
6223803979
6223803979
0
6225007052
6225007052
6225007052
6225007052
6225007052
6225007052
6233673677
6233673677
6233673677
6233673677
6233673677
6233673677
61345
0
6233673677
6233673677
6233673677
6233673677
6233673677
6233673677
6239647500
6239647500
6239647500
6239647500
6239647500
6239647500
278080
6245585260
6245585260
6245585260
6245585260
6245585260
6245585260
0
6247073253
6247073253
6247073253
6247073253
6247073253
6247073253
6263953838
6263953838
6263953838
6263953838
6263953838
6263953838
0
0
6263953838
6263953838
6263953838
6263953838
6263953838
6263953838
6277976176
6277976176
6277976176
6277976176
6277976176
6277976176
0
6287014536
6287014536
6287014536
6287014536
6287014536
6287014536
98440
6287087449
6287087449
6287087449
6287087449
6287087449
6287087449
6309046034
6309046034
6309046034
6309046034
6309046034
6309046034
0
0
6309046034
6309046034
6309046034
6309046034
6309046034
6309046034
6325217517
6325217517
6325217517
6325217517
6325217517
6325217517
0
6337356477
6337356477
6337356477
6337356477
6337356477
6337356477
0
6337714310
6337714310
6337714310
6337714310
6337714310
6337714310
6366899535
6366899535
6366899535
6366899535
6366899535
6366899535
0
0
6366899535
6366899535
6366899535
6366899535
6366899535
6366899535
6368533333
6368533333
6368533333
6368533333
6368533333
6368533333
0
6383772893
6383772893
6383772893
6383772893
6383772893
6383772893
0
6384415646
6384415646
6384415646
6384415646
6384415646
6384415646
6386065071
6386065071
6386065071
6386065071
6386065071
6386065071
0
0
6386065071
6386065071
6386065071
6386065071
6386065071
6386065071
6389738549
6389738549
6389738549
6389738549
6389738549
6389738549
0
6408078709
6408078709
6408078709
6408078709
6408078709
6408078709
0
6409006382
6409006382
6409006382
6409006382
6409006382
6409006382
6415500087
6415500087
6415500087
6415500087
6415500087
6415500087
0
0
6415500087
6415500087
6415500087
6415500087
6415500087
6415500087
6423399460
6423399460
6423399460
6423399460
6423399460
6423399460
0
6426340220
6426340220
6426340220
6426340220
6426340220
6426340220
0
6427552813
6427552813
6427552813
6427552813
6427552813
6427552813
6439038198
6439038198
6439038198
6439038198
6439038198
6439038198
0
0
6439038198
6439038198
6439038198
6439038198
6439038198
6439038198
6447889491
6447889491
6447889491
6447889491
6447889491
6447889491
0
6453930851
6453930851
6453930851
6453930851
6453930851
6453930851
0
6455428364
6455428364
6455428364
6455428364
6455428364
6455428364
6470643509
6470643509
6470643509
6470643509
6470643509
6470643509
0
1294355
6470643509
6470643509
6470643509
6470643509
6470643509
6470643509
6481171417
6481171417
6481171417
6481171417
6481171417
6481171417
0
6490313377
6490313377
6490313377
6490313377
6490313377
6490313377
15760
6490395810
6490395810
6490395810
6490395810
6490395810
6490395810
6515572795
6515572795
6515572795
6515572795
6515572795
6515572795
0
176260
6515572795
6515572795
6515572795
6515572795
6515572795
6515572795
6530141268
6530141268
6530141268
6530141268
6530141268
6530141268
0
6542383828
6542383828
6542383828
6542383828
6542383828
6542383828
0
6542751181
6542751181
6542751181
6542751181
6542751181
6542751181
6573608406
6573608406
6573608406
6573608406
6573608406
6573608406
0
0
6573608406
6573608406
6573608406
6573608406
6573608406
6573608406
6575212819
6575212819
6575212819
6575212819
6575212819
6575212819
0
6590555979
6590555979
6590555979
6590555979
6590555979
6590555979
0
6591208252
6591208252
6591208252
6591208252
6591208252
6591208252
6592635237
6592635237
6592635237
6592635237
6592635237
6592635237
0
0
6592635237
6592635237
6592635237
6592635237
6592635237
6592635237
6597744235
6597744235
6597744235
6597744235
6597744235
6597744235
31680
6616187995
6616187995
6616187995
6616187995
6616187995
6616187995
95425
6617125188
6617125188
6617125188
6617125188
6617125188
6617125188
6624345773
6624345773
6624345773
6624345773
6624345773
6624345773
0
0
6624345773
6624345773
6624345773
6624345773
6624345773
6624345773
6630761111
6630761111
6630761111
6630761111
6630761111
6630761111
9572950
6633805471
6633805471
6633805471
6633805471
6633805471
6633805471
0
6635027584
6635027584
6635027584
6635027584
6635027584
6635027584
6647805369
6647805369
6647805369
6647805369
6647805369
6647805369
0
0
6647805369
6647805369
6647805369
6647805369
6647805369
6647805369
6658037027
6658037027
6658037027
6658037027
6658037027
6658037027
0
6664181987
6664181987
6664181987
6664181987
6664181987
6664181987
10505
6665689020
6665689020
6665689020
6665689020
6665689020
6665689020
6682739285
6682739285
6682739285
6682739285
6682739285
6682739285
78105
0
6682739285
6682739285
6682739285
6682739285
6682739285
6682739285
6700818648
6700818648
6700818648
6700818648
6700818648
6700818648
0
6710064208
6710064208
6710064208
6710064208
6710064208
6710064208
0
6710156161
6710156161
6710156161
6710156161
6710156161
6710156161
6734378946
6734378946
6734378946
6734378946
6734378946
6734378946
0
0
6734378946
6734378946
6734378946
6734378946
6734378946
6734378946
6746751459
6746751459
6746751459
6746751459
6746751459
6746751459
166950
6759097619
6759097619
6759097619
6759097619
6759097619
6759097619
0
6759474492
6759474492
6759474492
6759474492
6759474492
6759474492
6786788997
6786788997
6786788997
6786788997
6786788997
6786788997
0
0
6786788997
6786788997
6786788997
6786788997
6786788997
6786788997
6788537320
6788537320
6788537320
6788537320
6788537320
6788537320
0
6803984080
6803984080
6803984080
6803984080
6803984080
6803984080
0
6804645873
6804645873
6804645873
6804645873
6804645873
6804645873
6806179658
6806179658
6806179658
6806179658
6806179658
6806179658
0
0
6806179658
6806179658
6806179658
6806179658
6806179658
6806179658
6810111316
6810111316
6810111316
6810111316
6810111316
6810111316
0
6810158676
6810158676
6810158676
6810158676
6810158676
6810158676
0
6811105389
6811105389
6811105389
6811105389
6811105389
6811105389
6818995494
6818995494
6818995494
6818995494
6818995494
6818995494
0
0
6818995494
6818995494
6818995494
6818995494
6818995494
6818995494
6826998257
6826998257
6826998257
6826998257
6826998257
6826998257
0
6830146217
6830146217
6830146217
6830146217
6830146217
6830146217
0
6831377850
6831377850
6831377850
6831377850
6831377850
6831377850
6843116275
6843116275
6843116275
6843116275
6843116275
6843116275
0
0
6843116275
6843116275
6843116275
6843116275
6843116275
6843116275
6852814163
6852814163
6852814163
6852814163
6852814163
6852814163
0
6859062723
6859062723
6859062723
6859062723
6859062723
6859062723
0
6860579276
6860579276
6860579276
6860579276
6860579276
6860579276
6873568981
6873568981
6873568981
6873568981
6873568981
6873568981
0
3581640
6873568981
6873568981
6873568981
6873568981
6873568981
6873568981
6884404379
6884404379
6884404379
6884404379
6884404379
6884404379
57680
6893753539
6893753539
6893753539
6893753539
6893753539
6893753539
0
6893855012
6893855012
6893855012
6893855012
6893855012
6893855012
6918497117
6918497117
6918497117
6918497117
6918497117
6918497117
0
0
6918497117
6918497117
6918497117
6918497117
6918497117
6918497117
6934408290
6934408290
6934408290
6934408290
6934408290
6934408290
0
6946858050
6946858050
6946858050
6946858050
6946858050
6946858050
0
6947244443
6947244443
6947244443
6947244443
6947244443
6947244443
6976047428
6976047428
6976047428
6976047428
6976047428
6976047428
0
1959960
6976047428
6976047428
6976047428
6976047428
6976047428
6976047428
6977844101
6977844101
6977844101
6977844101
6977844101
6977844101
0
6993394461
6993394461
6993394461
6993394461
6993394461
6993394461
90640
6994065774
6994065774
6994065774
6994065774
6994065774
6994065774
6996054719
6996054719
6996054719
6996054719
6996054719
6996054719
0
803340
6996054719
6996054719
6996054719
6996054719
6996054719
6996054719
7001211992
7001211992
7001211992
7001211992
7001211992
7001211992
0
7001362952
7001362952
7001362952
7001362952
7001362952
7001362952
0
7002319185
7002319185
7002319185
7002319185
7002319185
7002319185
7009605530
7009605530
7009605530
7009605530
7009605530
7009605530
0
0
7009605530
7009605530
7009605530
7009605530
7009605530
7009605530
7015620888
7015620888
7015620888
7015620888
7015620888
7015620888
0
7018872448
7018872448
7018872448
7018872448
7018872448
7018872448
0
7020113601
7020113601
7020113601
7020113601
7020113601
7020113601
7034058026
7034058026
7034058026
7034058026
7034058026
7034058026
41825
0
7034058026
7034058026
7034058026
7034058026
7034058026
7034058026
7044976764
7044976764
7044976764
7044976764
7044976764
7044976764
0
7051328924
7051328924
7051328924
7051328924
7051328924
7051328924
0
7052854997
7052854997
7052854997
7052854997
7052854997
7052854997
7073486462
7073486462
7073486462
7073486462
7073486462
7073486462
0
0
7073486462
7073486462
7073486462
7073486462
7073486462
7073486462
7087590460
7087590460
7087590460
7087590460
7087590460
7087590460
0
7097043220
7097043220
7097043220
7097043220
7097043220
7097043220
0
7097154213
7097154213
7097154213
7097154213
7097154213
7097154213
7121363198
7121363198
7121363198
7121363198
7121363198
7121363198
94865
0
7121363198
7121363198
7121363198
7121363198
7121363198
7121363198
7142012371
7142012371
7142012371
7142012371
7142012371
7142012371
0
7154565731
7154565731
7154565731
7154565731
7154565731
7154565731
0
7154961644
7154961644
7154961644
7154961644
7154961644
7154961644
7181959189
7181959189
7181959189
7181959189
7181959189
7181959189
0
151040
7181959189
7181959189
7181959189
7181959189
7181959189
7181959189
7184402497
7184402497
7184402497
7184402497
7184402497
7184402497
0
7200056457
7200056457
7200056457
7200056457
7200056457
7200056457
0
7200737290
7200737290
7200737290
7200737290
7200737290
7200737290
7202815435
7202815435
7202815435
7202815435
7202815435
7202815435
0
0
7202815435
7202815435
7202815435
7202815435
7202815435
7202815435
7206111083
7206111083
7206111083
7206111083
7206111083
7206111083
0
7206365643
7206365643
7206365643
7206365643
7206365643
7206365643
0
7207331396
7207331396
7207331396
7207331396
7207331396
7207331396
7212493261
7212493261
7212493261
7212493261
7212493261
7212493261
0
0
7212493261
7212493261
7212493261
7212493261
7212493261
7212493261
7218111089
7218111089
7218111089
7218111089
7218111089
7218111089
0
7221466249
7221466249
7221466249
7221466249
7221466249
7221466249
0
7222716922
7222716922
7222716922
7222716922
7222716922
7222716922
7235735227
7235735227
7235735227
7235735227
7235735227
7235735227
5720
0
7235735227
7235735227
7235735227
7235735227
7235735227
7235735227
7245922600
7245922600
7245922600
7245922600
7245922600
7245922600
0
7252378360
7252378360
7252378360
7252378360
7252378360
7252378360
0
7253913953
7253913953
7253913953
7253913953
7253913953
7253913953
7274008938
7274008938
7274008938
7274008938
7274008938
7274008938
0
0
7274008938
7274008938
7274008938
7274008938
7274008938
7274008938
7283307451
7283307451
7283307451
7283307451
7283307451
7283307451
0
7292863811
7292863811
7292863811
7292863811
7292863811
7292863811
0
7292984324
7292984324
7292984324
7292984324
7292984324
7292984324
7318475149
7318475149
7318475149
7318475149
7318475149
7318475149
62680
0
7318475149
7318475149
7318475149
7318475149
7318475149
7318475149
7330801507
7330801507
7330801507
7330801507
7330801507
7330801507
0
7343458467
7343458467
7343458467
7343458467
7343458467
7343458467
0
7343863900
7343863900
7343863900
7343863900
7343863900
7343863900
7377498165
7377498165
7377498165
7377498165
7377498165
7377498165
0
0
7377498165
7377498165
7377498165
7377498165
7377498165
7377498165
7379954923
7379954923
7379954923
7379954923
7379954923
7379954923
2116400
7395712483
7395712483
7395712483
7395712483
7395712483
7395712483
0
7396402836
7396402836
7396402836
7396402836
7396402836
7396402836
7398608741
7398608741
7398608741
7398608741
7398608741
7398608741
0
0
7398608741
7398608741
7398608741
7398608741
7398608741
7398608741
7404416389
7404416389
7404416389
7404416389
7404416389
7404416389
0
7404774549
7404774549
7404774549
7404774549
7404774549
7404774549
0
7405749822
7405749822
7405749822
7405749822
7405749822
7405749822
7410356487
7410356487
7410356487
7410356487
7410356487
7410356487
0
0
7410356487
7410356487
7410356487
7410356487
7410356487
7410356487
7417320310
7417320310
7417320310
7417320310
7417320310
7417320310
305920
7420779070
7420779070
7420779070
7420779070
7420779070
7420779070
0
7422039263
7422039263
7422039263
7422039263
7422039263
7422039263
7434012648
7434012648
7434012648
7434012648
7434012648
7434012648
0
0
7434012648
7434012648
7434012648
7434012648
7434012648
7434012648
7443261541
7443261541
7443261541
7443261541
7443261541
7443261541
0
7449820901
7449820901
7449820901
7449820901
7449820901
7449820901
0
7451366014
7451366014
7451366014
7451366014
7451366014
7451366014
7471781319
7471781319
7471781319
7471781319
7471781319
7471781319
0
0
7471781319
7471781319
7471781319
7471781319
7471781319
7471781319
7484219582
7484219582
7484219582
7484219582
7484219582
7484219582
0
7493879542
7493879542
7493879542
7493879542
7493879542
7493879542
0
7494009575
7494009575
7494009575
7494009575
7494009575
7494009575
7517798960
7517798960
7517798960
7517798960
7517798960
7517798960
0
0
7517798960
7517798960
7517798960
7517798960
7517798960
7517798960
7531280153
7531280153
7531280153
7531280153
7531280153
7531280153
0
7544040713
7544040713
7544040713
7544040713
7544040713
7544040713
0
7544455666
7544455666
7544455666
7544455666
7544455666
7544455666
7572268731
7572268731
7572268731
7572268731
7572268731
7572268731
11625
0
7572268731
7572268731
7572268731
7572268731
7572268731
7572268731
7574804544
7574804544
7574804544
7574804544
7574804544
7574804544
0
7590665704
7590665704
7590665704
7590665704
7590665704
7590665704
0
7591365577
7591365577
7591365577
7591365577
7591365577
7591365577
7594366522
7594366522
7594366522
7594366522
7594366522
7594366522
0
0
7594366522
7594366522
7594366522
7594366522
7594366522
7594366522
7598497945
7598497945
7598497945
7598497945
7598497945
7598497945
0
7598959705
7598959705
7598959705
7598959705
7598959705
7598959705
0
7599944498
7599944498
7599944498
7599944498
7599944498
7599944498
7607531483
7607531483
7607531483
7607531483
7607531483
7607531483
0
0
7607531483
7607531483
7607531483
7607531483
7607531483
7607531483
7613712216
7613712216
7613712216
7613712216
7613712216
7613712216
0
7617274576
7617274576
7617274576
7617274576
7617274576
7617274576
0
7618544289
7618544289
7618544289
7618544289
7618544289
7618544289
7631418794
7631418794
7631418794
7631418794
7631418794
7631418794
0
0
7631418794
7631418794
7631418794
7631418794
7631418794
7631418794
7640876697
7640876697
7640876697
7640876697
7640876697
7640876697
0
7647539657
7647539657
7647539657
7647539657
7647539657
7647539657
0
7649094290
7649094290
7649094290
7649094290
7649094290
7649094290
7667135195
7667135195
7667135195
7667135195
7667135195
7667135195
0
0
7667135195
7667135195
7667135195
7667135195
7667135195
7667135195
7679903093
7679903093
7679903093
7679903093
7679903093
7679903093
0
7689666653
7689666653
7689666653
7689666653
7689666653
7689666653
0
7689806206
7689806206
7689806206
7689806206
7689806206
7689806206
7714887511
7714887511
7714887511
7714887511
7714887511
7714887511
0
0
7714887511
7714887511
7714887511
7714887511
7714887511
7714887511
7730616774
7730616774
7730616774
7730616774
7730616774
7730616774
0
7743480934
7743480934
7743480934
7743480934
7743480934
7743480934
7400
7743905407
7743905407
7743905407
7743905407
7743905407
7743905407
7773044712
7773044712
7773044712
7773044712
7773044712
7773044712
0
0
7773044712
7773044712
7773044712
7773044712
7773044712
7773044712
7776019060
7776019060
7776019060
7776019060
7776019060
7776019060
0
7791983820
7791983820
7791983820
7791983820
7791983820
7791983820
0
7792693213
7792693213
7792693213
7792693213
7792693213
7792693213
7795232198
7795232198
7795232198
7795232198
7795232198
7795232198
0
0
7795232198
7795232198
7795232198
7795232198
7795232198
7795232198
7801183476
7801183476
7801183476
7801183476
7801183476
7801183476
0
7801748836
7801748836
7801748836
7801748836
7801748836
7801748836
0
7802743149
7802743149
7802743149
7802743149
7802743149
7802743149
7809610934
7809610934
7809610934
7809610934
7809610934
7809610934
0
0
7809610934
7809610934
7809610934
7809610934
7809610934
7809610934
7816104952
7816104952
7816104952
7816104952
7816104952
7816104952
0
7819770912
7819770912
7819770912
7819770912
7819770912
7819770912
0
7821050145
7821050145
7821050145
7821050145
7821050145
7821050145
7834750650
7834750650
7834750650
7834750650
7834750650
7834750650
0
0
7834750650
7834750650
7834750650
7834750650
7834750650
7834750650
7845268768
7845268768
7845268768
7845268768
7845268768
7845268768
0
7852035328
7852035328
7852035328
7852035328
7852035328
7852035328
0
7853599481
7853599481
7853599481
7853599481
7853599481
7853599481
7872067666
7872067666
7872067666
7872067666
7872067666
7872067666
0
0
7872067666
7872067666
7872067666
7872067666
7872067666
7872067666
7883609324
7883609324
7883609324
7883609324
7883609324
7883609324
0
7893476484
7893476484
7893476484
7893476484
7893476484
7893476484
27265
7893625557
7893625557
7893625557
7893625557
7893625557
7893625557
7915532222
7915532222
7915532222
7915532222
7915532222
7915532222
0
0
7915532222
7915532222
7915532222
7915532222
7915532222
7915532222
7924936420
7924936420
7924936420
7924936420
7924936420
7924936420
0
7937904180
7937904180
7937904180
7937904180
7937904180
7937904180
0
7938338173
7938338173
7938338173
7938338173
7938338173
7938338173
7971140358
7971140358
7971140358
7971140358
7971140358
7971140358
0
0
7971140358
7971140358
7971140358
7971140358
7971140358
7971140358
7972397101
7972397101
7972397101
7972397101
7972397101
7972397101
41440
7988465461
7988465461
7988465461
7988465461
7988465461
7988465461
0
7989184374
7989184374
7989184374
7989184374
7989184374
7989184374
7992234839
7992234839
7992234839
7992234839
7992234839
7992234839
28385
0
7992234839
7992234839
7992234839
7992234839
7992234839
7992234839
7995798032
7995798032
7995798032
7995798032
7995798032
7995798032
0
7996466992
7996466992
7996466992
7996466992
7996466992
7996466992
0
7997470825
7997470825
7997470825
7997470825
7997470825
7997470825
8005162450
8005162450
8005162450
8005162450
8005162450
8005162450
0
0
8005162450
8005162450
8005162450
8005162450
8005162450
8005162450
8014970758
8014970758
8014970758
8014970758
8014970758
8014970758
0
8018740318
8018740318
8018740318
8018740318
8018740318
8018740318
0
8020029071
8020029071
8020029071
8020029071
8020029071
8020029071
8034147536
8034147536
8034147536
8034147536
8034147536
8034147536
61345
194115
8034147536
8034147536
8034147536
8034147536
8034147536
8034147536
8042449419
8042449419
8042449419
8042449419
8042449419
8042449419
0
8049319579
8049319579
8049319579
8049319579
8049319579
8049319579
0
8050893252
8050893252
8050893252
8050893252
8050893252
8050893252
8072538317
8072538317
8072538317
8072538317
8072538317
8072538317
0
0
8072538317
8072538317
8072538317
8072538317
8072538317
8072538317
8089363190
8089363190
8089363190
8089363190
8089363190
8089363190
0
8099333950
8099333950
8099333950
8099333950
8099333950
8099333950
0
8099492543
8099492543
8099492543
8099492543
8099492543
8099492543
8124303128
8124303128
8124303128
8124303128
8124303128
8124303128
0
0
8124303128
8124303128
8124303128
8124303128
8124303128
8124303128
8134365796
8134365796
8134365796
8134365796
8134365796
8134365796
395300
8147437156
8147437156
8147437156
8147437156
8147437156
8147437156
11880
8147880669
8147880669
8147880669
8147880669
8147880669
8147880669
8174163254
8174163254
8174163254
8174163254
8174163254
8174163254
0
0
8174163254
8174163254
8174163254
8174163254
8174163254
8174163254
8176687337
8176687337
8176687337
8176687337
8176687337
8176687337
0
8192859297
8192859297
8192859297
8192859297
8192859297
8192859297
0
8193587730
8193587730
8193587730
8193587730
8193587730
8193587730
8196231635
8196231635
8196231635
8196231635
8196231635
8196231635
0
0
8196231635
8196231635
8196231635
8196231635
8196231635
8196231635
8201071673
8201071673
8201071673
8201071673
8201071673
8201071673
55785
8201844233
8201844233
8201844233
8201844233
8201844233
8201844233
0
8202857586
8202857586
8202857586
8202857586
8202857586
8202857586
8211150651
8211150651
8211150651
8211150651
8211150651
8211150651
0
0
8211150651
8211150651
8211150651
8211150651
8211150651
8211150651
8220224974
8220224974
8220224974
8220224974
8220224974
8220224974
0
8224098134
8224098134
8224098134
8224098134
8224098134
8224098134
0
8225396407
8225396407
8225396407
8225396407
8225396407
8225396407
8241034152
8241034152
8241034152
8241034152
8241034152
8241034152
0
0
8241034152
8241034152
8241034152
8241034152
8241034152
8241034152
8247877700
8247877700
8247877700
8247877700
8247877700
8247877700
0
8254851460
8254851460
8254851460
8254851460
8254851460
8254851460
6840
8256434653
8256434653
8256434653
8256434653
8256434653
8256434653
8275835238
8275835238
8275835238
8275835238
8275835238
8275835238
0
0
8275835238
8275835238
8275835238
8275835238
8275835238
8275835238
8287033466
8287033466
8287033466
8287033466
8287033466
8287033466
0
8297107826
8297107826
8297107826
8297107826
8297107826
8297107826
0
8297275939
8297275939
8297275939
8297275939
8297275939
8297275939
8324460404
8324460404
8324460404
8324460404
8324460404
8324460404
0
0
8324460404
8324460404
8324460404
8324460404
8324460404
8324460404
8339186062
8339186062
8339186062
8339186062
8339186062
8339186062
26960
8352361022
8352361022
8352361022
8352361022
8352361022
8352361022
0
8352814055
8352814055
8352814055
8352814055
8352814055
8352814055
8378472880
8378472880
8378472880
8378472880
8378472880
8378472880
0
0
8378472880
8378472880
8378472880
8378472880
8378472880
8378472880
8381280303
8381280303
8381280303
8381280303
8381280303
8381280303
94345
8397555863
8397555863
8397555863
8397555863
8397555863
8397555863
0
8398293816
8398293816
8398293816
8398293816
8398293816
8398293816
8402113601
8402113601
8402113601
8402113601
8402113601
8402113601
0
0
8402113601
8402113601
8402113601
8402113601
8402113601
8402113601
8407435299
8407435299
8407435299
8407435299
8407435299
8407435299
0
8408311459
8408311459
8408311459
8408311459
8408311459
8408311459
0
8409334332
8409334332
8409334332
8409334332
8409334332
8409334332
8415414917
8415414917
8415414917
8415414917
8415414917
8415414917
45145
0
8415414917
8415414917
8415414917
8415414917
8415414917
8415414917
8422882390
8422882390
8422882390
8422882390
8422882390
8422882390
0
8426859150
8426859150
8426859150
8426859150
8426859150
8426859150
0
8428166943
8428166943
8428166943
8428166943
8428166943
8428166943
8445066128
8445066128
8445066128
8445066128
8445066128
8445066128
0
0
8445066128
8445066128
8445066128
8445066128
8445066128
8445066128
8455918351
8455918351
8455918351
8455918351
8455918351
8455918351
0
8462995711
8462995711
8462995711
8462995711
8462995711
8462995711
0
8464588424
8464588424
8464588424
8464588424
8464588424
8464588424
8488133009
8488133009
8488133009
8488133009
8488133009
8488133009
0
640815
8488133009
8488133009
8488133009
8488133009
8488133009
8488133009
8503257987
8503257987
8503257987
8503257987
8503257987
8503257987
0
8513435947
8513435947
8513435947
8513435947
8513435947
8513435947
0
8513613580
8513613580
8513613580
8513613580
8513613580
8513613580
8539279605
8539279605
8539279605
8539279605
8539279605
8539279605
0
118360
8539279605
8539279605
8539279605
8539279605
8539279605
8539279605
8539485433
8539485433
8539485433
8539485433
8539485433
8539485433
0
8552763993
8552763993
8552763993
8552763993
8552763993
8552763993
0
8553226546
8553226546
8553226546
8553226546
8553226546
8553226546
8584555371
8584555371
8584555371
8584555371
8584555371
8584555371
0
0
8584555371
8584555371
8584555371
8584555371
8584555371
8584555371
8588073934
8588073934
8588073934
8588073934
8588073934
8588073934
0
8604453094
8604453094
8604453094
8604453094
8604453094
8604453094
0
8605200567
8605200567
8605200567
8605200567
8605200567
8605200567
8608414232
8608414232
8608414232
8608414232
8608414232
8608414232
0
81680
8608414232
8608414232
8608414232
8608414232
8608414232
8608414232
8613822730
8613822730
8613822730
8613822730
8613822730
8613822730
0
8614802490
8614802490
8614802490
8614802490
8614802490
8614802490
0
8615834883
8615834883
8615834883
8615834883
8615834883
8615834883
8624545868
8624545868
8624545868
8624545868
8624545868
8624545868
0
0
8624545868
8624545868
8624545868
8624545868
8624545868
8624545868
8630063701
8630063701
8630063701
8630063701
8630063701
8630063701
0
8634144061
8634144061
8634144061
8634144061
8634144061
8634144061
0
8635461374
8635461374
8635461374
8635461374
8635461374
8635461374
8651111119
8651111119
8651111119
8651111119
8651111119
8651111119
0
0
8651111119
8651111119
8651111119
8651111119
8651111119
8651111119
8662390667
8662390667
8662390667
8662390667
8662390667
8662390667
0
8669571627
8669571627
8669571627
8669571627
8669571627
8669571627
0
8671173860
8671173860
8671173860
8671173860
8671173860
8671173860
8688775165
8688775165
8688775165
8688775165
8688775165
8688775165
0
0
8688775165
8688775165
8688775165
8688775165
8688775165
8688775165
8699785133
8699785133
8699785133
8699785133
8699785133
8699785133
0
8710066693
8710066693
8710066693
8710066693
8710066693
8710066693
0
8710253846
8710253846
8710253846
8710253846
8710253846
8710253846
8735529831
8735529831
8735529831
8735529831
8735529831
8735529831
0
0
8735529831
8735529831
8735529831
8735529831
8735529831
8735529831
8735836984
8735836984
8735836984
8735836984
8735836984
8735836984
0
8749219144
8749219144
8749219144
8749219144
8749219144
8749219144
0
8749691217
8749691217
8749691217
8749691217
8749691217
8749691217
8782097882
8782097882
8782097882
8782097882
8782097882
8782097882
0
0
8782097882
8782097882
8782097882
8782097882
8782097882
8782097882
8784977555
8784977555
8784977555
8784977555
8784977555
8784977555
0
8801460315
8801460315
8801460315
8801460315
8801460315
8801460315
0
8802217308
8802217308
8802217308
8802217308
8802217308
8802217308
8804907693
8804907693
8804907693
8804907693
8804907693
8804907693
0
0
8804907693
8804907693
8804907693
8804907693
8804907693
8804907693
8809227101
8809227101
8809227101
8809227101
8809227101
8809227101
0
8810310461
8810310461
8810310461
8810310461
8810310461
8810310461
0
8811352374
8811352374
8811352374
8811352374
8811352374
8811352374
8819948399
8819948399
8819948399
8819948399
8819948399
8819948399
0
619150
8819948399
8819948399
8819948399
8819948399
8819948399
8819948399
8829376467
8829376467
8829376467
8829376467
8829376467
8829376467
0
8833560427
8833560427
8833560427
8833560427
8833560427
8833560427
0
8834887260
8834887260
8834887260
8834887260
8834887260
8834887260
8850930845
8850930845
8850930845
8850930845
8850930845
8850930845
61905
0
8850930845
8850930845
8850930845
8850930845
8850930845
8850930845
8860736378
8860736378
8860736378
8860736378
8860736378
8860736378
112810
8868020938
8868020938
8868020938
8868020938
8868020938
8868020938
0
8869632691
8869632691
8869632691
8869632691
8869632691
8869632691
8889511516
8889511516
8889511516
8889511516
8889511516
8889511516
0
0
8889511516
8889511516
8889511516
8889511516
8889511516
8889511516
8903733729
8903733729
8903733729
8903733729
8903733729
8903733729
0
8914118889
8914118889
8914118889
8914118889
8914118889
8914118889
0
8914315562
8914315562
8914315562
8914315562
8914315562
8914315562
8942507267
8942507267
8942507267
8942507267
8942507267
8942507267
0
0
8942507267
8942507267
8942507267
8942507267
8942507267
8942507267
8942885640
8942885640
8942885640
8942885640
8942885640
8942885640
0
8956371400
8956371400
8956371400
8956371400
8956371400
8956371400
40920
8956852993
8956852993
8956852993
8956852993
8956852993
8956852993
8986263978
8986263978
8986263978
8986263978
8986263978
8986263978
0
0
8986263978
8986263978
8986263978
8986263978
8986263978
8986263978
8989266661
8989266661
8989266661
8989266661
8989266661
8989266661
0
9005853021
9005853021
9005853021
9005853021
9005853021
9005853021
0
9006619534
9006619534
9006619534
9006619534
9006619534
9006619534
9009538999
9009538999
9009538999
9009538999
9009538999
9009538999
0
0
9009538999
9009538999
9009538999
9009538999
9009538999
9009538999
9013715297
9013715297
9013715297
9013715297
9013715297
9013715297
0
9014902257
9014902257
9014902257
9014902257
9014902257
9014902257
0
9015953690
9015953690
9015953690
9015953690
9015953690
9015953690
9024888355
9024888355
9024888355
9024888355
9024888355
9024888355
39800
0
9024888355
9024888355
9024888355
9024888355
9024888355
9024888355
9031822533
9031822533
9031822533
9031822533
9031822533
9031822533
0
9036110093
9036110093
9036110093
9036110093
9036110093
9036110093
0
9037446446
9037446446
9037446446
9037446446
9037446446
9037446446
9049149751
9049149751
9049149751
9049149751
9049149751
9049149751
0
0
9049149751
9049149751
9049149751
9049149751
9049149751
9049149751
9061918734
9061918734
9061918734
9061918734
9061918734
9061918734
0
9069306894
9069306894
9069306894
9069306894
9069306894
9069306894
0
9070928167
9070928167
9070928167
9070928167
9070928167
9070928167
9090921232
9090921232
9090921232
9090921232
9090921232
9090921232
0
0
9090921232
9090921232
9090921232
9090921232
9090921232
9090921232
9101050580
9101050580
9101050580
9101050580
9101050580
9101050580
0
9111539340
9111539340
9111539340
9111539340
9111539340
9111539340
0
9111745533
9111745533
9111745533
9111745533
9111745533
9111745533
9140387918
9140387918
9140387918
9140387918
9140387918
9140387918
0
0
9140387918
9140387918
9140387918
9140387918
9140387918
9140387918
9140692971
9140692971
9140692971
9140692971
9140692971
9140692971
0
9154282331
9154282331
9154282331
9154282331
9154282331
9154282331
44025
9154773444
9154773444
9154773444
9154773444
9154773444
9154773444
9171861069
9171861069
9171861069
9171861069
9171861069
9171861069
0
0
9171861069
9171861069
9171861069
9171861069
9171861069
9171861069
9175178452
9175178452
9175178452
9175178452
9175178452
9175178452
0
9191868412
9191868412
9191868412
9191868412
9191868412
9191868412
0
9192644445
9192644445
9192644445
9192644445
9192644445
9192644445
9196644590
9196644590
9196644590
9196644590
9196644590
9196644590
0
68065
9196644590
9196644590
9196644590
9196644590
9196644590
9196644590
9203170408
9203170408
9203170408
9203170408
9203170408
9203170408
0
9204460968
9204460968
9204460968
9204460968
9204460968
9204460968
0
9205521921
9205521921
9205521921
9205521921
9205521921
9205521921
9215474426
9215474426
9215474426
9215474426
9215474426
9215474426
0
0
9215474426
9215474426
9215474426
9215474426
9215474426
9215474426
9223950984
9223950984
9223950984
9223950984
9223950984
9223950984
0
9228342144
9228342144
9228342144
9228342144
9228342144
9228342144
0
9229688017
9229688017
9229688017
9229688017
9229688017
9229688017
9240883442
9240883442
9240883442
9240883442
9240883442
9240883442
0
0
9240883442
9240883442
9240883442
9240883442
9240883442
9240883442
9252509415
9252509415
9252509415
9252509415
9252509415
9252509415
0
9260001175
9260001175
9260001175
9260001175
9260001175
9260001175
0
9261631968
9261631968
9261631968
9261631968
9261631968
9261631968
9279923753
9279923753
9279923753
9279923753
9279923753
9279923753
78665
0
9279923753
9279923753
9279923753
9279923753
9279923753
9279923753
9293300066
9293300066
9293300066
9293300066
9293300066
9293300066
0
9303892426
9303892426
9303892426
9303892426
9303892426
9303892426
0
9304108139
9304108139
9304108139
9304108139
9304108139
9304108139
9327579244
9327579244
9327579244
9327579244
9327579244
9327579244
0
0
9327579244
9327579244
9327579244
9327579244
9327579244
9327579244
9328078952
9328078952
9328078952
9328078952
9328078952
9328078952
0
9341771912
9341771912
9341771912
9341771912
9341771912
9341771912
0
9342272545
9342272545
9342272545
9342272545
9342272545
9342272545
9359590490
9359590490
9359590490
9359590490
9359590490
9359590490
0
0
9359590490
9359590490
9359590490
9359590490
9359590490
9359590490
9362338783
9362338783
9362338783
9362338783
9362338783
9362338783
0
9379132343
9379132343
9379132343
9379132343
9379132343
9379132343
0
9379917896
9379917896
9379917896
9379917896
9379917896
9379917896
9383801761
9383801761
9383801761
9383801761
9383801761
9383801761
0
0
9383801761
9383801761
9383801761
9383801761
9383801761
9383801761
9389412399
9389412399
9389412399
9389412399
9389412399
9389412399
6066360
9390806559
9390806559
9390806559
9390806559
9390806559
9390806559
0
9391877032
9391877032
9391877032
9391877032
9391877032
9391877032
9401711217
9401711217
9401711217
9401711217
9401711217
9401711217
0
0
9401711217
9401711217
9401711217
9401711217
9401711217
9401711217
9406830190
9406830190
9406830190
9406830190
9406830190
9406830190
0
9411324950
9411324950
9411324950
9411324950
9411324950
9411324950
285100
9412680343
9412680343
9412680343
9412680343
9412680343
9412680343
9430493328
9430493328
9430493328
9430493328
9430493328
9430493328
0
0
9430493328
9430493328
9430493328
9430493328
9430493328
9430493328
9439839571
9439839571
9439839571
9439839571
9439839571
9439839571
0
9447434931
9447434931
9447434931
9447434931
9447434931
9447434931
0
9449075244
9449075244
9449075244
9449075244
9449075244
9449075244
9468751349
9468751349
9468751349
9468751349
9468751349
9468751349
0
0
9468751349
9468751349
9468751349
9468751349
9468751349
9468751349
9485156432
9485156432
9485156432
9485156432
9485156432
9485156432
0
9495852392
9495852392
9495852392
9495852392
9495852392
9495852392
0
9496077625
9496077625
9496077625
9496077625
9496077625
9496077625
9523602970
9523602970
9523602970
9523602970
9523602970
9523602970
0
0
9523602970
9523602970
9523602970
9523602970
9523602970
9523602970
9524183768
9524183768
9524183768
9524183768
9524183768
9524183768
0
9537980328
9537980328
9537980328
9537980328
9537980328
9537980328
0
9538490481
9538490481
9538490481
9538490481
9538490481
9538490481
9555903066
9555903066
9555903066
9555903066
9555903066
9555903066
0
0
9555903066
9555903066
9555903066
9555903066
9555903066
9555903066
9557442239
9557442239
9557442239
9557442239
9557442239
9557442239
0
9574339399
9574339399
9574339399
9574339399
9574339399
9574339399
102610
9575134472
9575134472
9575134472
9575134472
9575134472
9575134472
9577728457
9577728457
9577728457
9577728457
9577728457
9577728457
0
179115
9577728457
9577728457
9577728457
9577728457
9577728457
9577728457
9585412205
9585412205
9585412205
9585412205
9585412205
9585412205
42545
9586909965
9586909965
9586909965
9586909965
9586909965
9586909965
0
9587989958
9587989958
9587989958
9587989958
9587989958
9587989958
9596025343
9596025343
9596025343
9596025343
9596025343
9596025343
0
0
9596025343
9596025343
9596025343
9596025343
9596025343
9596025343
9604197716
9604197716
9604197716
9604197716
9604197716
9604197716
0
9608796076
9608796076
9608796076
9608796076
9608796076
9608796076
0
9610160989
9610160989
9610160989
9610160989
9610160989
9610160989
9624318654
9624318654
9624318654
9624318654
9624318654
9624318654
0
0
9624318654
9624318654
9624318654
9624318654
9624318654
9624318654
9637748482
9637748482
9637748482
9637748482
9637748482
9637748482
27520
9645447442
9645447442
9645447442
9645447442
9645447442
9645447442
30625
9647097275
9647097275
9647097275
9647097275
9647097275
9647097275
9668382820
9668382820
9668382820
9668382820
9668382820
9668382820
0
0
9668382820
9668382820
9668382820
9668382820
9668382820
9668382820
9685067393
9685067393
9685067393
9685067393
9685067393
9685067393
0
9695866953
9695866953
9695866953
9695866953
9695866953
9695866953
0
9696101706
9696101706
9696101706
9696101706
9696101706
9696101706
9725946131
9725946131
9725946131
9725946131
9725946131
9725946131
95425
0
9725946131
9725946131
9725946131
9725946131
9725946131
9725946131
9726668234
9726668234
9726668234
9726668234
9726668234
9726668234
1704505
9740568394
9740568394
9740568394
9740568394
9740568394
9740568394
0
9741088067
9741088067
9741088067
9741088067
9741088067
9741088067
9758750492
9758750492
9758750492
9758750492
9758750492
9758750492
0
306560
9758750492
9758750492
9758750492
9758750492
9758750492
9758750492
9763236990
9763236990
9763236990
9763236990
9763236990
9763236990
0
9780237750
9780237750
9780237750
9780237750
9780237750
9780237750
0
9781042343
9781042343
9781042343
9781042343
9781042343
9781042343
9786124528
9786124528
9786124528
9786124528
9786124528
9786124528
0
0
9786124528
9786124528
9786124528
9786124528
9786124528
9786124528
9792016441
9792016441
9792016441
9792016441
9792016441
9792016441
69400
9793617801
9793617801
9793617801
9793617801
9793617801
9793617801
0
9794707314
9794707314
9794707314
9794707314
9794707314
9794707314
9806360859
9806360859
9806360859
9806360859
9806360859
9806360859
0
0
9806360859
9806360859
9806360859
9806360859
9806360859
9806360859
9816999612
9816999612
9816999612
9816999612
9816999612
9816999612
116865
9821701572
9821701572
9821701572
9821701572
9821701572
9821701572
0
9823076005
9823076005
9823076005
9823076005
9823076005
9823076005
9835735510
9835735510
9835735510
9835735510
9835735510
9835735510
0
0
9835735510
9835735510
9835735510
9835735510
9835735510
9835735510
9846576788
9846576788
9846576788
9846576788
9846576788
9846576788
0
9854379348
9854379348
9854379348
9854379348
9854379348
9854379348
0
9856038701
9856038701
9856038701
9856038701
9856038701
9856038701
9872206966
9872206966
9872206966
9872206966
9872206966
9872206966
0
0
9872206966
9872206966
9872206966
9872206966
9872206966
9872206966
9880056109
9880056109
9880056109
9880056109
9880056109
9880056109
630420
9890959269
9890959269
9890959269
9890959269
9890959269
9890959269
0
9891203542
9891203542
9891203542
9891203542
9891203542
9891203542
9915173607
9915173607
9915173607
9915173607
9915173607
9915173607
0
0
9915173607
9915173607
9915173607
9915173607
9915173607
9915173607
9915786130
9915786130
9915786130
9915786130
9915786130
9915786130
0
9929789890
9929789890
9929789890
9929789890
9929789890
9929789890
0
9930319083
9930319083
9930319083
9930319083
9930319083
9930319083
9948225268
9948225268
9948225268
9948225268
9948225268
9948225268
0
294630
9948225268
9948225268
9948225268
9948225268
9948225268
9948225268
9951262236
9951262236
9951262236
9951262236
9951262236
9951262236
0
9968366596
9968366596
9968366596
9968366596
9968366596
9968366596
0
9969180709
9969180709
9969180709
9969180709
9969180709
9969180709
9972754774
9972754774
9972754774
9972754774
9972754774
9972754774
0
66985
9972754774
9972754774
9972754774
9972754774
9972754774
9972754774
9980554287
9980554287
9980554287
9980554287
9980554287
9980554287
0
9982259247
9982259247
9982259247
9982259247
9982259247
9982259247
0
9983358280
9983358280
9983358280
9983358280
9983358280
9983358280
9994106065
9994106065
9994106065
9994106065
9994106065
9994106065
204050
113505
9994106065
9994106065
9994106065
9994106065
9994106065
9994106065
10001899388
10001899388
10001899388
10001899388
10001899388
10001899388
0
10006704948
10006704948
10006704948
10006704948
10006704948
10006704948
0
10008088901
10008088901
10008088901
10008088901
10008088901
10008088901
10024166326
10024166326
10024166326
10024166326
10024166326
10024166326
0
0
10024166326
10024166326
10024166326
10024166326
10024166326
10024166326
10035235094
10035235094
10035235094
10035235094
10035235094
10035235094
90425
10043141254
10043141254
10043141254
10043141254
10043141254
10043141254
0
10044810127
10044810127
10044810127
10044810127
10044810127
10044810127
10066329752
10066329752
10066329752
10066329752
10066329752
10066329752
0
0
10066329752
10066329752
10066329752
10066329752
10066329752
10066329752
10075286875
10075286875
10075286875
10075286875
10075286875
10075286875
0
10086293635
10086293635
10086293635
10086293635
10086293635
10086293635
0
10086547428
10086547428
10086547428
10086547428
10086547428
10086547428
10111028613
10111028613
10111028613
10111028613
10111028613
10111028613
0
0
10111028613
10111028613
10111028613
10111028613
10111028613
10111028613
10112020656
10112020656
10112020656
10112020656
10112020656
10112020656
0
10126128016
10126128016
10126128016
10126128016
10126128016
10126128016
0
10126666729
10126666729
10126666729
10126666729
10126666729
10126666729
10144557154
10144557154
10144557154
10144557154
10144557154
10144557154
12185
0
10144557154
10144557154
10144557154
10144557154
10144557154
10144557154
10148040507
10148040507
10148040507
10148040507
10148040507
10148040507
0
10165248467
10165248467
10165248467
10165248467
10165248467
10165248467
0
10166072100
10166072100
10166072100
10166072100
10166072100
10166072100
10171844325
10171844325
10171844325
10171844325
10171844325
10171844325
0
0
10171844325
10171844325
10171844325
10171844325
10171844325
10171844325
10177639183
10177639183
10177639183
10177639183
10177639183
10177639183
0
10179447743
10179447743
10179447743
10179447743
10179447743
10179447743
0
10180556296
10180556296
10180556296
10180556296
10180556296
10180556296
10190254161
10190254161
10190254161
10190254161
10190254161
10190254161
0
0
10190254161
10190254161
10190254161
10190254161
10190254161
10190254161
10198789064
10198789064
10198789064
10198789064
10198789064
10198789064
0
10203698224
10203698224
10203698224
10203698224
10203698224
10203698224
0
10205091697
10205091697
10205091697
10205091697
10205091697
10205091697
10223112522
10223112522
10223112522
10223112522
10223112522
10223112522
0
0
10223112522
10223112522
10223112522
10223112522
10223112522
10223112522
10239236695
10239236695
10239236695
10239236695
10239236695
10239236695
0
10247246455
10247246455
10247246455
10247246455
10247246455
10247246455
0
10248924848
10248924848
10248924848
10248924848
10248924848
10248924848
10269649833
10269649833
10269649833
10269649833
10269649833
10269649833
0
0
10269649833
10269649833
10269649833
10269649833
10269649833
10269649833
10282924636
10282924636
10282924636
10282924636
10282924636
10282924636
0
10294034996
10294034996
10294034996
10294034996
10294034996
10294034996
0
10294298309
10294298309
10294298309
10294298309
10294298309
10294298309
10320422974
10320422974
10320422974
10320422974
10320422974
10320422974
0
0
10320422974
10320422974
10320422974
10320422974
10320422974
10320422974
10321372712
10321372712
10321372712
10321372712
10321372712
10321372712
0
10335583672
10335583672
10335583672
10335583672
10335583672
10335583672
0
10336131905
10336131905
10336131905
10336131905
10336131905
10336131905
10354324970
10354324970
10354324970
10354324970
10354324970
10354324970
0
0
10354324970
10354324970
10354324970
10354324970
10354324970
10354324970
10357426158
10357426158
10357426158
10357426158
10357426158
10357426158
0
10374737718
10374737718
10374737718
10374737718
10374737718
10374737718
60785
10375570871
10375570871
10375570871
10375570871
10375570871
10375570871
10380088456
10380088456
10380088456
10380088456
10380088456
10380088456
0
152355
10380088456
10380088456
10380088456
10380088456
10380088456
10380088456
10386239089
10386239089
10386239089
10386239089
10386239089
10386239089
0
10388151249
10388151249
10388151249
10388151249
10388151249
10388151249
0
10389269322
10389269322
10389269322
10389269322
10389269322
10389269322
10401472067
10401472067
10401472067
10401472067
10401472067
10401472067
0
1618680
10401472067
10401472067
10401472067
10401472067
10401472067
10401472067
10414167315
10414167315
10414167315
10414167315
10414167315
10414167315
0
10419180075
10419180075
10419180075
10419180075
10419180075
10419180075
0
10420583068
10420583068
10420583068
10420583068
10420583068
10420583068
10436603053
10436603053
10436603053
10436603053
10436603053
10436603053
0
0
10436603053
10436603053
10436603053
10436603053
10436603053
10436603053
10447770596
10447770596
10447770596
10447770596
10447770596
10447770596
0
10455883956
10455883956
10455883956
10455883956
10455883956
10455883956
0
10457571869
10457571869
10457571869
10457571869
10457571869
10457571869
10478897734
10478897734
10478897734
10478897734
10478897734
10478897734
45360
0
10478897734
10478897734
10478897734
10478897734
10478897734
10478897734
10496543977
10496543977
10496543977
10496543977
10496543977
10496543977
0
10507757937
10507757937
10507757937
10507757937
10507757937
10507757937
0
10508030770
10508030770
10508030770
10508030770
10508030770
10508030770
10540009315
10540009315
10540009315
10540009315
10540009315
10540009315
0
0
10540009315
10540009315
10540009315
10540009315
10540009315
10540009315
10541108528
10541108528
10541108528
10541108528
10541108528
10541108528
0
10555423088
10555423088
10555423088
10555423088
10555423088
10555423088
0
10555980841
10555980841
10555980841
10555980841
10555980841
10555980841
10573913426
10573913426
10573913426
10573913426
10573913426
10573913426
87625
397540
10573913426
10573913426
10573913426
10573913426
10573913426
10573913426
10577912234
10577912234
10577912234
10577912234
10577912234
10577912234
0
10595327394
10595327394
10595327394
10595327394
10595327394
10595327394
0
10596170067
10596170067
10596170067
10596170067
10596170067
10596170067
10601415532
10601415532
10601415532
10601415532
10601415532
10601415532
75425
0
10601415532
10601415532
10601415532
10601415532
10601415532
10601415532
10607176905
10607176905
10607176905
10607176905
10607176905
10607176905
220160
10609192665
10609192665
10609192665
10609192665
10609192665
10609192665
0
10610320258
10610320258
10610320258
10610320258
10610320258
10610320258
10619759243
10619759243
10619759243
10619759243
10619759243
10619759243
0
0
10619759243
10619759243
10619759243
10619759243
10619759243
10619759243
10631960256
10631960256
10631960256
10631960256
10631960256
10631960256
0
10637076616
10637076616
10637076616
10637076616
10637076616
10637076616
0
10638489129
10638489129
10638489129
10638489129
10638489129
10638489129
10651864394
10651864394
10651864394
10651864394
10651864394
10651864394
0
0
10651864394
10651864394
10651864394
10651864394
10651864394
10651864394
10660191257
10660191257
10660191257
10660191257
10660191257
10660191257
0
10668408217
10668408217
10668408217
10668408217
10668408217
10668408217
0
10670105650
10670105650
10670105650
10670105650
10670105650
10670105650
10695310635
10695310635
10695310635
10695310635
10695310635
10695310635
0
0
10695310635
10695310635
10695310635
10695310635
10695310635
10695310635
10707312718
10707312718
10707312718
10707312718
10707312718
10707312718
0
10718630278
10718630278
10718630278
10718630278
10718630278
10718630278
210185
10718912631
10718912631
10718912631
10718912631
10718912631
10718912631
10744338896
10744338896
10744338896
10744338896
10744338896
10744338896
0
0
10744338896
10744338896
10744338896
10744338896
10744338896
10744338896
10745619899
10745619899
10745619899
10745619899
10745619899
10745619899
0
10760038059
10760038059
10760038059
10760038059
10760038059
10760038059
0
10760605332
10760605332
10760605332
10760605332
10760605332
10760605332
10779384957
10779384957
10779384957
10779384957
10779384957
10779384957
0
85600
10779384957
10779384957
10779384957
10779384957
10779384957
10779384957
10782658530
10782658530
10782658530
10782658530
10782658530
10782658530
0
10800177290
10800177290
10800177290
10800177290
10800177290
10800177290
0
10801029483
10801029483
10801029483
10801029483
10801029483
10801029483
10807097268
10807097268
10807097268
10807097268
10807097268
10807097268
10760
35440
10807097268
10807097268
10807097268
10807097268
10807097268
10807097268
10816554811
10816554811
10816554811
10816554811
10816554811
10816554811
0
10818674171
10818674171
10818674171
10818674171
10818674171
10818674171
0
10819811284
10819811284
10819811284
10819811284
10819811284
10819811284
10830023229
10830023229
10830023229
10830023229
10830023229
10830023229
0
0
10830023229
10830023229
10830023229
10830023229
10830023229
10830023229
10838016262
10838016262
10838016262
10838016262
10838016262
10838016262
0
10843236222
10843236222
10843236222
10843236222
10843236222
10843236222
40185
10844658255
10844658255
10844658255
10844658255
10844658255
10844658255
10862140640
10862140640
10862140640
10862140640
10862140640
10862140640
0
0
10862140640
10862140640
10862140640
10862140640
10862140640
10862140640
10877753313
10877753313
10877753313
10877753313
10877753313
10877753313
0
10886073873
10886073873
10886073873
10886073873
10886073873
10886073873
0
10886080826
10886080826
10886080826
10886080826
10886080826
10886080826
10909130371
10909130371
10909130371
10909130371
10909130371
10909130371
0
106050
10909130371
10909130371
10909130371
10909130371
10909130371
10909130371
10925186834
10925186834
10925186834
10925186834
10925186834
10925186834
0
10936607994
10936607994
10936607994
10936607994
10936607994
10936607994
99385
10936899867
10936899867
10936899867
10936899867
10936899867
10936899867
10963470332
10963470332
10963470332
10963470332
10963470332
10963470332
0
0
10963470332
10963470332
10963470332
10963470332
10963470332
10963470332
10964435830
10964435830
10964435830
10964435830
10964435830
10964435830
0
10978957590
10978957590
10978957590
10978957590
10978957590
10978957590
0
10979534383
10979534383
10979534383
10979534383
10979534383
10979534383
10998186568
10998186568
10998186568
10998186568
10998186568
10998186568
0
0
10998186568
10998186568
10998186568
10998186568
10998186568
10998186568
11001151421
11001151421
11001151421
11001151421
11001151421
11001151421
0
11018773781
11018773781
11018773781
11018773781
11018773781
11018773781
0
11019635494
11019635494
11019635494
11019635494
11019635494
11019635494
11025373359
11025373359
11025373359
11025373359
11025373359
11025373359
0
0
11025373359
11025373359
11025373359
11025373359
11025373359
11025373359
11031293772
11031293772
11031293772
11031293772
11031293772
11031293772
0
11033516732
11033516732
11033516732
11033516732
11033516732
11033516732
0
11034663365
11034663365
11034663365
11034663365
11034663365
11034663365
11045550030
11045550030
11045550030
11045550030
11045550030
11045550030
45705
0
11045550030
11045550030
11045550030
11045550030
11045550030
11045550030
11052757768
11052757768
11052757768
11052757768
11052757768
11052757768
0
11058081328
11058081328
11058081328
11058081328
11058081328
11058081328
0
11059512881
11059512881
11059512881
11059512881
11059512881
11059512881
11077188466
11077188466
11077188466
11077188466
11077188466
11077188466
0
0
11077188466
11077188466
11077188466
11077188466
11077188466
11077188466
11090690789
11090690789
11090690789
11090690789
11090690789
11090690789
660340
11099114949
11099114949
11099114949
11099114949
11099114949
11099114949
0
11099131422
11099131422
11099131422
11099131422
11099131422
11099131422
11121361127
11121361127
11121361127
11121361127
11121361127
11121361127
185145
122985
11121361127
11121361127
11121361127
11121361127
11121361127
11121361127
11140246900
11140246900
11140246900
11140246900
11140246900
11140246900
0
11151771660
11151771660
11151771660
11151771660
11151771660
11151771660
0
11152073053
11152073053
11152073053
11152073053
11152073053
11152073053
11180334038
11180334038
11180334038
11180334038
11180334038
11180334038
0
524720
11180334038
11180334038
11180334038
11180334038
11180334038
11180334038
11181831036
11181831036
11181831036
11181831036
11181831036
11181831036
0
11196456396
11196456396
11196456396
11196456396
11196456396
11196456396
0
11197042709
11197042709
11197042709
11197042709
11197042709
11197042709
11216030334
11216030334
11216030334
11216030334
11216030334
11216030334
0
0
11216030334
11216030334
11216030334
11216030334
11216030334
11216030334
11219773072
11219773072
11219773072
11219773072
11219773072
11219773072
0
11237499032
11237499032
11237499032
11237499032
11237499032
11237499032
0
11238370265
11238370265
11238370265
11238370265
11238370265
11238370265
11243593690
11243593690
11243593690
11243593690
11243593690
11243593690
0
0
11243593690
11243593690
11243593690
11243593690
11243593690
11243593690
11249097963
11249097963
11249097963
11249097963
11249097963
11249097963
1369120
11251424523
11251424523
11251424523
11251424523
11251424523
11251424523
0
11252580676
11252580676
11252580676
11252580676
11252580676
11252580676
11261681981
11261681981
11261681981
11261681981
11261681981
11261681981
0
0
11261681981
11261681981
11261681981
11261681981
11261681981
11261681981
11267042454
11267042454
11267042454
11267042454
11267042454
11267042454
0
11272469614
11272469614
11272469614
11272469614
11272469614
11272469614
0
11273910687
11273910687
11273910687
11273910687
11273910687
11273910687
11288865392
11288865392
11288865392
11288865392
11288865392
11288865392
0
0
11288865392
11288865392
11288865392
11288865392
11288865392
11288865392
11302917465
11302917465
11302917465
11302917465
11302917465
11302917465
47385
11311445225
11311445225
11311445225
11311445225
11311445225
11311445225
33380786
11311471218
11311471218
11311471218
11311471218
11311471218
11311471218
11336214203
11336214203
11336214203
11336214203
11336214203
11336214203
0
0
11336214203
11336214203
11336214203
11336214203
11336214203
11336214203
11351460351
11351460351
11351460351
11351460351
11351460351
11351460351
0
11363088711
11363088711
11363088711
11363088711
11363088711
11363088711
0
11363399624
11363399624
11363399624
11363399624
11363399624
11363399624
11392205889
11392205889
11392205889
11392205889
11392205889
11392205889
0
0
11392205889
11392205889
11392205889
11392205889
11392205889
11392205889
11393859302
11393859302
11393859302
11393859302
11393859302
11393859302
0
11408588262
11408588262
11408588262
11408588262
11408588262
11408588262
0
11409184095
11409184095
11409184095
11409184095
11409184095
11409184095
11428323640
11428323640
11428323640
11428323640
11428323640
11428323640
0
1100320
11428323640
11428323640
11428323640
11428323640
11428323640
11428323640
11433152898
11433152898
11433152898
11433152898
11433152898
11433152898
0
11450982458
11450982458
11450982458
11450982458
11450982458
11450982458
0
11451863211
11451863211
11451863211
11451863211
11451863211
11451863211
11458591596
11458591596
11458591596
11458591596
11458591596
11458591596
0
0
11458591596
11458591596
11458591596
11458591596
11458591596
11458591596
11464419859
11464419859
11464419859
11464419859
11464419859
11464419859
0
11466850019
11466850019
11466850019
11466850019
11466850019
11466850019
0
11468015692
11468015692
11468015692
11468015692
11468015692
11468015692
11477267637
11477267637
11477267637
11477267637
11477267637
11477267637
0
42600
11477267637
11477267637
11477267637
11477267637
11477267637
11477267637
11485551135
11485551135
11485551135
11485551135
11485551135
11485551135
0
11491081895
11491081895
11491081895
11491081895
11491081895
11491081895
0
11492532488
11492532488
11492532488
11492532488
11492532488
11492532488
11509688873
11509688873
11509688873
11509688873
11509688873
11509688873
62465
78665
11509688873
11509688873
11509688873
11509688873
11509688873
11509688873
11524071261
11524071261
11524071261
11524071261
11524071261
11524071261
0
11532702621
11532702621
11532702621
11532702621
11532702621
11532702621
0
11532738134
11532738134
11532738134
11532738134
11532738134
11532738134
11554601599
11554601599
11554601599
11554601599
11554601599
11554601599
0
36585
11554601599
11554601599
11554601599
11554601599
11554601599
11554601599
11569806612
11569806612
11569806612
11569806612
11569806612
11569806612
0
11581538572
11581538572
11581538572
11581538572
11581538572
11581538572
0
11581859005
11581859005
11581859005
11581859005
11581859005
11581859005
11607520110
11607520110
11607520110
11607520110
11607520110
11607520110
0
0
11607520110
11607520110
11607520110
11607520110
11607520110
11607520110
11609168583
11609168583
11609168583
11609168583
11609168583
11609168583
0
11624001143
11624001143
11624001143
11624001143
11624001143
11624001143
0
11624606496
11624606496
11624606496
11624606496
11624606496
11624606496
11643870601
11643870601
11643870601
11643870601
11643870601
11643870601
0
0
11643870601
11643870601
11643870601
11643870601
11643870601
11643870601
11649061229
11649061229
11649061229
11649061229
11649061229
11649061229
0
11666994389
11666994389
11666994389
11666994389
11666994389
11666994389
0
11667884662
11667884662
11667884662
11667884662
11667884662
11667884662
11673535287
11673535287
11673535287
11673535287
11673535287
11673535287
0
0
11673535287
11673535287
11673535287
11673535287
11673535287
11673535287
11680203360
11680203360
11680203360
11680203360
11680203360
11680203360
0
11682737120
11682737120
11682737120
11682737120
11682737120
11682737120
77545
11683912313
11683912313
11683912313
11683912313
11683912313
11683912313
11692708898
11692708898
11692708898
11692708898
11692708898
11692708898
0
0
11692708898
11692708898
11692708898
11692708898
11692708898
11692708898
11701425346
11701425346
11701425346
11701425346
11701425346
11701425346
72545
11707059706
11707059706
11707059706
11707059706
11707059706
11707059706
0
11708519819
11708519819
11708519819
11708519819
11708519819
11708519819
11724831564
11724831564
11724831564
11724831564
11724831564
11724831564
0
0
11724831564
11724831564
11724831564
11724831564
11724831564
11724831564
11737041442
11737041442
11737041442
11737041442
11737041442
11737041442
0
11745776402
11745776402
11745776402
11745776402
11745776402
11745776402
26705
11745821435
11745821435
11745821435
11745821435
11745821435
11745821435
11767862980
11767862980
11767862980
11767862980
11767862980
11767862980
0
0
11767862980
11767862980
11767862980
11767862980
11767862980
11767862980
11781686633
11781686633
11781686633
11781686633
11781686633
11781686633
0
11793522193
11793522193
11793522193
11793522193
11793522193
11793522193
0
11793852146
11793852146
11793852146
11793852146
11793852146
11793852146
11823309011
11823309011
11823309011
11823309011
11823309011
11823309011
0
72240
11823309011
11823309011
11823309011
11823309011
11823309011
11823309011
11824390134
11824390134
11824390134
11824390134
11824390134
11824390134
0
11839326294
11839326294
11839326294
11839326294
11839326294
11839326294
0
11839941167
11839941167
11839941167
11839941167
11839941167
11839941167
11859111432
11859111432
11859111432
11859111432
11859111432
11859111432
0
0
11859111432
11859111432
11859111432
11859111432
11859111432
11859111432
11862261930
11862261930
11862261930
11862261930
11862261930
11862261930
0
11880298690
11880298690
11880298690
11880298690
11880298690
11880298690
0
11881198483
11881198483
11881198483
11881198483
11881198483
11881198483
11887162868
11887162868
11887162868
11887162868
11887162868
11887162868
0
0
11887162868
11887162868
11887162868
11887162868
11887162868
11887162868
11894905836
11894905836
11894905836
11894905836
11894905836
11894905836
0
11897543196
11897543196
11897543196
11897543196
11897543196
11897543196
0
11898727909
11898727909
11898727909
11898727909
11898727909
11898727909
11911312174
11911312174
11911312174
11911312174
11911312174
11911312174
0
0
11911312174
11911312174
11911312174
11911312174
11911312174
11911312174
11919691607
11919691607
11919691607
11919691607
11919691607
11919691607
0
11925429567
11925429567
11925429567
11925429567
11925429567
11925429567
0
11926899200
11926899200
11926899200
11926899200
11926899200
11926899200
11945058985
11945058985
11945058985
11945058985
11945058985
11945058985
0
579175
11945058985
11945058985
11945058985
11945058985
11945058985
11945058985
11957357903
11957357903
11957357903
11957357903
11957357903
11957357903
0
11966196463
11966196463
11966196463
11966196463
11966196463
11966196463
0
11966251016
11966251016
11966251016
11966251016
11966251016
11966251016
11987353441
11987353441
11987353441
11987353441
11987353441
11987353441
79225
0
11987353441
11987353441
11987353441
11987353441
11987353441
11987353441
11996233744
11996233744
11996233744
11996233744
11996233744
11996233744
0
12008172904
12008172904
12008172904
12008172904
12008172904
12008172904
0
12008512377
12008512377
12008512377
12008512377
12008512377
12008512377
12040349962
12040349962
12040349962
12040349962
12040349962
12040349962
0
282000
12040349962
12040349962
12040349962
12040349962
12040349962
12040349962
12041587335
12041587335
12041587335
12041587335
12041587335
12041587335
0
12056627095
12056627095
12056627095
12056627095
12056627095
12056627095
0
12057251488
12057251488
12057251488
12057251488
12057251488
12057251488
12058306473
12058306473
12058306473
12058306473
12058306473
12058306473
0
2788860
12058306473
12058306473
12058306473
12058306473
12058306473
12058306473
12062512416
12062512416
12062512416
12062512416
12062512416
12062512416
0
12080652776
12080652776
12080652776
12080652776
12080652776
12080652776
0
12081562089
12081562089
12081562089
12081562089
12081562089
12081562089
12088589754
12088589754
12088589754
12088589754
12088589754
12088589754
0
0
12088589754
12088589754
12088589754
12088589754
12088589754
12088589754
12095430307
12095430307
12095430307
12095430307
12095430307
12095430307
0
12098171267
12098171267
12098171267
12098171267
12098171267
12098171267
0
12099365500
12099365500
12099365500
12099365500
12099365500
12099365500
12110439525
12110439525
12110439525
12110439525
12110439525
12110439525
0
0
12110439525
12110439525
12110439525
12110439525
12110439525
12110439525
12117629833
12117629833
12117629833
12117629833
12117629833
12117629833
0
12123471393
12123471393
12123471393
12123471393
12123471393
12123471393
0
12124950546
12124950546
12124950546
12124950546
12124950546
12124950546
12139279411
12139279411
12139279411
12139279411
12139279411
12139279411
0
0
12139279411
12139279411
12139279411
12139279411
12139279411
12139279411
12148738899
12148738899
12148738899
12148738899
12148738899
12148738899
184690
12157681059
12157681059
12157681059
12157681059
12157681059
12157681059
56945
12157745132
12157745132
12157745132
12157745132
12157745132
12157745132
12182544117
12182544117
12182544117
12182544117
12182544117
12182544117
0
0
12182544117
12182544117
12182544117
12182544117
12182544117
12182544117
12185013215
12185013215
12185013215
12185013215
12185013215
12185013215
0
12197055975
12197055975
12197055975
12197055975
12197055975
12197055975
0
12197404968
12197404968
12197404968
12197404968
12197404968
12197404968
12224673353
12224673353
12224673353
12224673353
12224673353
12224673353
0
476540
12224673353
12224673353
12224673353
12224673353
12224673353
12224673353
12226109931
12226109931
12226109931
12226109931
12226109931
12226109931
0
12241253291
12241253291
12241253291
12241253291
12241253291
12241253291
0
12241887204
12241887204
12241887204
12241887204
12241887204
12241887204
12243041549
12243041549
12243041549
12243041549
12243041549
12243041549
0
0
12243041549
12243041549
12243041549
12243041549
12243041549
12243041549
12247770132
12247770132
12247770132
12247770132
12247770132
12247770132
72490
12266014092
12266014092
12266014092
12266014092
12266014092
12266014092
0
12266932925
12266932925
12266932925
12266932925
12266932925
12266932925
12272582830
12272582830
12272582830
12272582830
12272582830
12272582830
0
0
12272582830
12272582830
12272582830
12272582830
12272582830
12272582830
12280656353
12280656353
12280656353
12280656353
12280656353
12280656353
0
12283500913
12283500913
12283500913
12283500913
12283500913
12283500913
0
12284704666
12284704666
12284704666
12284704666
12284704666
12284704666
12295821571
12295821571
12295821571
12295821571
12295821571
12295821571
0
336640
12295821571
12295821571
12295821571
12295821571
12295821571
12295821571
12305998919
12305998919
12305998919
12305998919
12305998919
12305998919
8593280
12311944079
12311944079
12311944079
12311944079
12311944079
12311944079
0
12313432752
12313432752
12313432752
12313432752
12313432752
12313432752
12332091017
12332091017
12332091017
12332091017
12332091017
12332091017
0
0
12332091017
12332091017
12332091017
12332091017
12332091017
12332091017
12343558890
12343558890
12343558890
12343558890
12343558890
12343558890
0
12352604650
12352604650
12352604650
12352604650
12352604650
12352604650
0
12352678243
12352678243
12352678243
12352678243
12352678243
12352678243
12374573628
12374573628
12374573628
12374573628
12374573628
12374573628
0
0
12374573628
12374573628
12374573628
12374573628
12374573628
12374573628
12382541136
12382541136
12382541136
12382541136
12382541136
12382541136
31400
12394687496
12394687496
12394687496
12394687496
12394687496
12394687496
0
12395046009
12395046009
12395046009
12395046009
12395046009
12395046009
12429231954
12429231954
12429231954
12429231954
12429231954
12429231954
95985
0
12429231954
12429231954
12429231954
12429231954
12429231954
12429231954
12431060617
12431060617
12431060617
12431060617
12431060617
12431060617
0
12446307577
12446307577
12446307577
12446307577
12446307577
12446307577
50440
12446951010
12446951010
12446951010
12446951010
12446951010
12446951010
12448586795
12448586795
12448586795
12448586795
12448586795
12448586795
0
12400
12448586795
12448586795
12448586795
12448586795
12448586795
12448586795
12453018788
12453018788
12453018788
12453018788
12453018788
12453018788
66025
12471366348
12471366348
12471366348
12471366348
12471366348
12471366348
0
12472294701
12472294701
12472294701
12472294701
12472294701
12472294701
12477869046
12477869046
12477869046
12477869046
12477869046
12477869046
0
0
12477869046
12477869046
12477869046
12477869046
12477869046
12477869046
12483765454
12483765454
12483765454
12483765454
12483765454
12483765454
0
12486713614
12486713614
12486713614
12486713614
12486713614
12486713614
0
12487926887
12487926887
12487926887
12487926887
12487926887
12487926887
12497292432
12497292432
12497292432
12497292432
12497292432
12497292432
0
0
12497292432
12497292432
12497292432
12497292432
12497292432
12497292432
12505166605
12505166605
12505166605
12505166605
12505166605
12505166605
0
12511215365
12511215365
12511215365
12511215365
12511215365
12511215365
0
12512713558
12512713558
12512713558
12512713558
12512713558
12512713558
12528593343
12528593343
12528593343
12528593343
12528593343
12528593343
0
0
12528593343
12528593343
12528593343
12528593343
12528593343
12528593343
12539908421
12539908421
12539908421
12539908421
12539908421
12539908421
0
12549057781
12549057781
12549057781
12549057781
12549057781
12549057781
6065
12549140894
12549140894
12549140894
12549140894
12549140894
12549140894
12572427879
12572427879
12572427879
12572427879
12572427879
12572427879
0
208715
12572427879
12572427879
12572427879
12572427879
12572427879
12572427879
12586053702
12586053702
12586053702
12586053702
12586053702
12586053702
0
12598303662
12598303662
12598303662
12598303662
12598303662
12598303662
0
12598671695
12598671695
12598671695
12598671695
12598671695
12598671695
12630657880
12630657880
12630657880
12630657880
12630657880
12630657880
0
0
12630657880
12630657880
12630657880
12630657880
12630657880
12630657880
12632805763
12632805763
12632805763
12632805763
12632805763
12632805763
0
12648156323
12648156323
12648156323
12648156323
12648156323
12648156323
0
12648809276
12648809276
12648809276
12648809276
12648809276
12648809276
12650286981
12650286981
12650286981
12650286981
12650286981
12650286981
0
0
12650286981
12650286981
12650286981
12650286981
12650286981
12650286981
12654036659
12654036659
12654036659
12654036659
12654036659
12654036659
0
12672487819
12672487819
12672487819
12672487819
12672487819
12672487819
0
12673425692
12673425692
12673425692
12673425692
12673425692
12673425692
12679310997
12679310997
12679310997
12679310997
12679310997
12679310997
0
0
12679310997
12679310997
12679310997
12679310997
12679310997
12679310997
12684963070
12684963070
12684963070
12684963070
12684963070
12684963070
0
12688014830
12688014830
12688014830
12688014830
12688014830
12688014830
0
12689237623
12689237623
12689237623
12689237623
12689237623
12689237623
12701207808
12701207808
12701207808
12701207808
12701207808
12701207808
0
33220
12701207808
12701207808
12701207808
12701207808
12701207808
12701207808
12708780631
12708780631
12708780631
12708780631
12708780631
12708780631
227340
12714932991
12714932991
12714932991
12714932991
12714932991
12714932991
17225
12716440704
12716440704
12716440704
12716440704
12716440704
12716440704
12730925049
12730925049
12730925049
12730925049
12730925049
12730925049
0
0
12730925049
12730925049
12730925049
12730925049
12730925049
12730925049
12743422637
12743422637
12743422637
12743422637
12743422637
12743422637
0
12752675597
12752675597
12752675597
12752675597
12752675597
12752675597
0
12752768230
12752768230
12752768230
12752768230
12752768230
12752768230
12771403855
12771403855
12771403855
12771403855
12771403855
12771403855
0
0
12771403855
12771403855
12771403855
12771403855
12771403855
12771403855
12783686703
12783686703
12783686703
12783686703
12783686703
12783686703
0
12796040263
12796040263
12796040263
12796040263
12796040263
12796040263
0
12796417816
12796417816
12796417816
12796417816
12796417816
12796417816
12829259961
12829259961
12829259961
12829259961
12829259961
12829259961
0
0
12829259961
12829259961
12829259961
12829259961
12829259961
12829259961
12830976769
12830976769
12830976769
12830976769
12830976769
12830976769
0
12846430929
12846430929
12846430929
12846430929
12846430929
12846430929
0
12847093402
12847093402
12847093402
12847093402
12847093402
12847093402
12848853987
12848853987
12848853987
12848853987
12848853987
12848853987
12745
0
12848853987
12848853987
12848853987
12848853987
12848853987
12848853987
12853864810
12853864810
12853864810
12853864810
12853864810
12853864810
0
12853919570
12853919570
12853919570
12853919570
12853919570
12853919570
0
12854866963
12854866963
12854866963
12854866963
12854866963
12854866963
12862392948
12862392948
12862392948
12862392948
12862392948
12862392948
0
0
12862392948
12862392948
12862392948
12862392948
12862392948
12862392948
12872142421
12872142421
12872142421
12872142421
12872142421
12872142421
0
12875297781
12875297781
12875297781
12875297781
12875297781
12875297781
15760
12876530094
12876530094
12876530094
12876530094
12876530094
12876530094
12888849479
12888849479
12888849479
12888849479
12888849479
12888849479
0
0
12888849479
12888849479
12888849479
12888849479
12888849479
12888849479
12899992022
12899992022
12899992022
12899992022
12899992022
12899992022
0
12906247982
12906247982
12906247982
12906247982
12906247982
12906247982
94305
12907765215
12907765215
12907765215
12907765215
12907765215
12907765215
12923124760
12923124760
12923124760
12923124760
12923124760
12923124760
0
0
12923124760
12923124760
12923124760
12923124760
12923124760
12923124760
12935393048
12935393048
12935393048
12935393048
12935393048
12935393048
0
12944749608
12944749608
12944749608
12944749608
12944749608
12944749608
0
12944851761
12944851761
12944851761
12944851761
12944851761
12944851761
12972212186
12972212186
12972212186
12972212186
12972212186
12972212186
0
0
12972212186
12972212186
12972212186
12972212186
12972212186
12972212186
12985248689
12985248689
12985248689
12985248689
12985248689
12985248689
0
12997705849
12997705849
12997705849
12997705849
12997705849
12997705849
51560
12998092922
12998092922
12998092922
12998092922
12998092922
12998092922
13032457147
13032457147
13032457147
13032457147
13032457147
13032457147
0
0
13032457147
13032457147
13032457147
13032457147
13032457147
13032457147
13034412920
13034412920
13034412920
13034412920
13034412920
13034412920
0
13049970680
13049970680
13049970680
13049970680
13049970680
13049970680
0
13050642673
13050642673
13050642673
13050642673
13050642673
13050642673
13052428458
13052428458
13052428458
13052428458
13052428458
13052428458
0
0
13052428458
13052428458
13052428458
13052428458
13052428458
13052428458
13057799626
13057799626
13057799626
13057799626
13057799626
13057799626
0
13057957986
13057957986
13057957986
13057957986
13057957986
13057957986
0
13058914899
13058914899
13058914899
13058914899
13058914899
13058914899
13066710044
13066710044
13066710044
13066710044
13066710044
13066710044
0
415925
13066710044
13066710044
13066710044
13066710044
13066710044
13066710044
13072730482
13072730482
13072730482
13072730482
13072730482
13072730482
0
13075989442
13075989442
13075989442
13075989442
13075989442
13075989442
0
13077231275
13077231275
13077231275
13077231275
13077231275
13077231275
13091366900
13091366900
13091366900
13091366900
13091366900
13091366900
0
0
13091366900
13091366900
13091366900
13091366900
13091366900
13091366900
13103302158
13103302158
13103302158
13103302158
13103302158
13103302158
0
13109661718
13109661718
13109661718
13109661718
13109661718
13109661718
0
13111188471
13111188471
13111188471
13111188471
13111188471
13111188471
13128108536
13128108536
13128108536
13128108536
13128108536
13128108536
0
0
13128108536
13128108536
13128108536
13128108536
13128108536
13128108536
13137747094
13137747094
13137747094
13137747094
13137747094
13137747094
0
13147207254
13147207254
13147207254
13147207254
13147207254
13147207254
0
13147318927
13147318927
13147318927
13147318927
13147318927
13147318927
13168661032
13168661032
13168661032
13168661032
13168661032
13168661032
0
0
13168661032
13168661032
13168661032
13168661032
13168661032
13168661032
13180429905
13180429905
13180429905
13180429905
13180429905
13180429905
156290
13192990665
13192990665
13192990665
13192990665
13192990665
13192990665
0
13193387258
13193387258
13193387258
13193387258
13193387258
13193387258
13221815843
13221815843
13221815843
13221815843
13221815843
13221815843
0
90425
13221815843
13221815843
13221815843
13221815843
13221815843
13221815843
13224453461
13224453461
13224453461
13224453461
13224453461
13224453461
0
13240114821
13240114821
13240114821
13240114821
13240114821
13240114821
0
13240796334
13240796334
13240796334
13240796334
13240796334
13240796334
13242580279
13242580279
13242580279
13242580279
13242580279
13242580279
0
0
13242580279
13242580279
13242580279
13242580279
13242580279
13242580279
13247266797
13247266797
13247266797
13247266797
13247266797
13247266797
0
13247528757
13247528757
13247528757
13247528757
13247528757
13247528757
0
13248495190
13248495190
13248495190
13248495190
13248495190
13248495190
13255353695
13255353695
13255353695
13255353695
13255353695
13255353695
29505
0
13255353695
13255353695
13255353695
13255353695
13255353695
13255353695
13259569053
13259569053
13259569053
13259569053
13259569053
13259569053
0
13262931613
13262931613
13262931613
13262931613
13262931613
13262931613
121345
13264182966
13264182966
13264182966
13264182966
13264182966
13264182966
13274880431
13274880431
13274880431
13274880431
13274880431
13274880431
0
0
13274880431
13274880431
13274880431
13274880431
13274880431
13274880431
13281445219
13281445219
13281445219
13281445219
13281445219
13281445219
0
13287908379
13287908379
13287908379
13287908379
13287908379
13287908379
0
13289444652
13289444652
13289444652
13289444652
13289444652
13289444652
13305053917
13305053917
13305053917
13305053917
13305053917
13305053917
88425
44025
13305053917
13305053917
13305053917
13305053917
13305053917
13305053917
13314759115
13314759115
13314759115
13314759115
13314759115
13314759115
0
13324322875
13324322875
13324322875
13324322875
13324322875
13324322875
0
13324444068
13324444068
13324444068
13324444068
13324444068
13324444068
13346655853
13346655853
13346655853
13346655853
13346655853
13346655853
0
822685
13346655853
13346655853
13346655853
13346655853
13346655853
13346655853
13358210451
13358210451
13358210451
13358210451
13358210451
13358210451
0
13370874811
13370874811
13370874811
13370874811
13370874811
13370874811
73705
13371280924
13371280924
13371280924
13371280924
13371280924
13371280924
13396746189
13396746189
13396746189
13396746189
13396746189
13396746189
0
0
13396746189
13396746189
13396746189
13396746189
13396746189
13396746189
13398819167
13398819167
13398819167
13398819167
13398819167
13398819167
0
13414584127
13414584127
13414584127
13414584127
13414584127
13414584127
0
13415275160
13415275160
13415275160
13415275160
13415275160
13415275160
13417159665
13417159665
13417159665
13417159665
13417159665
13417159665
68320
0
13417159665
13417159665
13417159665
13417159665
13417159665
13417159665
13421500873
13421500873
13421500873
13421500873
13421500873
13421500873
0
13421866433
13421866433
13421866433
13421866433
13421866433
13421866433
0
13422842386
13422842386
13422842386
13422842386
13422842386
13422842386
13430727051
13430727051
13430727051
13430727051
13430727051
13430727051
0
0
13430727051
13430727051
13430727051
13430727051
13430727051
13430727051
13438551004
13438551004
13438551004
13438551004
13438551004
13438551004
0
13442017164
13442017164
13442017164
13442017164
13442017164
13442017164
0
13443278037
13443278037
13443278037
13443278037
13443278037
13443278037
13458398622
13458398622
13458398622
13458398622
13458398622
13458398622
37560
4048980
13458398622
13458398622
13458398622
13458398622
13458398622
13458398622
13466176020
13466176020
13466176020
13466176020
13466176020
13466176020
0
13472742780
13472742780
13472742780
13472742780
13472742780
13472742780
0
13474288573
13474288573
13474288573
13474288573
13474288573
13474288573
13496210758
13496210758
13496210758
13496210758
13496210758
13496210758
0
0
13496210758
13496210758
13496210758
13496210758
13496210758
13496210758
13512137456
13512137456
13512137456
13512137456
13512137456
13512137456
0
13521804816
13521804816
13521804816
13521804816
13521804816
13521804816
0
13521935529
13521935529
13521935529
13521935529
13521935529
13521935529
13545421874
13545421874
13545421874
13545421874
13545421874
13545421874
0
80560
13545421874
13545421874
13545421874
13545421874
13545421874
13545421874
13558615992
13558615992
13558615992
13558615992
13558615992
13558615992
0
13571383952
13571383952
13571383952
13571383952
13571383952
13571383952
0
13571799585
13571799585
13571799585
13571799585
13571799585
13571799585
13603070810
13603070810
13603070810
13603070810
13603070810
13603070810
0
0
13603070810
13603070810
13603070810
13603070810
13603070810
13603070810
13605671283
13605671283
13605671283
13605671283
13605671283
13605671283
0
13621539843
13621539843
13621539843
13621539843
13621539843
13621539843
0
13622240396
13622240396
13622240396
13622240396
13622240396
13622240396
13624319701
13624319701
13624319701
13624319701
13624319701
13624319701
0
0
13624319701
13624319701
13624319701
13624319701
13624319701
13624319701
13628331184
13628331184
13628331184
13628331184
13628331184
13628331184
63665
13628800344
13628800344
13628800344
13628800344
13628800344
13628800344
0
13629785817
13629785817
13629785817
13629785817
13629785817
13629785817
13638730242
13638730242
13638730242
13638730242
13638730242
13638730242
0
6105
13638730242
13638730242
13638730242
13638730242
13638730242
13638730242
13647461340
13647461340
13647461340
13647461340
13647461340
13647461340
0
13651031100
13651031100
13651031100
13651031100
13651031100
13651031100
0
13652301493
13652301493
13652301493
13652301493
13652301493
13652301493
13667672478
13667672478
13667672478
13667672478
13667672478
13667672478
46265
0
13667672478
13667672478
13667672478
13667672478
13667672478
13667672478
13676553076
13676553076
13676553076
13676553076
13676553076
13676553076
161720
13683223436
13683223436
13683223436
13683223436
13683223436
13683223436
0
13684778749
13684778749
13684778749
13684778749
13684778749
13684778749
13702894854
13702894854
13702894854
13702894854
13702894854
13702894854
179850
0
13702894854
13702894854
13702894854
13702894854
13702894854
13702894854
13712896422
13712896422
13712896422
13712896422
13712896422
13712896422
0
13722667382
13722667382
13722667382
13722667382
13722667382
13722667382
0
13722807615
13722807615
13722807615
13722807615
13722807615
13722807615
13749492680
13749492680
13749492680
13749492680
13749492680
13749492680
0
0
13749492680
13749492680
13749492680
13749492680
13749492680
13749492680
13762869663
13762869663
13762869663
13762869663
13762869663
13762869663
0
13775741223
13775741223
13775741223
13775741223
13775741223
13775741223
0
13776166376
13776166376
13776166376
13776166376
13776166376
13776166376
13807532841
13807532841
13807532841
13807532841
13807532841
13807532841
0
0
13807532841
13807532841
13807532841
13807532841
13807532841
13807532841
13809851889
13809851889
13809851889
13809851889
13809851889
13809851889
308965
13825824049
13825824049
13825824049
13825824049
13825824049
13825824049
0
13826534122
13826534122
13826534122
13826534122
13826534122
13826534122
13829476627
13829476627
13829476627
13829476627
13829476627
13829476627
0
0
13829476627
13829476627
13829476627
13829476627
13829476627
13829476627
13833971275
13833971275
13833971275
13833971275
13833971275
13833971275
0
13834544035
13834544035
13834544035
13834544035
13834544035
13834544035
0
13835539028
13835539028
13835539028
13835539028
13835539028
13835539028
13844563613
13844563613
13844563613
13844563613
13844563613
13844563613
0
1065
13844563613
13844563613
13844563613
13844563613
13844563613
13844563613
13853297781
13853297781
13853297781
13853297781
13853297781
13853297781
0
13856971141
13856971141
13856971141
13856971141
13856971141
13856971141
0
13858251054
13858251054
13858251054
13858251054
13858251054
13858251054
13871918039
13871918039
13871918039
13871918039
13871918039
13871918039
0
0
13871918039
13871918039
13871918039
13871918039
13871918039
13871918039
13880351477
13880351477
13880351477
13880351477
13880351477
13880351477
0
13887125437
13887125437
13887125437
13887125437
13887125437
13887125437
59320
13888690270
13888690270
13888690270
13888690270
13888690270
13888690270
13908627415
13908627415
13908627415
13908627415
13908627415
13908627415
0
0
13908627415
13908627415
13908627415
13908627415
13908627415
13908627415
13920010423
13920010423
13920010423
13920010423
13920010423
13920010423
0
13929884983
13929884983
13929884983
13929884983
13929884983
13929884983
0
13930034736
13930034736
13930034736
13930034736
13930034736
13930034736
13956998121
13956998121
13956998121
13956998121
13956998121
13956998121
0
0
13956998121
13956998121
13956998121
13956998121
13956998121
13956998121
13974315959
13974315959
13974315959
13974315959
13974315959
13974315959
86160
13987291119
13987291119
13987291119
13987291119
13987291119
13987291119
0
13987725792
13987725792
13987725792
13987725792
13987725792
13987725792
14020154777
14020154777
14020154777
14020154777
14020154777
14020154777
0
2105034785
14020154777
14020154777
14020154777
14020154777
14020154777
14020154777
14022898775
14022898775
14022898775
14022898775
14022898775
14022898775
0
14038974535
14038974535
14038974535
14038974535
14038974535
14038974535
0
14039694128
14039694128
14039694128
14039694128
14039694128
14039694128
14043315513
14043315513
14043315513
14043315513
14043315513
14043315513
0
108210
14043315513
14043315513
14043315513
14043315513
14043315513
14043315513
14048923201
14048923201
14048923201
14048923201
14048923201
14048923201
0
14049599561
14049599561
14049599561
14049599561
14049599561
14049599561
0
14050604074
14050604074
14050604074
14050604074
14050604074
14050604074
14059218579
14059218579
14059218579
14059218579
14059218579
14059218579
0
0
14059218579
14059218579
14059218579
14059218579
14059218579
14059218579
14067658707
14067658707
14067658707
14067658707
14067658707
14067658707
0
14071435667
14071435667
14071435667
14071435667
14071435667
14071435667
0
14072725100
14072725100
14072725100
14072725100
14072725100
14072725100
14086762565
14086762565
14086762565
14086762565
14086762565
14086762565
0
196960
14086762565
14086762565
14086762565
14086762565
14086762565
14086762565
14097837418
14097837418
14097837418
14097837418
14097837418
14097837418
37560
14104714978
14104714978
14104714978
14104714978
14104714978
14104714978
0
14106289331
14106289331
14106289331
14106289331
14106289331
14106289331
14125649196
14125649196
14125649196
14125649196
14125649196
14125649196
63025
0
14125649196
14125649196
14125649196
14125649196
14125649196
14125649196
14137108924
14137108924
14137108924
14137108924
14137108924
14137108924
0
14147087084
14147087084
14147087084
14147087084
14147087084
14147087084
11065
14147246357
14147246357
14147246357
14147246357
14147246357
14147246357
14169650782
14169650782
14169650782
14169650782
14169650782
14169650782
0
0
14169650782
14169650782
14169650782
14169650782
14169650782
14169650782
14184589955
14184589955
14184589955
14184589955
14184589955
14184589955
0
14197668715
14197668715
14197668715
14197668715
14197668715
14197668715
0
14198112908
14198112908
14198112908
14198112908
14198112908
14198112908
14226647093
14226647093
14226647093
14226647093
14226647093
14226647093
0
235080
14226647093
14226647093
14226647093
14226647093
14226647093
14226647093
14229630276
14229630276
14229630276
14229630276
14229630276
14229630276
30145
14245809636
14245809636
14245809636
14245809636
14245809636
14245809636
0
14246538749
14246538749
14246538749
14246538749
14246538749
14246538749
14248741174
14248741174
14248741174
14248741174
14248741174
14248741174
0
0
14248741174
14248741174
14248741174
14248741174
14248741174
14248741174
14253455152
14253455152
14253455152
14253455152
14253455152
14253455152
860590
14254235112
14254235112
14254235112
14254235112
14254235112
14254235112
0
14255249145
14255249145
14255249145
14255249145
14255249145
14255249145
14262256210
14262256210
14262256210
14262256210
14262256210
14262256210
0
4385
14262256210
14262256210
14262256210
14262256210
14262256210
14262256210
14270691568
14270691568
14270691568
14270691568
14270691568
14270691568
918405
14274572128
14274572128
14274572128
14274572128
14274572128
14274572128
0
14275871081
14275871081
14275871081
14275871081
14275871081
14275871081
14288137906
14288137906
14288137906
14288137906
14288137906
14288137906
0
0
14288137906
14288137906
14288137906
14288137906
14288137906
14288137906
14295517214
14295517214
14295517214
14295517214
14295517214
14295517214
294820
14302498374
14302498374
14302498374
14302498374
14302498374
14302498374
0
14304082247
14304082247
14304082247
14304082247
14304082247
14304082247
14323560232
14323560232
14323560232
14323560232
14323560232
14323560232
0
0
14323560232
14323560232
14323560232
14323560232
14323560232
14323560232
14338009555
14338009555
14338009555
14338009555
14338009555
14338009555
23080
14348091315
14348091315
14348091315
14348091315
14348091315
14348091315
0
14348260108
14348260108
14348260108
14348260108
14348260108
14348260108
14373428693
14373428693
14373428693
14373428693
14373428693
14373428693
0
0
14373428693
14373428693
14373428693
14373428693
14373428693
14373428693
14389160721
14389160721
14389160721
14389160721
14389160721
14389160721
664410
14402343081
14402343081
14402343081
14402343081
14402343081
14402343081
0
14402796794
14402796794
14402796794
14402796794
14402796794
14402796794
14430915699
14430915699
14430915699
14430915699
14430915699
14430915699
0
1599120
14430915699
14430915699
14430915699
14430915699
14430915699
14430915699
14433143447
14433143447
14433143447
14433143447
14433143447
14433143447
0
14449426407
14449426407
14449426407
14449426407
14449426407
14449426407
0
14450165040
14450165040
14450165040
14450165040
14450165040
14450165040
14452718585
14452718585
14452718585
14452718585
14452718585
14452718585
0
0
14452718585
14452718585
14452718585
14452718585
14452718585
14452718585
14458783593
14458783593
14458783593
14458783593
14458783593
14458783593
0
14459667153
14459667153
14459667153
14459667153
14459667153
14459667153
0
14460690706
14460690706
14460690706
14460690706
14460690706
14460690706
14468197491
14468197491
14468197491
14468197491
14468197491
14468197491
4425
0
14468197491
14468197491
14468197491
14468197491
14468197491
14468197491
14476676104
14476676104
14476676104
14476676104
14476676104
14476676104
0
14480660264
14480660264
14480660264
14480660264
14480660264
14480660264
0
14481968737
14481968737
14481968737
14481968737
14481968737
14481968737
14498545482
14498545482
14498545482
14498545482
14498545482
14498545482
0
78920
14498545482
14498545482
14498545482
14498545482
14498545482
14498545482
14507192280
14507192280
14507192280
14507192280
14507192280
14507192280
0
14514277040
14514277040
14514277040
14514277040
14514277040
14514277040
0
14515870433
14515870433
14515870433
14515870433
14515870433
14515870433
14536570418
14536570418
14536570418
14536570418
14536570418
14536570418
0
0
14536570418
14536570418
14536570418
14536570418
14536570418
14536570418
14548016016
14548016016
14548016016
14548016016
14548016016
14548016016
76465
14558201376
14558201376
14558201376
14558201376
14558201376
14558201376
0
14558379689
14558379689
14558379689
14558379689
14558379689
14558379689
14582505554
14582505554
14582505554
14582505554
14582505554
14582505554
79785
56385
14582505554
14582505554
14582505554
14582505554
14582505554
14582505554
14582688137
14582688137
14582688137
14582688137
14582688137
14582688137
0
14595974097
14595974097
14595974097
14595974097
14595974097
14595974097
0
14596437330
14596437330
14596437330
14596437330
14596437330
14596437330
14626104635
14626104635
14626104635
14626104635
14626104635
14626104635
42930996
344960
14626104635
14626104635
14626104635
14626104635
14626104635
14626104635
14629873308
14629873308
14629873308
14629873308
14629873308
14629873308
0
14646259868
14646259868
14646259868
14646259868
14646259868
14646259868
90465
14647008021
14647008021
14647008021
14647008021
14647008021
14647008021
14649424126
14649424126
14649424126
14649424126
14649424126
14649424126
0
0
14649424126
14649424126
14649424126
14649424126
14649424126
14649424126
14655826709
14655826709
14655826709
14655826709
14655826709
14655826709
0
14656813869
14656813869
14656813869
14656813869
14656813869
14656813869
0
14657846942
14657846942
14657846942
14657846942
14657846942
14657846942
14665865767
14665865767
14665865767
14665865767
14665865767
14665865767
31785
0
14665865767
14665865767
14665865767
14665865767
14665865767
14665865767
14674386515
14674386515
14674386515
14674386515
14674386515
14674386515
0
14678474275
14678474275
14678474275
14678474275
14678474275
14678474275
0
14679792268
14679792268
14679792268
14679792268
14679792268
14679792268
14693504053
14693504053
14693504053
14693504053
14693504053
14693504053
0
0
14693504053
14693504053
14693504053
14693504053
14693504053
14693504053
14701140611
14701140611
14701140611
14701140611
14701140611
14701140611
0
14708328971
14708328971
14708328971
14708328971
14708328971
14708328971
0
14709931884
14709931884
14709931884
14709931884
14709931884
14709931884
14727348149
14727348149
14727348149
14727348149
14727348149
14727348149
0
36440
14727348149
14727348149
14727348149
14727348149
14727348149
14727348149
14741905767
14741905767
14741905767
14741905767
14741905767
14741905767
0
14752194727
14752194727
14752194727
14752194727
14752194727
14752194727
0
14752382560
14752382560
14752382560
14752382560
14752382560
14752382560
14773802505
14773802505
14773802505
14773802505
14773802505
14773802505
0
0
14773802505
14773802505
14773802505
14773802505
14773802505
14773802505
14774109508
14774109508
14774109508
14774109508
14774109508
14774109508
155985
14787499068
14787499068
14787499068
14787499068
14787499068
14787499068
0
14787971821
14787971821
14787971821
14787971821
14787971821
14787971821
14819500446
14819500446
14819500446
14819500446
14819500446
14819500446
84865
0
14819500446
14819500446
14819500446
14819500446
14819500446
14819500446
14821761004
14821761004
14821761004
14821761004
14821761004
14821761004
0
14838251164
14838251164
14838251164
14838251164
14838251164
14838251164
0
14839008837
14839008837
14839008837
14839008837
14839008837
14839008837
14843246222
14843246222
14843246222
14843246222
14843246222
14843246222
0
0
14843246222
14843246222
14843246222
14843246222
14843246222
14843246222
14846981845
14846981845
14846981845
14846981845
14846981845
14846981845
0
14848072605
14848072605
14848072605
14848072605
14848072605
14848072605
0
14849115198
14849115198
14849115198
14849115198
14849115198
14849115198
14857593183
14857593183
14857593183
14857593183
14857593183
14857593183
0
77840
14857593183
14857593183
14857593183
14857593183
14857593183
14857593183
14864613396
14864613396
14864613396
14864613396
14864613396
14864613396
18598440
14868804756
14868804756
14868804756
14868804756
14868804756
14868804756
0
14870132269
14870132269
14870132269
14870132269
14870132269
14870132269
14882685494
14882685494
14882685494
14882685494
14882685494
14882685494
0
0
14882685494
14882685494
14882685494
14882685494
14882685494
14882685494
14892224127
14892224127
14892224127
14892224127
14892224127
14892224127
10025
14899516087
14899516087
14899516087
14899516087
14899516087
14899516087
0
14901128520
14901128520
14901128520
14901128520
14901128520
14901128520
14924987465
14924987465
14924987465
14924987465
14924987465
14924987465
3865
0
14924987465
14924987465
14924987465
14924987465
14924987465
14924987465
14939555938
14939555938
14939555938
14939555938
14939555938
14939555938
0
14949948498
14949948498
14949948498
14949948498
14949948498
14949948498
0
14950145851
14950145851
14950145851
14950145851
14950145851
14950145851
14975036676
14975036676
14975036676
14975036676
14975036676
14975036676
0
0
14975036676
14975036676
14975036676
14975036676
14975036676
14975036676
14975487649
14975487649
14975487649
14975487649
14975487649
14975487649
200385
14988980809
14988980809
14988980809
14988980809
14988980809
14988980809
0
14989463082
14989463082
14989463082
14989463082
14989463082
14989463082
15021078547
15021078547
15021078547
15021078547
15021078547
15021078547
96545
6663690
15021078547
15021078547
15021078547
15021078547
15021078547
15021078547
15022981970
15022981970
15022981970
15022981970
15022981970
15022981970
110145
15039575730
15039575730
15039575730
15039575730
15039575730
15039575730
0
15040342923
15040342923
15040342923
15040342923
15040342923
15040342923
15044388308
15044388308
15044388308
15044388308
15044388308
15044388308
0
0
15044388308
15044388308
15044388308
15044388308
15044388308
15044388308
15051067341
15051067341
15051067341
15051067341
15051067341
15051067341
71640
15052261701
15052261701
15052261701
15052261701
15052261701
15052261701
0
15053313814
15053313814
15053313814
15053313814
15053313814
15053313814
15060304599
15060304599
15060304599
15060304599
15060304599
15060304599
0
0
15060304599
15060304599
15060304599
15060304599
15060304599
15060304599
15069945157
15069945157
15069945157
15069945157
15069945157
15069945157
0
15074240117
15074240117
15074240117
15074240117
15074240117
15074240117
0
15075577150
15075577150
15075577150
15075577150
15075577150
15075577150
15091733895
15091733895
15091733895
15091733895
15091733895
15091733895
0
306270
15091733895
15091733895
15091733895
15091733895
15091733895
15091733895
15104304123
15104304123
15104304123
15104304123
15104304123
15104304123
0
15111699683
15111699683
15111699683
15111699683
15111699683
15111699683
0
15113321636
15113321636
15113321636
15113321636
15113321636
15113321636
15133460941
15133460941
15133460941
15133460941
15133460941
15133460941
0
0
15133460941
15133460941
15133460941
15133460941
15133460941
15133460941
15142569389
15142569389
15142569389
15142569389
15142569389
15142569389
28385
15153065549
15153065549
15153065549
15153065549
15153065549
15153065549
0
15153272422
15153272422
15153272422
15153272422
15153272422
15153272422
15178007567
15178007567
15178007567
15178007567
15178007567
15178007567
0
43160
15178007567
15178007567
15178007567
15178007567
15178007567
15178007567
15178593865
15178593865
15178593865
15178593865
15178593865
15178593865
0
15192190625
15192190625
15192190625
15192190625
15192190625
15192190625
0
15192682418
15192682418
15192682418
15192682418
15192682418
15192682418
15209789403
15209789403
15209789403
15209789403
15209789403
15209789403
0
0
15209789403
15209789403
15209789403
15209789403
15209789403
15209789403
15212562941
15212562941
15212562941
15212562941
15212562941
15212562941
169600
15229260301
15229260301
15229260301
15229260301
15229260301
15229260301
0
15230037014
15230037014
15230037014
15230037014
15230037014
15230037014
15233778719
15233778719
15233778719
15233778719
15233778719
15233778719
0
0
15233778719
15233778719
15233778719
15233778719
15233778719
15233778719
15239453817
15239453817
15239453817
15239453817
15239453817
15239453817
0
15240751777
15240751777
15240751777
15240751777
15240751777
15240751777
93960
15241813410
15241813410
15241813410
15241813410
15241813410
15241813410
15251509715
15251509715
15251509715
15251509715
15251509715
15251509715
52080
0
15251509715
15251509715
15251509715
15251509715
15251509715
15251509715
15262512873
15262512873
15262512873
15262512873
15262512873
15262512873
0
15266911433
15266911433
15266911433
15266911433
15266911433
15266911433
0
15268257986
15268257986
15268257986
15268257986
15268257986
15268257986
15281886491
15281886491
15281886491
15281886491
15281886491
15281886491
0
0
15281886491
15281886491
15281886491
15281886491
15281886491
15281886491
15292964984
15292964984
15292964984
15292964984
15292964984
15292964984
0
15300464144
15300464144
15300464144
15300464144
15300464144
15300464144
0
15302095617
15302095617
15302095617
15302095617
15302095617
15302095617
15325509402
15325509402
15325509402
15325509402
15325509402
15325509402
0
322040
15325509402
15325509402
15325509402
15325509402
15325509402
15325509402
15343021075
15343021075
15343021075
15343021075
15343021075
15343021075
1545170
15353620835
15353620835
15353620835
15353620835
15353620835
15353620835
0
15353837228
15353837228
15353837228
15353837228
15353837228
15353837228
15384460213
15384460213
15384460213
15384460213
15384460213
15384460213
0
0
15384460213
15384460213
15384460213
15384460213
15384460213
15384460213
15385110061
15385110061
15385110061
15385110061
15385110061
15385110061
0
15398810421
15398810421
15398810421
15398810421
15398810421
15398810421
27825
15399311734
15399311734
15399311734
15399311734
15399311734
15399311734
15416621839
15416621839
15416621839
15416621839
15416621839
15416621839
0
0
15416621839
15416621839
15416621839
15416621839
15416621839
15416621839
15418574147
15418574147
15418574147
15418574147
15418574147
15418574147
34800
15435375107
15435375107
15435375107
15435375107
15435375107
15435375107
0
15436161340
15436161340
15436161340
15436161340
15436161340
15436161340
15439864725
15439864725
15439864725
15439864725
15439864725
15439864725
50905
13600
15439864725
15439864725
15439864725
15439864725
15439864725
15439864725
15446243808
15446243808
15446243808
15446243808
15446243808
15446243808
0
15447645368
15447645368
15447645368
15447645368
15447645368
15447645368
0
15448716521
15448716521
15448716521
15448716521
15448716521
15448716521
15455650106
15455650106
15455650106
15455650106
15455650106
15455650106
0
0
15455650106
15455650106
15455650106
15455650106
15455650106
15455650106
15464062869
15464062869
15464062869
15464062869
15464062869
15464062869
0
15468565029
15468565029
15468565029
15468565029
15468565029
15468565029
0
15469921102
15469921102
15469921102
15469921102
15469921102
15469921102
15483768087
15483768087
15483768087
15483768087
15483768087
15483768087
0
0
15483768087
15483768087
15483768087
15483768087
15483768087
15483768087
15492840310
15492840310
15492840310
15492840310
15492840310
15492840310
103000
15500443070
15500443070
15500443070
15500443070
15500443070
15500443070
0
15502084063
15502084063
15502084063
15502084063
15502084063
15502084063
15520823448
15520823448
15520823448
15520823448
15520823448
15520823448
0
0
15520823448
15520823448
15520823448
15520823448
15520823448
15520823448
15529270231
15529270231
15529270231
15529270231
15529270231
15529270231
0
15539973591
15539973591
15539973591
15539973591
15539973591
15539973591
0
15540199504
15540199504
15540199504
15540199504
15540199504
15540199504
15565032649
15565032649
15565032649
15565032649
15565032649
15565032649
0
0
15565032649
15565032649
15565032649
15565032649
15565032649
15565032649
15565424837
15565424837
15565424837
15565424837
15565424837
15565424837
27040
15579228797
15579228797
15579228797
15579228797
15579228797
15579228797
0
15579739630
15579739630
15579739630
15579739630
15579739630
15579739630
15597171935
15597171935
15597171935
15597171935
15597171935
15597171935
0
141195
15597171935
15597171935
15597171935
15597171935
15597171935
15597171935
15600905353
15600905353
15600905353
15600905353
15600905353
15600905353
0
15617809913
15617809913
15617809913
15617809913
15617809913
15617809913
187195
15618605666
15618605666
15618605666
15618605666
15618605666
15618605666
15622709291
15622709291
15622709291
15622709291
15622709291
15622709291
0
0
15622709291
15622709291
15622709291
15622709291
15622709291
15622709291
15627488904
15627488904
15627488904
15627488904
15627488904
15627488904
0
15628994064
15628994064
15628994064
15628994064
15628994064
15628994064
0
15630074737
15630074737
15630074737
15630074737
15630074737
15630074737
15636866802
15636866802
15636866802
15636866802
15636866802
15636866802
0
87210
15636866802
15636866802
15636866802
15636866802
15636866802
15636866802
15642739300
15642739300
15642739300
15642739300
15642739300
15642739300
0
15647345060
15647345060
15647345060
15647345060
15647345060
15647345060
45145
15648710653
15648710653
15648710653
15648710653
15648710653
15648710653
15663912438
15663912438
15663912438
15663912438
15663912438
15663912438
0
0
15663912438
15663912438
15663912438
15663912438
15663912438
15663912438
15670381711
15670381711
15670381711
15670381711
15670381711
15670381711
0
15678088071
15678088071
15678088071
15678088071
15678088071
15678088071
0
15679738584
15679738584
15679738584
15679738584
15679738584
15679738584
15698166329
15698166329
15698166329
15698166329
15698166329
15698166329
0
35320
15698166329
15698166329
15698166329
15698166329
15698166329
15698166329
15711198412
15711198412
15711198412
15711198412
15711198412
15711198412
0
15722005372
15722005372
15722005372
15722005372
15722005372
15722005372
0
15722240805
15722240805
15722240805
15722240805
15722240805
15722240805
15750312430
15750312430
15750312430
15750312430
15750312430
15750312430
0
387200
15750312430
15750312430
15750312430
15750312430
15750312430
15750312430
15751216338
15751216338
15751216338
15751216338
15751216338
15751216338
0
15765123898
15765123898
15765123898
15765123898
15765123898
15765123898
0
15765644251
15765644251
15765644251
15765644251
15765644251
15765644251
15783365436
15783365436
15783365436
15783365436
15783365436
15783365436
0
94345
15783365436
15783365436
15783365436
15783365436
15783365436
15783365436
15787157764
15787157764
15787157764
15787157764
15787157764
15787157764
0
15804165924
15804165924
15804165924
15804165924
15804165924
15804165924
4945
15804971197
15804971197
15804971197
15804971197
15804971197
15804971197
15809265942
15809265942
15809265942
15809265942
15809265942
15809265942
0
51480
15809265942
15809265942
15809265942
15809265942
15809265942
15809265942
15814902040
15814902040
15814902040
15814902040
15814902040
15814902040
1838160
15816510800
15816510800
15816510800
15816510800
15816510800
15816510800
7225
15817600993
15817600993
15817600993
15817600993
15817600993
15817600993
15825587778
15825587778
15825587778
15825587778
15825587778
15825587778
30065
0
15825587778
15825587778
15825587778
15825587778
15825587778
15825587778
15835529886
15835529886
15835529886
15835529886
15835529886
15835529886
0
15840239246
15840239246
15840239246
15840239246
15840239246
15840239246
0
15841614359
15841614359
15841614359
15841614359
15841614359
15841614359
15855327904
15855327904
15855327904
15855327904
15855327904
15855327904
0
0
15855327904
15855327904
15855327904
15855327904
15855327904
15855327904
15869864362
15869864362
15869864362
15869864362
15869864362
15869864362
0
15877674322
15877674322
15877674322
15877674322
15877674322
15877674322
0
15879334355
15879334355
15879334355
15879334355
15879334355
15879334355
15899027780
15899027780
15899027780
15899027780
15899027780
15899027780
0
0
15899027780
15899027780
15899027780
15899027780
15899027780
15899027780
15910827168
15910827168
15910827168
15910827168
15910827168
15910827168
0
15921737728
15921737728
15921737728
15921737728
15921737728
15921737728
0
15921982681
15921982681
15921982681
15921982681
15921982681
15921982681
15949391826
15949391826
15949391826
15949391826
15949391826
15949391826
0
0
15949391826
15949391826
15949391826
15949391826
15949391826
15949391826
15950222989
15950222989
15950222989
15950222989
15950222989
15950222989
0
15964234149
15964234149
15964234149
15964234149
15964234149
15964234149
0
15964764022
15964764022
15964764022
15964764022
15964764022
15964764022
15982631047
15982631047
15982631047
15982631047
15982631047
15982631047
0
0
15982631047
15982631047
15982631047
15982631047
15982631047
15982631047
15985970645
15985970645
15985970645
15985970645
15985970645
15985970645
49105
16003082405
16003082405
16003082405
16003082405
16003082405
16003082405
0
16003897198
16003897198
16003897198
16003897198
16003897198
16003897198
16008249783
16008249783
16008249783
16008249783
16008249783
16008249783
0
0
16008249783
16008249783
16008249783
16008249783
16008249783
16008249783
16014120141
16014120141
16014120141
16014120141
16014120141
16014120141
160250
16015832501
16015832501
16015832501
16015832501
16015832501
16015832501
0
16016932214
16016932214
16016932214
16016932214
16016932214
16016932214
16026794599
16026794599
16026794599
16026794599
16026794599
16026794599
0
0
16026794599
16026794599
16026794599
16026794599
16026794599
16026794599
16035962147
16035962147
16035962147
16035962147
16035962147
16035962147
148305
16040775107
16040775107
16040775107
16040775107
16040775107
16040775107
0
16042159740
16042159740
16042159740
16042159740
16042159740
16042159740
16058145045
16058145045
16058145045
16058145045
16058145045
16058145045
0
0
16058145045
16058145045
16058145045
16058145045
16058145045
16058145045
16069577458
16069577458
16069577458
16069577458
16069577458
16069577458
0
16077491018
16077491018
16077491018
16077491018
16077491018
16077491018
0
16079160571
16079160571
16079160571
16079160571
16079160571
16079160571
16099303836
16099303836
16099303836
16099303836
16099303836
16099303836
0
0
16099303836
16099303836
16099303836
16099303836
16099303836
16099303836
16109147609
16109147609
16109147609
16109147609
16109147609
16109147609
6840
16120161769
16120161769
16120161769
16120161769
16120161769
16120161769
0
16120416242
16120416242
16120416242
16120416242
16120416242
16120416242
16143529627
16143529627
16143529627
16143529627
16143529627
16143529627
0
0
16143529627
16143529627
16143529627
16143529627
16143529627
16143529627
16144146650
16144146650
16144146650
16144146650
16144146650
16144146650
0
16158261410
16158261410
16158261410
16158261410
16158261410
16158261410
56345
16158800803
16158800803
16158800803
16158800803
16158800803
16158800803
16176696788
16176696788
16176696788
16176696788
16176696788
16176696788
0
515990
16176696788
16176696788
16176696788
16176696788
16176696788
16176696788
16181515186
16181515186
16181515186
16181515186
16181515186
16181515186
0
16198730546
16198730546
16198730546
16198730546
16198730546
16198730546
191105
16199554859
16199554859
16199554859
16199554859
16199554859
16199554859
16204274724
16204274724
16204274724
16204274724
16204274724
16204274724
0
0
16204274724
16204274724
16204274724
16204274724
16204274724
16204274724
16210345277
16210345277
16210345277
16210345277
16210345277
16210345277
54360
16212161237
16212161237
16212161237
16212161237
16212161237
16212161237
0
16213270470
16213270470
16213270470
16213270470
16213270470
16213270470
16221921495
16221921495
16221921495
16221921495
16221921495
16221921495
0
0
16221921495
16221921495
16221921495
16221921495
16221921495
16221921495
16230517783
16230517783
16230517783
16230517783
16230517783
16230517783
604800
16235434343
16235434343
16235434343
16235434343
16235434343
16235434343
0
16236828496
16236828496
16236828496
16236828496
16236828496
16236828496
16251134361
16251134361
16251134361
16251134361
16251134361
16251134361
46825
0
16251134361
16251134361
16251134361
16251134361
16251134361
16251134361
16260637434
16260637434
16260637434
16260637434
16260637434
16260637434
45985
16268654594
16268654594
16268654594
16268654594
16268654594
16268654594
0
16270333667
16270333667
16270333667
16270333667
16270333667
16270333667
16288830052
16288830052
16288830052
16288830052
16288830052
16288830052
0
146720
16288830052
16288830052
16288830052
16288830052
16288830052
16288830052
16302288425
16302288425
16302288425
16302288425
16302288425
16302288425
0
16313406185
16313406185
16313406185
16313406185
16313406185
16313406185
0
16313670178
16313670178
16313670178
16313670178
16313670178
16313670178
16331908763
16331908763
16331908763
16331908763
16331908763
16331908763
0
323855
16331908763
16331908763
16331908763
16331908763
16331908763
16331908763
16332607471
16332607471
16332607471
16332607471
16332607471
16332607471
0
16346825831
16346825831
16346825831
16346825831
16346825831
16346825831
1588885
16347374744
16347374744
16347374744
16347374744
16347374744
16347374744
16365694889
16365694889
16365694889
16365694889
16365694889
16365694889
0
48320
16365694889
16365694889
16365694889
16365694889
16365694889
16365694889
16368555602
16368555602
16368555602
16368555602
16368555602
16368555602
1045230
16385874562
16385874562
16385874562
16385874562
16385874562
16385874562
0
16386708395
16386708395
16386708395
16386708395
16386708395
16386708395
16391380020
16391380020
16391380020
16391380020
16391380020
16391380020
0
0
16391380020
16391380020
16391380020
16391380020
16391380020
16391380020
16399961323
16399961323
16399961323
16399961323
16399961323
16399961323
1233450
16401880883
16401880883
16401880883
16401880883
16401880883
16401880883
0
16402999636
16402999636
16402999636
16402999636
16402999636
16402999636
16413066501
16413066501
16413066501
16413066501
16413066501
16413066501
0
0
16413066501
16413066501
16413066501
16413066501
16413066501
16413066501
16423983069
16423983069
16423983069
16423983069
16423983069
16423983069
35185
16429003229
16429003229
16429003229
16429003229
16429003229
16429003229
0
16430406902
16430406902
16430406902
16430406902
16430406902
16430406902
16443478687
16443478687
16443478687
16443478687
16443478687
16443478687
0
155985
16443478687
16443478687
16443478687
16443478687
16443478687
16443478687
16453708185
16453708185
16453708185
16453708185
16453708185
16453708185
64440
16461828945
16461828945
16461828945
16461828945
16461828945
16461828945
0
16463517538
16463517538
16463517538
16463517538
16463517538
16463517538
16484432723
16484432723
16484432723
16484432723
16484432723
16484432723
0
1034440
16484432723
16484432723
16484432723
16484432723
16484432723
16484432723
16497170631
16497170631
16497170631
16497170631
16497170631
16497170631
0
16508391991
16508391991
16508391991
16508391991
16508391991
16508391991
0
16508665504
16508665504
16508665504
16508665504
16508665504
16508665504
16536466089
16536466089
16536466089
16536466089
16536466089
16536466089
0
858835
16536466089
16536466089
16536466089
16536466089
16536466089
16536466089
16537596202
16537596202
16537596202
16537596202
16537596202
16537596202
0
16551918162
16551918162
16551918162
16551918162
16551918162
16551918162
1065
16552476595
16552476595
16552476595
16552476595
16552476595
16552476595
16570908260
16570908260
16570908260
16570908260
16570908260
16570908260
0
14640
16570908260
16570908260
16570908260
16570908260
16570908260
16570908260
16575578073
16575578073
16575578073
16575578073
16575578073
16575578073
0
16593000633
16593000633
16593000633
16593000633
16593000633
16593000633
44585
16593843986
16593843986
16593843986
16593843986
16593843986
16593843986
16599540811
16599540811
16599540811
16599540811
16599540811
16599540811
0
0
16599540811
16599540811
16599540811
16599540811
16599540811
16599540811
16606735804
16606735804
16606735804
16606735804
16606735804
16606735804
140160
16608758964
16608758964
16608758964
16608758964
16608758964
16608758964
0
16609887237
16609887237
16609887237
16609887237
16609887237
16609887237
16617079422
16617079422
16617079422
16617079422
16617079422
16617079422
0
193520
16617079422
16617079422
16617079422
16617079422
16617079422
16617079422
16626806295
16626806295
16626806295
16626806295
16626806295
16626806295
35145
16631930055
16631930055
16631930055
16631930055
16631930055
16631930055
53280
16633343248
16633343248
16633343248
16633343248
16633343248
16633343248
16647382233
16647382233
16647382233
16647382233
16647382233
16647382233
30145
0
16647382233
16647382233
16647382233
16647382233
16647382233
16647382233
16656738166
16656738166
16656738166
16656738166
16656738166
16656738166
0
16664962526
16664962526
16664962526
16664962526
16664962526
16664962526
0
16666660639
16666660639
16666660639
16666660639
16666660639
16666660639
16690172784
16690172784
16690172784
16690172784
16690172784
16690172784
63585
0
16690172784
16690172784
16690172784
16690172784
16690172784
16690172784
16698852182
16698852182
16698852182
16698852182
16698852182
16698852182
264395
16710177142
16710177142
16710177142
16710177142
16710177142
16710177142
0
16710460175
16710460175
16710460175
16710460175
16710460175
16710460175
16738712120
16738712120
16738712120
16738712120
16738712120
16738712120
0
0
16738712120
16738712120
16738712120
16738712120
16738712120
16738712120
16739805558
16739805558
16739805558
16739805558
16739805558
16739805558
0
16754231118
16754231118
16754231118
16754231118
16754231118
16754231118
0
16754799071
16754799071
16754799071
16754799071
16754799071
16754799071
16773205296
16773205296
16773205296
16773205296
16773205296
16773205296
0
0
16773205296
16773205296
16773205296
16773205296
16773205296
16773205296
16777047389
16777047389
16777047389
16777047389
16777047389
16777047389
0
16794573549
16794573549
16794573549
16794573549
16794573549
16794573549
0
16795426422
16795426422
16795426422
16795426422
16795426422
16795426422
16800414847
16800414847
16800414847
16800414847
16800414847
16800414847
0
547295
16800414847
16800414847
16800414847
16800414847
16800414847
16800414847
16805537370
16805537370
16805537370
16805537370
16805537370
16805537370
0
16807664130
16807664130
16807664130
16807664130
16807664130
16807664130
0
16808801923
16808801923
16808801923
16808801923
16808801923
16808801923
16820363108
16820363108
16820363108
16820363108
16820363108
16820363108
0
0
16820363108
16820363108
16820363108
16820363108
16820363108
16820363108
16829387391
16829387391
16829387391
16829387391
16829387391
16829387391
0
16834614751
16834614751
16834614751
16834614751
16834614751
16834614751
0
16836037464
16836037464
16836037464
16836037464
16836037464
16836037464
16847323169
16847323169
16847323169
16847323169
16847323169
16847323169
0
0
16847323169
16847323169
16847323169
16847323169
16847323169
16847323169
16857044642
16857044642
16857044642
16857044642
16857044642
16857044642
0
16865372602
16865372602
16865372602
16865372602
16865372602
16865372602
0
16865380235
16865380235
16865380235
16865380235
16865380235
16865380235
16882562420
16882562420
16882562420
16882562420
16882562420
16882562420
0
0
16882562420
16882562420
16882562420
16882562420
16882562420
16882562420
16898263903
16898263903
16898263903
16898263903
16898263903
16898263903
145880
16909692463
16909692463
16909692463
16909692463
16909692463
16909692463
0
16909985016
16909985016
16909985016
16909985016
16909985016
16909985016
16932675041
16932675041
16932675041
16932675041
16932675041
16932675041
0
9280
16932675041
16932675041
16932675041
16932675041
16932675041
16932675041
16934131894
16934131894
16934131894
16934131894
16934131894
16934131894
0
16948661054
16948661054
16948661054
16948661054
16948661054
16948661054
0
16949238527
16949238527
16949238527
16949238527
16949238527
16949238527
16968028912
16968028912
16968028912
16968028912
16968028912
16968028912
0
43720
16968028912
16968028912
16968028912
16968028912
16968028912
16968028912
16972199735
16972199735
16972199735
16972199735
16972199735
16972199735
14680
16989829495
16989829495
16989829495
16989829495
16989829495
16989829495
0
16990691888
16990691888
16990691888
16990691888
16990691888
16990691888
16997256873
16997256873
16997256873
16997256873
16997256873
16997256873
0
0
16997256873
16997256873
16997256873
16997256873
16997256873
16997256873
17001796276
17001796276
17001796276
17001796276
17001796276
17001796276
0
17004026636
17004026636
17004026636
17004026636
17004026636
17004026636
0
17005173949
17005173949
17005173949
17005173949
17005173949
17005173949
17013864054
17013864054
17013864054
17013864054
17013864054
17013864054
0
0
17013864054
17013864054
17013864054
17013864054
17013864054
17013864054
17024874682
17024874682
17024874682
17024874682
17024874682
17024874682
44800
17030205642
17030205642
17030205642
17030205642
17030205642
17030205642
941970
17031637875
17031637875
17031637875
17031637875
17031637875
17031637875
17049327260
17049327260
17049327260
17049327260
17049327260
17049327260
0
95465
17049327260
17049327260
17049327260
17049327260
17049327260
17049327260
17057338213
17057338213
17057338213
17057338213
17057338213
17057338213
0
17065769773
17065769773
17065769773
17065769773
17065769773
17065769773
70040
17065786926
17065786926
17065786926
17065786926
17065786926
17065786926
17086511871
17086511871
17086511871
17086511871
17086511871
17086511871
89560
1156840
17086511871
17086511871
17086511871
17086511871
17086511871
17086511871
17097847489
17097847489
17097847489
17097847489
17097847489
17097847489
0
17109379649
17109379649
17109379649
17109379649
17109379649
17109379649
0
17109681722
17109681722
17109681722
17109681722
17109681722
17109681722
17134127347
17134127347
17134127347
17134127347
17134127347
17134127347
80345
0
17134127347
17134127347
17134127347
17134127347
17134127347
17134127347
17135028820
17135028820
17135028820
17135028820
17135028820
17135028820
0
17149661580
17149661580
17149661580
17149661580
17149661580
17149661580
0
17150248573
17150248573
17150248573
17150248573
17150248573
17150248573
17169151158
17169151158
17169151158
17169151158
17169151158
17169151158
0
2684035
17169151158
17169151158
17169151158
17169151158
17169151158
17169151158
17174669896
17174669896
17174669896
17174669896
17174669896
17174669896
0
17192403256
17192403256
17192403256
17192403256
17192403256
17192403256
0
17193275169
17193275169
17193275169
17193275169
17193275169
17193275169
17199119594
17199119594
17199119594
17199119594
17199119594
17199119594
0
61760
17199119594
17199119594
17199119594
17199119594
17199119594
17199119594
17206944387
17206944387
17206944387
17206944387
17206944387
17206944387
0
17209278347
17209278347
17209278347
17209278347
17209278347
17209278347
0
17210435180
17210435180
17210435180
17210435180
17210435180
17210435180
17221277325
17221277325
17221277325
17221277325
17221277325
17221277325
53065
0
17221277325
17221277325
17221277325
17221277325
17221277325
17221277325
17229139913
17229139913
17229139913
17229139913
17229139913
17229139913
193090
17234574473
17234574473
17234574473
17234574473
17234574473
17234574473
0
17236016226
17236016226
17236016226
17236016226
17236016226
17236016226
17254459611
17254459611
17254459611
17254459611
17254459611
17254459611
0
0
17254459611
17254459611
17254459611
17254459611
17254459611
17254459611
17267321284
17267321284
17267321284
17267321284
17267321284
17267321284
0
17275856444
17275856444
17275856444
17275856444
17275856444
17275856444
0
17275883117
17275883117
17275883117
17275883117
17275883117
17275883117
17292336742
17292336742
17292336742
17292336742
17292336742
17292336742
0
0
17292336742
17292336742
17292336742
17292336742
17292336742
17292336742
17305482115
17305482115
17305482115
17305482115
17305482115
17305482115
0
17317117875
17317117875
17317117875
17317117875
17317117875
17317117875
0
17317429468
17317429468
17317429468
17317429468
17317429468
17317429468
17344726053
17344726053
17344726053
17344726053
17344726053
17344726053
0
0
17344726053
17344726053
17344726053
17344726053
17344726053
17344726053
17346219046
17346219046
17346219046
17346219046
17346219046
17346219046
842650
17360955406
17360955406
17360955406
17360955406
17360955406
17360955406
0
17361551919
17361551919
17361551919
17361551919
17361551919
17361551919
17380494904
17380494904
17380494904
17380494904
17380494904
17380494904
0
0
17380494904
17380494904
17380494904
17380494904
17380494904
17380494904
17384527002
17384527002
17384527002
17384527002
17384527002
17384527002
0
17402363962
17402363962
17402363962
17402363962
17402363962
17402363962
0
17403245395
17403245395
17403245395
17403245395
17403245395
17403245395
17409201900
17409201900
17409201900
17409201900
17409201900
17409201900
0
0
17409201900
17409201900
17409201900
17409201900
17409201900
17409201900
17416167038
17416167038
17416167038
17416167038
17416167038
17416167038
4532430
17418604598
17418604598
17418604598
17418604598
17418604598
17418604598
0
17419770951
17419770951
17419770951
17419770951
17419770951
17419770951
17431506216
17431506216
17431506216
17431506216
17431506216
17431506216
0
0
17431506216
17431506216
17431506216
17431506216
17431506216
17431506216
17439443284
17439443284
17439443284
17439443284
17439443284
17439443284
0
17444981444
17444981444
17444981444
17444981444
17444981444
17444981444
31400
17446432717
17446432717
17446432717
17446432717
17446432717
17446432717
17461449942
17461449942
17461449942
17461449942
17461449942
17461449942
0
760680
17461449942
17461449942
17461449942
17461449942
17461449942
17461449942
17474331390
17474331390
17474331390
17474331390
17474331390
17474331390
21400
17482970150
17482970150
17482970150
17482970150
17482970150
17482970150
0
17483006343
17483006343
17483006343
17483006343
17483006343
17483006343
17503708128
17503708128
17503708128
17503708128
17503708128
17503708128
0
0
17503708128
17503708128
17503708128
17503708128
17503708128
17503708128
17514864281
17514864281
17514864281
17514864281
17514864281
17514864281
0
17526603641
17526603641
17526603641
17526603641
17526603641
17526603641
86800
17526924754
17526924754
17526924754
17526924754
17526924754
17526924754
17552778219
17552778219
17552778219
17552778219
17552778219
17552778219
0
0
17552778219
17552778219
17552778219
17552778219
17552778219
17552778219
17554585557
17554585557
17554585557
17554585557
17554585557
17554585557
298980
17569425517
17569425517
17569425517
17569425517
17569425517
17569425517
0
17570031550
17570031550
17570031550
17570031550
17570031550
17570031550
17589184055
17589184055
17589184055
17589184055
17589184055
17589184055
97105
17600
17589184055
17589184055
17589184055
17589184055
17589184055
17589184055
17591632128
17591632128
17591632128
17591632128
17591632128
17591632128
0
17609572688
17609572688
17609572688
17609572688
17609572688
17609572688
0
17610463641
17610463641
17610463641
17610463641
17610463641
17610463641
17615676386
17615676386
17615676386
17615676386
17615676386
17615676386
0
0
17615676386
17615676386
17615676386
17615676386
17615676386
17615676386
17621628714
17621628714
17621628714
17621628714
17621628714
17621628714
0
17624169874
17624169874
17624169874
17624169874
17624169874
17624169874
0
17625345747
17625345747
17625345747
17625345747
17625345747
17625345747
17639571452
17639571452
17639571452
17639571452
17639571452
17639571452
0
995005
17639571452
17639571452
17639571452
17639571452
17639571452
17639571452
17649359750
17649359750
17649359750
17649359750
17649359750
17649359750
0
17655001510
17655001510
17655001510
17655001510
17655001510
17655001510
0
17656462303
17656462303
17656462303
17656462303
17656462303
17656462303
17676161288
17676161288
17676161288
17676161288
17676161288
17676161288
0
0
17676161288
17676161288
17676161288
17676161288
17676161288
17676161288
17683742441
17683742441
17683742441
17683742441
17683742441
17683742441
1127170
17692484801
17692484801
17692484801
17692484801
17692484801
17692484801
0
17692530514
17692530514
17692530514
17692530514
17692530514
17692530514
17711848259
17711848259
17711848259
17711848259
17711848259
17711848259
19545
426345
17711848259
17711848259
17711848259
17711848259
17711848259
17711848259
17719279147
17719279147
17719279147
17719279147
17719279147
17719279147
0
17731122107
17731122107
17731122107
17731122107
17731122107
17731122107
0
17731452740
17731452740
17731452740
17731452740
17731452740
17731452740
17756387245
17756387245
17756387245
17756387245
17756387245
17756387245
0
0
17756387245
17756387245
17756387245
17756387245
17756387245
17756387245
17758375343
17758375343
17758375343
17758375343
17758375343
17758375343
267685
17773318903
17773318903
17773318903
17773318903
17773318903
17773318903
0
17773934456
17773934456
17773934456
17773934456
17773934456
17773934456
17793303201
17793303201
17793303201
17793303201
17793303201
17793303201
0
0
17793303201
17793303201
17793303201
17793303201
17793303201
17793303201
17797613959
17797613959
17797613959
17797613959
17797613959
17797613959
0
17815658119
17815658119
17815658119
17815658119
17815658119
17815658119
0
17816558592
17816558592
17816558592
17816558592
17816558592
17816558592
17823117017
17823117017
17823117017
17823117017
17823117017
17823117017
16105
0
17823117017
17823117017
17823117017
17823117017
17823117017
17823117017
17827554140
17827554140
17827554140
17827554140
17827554140
17827554140
0
17830198900
17830198900
17830198900
17830198900
17830198900
17830198900
61345
17831384293
17831384293
17831384293
17831384293
17831384293
17831384293
17840210278
17840210278
17840210278
17840210278
17840210278
17840210278
95425
140690
17840210278
17840210278
17840210278
17840210278
17840210278
17840210278
17847279961
17847279961
17847279961
17847279961
17847279961
17847279961
0
17853025321
17853025321
17853025321
17853025321
17853025321
17853025321
0
17854495634
17854495634
17854495634
17854495634
17854495634
17854495634
17870300859
17870300859
17870300859
17870300859
17870300859
17870300859
0
992920
17870300859
17870300859
17870300859
17870300859
17870300859
17870300859
17883907402
17883907402
17883907402
17883907402
17883907402
17883907402
0
17892753362
17892753362
17892753362
17892753362
17892753362
17892753362
0
17892808595
17892808595
17892808595
17892808595
17892808595
17892808595
17913177940
17913177940
17913177940
17913177940
17913177940
17913177940
0
377600
17913177940
17913177940
17913177940
17913177940
17913177940
17913177940
17920756453
17920756453
17920756453
17920756453
17920756453
17920756453
0
17932703013
17932703013
17932703013
17932703013
17932703013
17932703013
0
17933043166
17933043166
17933043166
17933043166
17933043166
17933043166
17962887191
17962887191
17962887191
17962887191
17962887191
17962887191
442835
1478080
17962887191
17962887191
17962887191
17962887191
17962887191
17962887191
17964491304
17964491304
17964491304
17964491304
17964491304
17964491304
446220
17979538464
17979538464
17979538464
17979538464
17979538464
17979538464
3560
17980163537
17980163537
17980163537
17980163537
17980163537
17980163537
17981142682
17981142682
17981142682
17981142682
17981142682
17981142682
0
624280
17981142682
17981142682
17981142682
17981142682
17981142682
17981142682
17986695955
17986695955
17986695955
17986695955
17986695955
17986695955
0
18004843715
18004843715
18004843715
18004843715
18004843715
18004843715
0
18005753708
18005753708
18005753708
18005753708
18005753708
18005753708
18011902293
18011902293
18011902293
18011902293
18011902293
18011902293
13865
0
18011902293
18011902293
18011902293
18011902293
18011902293
18011902293
18017833721
18017833721
18017833721
18017833721
18017833721
18017833721
0
18020582081
18020582081
18020582081
18020582081
18020582081
18020582081
0
18021776994
18021776994
18021776994
18021776994
18021776994
18021776994
18035315139
18035315139
18035315139
18035315139
18035315139
18035315139
0
0
18035315139
18035315139
18035315139
18035315139
18035315139
18035315139
18042932542
18042932542
18042932542
18042932542
18042932542
18042932542
0
18048781502
18048781502
18048781502
18048781502
18048781502
18048781502
17520
18050261335
18050261335
18050261335
18050261335
18050261335
18050261335
18068450160
18068450160
18068450160
18068450160
18068450160
18068450160
0
0
18068450160
18068450160
18068450160
18068450160
18068450160
18068450160
18075524233
18075524233
18075524233
18075524233
18075524233
18075524233
0
18084473793
18084473793
18084473793
18084473793
18084473793
18084473793
0
18084538546
18084538546
18084538546
18084538546
18084538546
18084538546
18108825971
18108825971
18108825971
18108825971
18108825971
18108825971
0
1347480
18108825971
18108825971
18108825971
18108825971
18108825971
18108825971
18124625619
18124625619
18124625619
18124625619
18124625619
18124625619
0
18136675779
18136675779
18136675779
18136675779
18136675779
18136675779
0
18137025452
18137025452
18137025452
18137025452
18137025452
18137025452
18165683957
18165683957
18165683957
18165683957
18165683957
18165683957
0
0
18165683957
18165683957
18165683957
18165683957
18165683957
18165683957
18167571705
18167571705
18167571705
18167571705
18167571705
18167571705
0
18182722465
18182722465
18182722465
18182722465
18182722465
18182722465
0
18183357058
18183357058
18183357058
18183357058
18183357058
18183357058
18184790243
18184790243
18184790243
18184790243
18184790243
18184790243
0
262920
18184790243
18184790243
18184790243
18184790243
18184790243
18184790243
18189279081
18189279081
18189279081
18189279081
18189279081
18189279081
0
18207530441
18207530441
18207530441
18207530441
18207530441
18207530441
0
18208449954
18208449954
18208449954
18208449954
18208449954
18208449954
18215734139
18215734139
18215734139
18215734139
18215734139
18215734139
0
0
18215734139
18215734139
18215734139
18215734139
18215734139
18215734139
18225404082
18225404082
18225404082
18225404082
18225404082
18225404082
0
18228256042
18228256042
18228256042
18228256042
18228256042
18228256042
0
18229460475
18229460475
18229460475
18229460475
18229460475
18229460475
18242063540
18242063540
18242063540
18242063540
18242063540
18242063540
0
0
18242063540
18242063540
18242063540
18242063540
18242063540
18242063540
18252430203
18252430203
18252430203
18252430203
18252430203
18252430203
43720
18258382763
18258382763
18258382763
18258382763
18258382763
18258382763
0
18259872116
18259872116
18259872116
18259872116
18259872116
18259872116
18277307581
18277307581
18277307581
18277307581
18277307581
18277307581
0
57970
18277307581
18277307581
18277307581
18277307581
18277307581
18277307581
18292819874
18292819874
18292819874
18292819874
18292819874
18292819874
0
18301873034
18301873034
18301873034
18301873034
18301873034
18301873034
40745
18301947307
18301947307
18301947307
18301947307
18301947307
18301947307
18324535812
18324535812
18324535812
18324535812
18324535812
18324535812
0
412540
18324535812
18324535812
18324535812
18324535812
18324535812
18324535812
18333640460
18333640460
18333640460
18333640460
18333640460
18333640460
49625
18345794220
18345794220
18345794220
18345794220
18345794220
18345794220
11705
18346153413
18346153413
18346153413
18346153413
18346153413
18346153413
18371946398
18371946398
18371946398
18371946398
18371946398
18371946398
0
0
18371946398
18371946398
18371946398
18371946398
18371946398
18371946398
18374250911
18374250911
18374250911
18374250911
18374250911
18374250911
3865
18389505271
18389505271
18389505271
18389505271
18389505271
18389505271
98865
18390149384
18390149384
18390149384
18390149384
18390149384
18390149384
18391734649
18391734649
18391734649
18391734649
18391734649
18391734649
0
0
18391734649
18391734649
18391734649
18391734649
18391734649
18391734649
18395893352
18395893352
18395893352
18395893352
18395893352
18395893352
0
18414248312
18414248312
18414248312
18414248312
18414248312
18414248312
20320
18415177345
18415177345
18415177345
18415177345
18415177345
18415177345
18420555210
18420555210
18420555210
18420555210
18420555210
18420555210
5200
0
18420555210
18420555210
18420555210
18420555210
18420555210
18420555210
18427350878
18427350878
18427350878
18427350878
18427350878
18427350878
0
18430306438
18430306438
18430306438
18430306438
18430306438
18430306438
0
18431520391
18431520391
18431520391
18431520391
18431520391
18431520391
18443414216
18443414216
18443414216
18443414216
18443414216
18443414216
103465
72610
18443414216
18443414216
18443414216
18443414216
18443414216
18443414216
18448834829
18448834829
18448834829
18448834829
18448834829
18448834829
0
18454890989
18454890989
18454890989
18454890989
18454890989
18454890989
0
18456389862
18456389862
18456389862
18456389862
18456389862
18456389862
18472756847
18472756847
18472756847
18472756847
18472756847
18472756847
0
267530
18472756847
18472756847
18472756847
18472756847
18472756847
18472756847
18485563920
18485563920
18485563920
18485563920
18485563920
18485563920
0
18494720680
18494720680
18494720680
18494720680
18494720680
18494720680
0
18494804473
18494804473
18494804473
18494804473
18494804473
18494804473
18520390458
18520390458
18520390458
18520390458
18520390458
18520390458
0
52000
18520390458
18520390458
18520390458
18520390458
18520390458
18520390458
18525948956
18525948956
18525948956
18525948956
18525948956
18525948956
0
18538206316
18538206316
18538206316
18538206316
18538206316
18538206316
0
18538575029
18538575029
18538575029
18538575029
18538575029
18538575029
18567879774
18567879774
18567879774
18567879774
18567879774
18567879774
0
0
18567879774
18567879774
18567879774
18567879774
18567879774
18567879774
18569693932
18569693932
18569693932
18569693932
18569693932
18569693932
0
18585051892
18585051892
18585051892
18585051892
18585051892
18585051892
0
18585705525
18585705525
18585705525
18585705525
18585705525
18585705525
18587030150
18587030150
18587030150
18587030150
18587030150
18587030150
0
843655
18587030150
18587030150
18587030150
18587030150
18587030150
18587030150
18590414343
18590414343
18590414343
18590414343
18590414343
18590414343
972725
18608872903
18608872903
18608872903
18608872903
18608872903
18608872903
0
18609811456
18609811456
18609811456
18609811456
18609811456
18609811456
18615946201
18615946201
18615946201
18615946201
18615946201
18615946201
0
67160
18615946201
18615946201
18615946201
18615946201
18615946201
18615946201
18622780044
18622780044
18622780044
18622780044
18622780044
18622780044
1575575
18625839204
18625839204
18625839204
18625839204
18625839204
18625839204
89865
18627062677
18627062677
18627062677
18627062677
18627062677
18627062677
18638310222
18638310222
18638310222
18638310222
18638310222
18638310222
0
145945
18638310222
18638310222
18638310222
18638310222
18638310222
18638310222
18647810620
18647810620
18647810620
18647810620
18647810620
18647810620
83185
18653970380
18653970380
18653970380
18653970380
18653970380
18653970380
0
18655478773
18655478773
18655478773
18655478773
18655478773
18655478773
18672793758
18672793758
18672793758
18672793758
18672793758
18672793758
0
0
18672793758
18672793758
18672793758
18672793758
18672793758
18672793758
18679940246
18679940246
18679940246
18679940246
18679940246
18679940246
324060
18689200606
18689200606
18689200606
18689200606
18689200606
18689200606
0
18689293919
18689293919
18689293919
18689293919
18689293919
18689293919
18706711864
18706711864
18706711864
18706711864
18706711864
18706711864
0
13330
18706711864
18706711864
18706711864
18706711864
18706711864
18706711864
18723013402
18723013402
18723013402
18723013402
18723013402
18723013402
0
18735374362
18735374362
18735374362
18735374362
18735374362
18735374362
0
18735752595
18735752595
18735752595
18735752595
18735752595
18735752595
18765897340
18765897340
18765897340
18765897340
18765897340
18765897340
0
0
18765897340
18765897340
18765897340
18765897340
18765897340
18765897340
18768542183
18768542183
18768542183
18768542183
18768542183
18768542183
0
18784003743
18784003743
18784003743
18784003743
18784003743
18784003743
0
18784666896
18784666896
18784666896
18784666896
18784666896
18784666896
18786481201
18786481201
18786481201
18786481201
18786481201
18786481201
0
0
18786481201
18786481201
18786481201
18786481201
18786481201
18786481201
18790859314
18790859314
18790859314
18790859314
18790859314
18790859314
315180
18790921474
18790921474
18790921474
18790921474
18790921474
18790921474
0
18791869547
18791869547
18791869547
18791869547
18791869547
18791869547
18799679252
18799679252
18799679252
18799679252
18799679252
18799679252
0
0
18799679252
18799679252
18799679252
18799679252
18799679252
18799679252
18808016550
18808016550
18808016550
18808016550
18808016550
18808016550
0
18811179310
18811179310
18811179310
18811179310
18811179310
18811179310
37080
18812412303
18812412303
18812412303
18812412303
18812412303
18812412303
18823649288
18823649288
18823649288
18823649288
18823649288
18823649288
0
0
18823649288
18823649288
18823649288
18823649288
18823649288
18823649288
18833234246
18833234246
18833234246
18833234246
18833234246
18833234246
0
18839497606
18839497606
18839497606
18839497606
18839497606
18839497606
0
18841015519
18841015519
18841015519
18841015519
18841015519
18841015519
18857597384
18857597384
18857597384
18857597384
18857597384
18857597384
47385
0
18857597384
18857597384
18857597384
18857597384
18857597384
18857597384
18864635022
18864635022
18864635022
18864635022
18864635022
18864635022
0
18873998982
18873998982
18873998982
18873998982
18873998982
18873998982
0
18874101815
18874101815
18874101815
18874101815
18874101815
18874101815
18894286400
18894286400
18894286400
18894286400
18894286400
18894286400
0
0
18894286400
18894286400
18894286400
18894286400
18894286400
18894286400
18898295113
18898295113
18898295113
18898295113
18898295113
18898295113
270465
18910759673
18910759673
18910759673
18910759673
18910759673
18910759673
0
18911147426
18911147426
18911147426
18911147426
18911147426
18911147426
18940540651
18940540651
18940540651
18940540651
18940540651
18940540651
0
0
18940540651
18940540651
18940540651
18940540651
18940540651
18940540651
18942309129
18942309129
18942309129
18942309129
18942309129
18942309129
0
18957874289
18957874289
18957874289
18957874289
18957874289
18957874289
0
18958546962
18958546962
18958546962
18958546962
18958546962
18958546962
18960366467
18960366467
18960366467
18960366467
18960366467
18960366467
0
421125
18960366467
18960366467
18960366467
18960366467
18960366467
18960366467
18964826340
18964826340
18964826340
18964826340
18964826340
18964826340
0
18964992100
18964992100
18964992100
18964992100
18964992100
18964992100
43800
18965949693
18965949693
18965949693
18965949693
18965949693
18965949693
18973344278
18973344278
18973344278
18973344278
18973344278
18973344278
0
58325
18973344278
18973344278
18973344278
18973344278
18973344278
18973344278
18979601721
18979601721
18979601721
18979601721
18979601721
18979601721
0
18982868081
18982868081
18982868081
18982868081
18982868081
18982868081
0
18984110594
18984110594
18984110594
18984110594
18984110594
18984110594
18996485899
18996485899
18996485899
18996485899
18996485899
18996485899
0
0
18996485899
18996485899
18996485899
18996485899
18996485899
18996485899
19007607752
19007607752
19007607752
19007607752
19007607752
19007607752
0
19013974712
19013974712
19013974712
19013974712
19013974712
19013974712
78105
19015502145
19015502145
19015502145
19015502145
19015502145
19015502145
19034267850
19034267850
19034267850
19034267850
19034267850
19034267850
0
17440
19034267850
19034267850
19034267850
19034267850
19034267850
19034267850
19043591548
19043591548
19043591548
19043591548
19043591548
19043591548
3569150
19053059108
19053059108
19053059108
19053059108
19053059108
19053059108
0
19053171461
19053171461
19053171461
19053171461
19053171461
19053171461
19075615606
19075615606
19075615606
19075615606
19075615606
19075615606
0
0
19075615606
19075615606
19075615606
19075615606
19075615606
19075615606
19087389999
19087389999
19087389999
19087389999
19087389999
19087389999
0
19099958159
19099958159
19099958159
19099958159
19099958159
19099958159
0
19100355432
19100355432
19100355432
19100355432
19100355432
19100355432
19130216257
19130216257
19130216257
19130216257
19130216257
19130216257
0
0
19130216257
19130216257
19130216257
19130216257
19130216257
19130216257
19132566005
19132566005
19132566005
19132566005
19132566005
19132566005
0
19148234765
19148234765
19148234765
19148234765
19148234765
19148234765
0
19148916958
19148916958
19148916958
19148916958
19148916958
19148916958
19151350743
19151350743
19151350743
19151350743
19151350743
19151350743
0
0
19151350743
19151350743
19151350743
19151350743
19151350743
19151350743
19155530156
19155530156
19155530156
19155530156
19155530156
19155530156
254220
19155799516
19155799516
19155799516
19155799516
19155799516
19155799516
0
19156766629
19156766629
19156766629
19156766629
19156766629
19156766629
19165382894
19165382894
19165382894
19165382894
19165382894
19165382894
0
0
19165382894
19165382894
19165382894
19165382894
19165382894
19165382894
19173357332
19173357332
19173357332
19173357332
19173357332
19173357332
0
19176727292
19176727292
19176727292
19176727292
19176727292
19176727292
0
19177979325
19177979325
19177979325
19177979325
19177979325
19177979325
19191113310
19191113310
19191113310
19191113310
19191113310
19191113310
0
0
19191113310
19191113310
19191113310
19191113310
19191113310
19191113310
19202205193
19202205193
19202205193
19202205193
19202205193
19202205193
0
19208675753
19208675753
19208675753
19208675753
19208675753
19208675753
93120
19210212706
19210212706
19210212706
19210212706
19210212706
19210212706
19231445931
19231445931
19231445931
19231445931
19231445931
19231445931
0
0
19231445931
19231445931
19231445931
19231445931
19231445931
19231445931
19241155889
19241155889
19241155889
19241155889
19241155889
19241155889
0
19250727049
19250727049
19250727049
19250727049
19250727049
19250727049
0
19250848922
19250848922
19250848922
19250848922
19250848922
19250848922
19274955347
19274955347
19274955347
19274955347
19274955347
19274955347
197290
0
19274955347
19274955347
19274955347
19274955347
19274955347
19274955347
19288945970
19288945970
19288945970
19288945970
19288945970
19288945970
1696760
19301617730
19301617730
19301617730
19301617730
19301617730
19301617730
0
19302024523
19302024523
19302024523
19302024523
19302024523
19302024523
19332070708
19332070708
19332070708
19332070708
19332070708
19332070708
0
37810
19332070708
19332070708
19332070708
19332070708
19332070708
19332070708
19333841576
19333841576
19333841576
19333841576
19333841576
19333841576
0
19349613936
19349613936
19349613936
19349613936
19349613936
19349613936
0
19350305649
19350305649
19350305649
19350305649
19350305649
19350305649
19353110354
19353110354
19353110354
19353110354
19353110354
19353110354
0
0
19353110354
19353110354
19353110354
19353110354
19353110354
19353110354
19358625352
19358625352
19358625352
19358625352
19358625352
19358625352
0
19358998312
19358998312
19358998312
19358998312
19358998312
19358998312
0
19359974945
19359974945
19359974945
19359974945
19359974945
19359974945
19369567130
19369567130
19369567130
19369567130
19369567130
19369567130
0
0
19369567130
19369567130
19369567130
19369567130
19369567130
19369567130
19378300158
19378300158
19378300158
19378300158
19378300158
19378300158
0
19381773718
19381773718
19381773718
19381773718
19381773718
19381773718
0
19383035271
19383035271
19383035271
19383035271
19383035271
19383035271
19396214816
19396214816
19396214816
19396214816
19396214816
19396214816
0
0
19396214816
19396214816
19396214816
19396214816
19396214816
19396214816
19402904469
19402904469
19402904469
19402904469
19402904469
19402904469
632150
19409478629
19409478629
19409478629
19409478629
19409478629
19409478629
0
19411025102
19411025102
19411025102
19411025102
19411025102
19411025102
19430410487
19430410487
19430410487
19430410487
19430410487
19430410487
0
145440
19430410487
19430410487
19430410487
19430410487
19430410487
19430410487
19443103985
19443103985
19443103985
19443103985
19443103985
19443103985
0
19452778745
19452778745
19452778745
19452778745
19452778745
19452778745
0
19452910138
19452910138
19452910138
19452910138
19452910138
19452910138
19474908123
19474908123
19474908123
19474908123
19474908123
19474908123
0
84520
19474908123
19474908123
19474908123
19474908123
19474908123
19474908123
19481067761
19481067761
19481067761
19481067761
19481067761
19481067761
0
19493843121
19493843121
19493843121
19493843121
19493843121
19493843121
57505
19494259434
19494259434
19494259434
19494259434
19494259434
19494259434
19521522419
19521522419
19521522419
19521522419
19521522419
19521522419
0
0
19521522419
19521522419
19521522419
19521522419
19521522419
19521522419
19523373352
19523373352
19523373352
19523373352
19523373352
19523373352
0
19539249312
19539249312
19539249312
19539249312
19539249312
19539249312
0
19539950545
19539950545
19539950545
19539950545
19539950545
19539950545
19542629650
19542629650
19542629650
19542629650
19542629650
19542629650
0
210945
19542629650
19542629650
19542629650
19542629650
19542629650
19542629650
19546051298
19546051298
19546051298
19546051298
19546051298
19546051298
95990
19546527858
19546527858
19546527858
19546527858
19546527858
19546527858
0
19547514011
19547514011
19547514011
19547514011
19547514011
19547514011
19556853316
19556853316
19556853316
19556853316
19556853316
19556853316
14985
0
19556853316
19556853316
19556853316
19556853316
19556853316
19556853316
19564438014
19564438014
19564438014
19564438014
19564438014
19564438014
0
19568015174
19568015174
19568015174
19568015174
19568015174
19568015174
0
19569286247
19569286247
19569286247
19569286247
19569286247
19569286247
19585546632
19585546632
19585546632
19585546632
19585546632
19585546632
685950
254490
19585546632
19585546632
19585546632
19585546632
19585546632
19585546632
19595729130
19595729130
19595729130
19595729130
19595729130
19595729130
0
19602406890
19602406890
19602406890
19602406890
19602406890
19602406890
0
19603962883
19603962883
19603962883
19603962883
19603962883
19603962883
19623598668
19623598668
19623598668
19623598668
19623598668
19623598668
0
0
19623598668
19623598668
19623598668
19623598668
19623598668
19623598668
19633278736
19633278736
19633278736
19633278736
19633278736
19633278736
0
19643057096
19643057096
19643057096
19643057096
19643057096
19643057096
441845
19643198009
19643198009
19643198009
19643198009
19643198009
19643198009
19666953514
19666953514
19666953514
19666953514
19666953514
19666953514
0
1139175
19666953514
19666953514
19666953514
19666953514
19666953514
19666953514
19687909142
19687909142
19687909142
19687909142
19687909142
19687909142
0
19700788102
19700788102
19700788102
19700788102
19700788102
19700788102
0
19701213935
19701213935
19701213935
19701213935
19701213935
19701213935
19728067000
19728067000
19728067000
19728067000
19728067000
19728067000
80905
9011565
19728067000
19728067000
19728067000
19728067000
19728067000
19728067000
19731011153
19731011153
19731011153
19731011153
19731011153
19731011153
0
19746990713
19746990713
19746990713
19746990713
19746990713
19746990713
0
19747701466
19747701466
19747701466
19747701466
19747701466
19747701466
19750291251
19750291251
19750291251
19750291251
19750291251
19750291251
0
875470
19750291251
19750291251
19750291251
19750291251
19750291251
19750291251
19756097844
19756097844
19756097844
19756097844
19756097844
19756097844
69600
19756678004
19756678004
19756678004
19756678004
19756678004
19756678004
0
19757673677
19757673677
19757673677
19757673677
19757673677
19757673677
19767219622
19767219622
19767219622
19767219622
19767219622
19767219622
89000
96745
19767219622
19767219622
19767219622
19767219622
19767219622
19767219622
19772848870
19772848870
19772848870
19772848870
19772848870
19772848870
0
19776529630
19776529630
19776529630
19776529630
19776529630
19776529630
0
19777810223
19777810223
19777810223
19777810223
19777810223
19777810223
19789905808
19789905808
19789905808
19789905808
19789905808
19789905808
0
550310
19789905808
19789905808
19789905808
19789905808
19789905808
19789905808
19799259716
19799259716
19799259716
19799259716
19799259716
19799259716
680175
19806041076
19806041076
19806041076
19806041076
19806041076
19806041076
0
19807606589
19807606589
19807606589
19807606589
19807606589
19807606589
19824452614
19824452614
19824452614
19824452614
19824452614
19824452614
0
229395
19824452614
19824452614
19824452614
19824452614
19824452614
19824452614
19838962612
19838962612
19838962612
19838962612
19838962612
19838962612
375510
19848844572
19848844572
19848844572
19848844572
19848844572
19848844572
0
19848995005
19848995005
19848995005
19848995005
19848995005
19848995005
19873649110
19873649110
19873649110
19873649110
19873649110
19873649110
0
16610
19873649110
19873649110
19873649110
19873649110
19873649110
19873649110
19889293203
19889293203
19889293203
19889293203
19889293203
19889293203
0
19902275763
19902275763
19902275763
19902275763
19902275763
19902275763
0
19902711116
19902711116
19902711116
19902711116
19902711116
19902711116
19933410261
19933410261
19933410261
19933410261
19933410261
19933410261
16960
0
19933410261
19933410261
19933410261
19933410261
19933410261
19933410261
19935816309
19935816309
19935816309
19935816309
19935816309
19935816309
0
19951899469
19951899469
19951899469
19951899469
19951899469
19951899469
0
19952619742
19952619742
19952619742
19952619742
19952619742
19952619742
19955601367
19955601367
19955601367
19955601367
19955601367
19955601367
0
30360
19955601367
19955601367
19955601367
19955601367
19955601367
19955601367
19961669765
19961669765
19961669765
19961669765
19961669765
19961669765
200
19962353525
19962353525
19962353525
19962353525
19962353525
19962353525
53545
19963358718
19963358718
19963358718
19963358718
19963358718
19963358718
19971196103
19971196103
19971196103
19971196103
19971196103
19971196103
0
0
19971196103
19971196103
19971196103
19971196103
19971196103
19971196103
19983135126
19983135126
19983135126
19983135126
19983135126
19983135126
0
19986919486
19986919486
19986919486
19986919486
19986919486
19986919486
0
19988209599
19988209599
19988209599
19988209599
19988209599
19988209599
20003486384
20003486384
20003486384
20003486384
20003486384
20003486384
5760
0
20003486384
20003486384
20003486384
20003486384
20003486384
20003486384
20009094442
20009094442
20009094442
20009094442
20009094442
20009094442
0
20015979402
20015979402
20015979402
20015979402
20015979402
20015979402
0
20017554435
20017554435
20017554435
20017554435
20017554435
20017554435
20035265420
20035265420
20035265420
20035265420
20035265420
20035265420
0
0
20035265420
20035265420
20035265420
20035265420
20035265420
20035265420
20052106453
20052106453
20052106453
20052106453
20052106453
20052106453
1207115
20062092013
20062092013
20062092013
20062092013
20062092013
20062092013
0
20062251966
20062251966
20062251966
20062251966
20062251966
20062251966
20084264831
20084264831
20084264831
20084264831
20084264831
20084264831
0
0
20084264831
20084264831
20084264831
20084264831
20084264831
20084264831
20097519739
20097519739
20097519739
20097519739
20097519739
20097519739
505
20110605899
20110605899
20110605899
20110605899
20110605899
20110605899
87360
20111050772
20111050772
20111050772
20111050772
20111050772
20111050772
20142617917
20142617917
20142617917
20142617917
20142617917
20142617917
0
0
20142617917
20142617917
20142617917
20142617917
20142617917
20142617917
20145251190
20145251190
20145251190
20145251190
20145251190
20145251190
531075
20161437950
20161437950
20161437950
20161437950
20161437950
20161437950
0
20162167743
20162167743
20162167743
20162167743
20162167743
20162167743
20165743728
20165743728
20165743728
20165743728
20165743728
20165743728
97665
96225
20165743728
20165743728
20165743728
20165743728
20165743728
20165743728
20170199386
20170199386
20170199386
20170199386
20170199386
20170199386
306925
20170986746
20170986746
20170986746
20170986746
20170986746
20170986746
0
20172001459
20172001459
20172001459
20172001459
20172001459
20172001459
20180165004
20180165004
20180165004
20180165004
20180165004
20180165004
0
0
20180165004
20180165004
20180165004
20180165004
20180165004
20180165004
20189005002
20189005002
20189005002
20189005002
20189005002
20189005002
0
20192892962
20192892962
20192892962
20192892962
20192892962
20192892962
0
20194192595
20194192595
20194192595
20194192595
20194192595
20194192595
20208522900
20208522900
20208522900
20208522900
20208522900
20208522900
0
59225
20208522900
20208522900
20208522900
20208522900
20208522900
20208522900
20215773558
20215773558
20215773558
20215773558
20215773558
20215773558
252245
20222762118
20222762118
20222762118
20222762118
20222762118
20222762118
0
20224346671
20224346671
20224346671
20224346671
20224346671
20224346671
20244417976
20244417976
20244417976
20244417976
20244417976
20244417976
0
0
20244417976
20244417976
20244417976
20244417976
20244417976
20244417976
20261039069
20261039069
20261039069
20261039069
20261039069
20261039069
492150
20271128229
20271128229
20271128229
20271128229
20271128229
20271128229
94865
20271297702
20271297702
20271297702
20271297702
20271297702
20271297702
20296885607
20296885607
20296885607
20296885607
20296885607
20296885607
0
109665
20296885607
20296885607
20296885607
20296885607
20296885607
20296885607
20297022855
20297022855
20297022855
20297022855
20297022855
20297022855
0
20310212615
20310212615
20310212615
20310212615
20310212615
20310212615
0
20310667008
20310667008
20310667008
20310667008
20310667008
20310667008
20341835993
20341835993
20341835993
20341835993
20341835993
20341835993
0
0
20341835993
20341835993
20341835993
20341835993
20341835993
20341835993
20344723356
20344723356
20344723356
20344723356
20344723356
20344723356
0
20361013716
20361013716
20361013716
20361013716
20361013716
20361013716
0
20361753029
20361753029
20361753029
20361753029
20361753029
20361753029
20365306414
20365306414
20365306414
20365306414
20365306414
20365306414
0
0
20365306414
20365306414
20365306414
20365306414
20365306414
20365306414
20371814587
20371814587
20371814587
20371814587
20371814587
20371814587
0
20372705547
20372705547
20372705547
20372705547
20372705547
20372705547
79000
20373729780
20373729780
20373729780
20373729780
20373729780
20373729780
20381531645
20381531645
20381531645
20381531645
20381531645
20381531645
0
0
20381531645
20381531645
20381531645
20381531645
20381531645
20381531645
20389815678
20389815678
20389815678
20389815678
20389815678
20389815678
0
20393807238
20393807238
20393807238
20393807238
20393807238
20393807238
46560
20395116391
20395116391
20395116391
20395116391
20395116391
20395116391
20409149256
20409149256
20409149256
20409149256
20409149256
20409149256
0
0
20409149256
20409149256
20409149256
20409149256
20409149256
20409149256
20419880149
20419880149
20419880149
20419880149
20419880149
20419880149
3000275
20426972309
20426972309
20426972309
20426972309
20426972309
20426972309
0
20428566382
20428566382
20428566382
20428566382
20428566382
20428566382
20447914167
20447914167
20447914167
20447914167
20447914167
20447914167
89345
0
20447914167
20447914167
20447914167
20447914167
20447914167
20447914167
20461544615
20461544615
20461544615
20461544615
20461544615
20461544615
385625
20471737375
20471737375
20471737375
20471737375
20471737375
20471737375
0
20471916368
20471916368
20471916368
20471916368
20471916368
20471916368
20495236753
20495236753
20495236753
20495236753
20495236753
20495236753
90080
61640
20495236753
20495236753
20495236753
20495236753
20495236753
20495236753
20495474336
20495474336
20495474336
20495474336
20495474336
20495474336
0
20508767696
20508767696
20508767696
20508767696
20508767696
20508767696
0
20509231609
20509231609
20509231609
20509231609
20509231609
20509231609
20537433154
20537433154
20537433154
20537433154
20537433154
20537433154
0
0
20537433154
20537433154
20537433154
20537433154
20537433154
20537433154
20540377667
20540377667
20540377667
20540377667
20540377667
20540377667
0
20556771627
20556771627
20556771627
20556771627
20556771627
20556771627
4120
20557520460
20557520460
20557520460
20557520460
20557520460
20557520460
20561065085
20561065085
20561065085
20561065085
20561065085
20561065085
0
0
20561065085
20561065085
20561065085
20561065085
20561065085
20561065085
20566861138
20566861138
20566861138
20566861138
20566861138
20566861138
512920
20567855698
20567855698
20567855698
20567855698
20567855698
20567855698
0
20568889451
20568889451
20568889451
20568889451
20568889451
20568889451
20578876996
20578876996
20578876996
20578876996
20578876996
20578876996
14425
82880
20578876996
20578876996
20578876996
20578876996
20578876996
20578876996
20587048289
20587048289
20587048289
20587048289
20587048289
20587048289
69265
20591143449
20591143449
20591143449
20591143449
20591143449
20591143449
0
20592462122
20592462122
20592462122
20592462122
20592462122
20592462122
20609019067
20609019067
20609019067
20609019067
20609019067
20609019067
0
0
20609019067
20609019067
20609019067
20609019067
20609019067
20609019067
20619906065
20619906065
20619906065
20619906065
20619906065
20619906065
0
20627101825
20627101825
20627101825
20627101825
20627101825
20627101825
0
20628705418
20628705418
20628705418
20628705418
20628705418
20628705418
20646854803
20646854803
20646854803
20646854803
20646854803
20646854803
0
0
20646854803
20646854803
20646854803
20646854803
20646854803
20646854803
20658465786
20658465786
20658465786
20658465786
20658465786
20658465786
0
20668762146
20668762146
20668762146
20668762146
20668762146
20668762146
0
20668950659
20668950659
20668950659
20668950659
20668950659
20668950659
20693511404
20693511404
20693511404
20693511404
20693511404
20693511404
0
0
20693511404
20693511404
20693511404
20693511404
20693511404
20693511404
20693808617
20693808617
20693808617
20693808617
20693808617
20693808617
0
20707205577
20707205577
20707205577
20707205577
20707205577
20707205577
0
20707679010
20707679010
20707679010
20707679010
20707679010
20707679010
20738824475
20738824475
20738824475
20738824475
20738824475
20738824475
0
78745
20738824475
20738824475
20738824475
20738824475
20738824475
20738824475
20741483703
20741483703
20741483703
20741483703
20741483703
20741483703
0
20757981263
20757981263
20757981263
20757981263
20757981263
20757981263
74265
20758739616
20758739616
20758739616
20758739616
20758739616
20758739616
20762467361
20762467361
20762467361
20762467361
20762467361
20762467361
0
40745
20762467361
20762467361
20762467361
20762467361
20762467361
20762467361
20768668359
20768668359
20768668359
20768668359
20768668359
20768668359
17520
20769766519
20769766519
20769766519
20769766519
20769766519
20769766519
0
20770809792
20770809792
20770809792
20770809792
20770809792
20770809792
20779169417
20779169417
20779169417
20779169417
20779169417
20779169417
0
8085610
20779169417
20779169417
20779169417
20779169417
20779169417
20779169417
20787634890
20787634890
20787634890
20787634890
20787634890
20787634890
0
20791833650
20791833650
20791833650
20791833650
20791833650
20791833650
248800
20793161843
20793161843
20793161843
20793161843
20793161843
20793161843
20809233828
20809233828
20809233828
20809233828
20809233828
20809233828
0
0
20809233828
20809233828
20809233828
20809233828
20809233828
20809233828
20821300826
20821300826
20821300826
20821300826
20821300826
20821300826
177120
20828600186
20828600186
20828600186
20828600186
20828600186
20828600186
0
20830213299
20830213299
20830213299
20830213299
20830213299
20830213299
20848794764
20848794764
20848794764
20848794764
20848794764
20848794764
0
0
20848794764
20848794764
20848794764
20848794764
20848794764
20848794764
20861331357
20861331357
20861331357
20861331357
20861331357
20861331357
0
20871731317
20871731317
20871731317
20871731317
20871731317
20871731317
0
20871929350
20871929350
20871929350
20871929350
20871929350
20871929350
20896584135
20896584135
20896584135
20896584135
20896584135
20896584135
29280
0
20896584135
20896584135
20896584135
20896584135
20896584135
20896584135
20896870503
20896870503
20896870503
20896870503
20896870503
20896870503
2189745
20910371063
20910371063
20910371063
20910371063
20910371063
20910371063
119705
20910854016
20910854016
20910854016
20910854016
20910854016
20910854016
20936402281
20936402281
20936402281
20936402281
20936402281
20936402281
0
0
20936402281
20936402281
20936402281
20936402281
20936402281
20936402281
20940119114
20940119114
20940119114
20940119114
20940119114
20940119114
0
20956720274
20956720274
20956720274
20956720274
20956720274
20956720274
0
20957488147
20957488147
20957488147
20957488147
20957488147
20957488147
20961135972
20961135972
20961135972
20961135972
20961135972
20961135972
0
0
20961135972
20961135972
20961135972
20961135972
20961135972
20961135972
20964793095
20964793095
20964793095
20964793095
20964793095
20964793095
38800
20965994855
20965994855
20965994855
20965994855
20965994855
20965994855
20880
20967047648
20967047648
20967047648
20967047648
20967047648
20967047648
20978563833
20978563833
20978563833
20978563833
20978563833
20978563833
0
0
20978563833
20978563833
20978563833
20978563833
20978563833
20978563833
20983844971
20983844971
20983844971
20983844971
20983844971
20983844971
0
20988147331
20988147331
20988147331
20988147331
20988147331
20988147331
0
20989485044
20989485044
20989485044
20989485044
20989485044
20989485044
21005156309
21005156309
21005156309
21005156309
21005156309
21005156309
31185
0
21005156309
21005156309
21005156309
21005156309
21005156309
21005156309
21016771347
21016771347
21016771347
21016771347
21016771347
21016771347
0
21024174307
21024174307
21024174307
21024174307
21024174307
21024174307
79425
21025796940
21025796940
21025796940
21025796940
21025796940
21025796940
21044081045
21044081045
21044081045
21044081045
21044081045
21044081045
0
2009280
21044081045
21044081045
21044081045
21044081045
21044081045
21044081045
21060290608
21060290608
21060290608
21060290608
21060290608
21060290608
0
21070794168
21070794168
21070794168
21070794168
21070794168
21070794168
0
21071001721
21071001721
21071001721
21071001721
21071001721
21071001721
21091742386
21091742386
21091742386
21091742386
21091742386
21091742386
0
87360
21091742386
21091742386
21091742386
21091742386
21091742386
21091742386
21092207699
21092207699
21092207699
21092207699
21092207699
21092207699
76680
21105811859
21105811859
21105811859
21105811859
21105811859
21105811859
0
21106304332
21106304332
21106304332
21106304332
21106304332
21106304332
21123428597
21123428597
21123428597
21123428597
21123428597
21123428597
0
0
21123428597
21123428597
21123428597
21123428597
21123428597
21123428597
21127615545
21127615545
21127615545
21127615545
21127615545
21127615545
2508675
21144320305
21144320305
21144320305
21144320305
21144320305
21144320305
0
21145097698
21145097698
21145097698
21145097698
21145097698
21145097698
21148273683
21148273683
21148273683
21148273683
21148273683
21148273683
0
1143560
21148273683
21148273683
21148273683
21148273683
21148273683
21148273683
21152774076
21152774076
21152774076
21152774076
21152774076
21152774076
0
21154079436
21154079436
21154079436
21154079436
21154079436
21154079436
36265
21155141749
21155141749
21155141749
21155141749
21155141749
21155141749
21166505534
21166505534
21166505534
21166505534
21166505534
21166505534
0
167145
21166505534
21166505534
21166505534
21166505534
21166505534
21166505534
21174732087
21174732087
21174732087
21174732087
21174732087
21174732087
35480
21179138047
21179138047
21179138047
21179138047
21179138047
21179138047
43720
21180485280
21180485280
21180485280
21180485280
21180485280
21180485280
21195338225
21195338225
21195338225
21195338225
21195338225
21195338225
0
211330
21195338225
21195338225
21195338225
21195338225
21195338225
21195338225
21204621108
21204621108
21204621108
21204621108
21204621108
21204621108
0
21212127668
21212127668
21212127668
21212127668
21212127668
21212127668
0
21213759821
21213759821
21213759821
21213759821
21213759821
21213759821
21230594966
21230594966
21230594966
21230594966
21230594966
21230594966
0
0
21230594966
21230594966
21230594966
21230594966
21230594966
21230594966
21235463164
21235463164
21235463164
21235463164
21235463164
21235463164
80640
21246070324
21246070324
21246070324
21246070324
21246070324
21246070324
44320
21246287397
21246287397
21246287397
21246287397
21246287397
21246287397
21272975782
21272975782
21272975782
21272975782
21272975782
21272975782
0
149690
21272975782
21272975782
21272975782
21272975782
21272975782
21272975782
21273477655
21273477655
21273477655
21273477655
21273477655
21273477655
0
21287185415
21287185415
21287185415
21287185415
21287185415
21287185415
77320
21287687408
21287687408
21287687408
21287687408
21287687408
21287687408
21304955993
21304955993
21304955993
21304955993
21304955993
21304955993
0
0
21304955993
21304955993
21304955993
21304955993
21304955993
21304955993
21307479986
21307479986
21307479986
21307479986
21307479986
21307479986
195730
21324288346
21324288346
21324288346
21324288346
21324288346
21324288346
0
21325075259
21325075259
21325075259
21325075259
21325075259
21325075259
21328333884
21328333884
21328333884
21328333884
21328333884
21328333884
0
32425
21328333884
21328333884
21328333884
21328333884
21328333884
21328333884
21331848592
21331848592
21331848592
21331848592
21331848592
21331848592
4054145
21333257552
21333257552
21333257552
21333257552
21333257552
21333257552
0
21334329385
21334329385
21334329385
21334329385
21334329385
21334329385
21343434930
21343434930
21343434930
21343434930
21343434930
21343434930
0
0
21343434930
21343434930
21343434930
21343434930
21343434930
21343434930
21351482198
21351482198
21351482198
21351482198
21351482198
21351482198
0
21355991758
21355991758
21355991758
21355991758
21355991758
21355991758
37640
21357348511
21357348511
21357348511
21357348511
21357348511
21357348511
21373097456
21373097456
21373097456
21373097456
21373097456
21373097456
0
0
21373097456
21373097456
21373097456
21373097456
21373097456
21373097456
21382454259
21382454259
21382454259
21382454259
21382454259
21382454259
0
21390064419
21390064419
21390064419
21390064419
21390064419
21390064419
0
21391706092
21391706092
21391706092
21391706092
21391706092
21391706092
21410796597
21410796597
21410796597
21410796597
21410796597
21410796597
47945
0
21410796597
21410796597
21410796597
21410796597
21410796597
21410796597
21425657470
21425657470
21425657470
21425657470
21425657470
21425657470
70000
21436368230
21436368230
21436368230
21436368230
21436368230
21436368230
0
21436594823
21436594823
21436594823
21436594823
21436594823
21436594823
21463470808
21463470808
21463470808
21463470808
21463470808
21463470808
0
0
21463470808
21463470808
21463470808
21463470808
21463470808
21463470808
21463971011
21463971011
21463971011
21463971011
21463971011
21463971011
0
21477782371
21477782371
21477782371
21477782371
21477782371
21477782371
106705
21478293884
21478293884
21478293884
21478293884
21478293884
21478293884
21495769509
21495769509
21495769509
21495769509
21495769509
21495769509
0
50960
21495769509
21495769509
21495769509
21495769509
21495769509
21495769509
21499832407
21499832407
21499832407
21499832407
21499832407
21499832407
0
21516744367
21516744367
21516744367
21516744367
21516744367
21516744367
5760
21517540800
21517540800
21517540800
21517540800
21517540800
21517540800
21521910425
21521910425
21521910425
21521910425
21521910425
21521910425
0
4054145
21521910425
21521910425
21521910425
21521910425
21521910425
21521910425
21529352238
21529352238
21529352238
21529352238
21529352238
21529352238
0
21530864798
21530864798
21530864798
21530864798
21530864798
21530864798
0
21531946151
21531946151
21531946151
21531946151
21531946151
21531946151
21540805616
21540805616
21540805616
21540805616
21540805616
21540805616
0
0
21540805616
21540805616
21540805616
21540805616
21540805616
21540805616
21550277949
21550277949
21550277949
21550277949
21550277949
21550277949
0
21554891109
21554891109
21554891109
21554891109
21554891109
21554891109
31745
21556257382
21556257382
21556257382
21556257382
21556257382
21556257382
21571007327
21571007327
21571007327
21571007327
21571007327
21571007327
0
0
21571007327
21571007327
21571007327
21571007327
21571007327
21571007327
21581916975
21581916975
21581916975
21581916975
21581916975
21581916975
0
21589630735
21589630735
21589630735
21589630735
21589630735
21589630735
0
21591281928
21591281928
21591281928
21591281928
21591281928
21591281928
21611362913
21611362913
21611362913
21611362913
21611362913
21611362913
0
1299175
21611362913
21611362913
21611362913
21611362913
21611362913
21611362913
21627365206
21627365206
21627365206
21627365206
21627365206
21627365206
0
21638179566
21638179566
21638179566
21638179566
21638179566
21638179566
0
21638415679
21638415679
21638415679
21638415679
21638415679
21638415679
21657814864
21657814864
21657814864
21657814864
21657814864
21657814864
0
79825
21657814864
21657814864
21657814864
21657814864
21657814864
21657814864
21658600412
21658600412
21658600412
21658600412
21658600412
21658600412
0
21672515372
21672515372
21672515372
21672515372
21672515372
21672515372
0
21673036405
21673036405
21673036405
21673036405
21673036405
21673036405
21690749150
21690749150
21690749150
21690749150
21690749150
21690749150
0
0
21690749150
21690749150
21690749150
21690749150
21690749150
21690749150
21694279393
21694279393
21694279393
21694279393
21694279393
21694279393
0
21711294953
21711294953
21711294953
21711294953
21711294953
21711294953
0
21712100906
21712100906
21712100906
21712100906
21712100906
21712100906
21715959691
21715959691
21715959691
21715959691
21715959691
21715959691
0
0
21715959691
21715959691
21715959691
21715959691
21715959691
21715959691
21723699709
21723699709
21723699709
21723699709
21723699709
21723699709
0
21725315869
21725315869
21725315869
21725315869
21725315869
21725315869
0
21726406742
21726406742
21726406742
21726406742
21726406742
21726406742
21737062207
21737062207
21737062207
21737062207
21737062207
21737062207
0
0
21737062207
21737062207
21737062207
21737062207
21737062207
21737062207
21741860180
21741860180
21741860180
21741860180
21741860180
21741860180
0
21746576940
21746576940
21746576940
21746576940
21746576940
21746576940
0
21747952733
21747952733
21747952733
21747952733
21747952733
21747952733
21766167118
21766167118
21766167118
21766167118
21766167118
21766167118
0
881015
21766167118
21766167118
21766167118
21766167118
21766167118
21766167118
21771838571
21771838571
21771838571
21771838571
21771838571
21771838571
5152865
21779655931
21779655931
21779655931
21779655931
21779655931
21779655931
54400
21781316644
21781316644
21781316644
21781316644
21781316644
21781316644
21801918829
21801918829
21801918829
21801918829
21801918829
21801918829
0
0
21801918829
21801918829
21801918829
21801918829
21801918829
21801918829
21813460302
21813460302
21813460302
21813460302
21813460302
21813460302
0
21824378262
21824378262
21824378262
21824378262
21824378262
21824378262
0
21824623895
21824623895
21824623895
21824623895
21824623895
21824623895
21847931960
21847931960
21847931960
21847931960
21847931960
21847931960
64705
84640
21847931960
21847931960
21847931960
21847931960
21847931960
21847931960
21848706293
21848706293
21848706293
21848706293
21848706293
21848706293
0
21862724853
21862724853
21862724853
21862724853
21862724853
21862724853
106265
21863255406
21863255406
21863255406
21863255406
21863255406
21863255406
21881026951
21881026951
21881026951
21881026951
21881026951
21881026951
0
59010
21881026951
21881026951
21881026951
21881026951
21881026951
21881026951
21884074879
21884074879
21884074879
21884074879
21884074879
21884074879
96385
21901194039
21901194039
21901194039
21901194039
21901194039
21901194039
0
21902009512
21902009512
21902009512
21902009512
21902009512
21902009512
21906508897
21906508897
21906508897
21906508897
21906508897
21906508897
0
0
21906508897
21906508897
21906508897
21906508897
21906508897
21906508897
21910864295
21910864295
21910864295
21910864295
21910864295
21910864295
0
21912584055
21912584055
21912584055
21912584055
21912584055
21912584055
91025
21913684448
21913684448
21913684448
21913684448
21913684448
21913684448
21922983433
21922983433
21922983433
21922983433
21922983433
21922983433
0
0
21922983433
21922983433
21922983433
21922983433
21922983433
21922983433
21927226931
21927226931
21927226931
21927226931
21927226931
21927226931
0
21932047291
21932047291
21932047291
21932047291
21932047291
21932047291
0
21933432604
21933432604
21933432604
21933432604
21933432604
21933432604
21952280189
21952280189
21952280189
21952280189
21952280189
21952280189
0
0
21952280189
21952280189
21952280189
21952280189
21952280189
21952280189
21962144932
21962144932
21962144932
21962144932
21962144932
21962144932
0
21970065892
21970065892
21970065892
21970065892
21970065892
21970065892
0
21971736125
21971736125
21971736125
21971736125
21971736125
21971736125
21996688710
21996688710
21996688710
21996688710
21996688710
21996688710
0
179360
21996688710
21996688710
21996688710
21996688710
21996688710
21996688710
22011040438
22011040438
22011040438
22011040438
22011040438
22011040438
181345
22022061998
22022061998
22022061998
22022061998
22022061998
22022061998
0
22022317151
22022317151
22022317151
22022317151
22022317151
22022317151
22049928496
22049928496
22049928496
22049928496
22049928496
22049928496
0
0
22049928496
22049928496
22049928496
22049928496
22049928496
22049928496
22050782349
22050782349
22050782349
22050782349
22050782349
22050782349
0
22064904509
22064904509
22064904509
22064904509
22064904509
22064904509
0
22065444582
22065444582
22065444582
22065444582
22065444582
22065444582
22083318607
22083318607
22083318607
22083318607
22083318607
22083318607
0
0
22083318607
22083318607
22083318607
22083318607
22083318607
22083318607
22087774580
22087774580
22087774580
22087774580
22087774580
22087774580
63360
22104997340
22104997340
22104997340
22104997340
22104997340
22104997340
0
22105822333
22105822333
22105822333
22105822333
22105822333
22105822333
22110633918
22110633918
22110633918
22110633918
22110633918
22110633918
0
163200
22110633918
22110633918
22110633918
22110633918
22110633918
22110633918
22117791011
22117791011
22117791011
22117791011
22117791011
22117791011
0
22119614371
22119614371
22119614371
22119614371
22119614371
22119614371
0
22120724284
22120724284
22120724284
22120724284
22120724284
22120724284
22129459509
22129459509
22129459509
22129459509
22129459509
22129459509
0
0
22129459509
22129459509
22129459509
22129459509
22129459509
22129459509
22137785192
22137785192
22137785192
22137785192
22137785192
22137785192
0
22142709152
22142709152
22142709152
22142709152
22142709152
22142709152
0
22144103985
22144103985
22144103985
22144103985
22144103985
22144103985
22160074610
22160074610
22160074610
22160074610
22160074610
22160074610
0
322745
22160074610
22160074610
22160074610
22160074610
22160074610
22160074610
22173116028
22173116028
22173116028
22173116028
22173116028
22173116028
26265
22181140588
22181140588
22181140588
22181140588
22181140588
22181140588
0
22182820341
22182820341
22182820341
22182820341
22182820341
22182820341
22204551806
22204551806
22204551806
22204551806
22204551806
22204551806
0
66160
22204551806
22204551806
22204551806
22204551806
22204551806
22204551806
22221393049
22221393049
22221393049
22221393049
22221393049
22221393049
0
22232518209
22232518209
22232518209
22232518209
22232518209
22232518209
71160
22232782882
22232782882
22232782882
22232782882
22232782882
22232782882
22259627707
22259627707
22259627707
22259627707
22259627707
22259627707
0
0
22259627707
22259627707
22259627707
22259627707
22259627707
22259627707
22260634205
22260634205
22260634205
22260634205
22260634205
22260634205
0
22274859965
22274859965
22274859965
22274859965
22274859965
22274859965
0
22275409558
22275409558
22275409558
22275409558
22275409558
22275409558
22293718943
22293718943
22293718943
22293718943
22293718943
22293718943
81465
0
22293718943
22293718943
22293718943
22293718943
22293718943
22293718943
22296674076
22296674076
22296674076
22296674076
22296674076
22296674076
0
22314000436
22314000436
22314000436
22314000436
22314000436
22314000436
0
22314834949
22314834949
22314834949
22314834949
22314834949
22314834949
22319376134
22319376134
22319376134
22319376134
22319376134
22319376134
0
0
22319376134
22319376134
22319376134
22319376134
22319376134
22319376134
22324912767
22324912767
22324912767
22324912767
22324912767
22324912767
298880
22326839727
22326839727
22326839727
22326839727
22326839727
22326839727
0
22327959160
22327959160
22327959160
22327959160
22327959160
22327959160
22337073345
22337073345
22337073345
22337073345
22337073345
22337073345
0
0
22337073345
22337073345
22337073345
22337073345
22337073345
22337073345
22345873243
22345873243
22345873243
22345873243
22345873243
22345873243
0
22350900803
22350900803
22350900803
22350900803
22350900803
22350900803
0
22352305156
22352305156
22352305156
22352305156
22352305156
22352305156
22367758461
22367758461
22367758461
22367758461
22367758461
22367758461
0
0
22367758461
22367758461
22367758461
22367758461
22367758461
22367758461
22379010829
22379010829
22379010829
22379010829
22379010829
22379010829
0
22387138989
22387138989
22387138989
22387138989
22387138989
22387138989
70425
22388828262
22388828262
22388828262
22388828262
22388828262
22388828262
22410745087
22410745087
22410745087
22410745087
22410745087
22410745087
96840
0
22410745087
22410745087
22410745087
22410745087
22410745087
22410745087
22426350235
22426350235
22426350235
22426350235
22426350235
22426350235
0
22437578995
22437578995
22437578995
22437578995
22437578995
22437578995
0
22437853188
22437853188
22437853188
22437853188
22437853188
22437853188
22457014573
22457014573
22457014573
22457014573
22457014573
22457014573
0
32945
22457014573
22457014573
22457014573
22457014573
22457014573
22457014573
22457891396
22457891396
22457891396
22457891396
22457891396
22457891396
125090
22472220756
22472220756
22472220756
22472220756
22472220756
22472220756
0
22472779869
22472779869
22472779869
22472779869
22472779869
22472779869
22491275014
22491275014
22491275014
22491275014
22491275014
22491275014
37560
0
22491275014
22491275014
22491275014
22491275014
22491275014
22491275014
22495012002
22495012002
22495012002
22495012002
22495012002
22495012002
0
22512441962
22512441962
22512441962
22512441962
22512441962
22512441962
0
22513285995
22513285995
22513285995
22513285995
22513285995
22513285995
22517845940
22517845940
22517845940
22517845940
22517845940
22517845940
0
17080
22517845940
22517845940
22517845940
22517845940
22517845940
22517845940
22521792243
22521792243
22521792243
22521792243
22521792243
22521792243
0
22523822803
22523822803
22523822803
22523822803
22523822803
22523822803
0
22524951756
22524951756
22524951756
22524951756
22524951756
22524951756
22538596421
22538596421
22538596421
22538596421
22538596421
22538596421
0
66120
22538596421
22538596421
22538596421
22538596421
22538596421
22538596421
22545280984
22545280984
22545280984
22545280984
22545280984
22545280984
81160
22550412144
22550412144
22550412144
22550412144
22550412144
22550412144
0
22551826017
22551826017
22551826017
22551826017
22551826017
22551826017
22567128522
22567128522
22567128522
22567128522
22567128522
22567128522
77200
0
22567128522
22567128522
22567128522
22567128522
22567128522
22567128522
22580223970
22580223970
22580223970
22580223970
22580223970
22580223970
23600
22588455730
22588455730
22588455730
22588455730
22588455730
22588455730
0
22590154523
22590154523
22590154523
22590154523
22590154523
22590154523
22605492708
22605492708
22605492708
22605492708
22605492708
22605492708
0
20320
22605492708
22605492708
22605492708
22605492708
22605492708
22605492708
22619305051
22619305051
22619305051
22619305051
22619305051
22619305051
66975
22630637411
22630637411
22630637411
22630637411
22630637411
22630637411
0
22630921124
22630921124
22630921124
22630921124
22630921124
22630921124
22659978229
22659978229
22659978229
22659978229
22659978229
22659978229
0
0
22659978229
22659978229
22659978229
22659978229
22659978229
22659978229
22661192052
22661192052
22661192052
22661192052
22661192052
22661192052
31170
22675625012
22675625012
22675625012
22675625012
22675625012
22675625012
87920
22676193645
22676193645
22676193645
22676193645
22676193645
22676193645
22694531350
22694531350
22694531350
22694531350
22694531350
22694531350
0
0
22694531350
22694531350
22694531350
22694531350
22694531350
22694531350
22697956673
22697956673
22697956673
22697956673
22697956673
22697956673
0
22715490233
22715490233
22715490233
22715490233
22715490233
22715490233
58665
22716343786
22716343786
22716343786
22716343786
22716343786
22716343786
22721387211
22721387211
22721387211
22721387211
22721387211
22721387211
98225
613900
22721387211
22721387211
22721387211
22721387211
22721387211
22721387211
22727078404
22727078404
22727078404
22727078404
22727078404
22727078404
0
22729212564
22729212564
22729212564
22729212564
22729212564
22729212564
0
22730351037
22730351037
22730351037
22730351037
22730351037
22730351037
22743378982
22743378982
22743378982
22743378982
22743378982
22743378982
0
0
22743378982
22743378982
22743378982
22743378982
22743378982
22743378982
22751040905
22751040905
22751040905
22751040905
22751040905
22751040905
3820410
22756275665
22756275665
22756275665
22756275665
22756275665
22756275665
0
22757699058
22757699058
22757699058
22757699058
22757699058
22757699058
22773779043
22773779043
22773779043
22773779043
22773779043
22773779043
61410
0
22773779043
22773779043
22773779043
22773779043
22773779043
22773779043
22787637676
22787637676
22787637676
22787637676
22787637676
22787637676
0
22795973036
22795973036
22795973036
22795973036
22795973036
22795973036
89000
22795981349
22795981349
22795981349
22795981349
22795981349
22795981349
22814967934
22814967934
22814967934
22814967934
22814967934
22814967934
0
51330
22814967934
22814967934
22814967934
22814967934
22814967934
22814967934
22827054497
22827054497
22827054497
22827054497
22827054497
22827054497
45185
22838490457
22838490457
22838490457
22838490457
22838490457
22838490457
0
22838783690
22838783690
22838783690
22838783690
22838783690
22838783690
22864848395
22864848395
22864848395
22864848395
22864848395
22864848395
0
111865
22864848395
22864848395
22864848395
22864848395
22864848395
22864848395
22865881533
22865881533
22865881533
22865881533
22865881533
22865881533
0
22880418093
22880418093
22880418093
22880418093
22880418093
22880418093
0
22880996246
22880996246
22880996246
22880996246
22880996246
22880996246
22899646911
22899646911
22899646911
22899646911
22899646911
22899646911
0
1655890
22899646911
22899646911
22899646911
22899646911
22899646911
22899646911
22904305754
22904305754
22904305754
22904305754
22904305754
22904305754
0
22921942914
22921942914
22921942914
22921942914
22921942914
22921942914
0
22922805987
22922805987
22922805987
22922805987
22922805987
22922805987
22928415812
22928415812
22928415812
22928415812
22928415812
22928415812
63320
0
22928415812
22928415812
22928415812
22928415812
22928415812
22928415812
22935939760
22935939760
22935939760
22935939760
22935939760
22935939760
0
22938177520
22938177520
22938177520
22938177520
22938177520
22938177520
0
22939325513
22939325513
22939325513
22939325513
22939325513
22939325513
22950043698
22950043698
22950043698
22950043698
22950043698
22950043698
0
163130
22950043698
22950043698
22950043698
22950043698
22950043698
22950043698
22959852601
22959852601
22959852601
22959852601
22959852601
22959852601
0
22965190961
22965190961
22965190961
22965190961
22965190961
22965190961
0
22966623874
22966623874
22966623874
22966623874
22966623874
22966623874
22980048939
22980048939
22980048939
22980048939
22980048939
22980048939
0
0
22980048939
22980048939
22980048939
22980048939
22980048939
22980048939
22993268282
22993268282
22993268282
22993268282
22993268282
22993268282
0
23001707242
23001707242
23001707242
23001707242
23001707242
23001707242
0
23001725075
23001725075
23001725075
23001725075
23001725075
23001725075
23021160540
23021160540
23021160540
23021160540
23021160540
23021160540
8000
140715
23021160540
23021160540
23021160540
23021160540
23021160540
23021160540
23031225608
23031225608
23031225608
23031225608
23031225608
23031225608
499530
23042765168
23042765168
23042765168
23042765168
23042765168
23042765168
0
23043067921
23043067921
23043067921
23043067921
23043067921
23043067921
23071801026
23071801026
23071801026
23071801026
23071801026
23071801026
0
0
23071801026
23071801026
23071801026
23071801026
23071801026
23071801026
23072871584
23072871584
23072871584
23072871584
23072871584
23072871584
0
23087511744
23087511744
23087511744
23087511744
23087511744
23087511744
363770
23088099417
23088099417
23088099417
23088099417
23088099417
23088099417
23107155042
23107155042
23107155042
23107155042
23107155042
23107155042
64985
154720
23107155042
23107155042
23107155042
23107155042
23107155042
23107155042
23110072290
23110072290
23110072290
23110072290
23110072290
23110072290
0
23127813050
23127813050
23127813050
23127813050
23127813050
23127813050
4680
23128685643
23128685643
23128685643
23128685643
23128685643
23128685643
23133639028
23133639028
23133639028
23133639028
23133639028
23133639028
0
0
23133639028
23133639028
23133639028
23133639028
23133639028
23133639028
23140229711
23140229711
23140229711
23140229711
23140229711
23140229711
0
23142571071
23142571071
23142571071
23142571071
23142571071
23142571071
0
23143728584
23143728584
23143728584
23143728584
23143728584
23143728584
23153599249
23153599249
23153599249
23153599249
23153599249
23153599249
14985
0
23153599249
23153599249
23153599249
23153599249
23153599249
23153599249
23164432552
23164432552
23164432552
23164432552
23164432552
23164432552
277780
23169874512
23169874512
23169874512
23169874512
23169874512
23169874512
7785
23171316945
23171316945
23171316945
23171316945
23171316945
23171316945
23184948210
23184948210
23184948210
23184948210
23184948210
23184948210
0
0
23184948210
23184948210
23184948210
23184948210
23184948210
23184948210
23196468393
23196468393
23196468393
23196468393
23196468393
23196468393
384420
23205010953
23205010953
23205010953
23205010953
23205010953
23205010953
0
23205038306
23205038306
23205038306
23205038306
23205038306
23205038306
23228644011
23228644011
23228644011
23228644011
23228644011
23228644011
0
0
23228644011
23228644011
23228644011
23228644011
23228644011
23228644011
23244728344
23244728344
23244728344
23244728344
23244728344
23244728344
0
23256371504
23256371504
23256371504
23256371504
23256371504
23256371504
0
23256683777
23256683777
23256683777
23256683777
23256683777
23256683777
23287578802
23287578802
23287578802
23287578802
23287578802
23287578802
0
133825
23287578802
23287578802
23287578802
23287578802
23287578802
23287578802
23289406850
23289406850
23289406850
23289406850
23289406850
23289406850
579570
23304150610
23304150610
23304150610
23304150610
23304150610
23304150610
47465
23304747803
23304747803
23304747803
23304747803
23304747803
23304747803
23324195588
23324195588
23324195588
23324195588
23324195588
23324195588
0
0
23324195588
23324195588
23324195588
23324195588
23324195588
23324195588
23327125746
23327125746
23327125746
23327125746
23327125746
23327125746
0
23344970106
23344970106
23344970106
23344970106
23344970106
23344970106
0
23345852219
23345852219
23345852219
23345852219
23345852219
23345852219
23351566804
23351566804
23351566804
23351566804
23351566804
23351566804
0
0
23351566804
23351566804
23351566804
23351566804
23351566804
23351566804
23357573727
23357573727
23357573727
23357573727
23357573727
23357573727
2254135
23360018687
23360018687
23360018687
23360018687
23360018687
23360018687
0
23361185720
23361185720
23361185720
23361185720
23361185720
23361185720
23371656785
23371656785
23371656785
23371656785
23371656785
23371656785
0
0
23371656785
23371656785
23371656785
23371656785
23371656785
23371656785
23378366368
23378366368
23378366368
23378366368
23378366368
23378366368
0
23383911928
23383911928
23383911928
23383911928
23383911928
23383911928
0
23385363881
23385363881
23385363881
23385363881
23385363881
23385363881
23401696386
23401696386
23401696386
23401696386
23401696386
23401696386
0
312249165
23401696386
23401696386
23401696386
23401696386
23401696386
23401696386
23410886809
23410886809
23410886809
23410886809
23410886809
23410886809
0
23419532969
23419532969
23419532969
23419532969
23419532969
23419532969
0
23419569842
23419569842
23419569842
23419569842
23419569842
23419569842
23442266587
23442266587
23442266587
23442266587
23442266587
23442266587
0
0
23442266587
23442266587
23442266587
23442266587
23442266587
23442266587
23452690460
23452690460
23452690460
23452690460
23452690460
23452690460
0
23464437220
23464437220
23464437220
23464437220
23464437220
23464437220
599360
23464759013
23464759013
23464759013
23464759013
23464759013
23464759013
23488549998
23488549998
23488549998
23488549998
23488549998
23488549998
0
0
23488549998
23488549998
23488549998
23488549998
23488549998
23488549998
23490248011
23490248011
23490248011
23490248011
23490248011
23490248011
0
23505095371
23505095371
23505095371
23505095371
23505095371
23505095371
0
23505702084
23505702084
23505702084
23505702084
23505702084
23505702084
23524908589
23524908589
23524908589
23524908589
23524908589
23524908589
0
223905
23524908589
23524908589
23524908589
23524908589
23524908589
23524908589
23529007942
23529007942
23529007942
23529007942
23529007942
23529007942
37385
23546955902
23546955902
23546955902
23546955902
23546955902
23546955902
0
23547847535
23547847535
23547847535
23547847535
23547847535
23547847535
23553901760
23553901760
23553901760
23553901760
23553901760
23553901760
74825
0
23553901760
23553901760
23553901760
23553901760
23553901760
23553901760
23561729788
23561729788
23561729788
23561729788
23561729788
23561729788
2011815
23564278348
23564278348
23564278348
23564278348
23564278348
23564278348
33840
23565454901
23565454901
23565454901
23565454901
23565454901
23565454901
23574271806
23574271806
23574271806
23574271806
23574271806
23574271806
0
70359123
23574271806
23574271806
23574271806
23574271806
23574271806
23574271806
23585488984
23585488984
23585488984
23585488984
23585488984
23585488984
76640
23591138144
23591138144
23591138144
23591138144
23591138144
23591138144
2265
23592599617
23592599617
23592599617
23592599617
23592599617
23592599617
23612027202
23612027202
23612027202
23612027202
23612027202
23612027202
31745
0
23612027202
23612027202
23612027202
23612027202
23612027202
23612027202
23622045075
23622045075
23622045075
23622045075
23622045075
23622045075
200985
23630794835
23630794835
23630794835
23630794835
23630794835
23630794835
0
23630841228
23630841228
23630841228
23630841228
23630841228
23630841228
23653500213
23653500213
23653500213
23653500213
23653500213
23653500213
0
155680
23653500213
23653500213
23653500213
23653500213
23653500213
23653500213
23662048401
23662048401
23662048401
23662048401
23662048401
23662048401
704940
23673898761
23673898761
23673898761
23673898761
23673898761
23673898761
87185
23674230074
23674230074
23674230074
23674230074
23674230074
23674230074
23708070699
23708070699
23708070699
23708070699
23708070699
23708070699
0
0
23708070699
23708070699
23708070699
23708070699
23708070699
23708070699
23709293452
23709293452
23709293452
23709293452
23709293452
23709293452
0
23724244412
23724244412
23724244412
23724244412
23724244412
23724244412
0
23724860645
23724860645
23724860645
23724860645
23724860645
23724860645
23744429870
23744429870
23744429870
23744429870
23744429870
23744429870
0
0
23744429870
23744429870
23744429870
23744429870
23744429870
23744429870
23748641768
23748641768
23748641768
23748641768
23748641768
23748641768
0
23766693328
23766693328
23766693328
23766693328
23766693328
23766693328
0
23767594481
23767594481
23767594481
23767594481
23767594481
23767594481
23773049266
23773049266
23773049266
23773049266
23773049266
23773049266
0
23631795
23773049266
23773049266
23773049266
23773049266
23773049266
23773049266
23781237044
23781237044
23781237044
23781237044
23781237044
23781237044
0
23783889204
23783889204
23783889204
23783889204
23783889204
23783889204
0
23785075277
23785075277
23785075277
23785075277
23785075277
23785075277
23797604902
23797604902
23797604902
23797604902
23797604902
23797604902
0
0
23797604902
23797604902
23797604902
23797604902
23797604902
23797604902
23807610650
23807610650
23807610650
23807610650
23807610650
23807610650
140000
23813363410
23813363410
23813363410
23813363410
23813363410
23813363410
0
23814834403
23814834403
23814834403
23814834403
23814834403
23814834403
23833136988
23833136988
23833136988
23833136988
23833136988
23833136988
0
0
23833136988
23833136988
23833136988
23833136988
23833136988
23833136988
23845831551
23845831551
23845831551
23845831551
23845831551
23845831551
0
23854684911
23854684911
23854684911
23854684911
23854684911
23854684911
0
23854740824
23854740824
23854740824
23854740824
23854740824
23854740824
23879520929
23879520929
23879520929
23879520929
23879520929
23879520929
0
44865
23879520929
23879520929
23879520929
23879520929
23879520929
23879520929
23895597757
23895597757
23895597757
23895597757
23895597757
23895597757
0
23907551717
23907551717
23907551717
23907551717
23907551717
23907551717
46345
23907892550
23907892550
23907892550
23907892550
23907892550
23907892550
23937202375
23937202375
23937202375
23937202375
23937202375
23937202375
0
0
23937202375
23937202375
23937202375
23937202375
23937202375
23937202375
23938418233
23938418233
23938418233
23938418233
23938418233
23938418233
0
23953472793
23953472793
23953472793
23953472793
23953472793
23953472793
0
23954098546
23954098546
23954098546
23954098546
23954098546
23954098546
23955453451
23955453451
23955453451
23955453451
23955453451
23955453451
0
0
23955453451
23955453451
23955453451
23955453451
23955453451
23955453451
23960047664
23960047664
23960047664
23960047664
23960047664
23960047664
0
23978202824
23978202824
23978202824
23978202824
23978202824
23978202824
42320
23979113497
23979113497
23979113497
23979113497
23979113497
23979113497
23985125322
23985125322
23985125322
23985125322
23985125322
23985125322
0
0
23985125322
23985125322
23985125322
23985125322
23985125322
23985125322
23991105695
23991105695
23991105695
23991105695
23991105695
23991105695
2741955
23993861455
23993861455
23993861455
23993861455
23993861455
23993861455
45145
23995057048
23995057048
23995057048
23995057048
23995057048
23995057048
24006904033
24006904033
24006904033
24006904033
24006904033
24006904033
75560
0
24006904033
24006904033
24006904033
24006904033
24006904033
24006904033
24016519101
24016519101
24016519101
24016519101
24016519101
24016519101
0
24022375461
24022375461
24022375461
24022375461
24022375461
24022375461
38200
24023855974
24023855974
24023855974
24023855974
24023855974
24023855974
24041416319
24041416319
24041416319
24041416319
24041416319
24041416319
0
0
24041416319
24041416319
24041416319
24041416319
24041416319
24041416319
24055514187
24055514187
24055514187
24055514187
24055514187
24055514187
188480
24064471147
24064471147
24064471147
24064471147
24064471147
24064471147
0
24064536580
24064536580
24064536580
24064536580
24064536580
24064536580
24084405645
24084405645
24084405645
24084405645
24084405645
24084405645
48505
2438885
24084405645
24084405645
24084405645
24084405645
24084405645
24084405645
24090540478
24090540478
24090540478
24090540478
24090540478
24090540478
488270
24102598038
24102598038
24102598038
24102598038
24102598038
24102598038
0
24102948391
24102948391
24102948391
24102948391
24102948391
24102948391
24133641376
24133641376
24133641376
24133641376
24133641376
24133641376
44840
291705
24133641376
24133641376
24133641376
24133641376
24133641376
24133641376
24135450404
24135450404
24135450404
24135450404
24135450404
24135450404
0
24150608564
24150608564
24150608564
24150608564
24150608564
24150608564
0
24151243837
24151243837
24151243837
24151243837
24151243837
24151243837
24152431302
24152431302
24152431302
24152431302
24152431302
24152431302
0
0
24152431302
24152431302
24152431302
24152431302
24152431302
24152431302
24156487700
24156487700
24156487700
24156487700
24156487700
24156487700
0
24174746460
24174746460
24174746460
24174746460
24174746460
24174746460
0
24175666653
24175666653
24175666653
24175666653
24175666653
24175666653
24182253438
24182253438
24182253438
24182253438
24182253438
24182253438
61120
0
24182253438
24182253438
24182253438
24182253438
24182253438
24182253438
24187911186
24187911186
24187911186
24187911186
24187911186
24187911186
0
24190770546
24190770546
24190770546
24190770546
24190770546
24190770546
1800
24191975659
24191975659
24191975659
24191975659
24191975659
24191975659
24206700084
24206700084
24206700084
24206700084
24206700084
24206700084
0
279450
24206700084
24206700084
24206700084
24206700084
24206700084
24206700084
24218109532
24218109532
24218109532
24218109532
24218109532
24218109532
0
24224069492
24224069492
24224069492
24224069492
24224069492
24224069492
135985
24225559525
24225559525
24225559525
24225559525
24225559525
24225559525
24247485750
24247485750
24247485750
24247485750
24247485750
24247485750
0
0
24247485750
24247485750
24247485750
24247485750
24247485750
24247485750
24259820058
24259820058
24259820058
24259820058
24259820058
24259820058
2846560
24268880618
24268880618
24268880618
24268880618
24268880618
24268880618
0
24268955571
24268955571
24268955571
24268955571
24268955571
24268955571
24289362076
24289362076
24289362076
24289362076
24289362076
24289362076
0
173145
24289362076
24289362076
24289362076
24289362076
24289362076
24289362076
24301305194
24301305194
24301305194
24301305194
24301305194
24301305194
0
24313466354
24313466354
24313466354
24313466354
24313466354
24313466354
0
24313826227
24313826227
24313826227
24313826227
24313826227
24313826227
24341572252
24341572252
24341572252
24341572252
24341572252
24341572252
0
0
24341572252
24341572252
24341572252
24341572252
24341572252
24341572252
24343233475
24343233475
24343233475
24343233475
24343233475
24343233475
0
24358495235
24358495235
24358495235
24358495235
24358495235
24358495235
0
24359140028
24359140028
24359140028
24359140028
24359140028
24359140028
24359883013
24359883013
24359883013
24359883013
24359883013
24359883013
20705
0
24359883013
24359883013
24359883013
24359883013
24359883013
24359883013
24365026951
24365026951
24365026951
24365026951
24365026951
24365026951
0
24383389311
24383389311
24383389311
24383389311
24383389311
24383389311
358495
24384319024
24384319024
24384319024
24384319024
24384319024
24384319024
24391161209
24391161209
24391161209
24391161209
24391161209
24391161209
0
0
24391161209
24391161209
24391161209
24391161209
24391161209
24391161209
24395591352
24395591352
24395591352
24395591352
24395591352
24395591352
0
24398554312
24398554312
24398554312
24398554312
24398554312
24398554312
10280
24399768945
24399768945
24399768945
24399768945
24399768945
24399768945
24413341370
24413341370
24413341370
24413341370
24413341370
24413341370
0
0
24413341370
24413341370
24413341370
24413341370
24413341370
24413341370
24420364553
24420364553
24420364553
24420364553
24420364553
24420364553
5840
24426428113
24426428113
24426428113
24426428113
24426428113
24426428113
0
24427927666
24427927666
24427927666
24427927666
24427927666
24427927666
24444960931
24444960931
24444960931
24444960931
24444960931
24444960931
0
0
24444960931
24444960931
24444960931
24444960931
24444960931
24444960931
24458322339
24458322339
24458322339
24458322339
24458322339
24458322339
0
24467486499
24467486499
24467486499
24467486499
24467486499
24467486499
79505
24467570972
24467570972
24467570972
24467570972
24467570972
24467570972
24487758117
24487758117
24487758117
24487758117
24487758117
24487758117
0
0
24487758117
24487758117
24487758117
24487758117
24487758117
24487758117
24504247490
24504247490
24504247490
24504247490
24504247490
24504247490
0
24516512250
24516512250
24516512250
24516512250
24516512250
24516512250
0
24516881643
24516881643
24516881643
24516881643
24516881643
24516881643
24548245628
24548245628
24548245628
24548245628
24548245628
24548245628
65265
454365
24548245628
24548245628
24548245628
24548245628
24548245628
24548245628
24550089076
24550089076
24550089076
24550089076
24550089076
24550089076
0
24565454436
24565454436
24565454436
24565454436
24565454436
24565454436
0
24566108749
24566108749
24566108749
24566108749
24566108749
24566108749
24567747414
24567747414
24567747414
24567747414
24567747414
24567747414
66640
4151900
24567747414
24567747414
24567747414
24567747414
24567747414
24567747414
24574276117
24574276117
24574276117
24574276117
24574276117
24574276117
0
24592742077
24592742077
24592742077
24592742077
24592742077
24592742077
0
24593681310
24593681310
24593681310
24593681310
24593681310
24593681310
24601630895
24601630895
24601630895
24601630895
24601630895
24601630895
0
85945
24601630895
24601630895
24601630895
24601630895
24601630895
24601630895
24606296018
24606296018
24606296018
24606296018
24606296018
24606296018
163265
24609362578
24609362578
24609362578
24609362578
24609362578
24609362578
0
24610586731
24610586731
24610586731
24610586731
24610586731
24610586731
24622148996
24622148996
24622148996
24622148996
24622148996
24622148996
0
0
24622148996
24622148996
24622148996
24622148996
24622148996
24622148996
24632834669
24632834669
24632834669
24632834669
24632834669
24632834669
170955
24639001829
24639001829
24639001829
24639001829
24639001829
24639001829
0
24640510902
24640510902
24640510902
24640510902
24640510902
24640510902
24660960487
24660960487
24660960487
24660960487
24660960487
24660960487
0
0
24660960487
24660960487
24660960487
24660960487
24660960487
24660960487
24675520085
24675520085
24675520085
24675520085
24675520085
24675520085
1540370
24684787845
24684787845
24684787845
24684787845
24684787845
24684787845
0
24684881838
24684881838
24684881838
24684881838
24684881838
24684881838
24709759223
24709759223
24709759223
24709759223
24709759223
24709759223
43160
132490
24709759223
24709759223
24709759223
24709759223
24709759223
24709759223
24724825636
24724825636
24724825636
24724825636
24724825636
24724825636
16745
24737193996
24737193996
24737193996
24737193996
24737193996
24737193996
0
24737572909
24737572909
24737572909
24737572909
24737572909
24737572909
24767918294
24767918294
24767918294
24767918294
24767918294
24767918294
0
0
24767918294
24767918294
24767918294
24767918294
24767918294
24767918294
24769435557
24769435557
24769435557
24769435557
24769435557
24769435557
261750
24784904517
24784904517
24784904517
24784904517
24784904517
24784904517
0
24785568350
24785568350
24785568350
24785568350
24785568350
24785568350
24787488295
24787488295
24787488295
24787488295
24787488295
24787488295
0
17225
24787488295
24787488295
24787488295
24787488295
24787488295
24787488295
24793007343
24793007343
24793007343
24793007343
24793007343
24793007343
0
24793076903
24793076903
24793076903
24793076903
24793076903
24793076903
0
24794025656
24794025656
24794025656
24794025656
24794025656
24794025656
24801984481
24801984481
24801984481
24801984481
24801984481
24801984481
0
0
24801984481
24801984481
24801984481
24801984481
24801984481
24801984481
24809686829
24809686829
24809686829
24809686829
24809686829
24809686829
44240
24812856989
24812856989
24812856989
24812856989
24812856989
24812856989
0
24814090662
24814090662
24814090662
24814090662
24814090662
24814090662
24825163887
24825163887
24825163887
24825163887
24825163887
24825163887
99425
0
24825163887
24825163887
24825163887
24825163887
24825163887
24825163887
24837823510
24837823510
24837823510
24837823510
24837823510
24837823510
172755
24844094270
24844094270
24844094270
24844094270
24844094270
24844094270
0
24845612863
24845612863
24845612863
24845612863
24845612863
24845612863
24862206648
24862206648
24862206648
24862206648
24862206648
24862206648
0
480625
24862206648
24862206648
24862206648
24862206648
24862206648
24862206648
24875281026
24875281026
24875281026
24875281026
24875281026
24875281026
174625
24884652386
24884652386
24884652386
24884652386
24884652386
24884652386
0
24884755899
24884755899
24884755899
24884755899
24884755899
24884755899
24901779924
24901779924
24901779924
24901779924
24901779924
24901779924
0
0
24901779924
24901779924
24901779924
24901779924
24901779924
24901779924
24913770992
24913770992
24913770992
24913770992
24913770992
24913770992
0
24926242952
24926242952
24926242952
24926242952
24926242952
24926242952
71720
24926631385
24926631385
24926631385
24926631385
24926631385
24926631385
24953778850
24953778850
24953778850
24953778850
24953778850
24953778850
0
215325
24953778850
24953778850
24953778850
24953778850
24953778850
24953778850
24956004083
24956004083
24956004083
24956004083
24956004083
24956004083
80945
24971576643
24971576643
24971576643
24971576643
24971576643
24971576643
3945
24972249996
24972249996
24972249996
24972249996
24972249996
24972249996
24974320981
24974320981
24974320981
24974320981
24974320981
24974320981
82025
1387890
24974320981
24974320981
24974320981
24974320981
24974320981
24974320981
24979765639
24979765639
24979765639
24979765639
24979765639
24979765639
0
24979938799
24979938799
24979938799
24979938799
24979938799
24979938799
0
24980897072
24980897072
24980897072
24980897072
24980897072
24980897072
24988884937
24988884937
24988884937
24988884937
24988884937
24988884937
0
0
24988884937
24988884937
24988884937
24988884937
24988884937
24988884937
24993569210
24993569210
24993569210
24993569210
24993569210
24993569210
0
24996842970
24996842970
24996842970
24996842970
24996842970
24996842970
0
24998086163
24998086163
24998086163
24998086163
24998086163
24998086163
25009852348
25009852348
25009852348
25009852348
25009852348
25009852348
0
0
25009852348
25009852348
25009852348
25009852348
25009852348
25009852348
25017505986
25017505986
25017505986
25017505986
25017505986
25017505986
83360
25023880346
25023880346
25023880346
25023880346
25023880346
25023880346
0
25025408459
25025408459
25025408459
25025408459
25025408459
25025408459
25043881604
25043881604
25043881604
25043881604
25043881604
25043881604
88890
0
25043881604
25043881604
25043881604
25043881604
25043881604
25043881604
25058086547
25058086547
25058086547
25058086547
25058086547
25058086547
0
25067561507
25067561507
25067561507
25067561507
25067561507
25067561507
0
25067674540
25067674540
25067674540
25067674540
25067674540
25067674540
25093325685
25093325685
25093325685
25093325685
25093325685
25093325685
0
0
25093325685
25093325685
25093325685
25093325685
25093325685
25093325685
25113615638
25113615638
25113615638
25113615638
25113615638
25113615638
0
25126191198
25126191198
25126191198
25126191198
25126191198
25126191198
0
25126589151
25126589151
25126589151
25126589151
25126589151
25126589151
25157031296
25157031296
25157031296
25157031296
25157031296
25157031296
0
56185
25157031296
25157031296
25157031296
25157031296
25157031296
25157031296
25158956764
25158956764
25158956764
25158956764
25158956764
25158956764
115633238
25174632924
25174632924
25174632924
25174632924
25174632924
25174632924
112250
25175315797
25175315797
25175315797
25175315797
25175315797
25175315797
25177580222
25177580222
25177580222
25177580222
25177580222
25177580222
0
14505
25177580222
25177580222
25177580222
25177580222
25177580222
25177580222
25182943770
25182943770
25182943770
25182943770
25182943770
25182943770
0
25183220530
25183220530
25183220530
25183220530
25183220530
25183220530
0
25184188323
25184188323
25184188323
25184188323
25184188323
25184188323
25192565108
25192565108
25192565108
25192565108
25192565108
25192565108
0
0
25192565108
25192565108
25192565108
25192565108
25192565108
25192565108
25198760796
25198760796
25198760796
25198760796
25198760796
25198760796
89905
25202138156
25202138156
25202138156
25202138156
25202138156
25202138156
62625
25203390869
25203390869
25203390869
25203390869
25203390869
25203390869
25216987454
25216987454
25216987454
25216987454
25216987454
25216987454
0
0
25216987454
25216987454
25216987454
25216987454
25216987454
25216987454
25227767492
25227767492
25227767492
25227767492
25227767492
25227767492
0
25234245452
25234245452
25234245452
25234245452
25234245452
25234245452
61905
25235783085
25235783085
25235783085
25235783085
25235783085
25235783085
25252895790
25252895790
25252895790
25252895790
25252895790
25252895790
0
0
25252895790
25252895790
25252895790
25252895790
25252895790
25252895790
25268004343
25268004343
25268004343
25268004343
25268004343
25268004343
0
25277582903
25277582903
25277582903
25277582903
25277582903
25277582903
0
25277705456
25277705456
25277705456
25277705456
25277705456
25277705456
25295232601
25295232601
25295232601
25295232601
25295232601
25295232601
0
0
25295232601
25295232601
25295232601
25295232601
25295232601
25295232601
25309813214
25309813214
25309813214
25309813214
25309813214
25309813214
37985
25322492374
25322492374
25322492374
25322492374
25322492374
25322492374
0
25322899847
25322899847
25322899847
25322899847
25322899847
25322899847
25345340072
25345340072
25345340072
25345340072
25345340072
25345340072
0
0
25345340072
25345340072
25345340072
25345340072
25345340072
25345340072
25347466245
25347466245
25347466245
25347466245
25347466245
25347466245
66640
25363246005
25363246005
25363246005
25363246005
25363246005
25363246005
88480
25363938398
25363938398
25363938398
25363938398
25363938398
25363938398
25366553383
25366553383
25366553383
25366553383
25366553383
25366553383
0
25345
25366553383
25366553383
25366553383
25366553383
25366553383
25366553383
25373922481
25373922481
25373922481
25373922481
25373922481
25373922481
81025
25374302841
25374302841
25374302841
25374302841
25374302841
25374302841
0
25375280154
25375280154
25375280154
25375280154
25375280154
25375280154
25381839179
25381839179
25381839179
25381839179
25381839179
25381839179
98785
97225
25381839179
25381839179
25381839179
25381839179
25381839179
25381839179
25387631657
25387631657
25387631657
25387631657
25387631657
25387631657
0
25391112617
25391112617
25391112617
25391112617
25391112617
25391112617
0
25392374850
25392374850
25392374850
25392374850
25392374850
25392374850
25408207435
25408207435
25408207435
25408207435
25408207435
25408207435
0
0
25408207435
25408207435
25408207435
25408207435
25408207435
25408207435
25413743678
25413743678
25413743678
25413743678
25413743678
25413743678
95640
25420325238
25420325238
25420325238
25420325238
25420325238
25420325238
0
25421872391
25421872391
25421872391
25421872391
25421872391
25421872391
25439589616
25439589616
25439589616
25439589616
25439589616
25439589616
0
3682940
25439589616
25439589616
25439589616
25439589616
25439589616
25439589616
25450181624
25450181624
25450181624
25450181624
25450181624
25450181624
0
25459863784
25459863784
25459863784
25459863784
25459863784
25459863784
0
25459995857
25459995857
25459995857
25459995857
25459995857
25459995857
25486985242
25486985242
25486985242
25486985242
25486985242
25486985242
0
0
25486985242
25486985242
25486985242
25486985242
25486985242
25486985242
25492756740
25492756740
25492756740
25492756740
25492756740
25492756740
0
25505539500
25505539500
25505539500
25505539500
25505539500
25505539500
0
25505956493
25505956493
25505956493
25505956493
25505956493
25505956493
25535051678
25535051678
25535051678
25535051678
25535051678
25535051678
0
0
25535051678
25535051678
25535051678
25535051678
25535051678
25535051678
25537505316
25537505316
25537505316
25537505316
25537505316
25537505316
0
25553388676
25553388676
25553388676
25553388676
25553388676
25553388676
56240
25554090589
25554090589
25554090589
25554090589
25554090589
25554090589
25556958774
25556958774
25556958774
25556958774
25556958774
25556958774
0
0
25556958774
25556958774
25556958774
25556958774
25556958774
25556958774
25562014562
25562014562
25562014562
25562014562
25562014562
25562014562
327825
25562498522
25562498522
25562498522
25562498522
25562498522
25562498522
0
25563485355
25563485355
25563485355
25563485355
25563485355
25563485355
25571461380
25571461380
25571461380
25571461380
25571461380
25571461380
0
3121350
25571461380
25571461380
25571461380
25571461380
25571461380
25571461380
25580735953
25580735953
25580735953
25580735953
25580735953
25580735953
0
25584320513
25584320513
25584320513
25584320513
25584320513
25584320513
565045
25585592266
25585592266
25585592266
25585592266
25585592266
25585592266
25598504211
25598504211
25598504211
25598504211
25598504211
25598504211
0
108680
25598504211
25598504211
25598504211
25598504211
25598504211
25598504211
25608498314
25608498314
25608498314
25608498314
25608498314
25608498314
45920
25615183474
25615183474
25615183474
25615183474
25615183474
25615183474
67625
25616740147
25616740147
25616740147
25616740147
25616740147
25616740147
25632493292
25632493292
25632493292
25632493292
25632493292
25632493292
0
23490
25632493292
25632493292
25632493292
25632493292
25632493292
25632493292
25649116165
25649116165
25649116165
25649116165
25649116165
25649116165
0
25658901925
25658901925
25658901925
25658901925
25658901925
25658901925
0
25659043518
25659043518
25659043518
25659043518
25659043518
25659043518
25684324103
25684324103
25684324103
25684324103
25684324103
25684324103
0
0
25684324103
25684324103
25684324103
25684324103
25684324103
25684324103
25692302071
25692302071
25692302071
25692302071
25692302071
25692302071
36305
25705188431
25705188431
25705188431
25705188431
25705188431
25705188431
41305
25705614944
25705614944
25705614944
25705614944
25705614944
25705614944
25732672489
25732672489
25732672489
25732672489
25732672489
25732672489
0
0
25732672489
25732672489
25732672489
25732672489
25732672489
25732672489
25735457487
25735457487
25735457487
25735457487
25735457487
25735457487
0
25751444447
25751444447
25751444447
25751444447
25751444447
25751444447
0
25752155880
25752155880
25752155880
25752155880
25752155880
25752155880
25754797425
25754797425
25754797425
25754797425
25754797425
25754797425
0
0
25754797425
25754797425
25754797425
25754797425
25754797425
25754797425
25760100658
25760100658
25760100658
25760100658
25760100658
25760100658
0
25760688218
25760688218
25760688218
25760688218
25760688218
25760688218
100705
25761684571
25761684571
25761684571
25761684571
25761684571
25761684571
25771036116
25771036116
25771036116
25771036116
25771036116
25771036116
0
515965
25771036116
25771036116
25771036116
25771036116
25771036116
25771036116
25779249129
25779249129
25779249129
25779249129
25779249129
25779249129
240315
25782937289
25782937289
25782937289
25782937289
25782937289
25782937289
0
25784218562
25784218562
25784218562
25784218562
25784218562
25784218562
25796605627
25796605627
25796605627
25796605627
25796605627
25796605627
28665
0
25796605627
25796605627
25796605627
25796605627
25796605627
25796605627
25807469950
25807469950
25807469950
25807469950
25807469950
25807469950
0
25814258710
25814258710
25814258710
25814258710
25814258710
25814258710
0
25815824903
25815824903
25815824903
25815824903
25815824903
25815824903
25834457688
25834457688
25834457688
25834457688
25834457688
25834457688
0
0
25834457688
25834457688
25834457688
25834457688
25834457688
25834457688
25850371831
25850371831
25850371831
25850371831
25850371831
25850371831
0
25860261191
25860261191
25860261191
25860261191
25860261191
25860261191
0
25860412304
25860412304
25860412304
25860412304
25860412304
25860412304
25881071449
25881071449
25881071449
25881071449
25881071449
25881071449
0
0
25881071449
25881071449
25881071449
25881071449
25881071449
25881071449
25893061537
25893061537
25893061537
25893061537
25893061537
25893061537
0
25906051497
25906051497
25906051497
25906051497
25906051497
25906051497
0
25906487530
25906487530
25906487530
25906487530
25906487530
25906487530
25937975315
25937975315
25937975315
25937975315
25937975315
25937975315
0
64960
25937975315
25937975315
25937975315
25937975315
25937975315
25937975315
25941109593
25941109593
25941109593
25941109593
25941109593
25941109593
0
25957200153
25957200153
25957200153
25957200153
25957200153
25957200153
327035
25957921106
25957921106
25957921106
25957921106
25957921106
25957921106
25960710571
25960710571
25960710571
25960710571
25960710571
25960710571
0
73345
25960710571
25960710571
25960710571
25960710571
25960710571
25960710571
25967500519
25967500519
25967500519
25967500519
25967500519
25967500519
326735
25968191679
25968191679
25968191679
25968191679
25968191679
25968191679
0
25969197552
25969197552
25969197552
25969197552
25969197552
25969197552
25976681897
25976681897
25976681897
25976681897
25976681897
25976681897
0
708975
25976681897
25976681897
25976681897
25976681897
25976681897
25976681897
25984446395
25984446395
25984446395
25984446395
25984446395
25984446395
283520
25988238155
25988238155
25988238155
25988238155
25988238155
25988238155
0
25989528948
25989528948
25989528948
25989528948
25989528948
25989528948
26002459933
26002459933
26002459933
26002459933
26002459933
26002459933
0
0
26002459933
26002459933
26002459933
26002459933
26002459933
26002459933
26013020186
26013020186
26013020186
26013020186
26013020186
26013020186
0
26019912546
26019912546
26019912546
26019912546
26019912546
26019912546
0
26021488259
26021488259
26021488259
26021488259
26021488259
26021488259
26040106684
26040106684
26040106684
26040106684
26040106684
26040106684
0
0
26040106684
26040106684
26040106684
26040106684
26040106684
26040106684
26055962857
26055962857
26055962857
26055962857
26055962857
26055962857
134320
26065955817
26065955817
26065955817
26065955817
26065955817
26065955817
0
26066116450
26066116450
26066116450
26066116450
26066116450
26066116450
26092984155
26092984155
26092984155
26092984155
26092984155
26092984155
0
0
26092984155
26092984155
26092984155
26092984155
26092984155
26092984155
26108036113
26108036113
26108036113
26108036113
26108036113
26108036113
923425
26121129673
26121129673
26121129673
26121129673
26121129673
26121129673
0
26121575226
26121575226
26121575226
26121575226
26121575226
26121575226
26151791211
26151791211
26151791211
26151791211
26151791211
26151791211
0
0
26151791211
26151791211
26151791211
26151791211
26151791211
26151791211
26154772209
26154772209
26154772209
26154772209
26154772209
26154772209
56665
26170966369
26170966369
26170966369
26170966369
26170966369
26170966369
0
26171696842
26171696842
26171696842
26171696842
26171696842
26171696842
26174760147
26174760147
26174760147
26174760147
26174760147
26174760147
0
0
26174760147
26174760147
26174760147
26174760147
26174760147
26174760147
26179551295
26179551295
26179551295
26179551295
26179551295
26179551295
0
26180346055
26180346055
26180346055
26180346055
26180346055
26180346055
20705
26181361448
26181361448
26181361448
26181361448
26181361448
26181361448
26190064433
26190064433
26190064433
26190064433
26190064433
26190064433
40440
0
26190064433
26190064433
26190064433
26190064433
26190064433
26190064433
26197218741
26197218741
26197218741
26197218741
26197218741
26197218741
0
26201114101
26201114101
26201114101
26201114101
26201114101
26201114101
22000
26202414414
26202414414
26202414414
26202414414
26202414414
26202414414
26214895319
26214895319
26214895319
26214895319
26214895319
26214895319
0
0
26214895319
26214895319
26214895319
26214895319
26214895319
26214895319
26224612422
26224612422
26224612422
26224612422
26224612422
26224612422
9430275
26231608382
26231608382
26231608382
26231608382
26231608382
26231608382
0
26233193615
26233193615
26233193615
26233193615
26233193615
26233193615
26252826640
26252826640
26252826640
26252826640
26252826640
26252826640
32305
0
26252826640
26252826640
26252826640
26252826640
26252826640
26252826640
26266623283
26266623283
26266623283
26266623283
26266623283
26266623283
397820
26276719843
26276719843
26276719843
26276719843
26276719843
26276719843
30280
26276889996
26276889996
26276889996
26276889996
26276889996
26276889996
26298264661
26298264661
26298264661
26298264661
26298264661
26298264661
0
0
26298264661
26298264661
26298264661
26298264661
26298264661
26298264661
26298411829
26298411829
26298411829
26298411829
26298411829
26298411829
220065
26311608989
26311608989
26311608989
26311608989
26311608989
26311608989
0
26312064062
26312064062
26312064062
26312064062
26312064062
26312064062
26342167927
26342167927
26342167927
26342167927
26342167927
26342167927
0
0
26342167927
26342167927
26342167927
26342167927
26342167927
26342167927
26345112325
26345112325
26345112325
26345112325
26345112325
26345112325
0
26361410085
26361410085
26361410085
26361410085
26361410085
26361410085
0
26362150078
26362150078
26362150078
26362150078
26362150078
26362150078
26364977063
26364977063
26364977063
26364977063
26364977063
26364977063
0
0
26364977063
26364977063
26364977063
26364977063
26364977063
26364977063
26368738866
26368738866
26368738866
26368738866
26368738866
26368738866
61560
26369637226
26369637226
26369637226
26369637226
26369637226
26369637226
0
26370662139
26370662139
26370662139
26370662139
26370662139
26370662139
26378002364
26378002364
26378002364
26378002364
26378002364
26378002364
0
0
26378002364
26378002364
26378002364
26378002364
26378002364
26378002364
26384379767
26384379767
26384379767
26384379767
26384379767
26384379767
0
26388378727
26388378727
26388378727
26388378727
26388378727
26388378727
0
26389688560
26389688560
26389688560
26389688560
26389688560
26389688560
26403927545
26403927545
26403927545
26403927545
26403927545
26403927545
0
1297165
26403927545
26403927545
26403927545
26403927545
26403927545
26403927545
26415134493
26415134493
26415134493
26415134493
26415134493
26415134493
813284415
26422234053
26422234053
26422234053
26422234053
26422234053
26422234053
0
26423828806
26423828806
26423828806
26423828806
26423828806
26423828806
26439219511
26439219511
26439219511
26439219511
26439219511
26439219511
0
0
26439219511
26439219511
26439219511
26439219511
26439219511
26439219511
26452856399
26452856399
26452856399
26452856399
26452856399
26452856399
0
26463056559
26463056559
26463056559
26463056559
26463056559
26463056559
235155
26463236232
26463236232
26463236232
26463236232
26463236232
26463236232
26486814257
26486814257
26486814257
26486814257
26486814257
26486814257
0
287955
26486814257
26486814257
26486814257
26486814257
26486814257
26486814257
26487040755
26487040755
26487040755
26487040755
26487040755
26487040755
0
26500341515
26500341515
26500341515
26500341515
26500341515
26500341515
0
26500806108
26500806108
26500806108
26500806108
26500806108
26500806108
26529808493
26529808493
26529808493
26529808493
26529808493
26529808493
0
0
26529808493
26529808493
26529808493
26529808493
26529808493
26529808493
26532933336
26532933336
26532933336
26532933336
26532933336
26532933336
183035
26549334696
26549334696
26549334696
26549334696
26549334696
26549334696
0
26550084209
26550084209
26550084209
26550084209
26550084209
26550084209
26554102714
26554102714
26554102714
26554102714
26554102714
26554102714
0
76610
26554102714
26554102714
26554102714
26554102714
26554102714
26554102714
26560110277
26560110277
26560110277
26560110277
26560110277
26560110277
0
26561112237
26561112237
26561112237
26561112237
26561112237
26561112237
0
26562146670
26562146670
26562146670
26562146670
26562146670
26562146670
26570735215
26570735215
26570735215
26570735215
26570735215
26570735215
0
0
26570735215
26570735215
26570735215
26570735215
26570735215
26570735215
26579116448
26579116448
26579116448
26579116448
26579116448
26579116448
1707955
26583219008
26583219008
26583219008
26583219008
26583219008
26583219008
0
26584538361
26584538361
26584538361
26584538361
26584538361
26584538361
26598079506
26598079506
26598079506
26598079506
26598079506
26598079506
0
0
26598079506
26598079506
26598079506
26598079506
26598079506
26598079506
26604777634
26604777634
26604777634
26604777634
26604777634
26604777634
29545
26611980794
26611980794
26611980794
26611980794
26611980794
26611980794
38760
26613585067
26613585067
26613585067
26613585067
26613585067
26613585067
26634437652
26634437652
26634437652
26634437652
26634437652
26634437652
0
314550
26634437652
26634437652
26634437652
26634437652
26634437652
26634437652
26651288425
26651288425
26651288425
26651288425
26651288425
26651288425
71640
26661592185
26661592185
26661592185
26661592185
26661592185
26661592185
0
26661781378
26661781378
26661781378
26661781378
26661781378
26661781378
26686437163
26686437163
26686437163
26686437163
26686437163
26686437163
50690
452410
26686437163
26686437163
26686437163
26686437163
26686437163
26686437163
26686719911
26686719911
26686719911
26686719911
26686719911
26686719911
739200
26700124271
26700124271
26700124271
26700124271
26700124271
26700124271
9680
26700598384
26700598384
26700598384
26700598384
26700598384
26700598384
26731062889
26731062889
26731062889
26731062889
26731062889
26731062889
0
388580
26731062889
26731062889
26731062889
26731062889
26731062889
26731062889
26734391722
26734391722
26734391722
26734391722
26734391722
26734391722
0
26750896682
26750896682
26750896682
26750896682
26750896682
26750896682
0
26751655715
26751655715
26751655715
26751655715
26751655715
26751655715
26754584620
26754584620
26754584620
26754584620
26754584620
26754584620
101945
0
26754584620
26754584620
26754584620
26754584620
26754584620
26754584620
26759543238
26759543238
26759543238
26759543238
26759543238
26759543238
0
26760648798
26760648798
26760648798
26760648798
26760648798
26760648798
0
26761692751
26761692751
26761692751
26761692751
26761692751
26761692751
26770783376
26770783376
26770783376
26770783376
26770783376
26770783376
0
0
26770783376
26770783376
26770783376
26770783376
26770783376
26770783376
26779409724
26779409724
26779409724
26779409724
26779409724
26779409724
0
26783615884
26783615884
26783615884
26783615884
26783615884
26783615884
0
26784944757
26784944757
26784944757
26784944757
26784944757
26784944757
26801772542
26801772542
26801772542
26801772542
26801772542
26801772542
0
4393160
26801772542
26801772542
26801772542
26801772542
26801772542
26801772542
26817667140
26817667140
26817667140
26817667140
26817667140
26817667140
0
26824973900
26824973900
26824973900
26824973900
26824973900
26824973900
0
26826587693
26826587693
26826587693
26826587693
26826587693
26826587693
26847299678
26847299678
26847299678
26847299678
26847299678
26847299678
34200
56425
26847299678
26847299678
26847299678
26847299678
26847299678
26847299678
26867915686
26867915686
26867915686
26867915686
26867915686
26867915686
0
26878323046
26878323046
26878323046
26878323046
26878323046
26878323046
9600
26878521759
26878521759
26878521759
26878521759
26878521759
26878521759
26905677944
26905677944
26905677944
26905677944
26905677944
26905677944
0
0
26905677944
26905677944
26905677944
26905677944
26905677944
26905677944
26906124922
26906124922
26906124922
26906124922
26906124922
26906124922
0
26919632882
26919632882
26919632882
26919632882
26919632882
26919632882
0
26920116515
26920116515
26920116515
26920116515
26920116515
26920116515
26951758540
26951758540
26951758540
26951758540
26951758540
26951758540
59785
0
26951758540
26951758540
26951758540
26951758540
26951758540
26951758540
26954927983
26954927983
26954927983
26954927983
26954927983
26954927983
8019205
26971536543
26971536543
26971536543
26971536543
26971536543
26971536543
143105
26972305096
26972305096
26972305096
26972305096
26972305096
26972305096
26976212561
26976212561
26976212561
26976212561
26976212561
26976212561
0
0
26976212561
26976212561
26976212561
26976212561
26976212561
26976212561
26981919054
26981919054
26981919054
26981919054
26981919054
26981919054
94385
26983128214
26983128214
26983128214
26983128214
26983128214
26983128214
0
26984181687
26984181687
26984181687
26984181687
26984181687
26984181687
26992688672
26992688672
26992688672
26992688672
26992688672
26992688672
0
0
26992688672
26992688672
26992688672
26992688672
26992688672
26992688672
27002968170
27002968170
27002968170
27002968170
27002968170
27002968170
69400
27007277930
27007277930
27007277930
27007277930
27007277930
27007277930
0
27008616323
27008616323
27008616323
27008616323
27008616323
27008616323
27026301308
27026301308
27026301308
27026301308
27026301308
27026301308
0
90680
27026301308
27026301308
27026301308
27026301308
27026301308
27026301308
27038817231
27038817231
27038817231
27038817231
27038817231
27038817231
209235
27046227591
27046227591
27046227591
27046227591
27046227591
27046227591
0
27047850904
27047850904
27047850904
27047850904
27047850904
27047850904
27070953569
27070953569
27070953569
27070953569
27070953569
27070953569
0
0
27070953569
27070953569
27070953569
27070953569
27070953569
27070953569
27088624917
27088624917
27088624917
27088624917
27088624917
27088624917
0
27099135877
27099135877
27099135877
27099135877
27099135877
27099135877
55520
27099344110
27099344110
27099344110
27099344110
27099344110
27099344110
27129199095
27129199095
27129199095
27129199095
27129199095
27129199095
187785
6880
27129199095
27129199095
27129199095
27129199095
27129199095
27129199095
27129631063
27129631063
27129631063
27129631063
27129631063
27129631063
0
27143242623
27143242623
27143242623
27143242623
27143242623
27143242623
0
27143735776
27143735776
27143735776
27143735776
27143735776
27143735776
27160861201
27160861201
27160861201
27160861201
27160861201
27160861201
224170
0
27160861201
27160861201
27160861201
27160861201
27160861201
27160861201
27163912769
27163912769
27163912769
27163912769
27163912769
27163912769
0
27180624929
27180624929
27180624929
27180624929
27180624929
27180624929
0
27181403002
27181403002
27181403002
27181403002
27181403002
27181403002
27184981827
27184981827
27184981827
27184981827
27184981827
27184981827
0
0
27184981827
27184981827
27184981827
27184981827
27184981827
27184981827
27189952825
27189952825
27189952825
27189952825
27189952825
27189952825
0
27191265585
27191265585
27191265585
27191265585
27191265585
27191265585
0
27192328578
27192328578
27192328578
27192328578
27192328578
27192328578
27203166763
27203166763
27203166763
27203166763
27203166763
27203166763
0
36480
27203166763
27203166763
27203166763
27203166763
27203166763
27203166763
27213502876
27213502876
27213502876
27213502876
27213502876
27213502876
0
27217916236
27217916236
27217916236
27217916236
27217916236
27217916236
0
27219264149
27219264149
27219264149
27219264149
27219264149
27219264149
27231248094
27231248094
27231248094
27231248094
27231248094
27231248094
0
0
27231248094
27231248094
27231248094
27231248094
27231248094
27231248094
27242547262
27242547262
27242547262
27242547262
27242547262
27242547262
0
27250061222
27250061222
27250061222
27250061222
27250061222
27250061222
0
27251694055
27251694055
27251694055
27251694055
27251694055
27251694055
27271502160
27271502160
27271502160
27271502160
27271502160
27271502160
0
0
27271502160
27271502160
27271502160
27271502160
27271502160
27271502160
27286446843
27286446843
27286446843
27286446843
27286446843
27286446843
279040
27297061403
27297061403
27297061403
27297061403
27297061403
27297061403
0
27297279156
27297279156
27297279156
27297279156
27297279156
27297279156
27320365501
27320365501
27320365501
27320365501
27320365501
27320365501
0
0
27320365501
27320365501
27320365501
27320365501
27320365501
27320365501
27320757974
27320757974
27320757974
27320757974
27320757974
27320757974
86280
27334473134
27334473134
27334473134
27334473134
27334473134
27334473134
0
27334975807
27334975807
27334975807
27334975807
27334975807
27334975807
27352274552
27352274552
27352274552
27352274552
27352274552
27352274552
0
0
27352274552
27352274552
27352274552
27352274552
27352274552
27352274552
27354744550
27354744550
27354744550
27354744550
27354744550
27354744550
1836580
27371560310
27371560310
27371560310
27371560310
27371560310
27371560310
0
27372347903
27372347903
27372347903
27372347903
27372347903
27372347903
27376321288
27376321288
27376321288
27376321288
27376321288
27376321288
0
0
27376321288
27376321288
27376321288
27376321288
27376321288
27376321288
27381586196
27381586196
27381586196
27381586196
27381586196
27381586196
0
27383002556
27383002556
27383002556
27383002556
27383002556
27383002556
0
27384075069
27384075069
27384075069
27384075069
27384075069
27384075069
27391578014
27391578014
27391578014
27391578014
27391578014
27391578014
0
0
27391578014
27391578014
27391578014
27391578014
27391578014
27391578014
27398462052
27398462052
27398462052
27398462052
27398462052
27398462052
803035
27402979012
27402979012
27402979012
27402979012
27402979012
27402979012
37465
27404336445
27404336445
27404336445
27404336445
27404336445
27404336445
27420712310
27420712310
27420712310
27420712310
27420712310
27420712310
0
1999820
27420712310
27420712310
27420712310
27420712310
27420712310
27420712310
27428746198
27428746198
27428746198
27428746198
27428746198
27428746198
688430
27436363758
27436363758
27436363758
27436363758
27436363758
27436363758
0
27438006111
27438006111
27438006111
27438006111
27438006111
27438006111
27456701456
27456701456
27456701456
27456701456
27456701456
27456701456
0
379080
27456701456
27456701456
27456701456
27456701456
27456701456
27456701456
27471049139
27471049139
27471049139
27471049139
27471049139
27471049139
309225
27481767299
27481767299
27481767299
27481767299
27481767299
27481767299
0
27481994572
27481994572
27481994572
27481994572
27481994572
27481994572
27507191157
27507191157
27507191157
27507191157
27507191157
27507191157
0
0
27507191157
27507191157
27507191157
27507191157
27507191157
27507191157
27507681980
27507681980
27507681980
27507681980
27507681980
27507681980
85465
27521500740
27521500740
27521500740
27521500740
27521500740
27521500740
72280
27522012933
27522012933
27522012933
27522012933
27522012933
27522012933
27539522518
27539522518
27539522518
27539522518
27539522518
27539522518
0
0
27539522518
27539522518
27539522518
27539522518
27539522518
27539522518
27542967481
27542967481
27542967481
27542967481
27542967481
27542967481
0
27559886841
27559886841
27559886841
27559886841
27559886841
27559886841
0
27560683954
27560683954
27560683954
27560683954
27560683954
27560683954
27566464779
27566464779
27566464779
27566464779
27566464779
27566464779
82585
1930560
27566464779
27566464779
27566464779
27566464779
27566464779
27566464779
27573692842
27573692842
27573692842
27573692842
27573692842
27573692842
0
27575212802
27575212802
27575212802
27575212802
27575212802
27575212802
0
27576294835
27576294835
27576294835
27576294835
27576294835
27576294835
27583001100
27583001100
27583001100
27583001100
27583001100
27583001100
0
101385
27583001100
27583001100
27583001100
27583001100
27583001100
27583001100
27590976653
27590976653
27590976653
27590976653
27590976653
27590976653
107140
27595597213
27595597213
27595597213
27595597213
27595597213
27595597213
0
27596964166
27596964166
27596964166
27596964166
27596964166
27596964166
27612140111
27612140111
27612140111
27612140111
27612140111
27612140111
0
0
27612140111
27612140111
27612140111
27612140111
27612140111
27612140111
27623055879
27623055879
27623055879
27623055879
27623055879
27623055879
0
27630777039
27630777039
27630777039
27630777039
27630777039
27630777039
37040
27632428912
27632428912
27632428912
27632428912
27632428912
27632428912
27655807617
27655807617
27655807617
27655807617
27655807617
27655807617
0
0
27655807617
27655807617
27655807617
27655807617
27655807617
27655807617
27671119390
27671119390
27671119390
27671119390
27671119390
27671119390
0
27681941150
27681941150
27681941150
27681941150
27681941150
27681941150
112810
27682177943
27682177943
27682177943
27682177943
27682177943
27682177943
27707976928
27707976928
27707976928
27707976928
27707976928
27707976928
0
45480
27707976928
27707976928
27707976928
27707976928
27707976928
27707976928
27708749151
27708749151
27708749151
27708749151
27708749151
27708749151
293600
27722671511
27722671511
27722671511
27722671511
27722671511
27722671511
95425
27723193224
27723193224
27723193224
27723193224
27723193224
27723193224
27740884809
27740884809
27740884809
27740884809
27740884809
27740884809
0
0
27740884809
27740884809
27740884809
27740884809
27740884809
27740884809
27744214162
27744214162
27744214162
27744214162
27744214162
27744214162
0
27761237122
27761237122
27761237122
27761237122
27761237122
27761237122
0
27762043755
27762043755
27762043755
27762043755
27762043755
27762043755
27766119860
27766119860
27766119860
27766119860
27766119860
27766119860
0
0
27766119860
27766119860
27766119860
27766119860
27766119860
27766119860
27771542688
27771542688
27771542688
27771542688
27771542688
27771542688
159930
27773166248
27773166248
27773166248
27773166248
27773166248
27773166248
0
27774257801
27774257801
27774257801
27774257801
27774257801
27774257801
27783011026
27783011026
27783011026
27783011026
27783011026
27783011026
0
251460
27783011026
27783011026
27783011026
27783011026
27783011026
27783011026
27791773784
27791773784
27791773784
27791773784
27791773784
27791773784
1407555
27796497944
27796497944
27796497944
27796497944
27796497944
27796497944
0
27797874417
27797874417
27797874417
27797874417
27797874417
27797874417
27814484442
27814484442
27814484442
27814484442
27814484442
27814484442
0
52120
27814484442
27814484442
27814484442
27814484442
27814484442
27814484442
27827758690
27827758690
27827758690
27827758690
27827758690
27827758690
0
27835583450
27835583450
27835583450
27835583450
27835583450
27835583450
0
27837244843
27837244843
27837244843
27837244843
27837244843
27837244843
27857238828
27857238828
27857238828
27857238828
27857238828
27857238828
0
0
27857238828
27857238828
27857238828
27857238828
27857238828
27857238828
27870892341
27870892341
27870892341
27870892341
27870892341
27870892341
14800
27881817701
27881817701
27881817701
27881817701
27881817701
27881817701
0
27882064014
27882064014
27882064014
27882064014
27882064014
27882064014
27904954839
27904954839
27904954839
27904954839
27904954839
27904954839
0
87360
27904954839
27904954839
27904954839
27904954839
27904954839
27904954839
27905848477
27905848477
27905848477
27905848477
27905848477
27905848477
166865
27919874437
27919874437
27919874437
27919874437
27919874437
27919874437
0
27920405670
27920405670
27920405670
27920405670
27920405670
27920405670
27938209255
27938209255
27938209255
27938209255
27938209255
27938209255
0
0
27938209255
27938209255
27938209255
27938209255
27938209255
27938209255
27941369188
27941369188
27941369188
27941369188
27941369188
27941369188
0
27958495748
27958495748
27958495748
27958495748
27958495748
27958495748
89040
27959311901
27959311901
27959311901
27959311901
27959311901
27959311901
27964074326
27964074326
27964074326
27964074326
27964074326
27964074326
79560
0
27964074326
27964074326
27964074326
27964074326
27964074326
27964074326
27969576114
27969576114
27969576114
27969576114
27969576114
27969576114
909425
27971303274
27971303274
27971303274
27971303274
27971303274
27971303274
0
27972404347
27972404347
27972404347
27972404347
27972404347
27972404347
27983985812
27983985812
27983985812
27983985812
27983985812
27983985812
99345
0
27983985812
27983985812
27983985812
27983985812
27983985812
27983985812
27993714810
27993714810
27993714810
27993714810
27993714810
27993714810
0
27998542570
27998542570
27998542570
27998542570
27998542570
27998542570
0
27999928563
27999928563
27999928563
27999928563
27999928563
27999928563
28013986748
28013986748
28013986748
28013986748
28013986748
28013986748
0
574560
28013986748
28013986748
28013986748
28013986748
28013986748
28013986748
28021136701
28021136701
28021136701
28021136701
28021136701
28021136701
0
28029065061
28029065061
28029065061
28029065061
28029065061
28029065061
72625
28030735974
28030735974
28030735974
28030735974
28030735974
28030735974
28048886879
28048886879
28048886879
28048886879
28048886879
28048886879
0
112905
28048886879
28048886879
28048886879
28048886879
28048886879
28048886879
28062273252
28062273252
28062273252
28062273252
28062273252
28062273252
11785
28073302212
28073302212
28073302212
28073302212
28073302212
28073302212
0
28073558045
28073558045
28073558045
28073558045
28073558045
28073558045
28097212150
28097212150
28097212150
28097212150
28097212150
28097212150
0
0
28097212150
28097212150
28097212150
28097212150
28097212150
28097212150
28098163573
28098163573
28098163573
28098163573
28098163573
28098163573
0
28112293133
28112293133
28112293133
28112293133
28112293133
28112293133
0
28112833886
28112833886
28112833886
28112833886
28112833886
28112833886
28131039271
28131039271
28131039271
28131039271
28131039271
28131039271
0
0
28131039271
28131039271
28131039271
28131039271
28131039271
28131039271
28134300589
28134300589
28134300589
28134300589
28134300589
28134300589
0
28151530749
28151530749
28151530749
28151530749
28151530749
28151530749
0
28152356422
28152356422
28152356422
28152356422
28152356422
28152356422
28157260047
28157260047
28157260047
28157260047
28157260047
28157260047
0
0
28157260047
28157260047
28157260047
28157260047
28157260047
28157260047
28162531795
28162531795
28162531795
28162531795
28162531795
28162531795
0
28164362555
28164362555
28164362555
28164362555
28164362555
28164362555
74825
28165473148
28165473148
28165473148
28165473148
28165473148
28165473148
28173524133
28173524133
28173524133
28173524133
28173524133
28173524133
0
0
28173524133
28173524133
28173524133
28173524133
28173524133
28173524133
28182077276
28182077276
28182077276
28182077276
28182077276
28182077276
0
28187008636
28187008636
28187008636
28187008636
28187008636
28187008636
0
28188404149
28188404149
28188404149
28188404149
28188404149
28188404149
28205881934
28205881934
28205881934
28205881934
28205881934
28205881934
0
3818155
28205881934
28205881934
28205881934
28205881934
28205881934
28205881934
28215611842
28215611842
28215611842
28215611842
28215611842
28215611842
0
28223643802
28223643802
28223643802
28223643802
28223643802
28223643802
0
28225324235
28225324235
28225324235
28225324235
28225324235
28225324235
28246507980
28246507980
28246507980
28246507980
28246507980
28246507980
0
357735
28246507980
28246507980
28246507980
28246507980
28246507980
28246507980
28260511783
28260511783
28260511783
28260511783
28260511783
28260511783
774380
28271644343
28271644343
28271644343
28271644343
28271644343
28271644343
0
28271909696
28271909696
28271909696
28271909696
28271909696
28271909696
28294771081
28294771081
28294771081
28294771081
28294771081
28294771081
0
35265
28294771081
28294771081
28294771081
28294771081
28294771081
28294771081
28296067029
28296067029
28296067029
28296067029
28296067029
28296067029
0
28310300189
28310300189
28310300189
28310300189
28310300189
28310300189
0
28310850462
28310850462
28310850462
28310850462
28310850462
28310850462
28328926487
28328926487
28328926487
28328926487
28328926487
28328926487
0
38625
28328926487
28328926487
28328926487
28328926487
28328926487
28328926487
28333209735
28333209735
28333209735
28333209735
28333209735
28333209735
0
28350543495
28350543495
28350543495
28350543495
28350543495
28350543495
0
28351378688
28351378688
28351378688
28351378688
28351378688
28351378688
28357665673
28357665673
28357665673
28357665673
28357665673
28357665673
0
0
28357665673
28357665673
28357665673
28357665673
28357665673
28357665673
28365323816
28365323816
28365323816
28365323816
28365323816
28365323816
0
28367258176
28367258176
28367258176
28367258176
28367258176
28367258176
5800
28368378289
28368378289
28368378289
28368378289
28368378289
28368378289
28380699634
28380699634
28380699634
28380699634
28380699634
28380699634
0
66185
28380699634
28380699634
28380699634
28380699634
28380699634
28380699634
28389561677
28389561677
28389561677
28389561677
28389561677
28389561677
76465
28394596637
28394596637
28394596637
28394596637
28394596637
28394596637
65785
28396001670
28396001670
28396001670
28396001670
28396001670
28396001670
28409957775
28409957775
28409957775
28409957775
28409957775
28409957775
16105
602865
28409957775
28409957775
28409957775
28409957775
28409957775
28409957775
28422016018
28422016018
28422016018
28422016018
28422016018
28422016018
0
28430151578
28430151578
28430151578
28430151578
28430151578
28430151578
56425
28431841531
28431841531
28431841531
28431841531
28431841531
28431841531
28450025556
28450025556
28450025556
28450025556
28450025556
28450025556
0
36770
28450025556
28450025556
28450025556
28450025556
28450025556
28450025556
28468947829
28468947829
28468947829
28468947829
28468947829
28468947829
82585
28480183989
28480183989
28480183989
28480183989
28480183989
28480183989
0
28480458862
28480458862
28480458862
28480458862
28480458862
28480458862
28508985767
28508985767
28508985767
28508985767
28508985767
28508985767
21360
46305
28508985767
28508985767
28508985767
28508985767
28508985767
28508985767
28510010565
28510010565
28510010565
28510010565
28510010565
28510010565
0
28524347325
28524347325
28524347325
28524347325
28524347325
28524347325
0
28524907118
28524907118
28524907118
28524907118
28524907118
28524907118
28543437303
28543437303
28543437303
28543437303
28543437303
28543437303
0
33400
28543437303
28543437303
28543437303
28543437303
28543437303
28543437303
28546789826
28546789826
28546789826
28546789826
28546789826
28546789826
0
28564227186
28564227186
28564227186
28564227186
28564227186
28564227186
0
28565071899
28565071899
28565071899
28565071899
28565071899
28565071899
28569790084
28569790084
28569790084
28569790084
28569790084
28569790084
0
4720
28569790084
28569790084
28569790084
28569790084
28569790084
28569790084
28573501757
28573501757
28573501757
28573501757
28573501757
28573501757
0
28575539717
28575539717
28575539717
28575539717
28575539717
28575539717
0
28576669350
28576669350
28576669350
28576669350
28576669350
28576669350
28587123855
28587123855
28587123855
28587123855
28587123855
28587123855
0
23040
28587123855
28587123855
28587123855
28587123855
28587123855
28587123855
28596807823
28596807823
28596807823
28596807823
28596807823
28596807823
0
28601946383
28601946383
28601946383
28601946383
28601946383
28601946383
0
28603360936
28603360936
28603360936
28603360936
28603360936
28603360936
28620800481
28620800481
28620800481
28620800481
28620800481
28620800481
0
0
28620800481
28620800481
28620800481
28620800481
28620800481
28620800481
28631558529
28631558529
28631558529
28631558529
28631558529
28631558529
0
28639797689
28639797689
28639797689
28639797689
28639797689
28639797689
92130
28641497162
28641497162
28641497162
28641497162
28641497162
28641497162
28662615227
28662615227
28662615227
28662615227
28662615227
28662615227
0
138182005
28662615227
28662615227
28662615227
28662615227
28662615227
28662615227
28680124675
28680124675
28680124675
28680124675
28680124675
28680124675
0
28691464435
28691464435
28691464435
28691464435
28691464435
28691464435
29505
28691748828
28691748828
28691748828
28691748828
28691748828
28691748828
28715363813
28715363813
28715363813
28715363813
28715363813
28715363813
0
0
28715363813
28715363813
28715363813
28715363813
28715363813
28715363813
28716414411
28716414411
28716414411
28716414411
28716414411
28716414411
0
28730854771
28730854771
28730854771
28730854771
28730854771
28730854771
0
28731424084
28731424084
28731424084
28731424084
28731424084
28731424084
28750039389
28750039389
28750039389
28750039389
28750039389
28750039389
0
227740
28750039389
28750039389
28750039389
28750039389
28750039389
28750039389
28753117137
28753117137
28753117137
28753117137
28753117137
28753117137
71025
28770658097
28770658097
28770658097
28770658097
28770658097
28770658097
0
28771512330
28771512330
28771512330
28771512330
28771512330
28771512330
28776309635
28776309635
28776309635
28776309635
28776309635
28776309635
0
0
28776309635
28776309635
28776309635
28776309635
28776309635
28776309635
28782530313
28782530313
28782530313
28782530313
28782530313
28782530313
179120
28784671873
28784671873
28784671873
28784671873
28784671873
28784671873
0
28785811026
28785811026
28785811026
28785811026
28785811026
28785811026
28797054971
28797054971
28797054971
28797054971
28797054971
28797054971
0
24865
28797054971
28797054971
28797054971
28797054971
28797054971
28797054971
28806491189
28806491189
28806491189
28806491189
28806491189
28806491189
118050
28811733349
28811733349
28811733349
28811733349
28811733349
28811733349
22560
28813157422
28813157422
28813157422
28813157422
28813157422
28813157422
28827984247
28827984247
28827984247
28827984247
28827984247
28827984247
0
0
28827984247
28827984247
28827984247
28827984247
28827984247
28827984247
28840004695
28840004695
28840004695
28840004695
28840004695
28840004695
312605
28848347455
28848347455
28848347455
28848347455
28848347455
28848347455
0
28848356448
28848356448
28848356448
28848356448
28848356448
28848356448
28869293033
28869293033
28869293033
28869293033
28869293033
28869293033
32865
275160
28869293033
28869293033
28869293033
28869293033
28869293033
28869293033
28882200141
28882200141
28882200141
28882200141
28882200141
28882200141
0
28893643501
28893643501
28893643501
28893643501
28893643501
28893643501
0
28893937414
28893937414
28893937414
28893937414
28893937414
28893937414
28920811599
28920811599
28920811599
28920811599
28920811599
28920811599
0
0
28920811599
28920811599
28920811599
28920811599
28920811599
28920811599
28922253632
28922253632
28922253632
28922253632
28922253632
28922253632
0
28936797592
28936797592
28936797592
28936797592
28936797592
28936797592
0
28937376425
28937376425
28937376425
28937376425
28937376425
28937376425
28955805250
28955805250
28955805250
28955805250
28955805250
28955805250
0
0
28955805250
28955805250
28955805250
28955805250
28955805250
28955805250
28958181638
28958181638
28958181638
28958181638
28958181638
28958181638
60305
28975826198
28975826198
28975826198
28975826198
28975826198
28975826198
12185
28976689951
28976689951
28976689951
28976689951
28976689951
28976689951
28982489256
28982489256
28982489256
28982489256
28982489256
28982489256
0
0
28982489256
28982489256
28982489256
28982489256
28982489256
28982489256
28988263249
28988263249
28988263249
28988263249
28988263249
28988263249
58105
28990508409
28990508409
28990508409
28990508409
28990508409
28990508409
0
28991657082
28991657082
28991657082
28991657082
28991657082
28991657082
29002776227
29002776227
29002776227
29002776227
29002776227
29002776227
0
0
29002776227
29002776227
29002776227
29002776227
29002776227
29002776227
29011324100
29011324100
29011324100
29011324100
29011324100
29011324100
402105
29016669860
29016669860
29016669860
29016669860
29016669860
29016669860
0
29018103453
29018103453
29018103453
29018103453
29018103453
29018103453
29033930038
29033930038
29033930038
29033930038
29033930038
29033930038
0
0
29033930038
29033930038
29033930038
29033930038
29033930038
29033930038
29043883481
29043883481
29043883481
29043883481
29043883481
29043883481
0
29052329841
29052329841
29052329841
29052329841
29052329841
29052329841
0
29052348354
29052348354
29052348354
29052348354
29052348354
29052348354
29076571139
29076571139
29076571139
29076571139
29076571139
29076571139
0
1351180
29076571139
29076571139
29076571139
29076571139
29076571139
29076571139
29092291557
29092291557
29092291557
29092291557
29092291557
29092291557
126545
29103838517
29103838517
29103838517
29103838517
29103838517
29103838517
0
29104141950
29104141950
29104141950
29104141950
29104141950
29104141950
29126739335
29126739335
29126739335
29126739335
29126739335
29126739335
0
122465
29126739335
29126739335
29126739335
29126739335
29126739335
29126739335
29127767223
29127767223
29127767223
29127767223
29127767223
29127767223
0
29142414783
29142414783
29142414783
29142414783
29142414783
29142414783
93520
29143003136
29143003136
29143003136
29143003136
29143003136
29143003136
29162049081
29162049081
29162049081
29162049081
29162049081
29162049081
0
1773195
29162049081
29162049081
29162049081
29162049081
29162049081
29162049081
29164033579
29164033579
29164033579
29164033579
29164033579
29164033579
411880
29181781739
29181781739
29181781739
29181781739
29181781739
29181781739
0
29182655012
29182655012
29182655012
29182655012
29182655012
29182655012
29186714157
29186714157
29186714157
29186714157
29186714157
29186714157
0
0
29186714157
29186714157
29186714157
29186714157
29186714157
29186714157
29195340905
29195340905
29195340905
29195340905
29195340905
29195340905
39090
29197689665
29197689665
29197689665
29197689665
29197689665
29197689665
0
29198847858
29198847858
29198847858
29198847858
29198847858
29198847858
29211094043
29211094043
29211094043
29211094043
29211094043
29211094043
0
26520
29211094043
29211094043
29211094043
29211094043
29211094043
29211094043
29219607306
29219607306
29219607306
29219607306
29219607306
29219607306
10160
29225056666
29225056666
29225056666
29225056666
29225056666
29225056666
0
29226499779
29226499779
29226499779
29226499779
29226499779
29226499779
29239524044
29239524044
29239524044
29239524044
29239524044
29239524044
0
54320
29239524044
29239524044
29239524044
29239524044
29239524044
29239524044
29250825472
29250825472
29250825472
29250825472
29250825472
29250825472
0
29259375432
29259375432
29259375432
29259375432
29259375432
29259375432
39320
29259403465
29259403465
29259403465
29259403465
29259403465
29259403465
29283460450
29283460450
29283460450
29283460450
29283460450
29283460450
0
131810
29283460450
29283460450
29283460450
29283460450
29283460450
29283460450
29298818103
29298818103
29298818103
29298818103
29298818103
29298818103
0
29310468663
29310468663
29310468663
29310468663
29310468663
29310468663
0
29310781616
29310781616
29310781616
29310781616
29310781616
29310781616
29337027721
29337027721
29337027721
29337027721
29337027721
29337027721
164490
0
29337027721
29337027721
29337027721
29337027721
29337027721
29337027721
29338626789
29338626789
29338626789
29338626789
29338626789
29338626789
0
29353377949
29353377949
29353377949
29353377949
29353377949
29353377949
4545
29353975822
29353975822
29353975822
29353975822
29353975822
29353975822
29372749607
29372749607
29372749607
29372749607
29372749607
29372749607
0
3594395
29372749607
29372749607
29372749607
29372749607
29372749607
29372749607
29377399505
29377399505
29377399505
29377399505
29377399505
29377399505
0
29395251265
29395251265
29395251265
29395251265
29395251265
29395251265
0
29396134058
29396134058
29396134058
29396134058
29396134058
29396134058
29401211443
29401211443
29401211443
29401211443
29401211443
29401211443
0
1438360
29401211443
29401211443
29401211443
29401211443
29401211443
29401211443
29405922431
29405922431
29405922431
29405922431
29405922431
29405922431
9200
29408374791
29408374791
29408374791
29408374791
29408374791
29408374791
94905
29409542504
29409542504
29409542504
29409542504
29409542504
29409542504
29421344209
29421344209
29421344209
29421344209
29421344209
29421344209
0
84600
29421344209
29421344209
29421344209
29421344209
29421344209
29421344209
29428234507
29428234507
29428234507
29428234507
29428234507
29428234507
0
29433787467
29433787467
29433787467
29433787467
29433787467
29433787467
91585
29435240100
29435240100
29435240100
29435240100
29435240100
29435240100
29451244845
29451244845
29451244845
29451244845
29451244845
29451244845
1253955
0
29451244845
29451244845
29451244845
29451244845
29451244845
29451244845
29463611278
29463611278
29463611278
29463611278
29463611278
29463611278
0
29472264838
29472264838
29472264838
29472264838
29472264838
29472264838
1392570
29472302391
29472302391
29472302391
29472302391
29472302391
29472302391
29495894056
29495894056
29495894056
29495894056
29495894056
29495894056
0
0
29495894056
29495894056
29495894056
29495894056
29495894056
29495894056
29504846889
29504846889
29504846889
29504846889
29504846889
29504846889
0
29516601049
29516601049
29516601049
29516601049
29516601049
29516601049
0
29516923522
29516923522
29516923522
29516923522
29516923522
29516923522
29543342667
29543342667
29543342667
29543342667
29543342667
29543342667
0
2517715
29543342667
29543342667
29543342667
29543342667
29543342667
29543342667
29545083740
29545083740
29545083740
29545083740
29545083740
29545083740
0
29559938500
29559938500
29559938500
29559938500
29559938500
29559938500
45520
29560545893
29560545893
29560545893
29560545893
29560545893
29560545893
29579736878
29579736878
29579736878
29579736878
29579736878
29579736878
0
33425
29579736878
29579736878
29579736878
29579736878
29579736878
29579736878
29585286351
29585286351
29585286351
29585286351
29585286351
29585286351
161656267
29603241711
29603241711
29603241711
29603241711
29603241711
29603241711
0
29604134024
29604134024
29604134024
29604134024
29604134024
29604134024
29610295969
29610295969
29610295969
29610295969
29610295969
29610295969
0
0
29610295969
29610295969
29610295969
29610295969
29610295969
29610295969
29616854887
29616854887
29616854887
29616854887
29616854887
29616854887
264840
29619410847
29619410847
29619410847
29619410847
29619410847
29619410847
0
29620588080
29620588080
29620588080
29620588080
29620588080
29620588080
29631441145
29631441145
29631441145
29631441145
29631441145
29631441145
154170
190875
29631441145
29631441145
29631441145
29631441145
29631441145
29631441145
29639997078
29639997078
29639997078
29639997078
29639997078
29639997078
140000
29645653638
29645653638
29645653638
29645653638
29645653638
29645653638
24200
29647115791
29647115791
29647115791
29647115791
29647115791
29647115791
29663464856
29663464856
29663464856
29663464856
29663464856
29663464856
69560
152385
29663464856
29663464856
29663464856
29663464856
29663464856
29663464856
29675465619
29675465619
29675465619
29675465619
29675465619
29675465619
12400
29684222779
29684222779
29684222779
29684222779
29684222779
29684222779
0
29684269852
29684269852
29684269852
29684269852
29684269852
29684269852
29702425437
29702425437
29702425437
29702425437
29702425437
29702425437
0
7825
29702425437
29702425437
29702425437
29702425437
29702425437
29702425437
29716083360
29716083360
29716083360
29716083360
29716083360
29716083360
33840
29727941120
29727941120
29727941120
29727941120
29727941120
29727941120
56080
29728273113
29728273113
29728273113
29728273113
29728273113
29728273113
29755319298
29755319298
29755319298
29755319298
29755319298
29755319298
0
0
29755319298
29755319298
29755319298
29755319298
29755319298
29755319298
29756920426
29756920426
29756920426
29756920426
29756920426
29756920426
0
29771878786
29771878786
29771878786
29771878786
29771878786
29771878786
0
29772495699
29772495699
29772495699
29772495699
29772495699
29772495699
29791912084
29791912084
29791912084
29791912084
29791912084
29791912084
66385
17945
29791912084
29791912084
29791912084
29791912084
29791912084
29791912084
29796657082
29796657082
29796657082
29796657082
29796657082
29796657082
0
29814716042
29814716042
29814716042
29814716042
29814716042
29814716042
0
29815617875
29815617875
29815617875
29815617875
29815617875
29815617875
29822008220
29822008220
29822008220
29822008220
29822008220
29822008220
0
0
29822008220
29822008220
29822008220
29822008220
29822008220
29822008220
29827056813
29827056813
29827056813
29827056813
29827056813
29827056813
0
29829716373
29829716373
29829716373
29829716373
29829716373
29829716373
0
29830903126
29830903126
29830903126
29830903126
29830903126
29830903126
29842460471
29842460471
29842460471
29842460471
29842460471
29842460471
0
35105
29842460471
29842460471
29842460471
29842460471
29842460471
29842460471
29851514979
29851514979
29851514979
29851514979
29851514979
29851514979
521390
29857275139
29857275139
29857275139
29857275139
29857275139
29857275139
0
29858746812
29858746812
29858746812
29858746812
29858746812
29858746812
29879376677
29879376677
29879376677
29879376677
29879376677
29879376677
0
2398850
29879376677
29879376677
29879376677
29879376677
29879376677
29879376677
29889319300
29889319300
29889319300
29889319300
29889319300
29889319300
0
29898180060
29898180060
29898180060
29898180060
29898180060
29898180060
0
29898236653
29898236653
29898236653
29898236653
29898236653
29898236653
29922284838
29922284838
29922284838
29922284838
29922284838
29922284838
0
0
29922284838
29922284838
29922284838
29922284838
29922284838
29922284838
29930805041
29930805041
29930805041
29930805041
29930805041
29930805041
638005
29942766401
29942766401
29942766401
29942766401
29942766401
29942766401
70985
29943107914
29943107914
29943107914
29943107914
29943107914
29943107914
29971974419
29971974419
29971974419
29971974419
29971974419
29971974419
0
0
29971974419
29971974419
29971974419
29971974419
29971974419
29971974419
29974087317
29974087317
29974087317
29974087317
29974087317
29974087317
0
29989149277
29989149277
29989149277
29989149277
29989149277
29989149277
5065
29989775710
29989775710
29989775710
29989775710
29989775710
29989775710
29991030895
29991030895
29991030895
29991030895
29991030895
29991030895
0
0
29991030895
29991030895
29991030895
29991030895
29991030895
29991030895
29996250563
29996250563
29996250563
29996250563
29996250563
29996250563
0
30014413123
30014413123
30014413123
30014413123
30014413123
30014413123
46945
30015324476
30015324476
30015324476
30015324476
30015324476
30015324476
30022716741
30022716741
30022716741
30022716741
30022716741
30022716741
0
1007670
30022716741
30022716741
30022716741
30022716741
30022716741
30022716741
30030536404
30030536404
30030536404
30030536404
30030536404
30030536404
63145
30033299564
30033299564
30033299564
30033299564
30033299564
30033299564
0
30034495837
30034495837
30034495837
30034495837
30034495837
30034495837
30045731022
30045731022
30045731022
30045731022
30045731022
30045731022
0
0
30045731022
30045731022
30045731022
30045731022
30045731022
30045731022
30052935370
30052935370
30052935370
30052935370
30052935370
30052935370
0
30058799130
30058799130
30058799130
30058799130
30058799130
30058799130
0
30060280323
30060280323
30060280323
30060280323
30060280323
30060280323
30077795308
30077795308
30077795308
30077795308
30077795308
30077795308
0
0
30077795308
30077795308
30077795308
30077795308
30077795308
30077795308
30086188726
30086188726
30086188726
30086188726
30086188726
30086188726
3032670
30095153086
30095153086
30095153086
30095153086
30095153086
30095153086
0
30095219199
30095219199
30095219199
30095219199
30095219199
30095219199
30114423184
30114423184
30114423184
30114423184
30114423184
30114423184
98825
0
30114423184
30114423184
30114423184
30114423184
30114423184
30114423184
30126291942
30126291942
30126291942
30126291942
30126291942
30126291942
295050
30138356902
30138356902
30138356902
30138356902
30138356902
30138356902
87960
30138707935
30138707935
30138707935
30138707935
30138707935
30138707935
30167852280
30167852280
30167852280
30167852280
30167852280
30167852280
87320
351220
30167852280
30167852280
30167852280
30167852280
30167852280
30167852280
30169870983
30169870983
30169870983
30169870983
30169870983
30169870983
146370
30185036543
30185036543
30185036543
30185036543
30185036543
30185036543
72840
30185672496
30185672496
30185672496
30185672496
30185672496
30185672496
30187158681
30187158681
30187158681
30187158681
30187158681
30187158681
247505
0
30187158681
30187158681
30187158681
30187158681
30187158681
30187158681
30191770099
30191770099
30191770099
30191770099
30191770099
30191770099
0
30210036259
30210036259
30210036259
30210036259
30210036259
30210036259
0
30210957132
30210957132
30210957132
30210957132
30210957132
30210957132
30217632917
30217632917
30217632917
30217632917
30217632917
30217632917
303955
0
30217632917
30217632917
30217632917
30217632917
30217632917
30217632917
30223561015
30223561015
30223561015
30223561015
30223561015
30223561015
78275
30226427775
30226427775
30226427775
30226427775
30226427775
30226427775
28945
30227633568
30227633568
30227633568
30227633568
30227633568
30227633568
30240938553
30240938553
30240938553
30240938553
30240938553
30240938553
0
607965
30240938553
30240938553
30240938553
30240938553
30240938553
30240938553
30251379641
30251379641
30251379641
30251379641
30251379641
30251379641
0
30257347001
30257347001
30257347001
30257347001
30257347001
30257347001
0
30258837714
30258837714
30258837714
30258837714
30258837714
30258837714
30277301179
30277301179
30277301179
30277301179
30277301179
30277301179
70560
181385
30277301179
30277301179
30277301179
30277301179
30277301179
30277301179
30289408532
30289408532
30289408532
30289408532
30289408532
30289408532
0
30298476492
30298476492
30298476492
30298476492
30298476492
30298476492
62065
30298552125
30298552125
30298552125
30298552125
30298552125
30298552125
30325103510
30325103510
30325103510
30325103510
30325103510
30325103510
39025
0
30325103510
30325103510
30325103510
30325103510
30325103510
30325103510
30334784228
30334784228
30334784228
30334784228
30334784228
30334784228
0
30346952788
30346952788
30346952788
30346952788
30346952788
30346952788
0
30347313341
30347313341
30347313341
30347313341
30347313341
30347313341
30380158406
30380158406
30380158406
30380158406
30380158406
30380158406
0
0
30380158406
30380158406
30380158406
30380158406
30380158406
30380158406
30382489704
30382489704
30382489704
30382489704
30382489704
30382489704
1390340
30397758864
30397758864
30397758864
30397758864
30397758864
30397758864
0
30398404337
30398404337
30398404337
30398404337
30398404337
30398404337
30399923842
30399923842
30399923842
30399923842
30399923842
30399923842
0
0
30399923842
30399923842
30399923842
30399923842
30399923842
30399923842
30404206165
30404206165
30404206165
30404206165
30404206165
30404206165
48160
30422575925
30422575925
30422575925
30422575925
30422575925
30422575925
27600
30423506318
30423506318
30423506318
30423506318
30423506318
30423506318
30430387303
30430387303
30430387303
30430387303
30430387303
30430387303
0
0
30430387303
30430387303
30430387303
30430387303
30430387303
30430387303
30437463601
30437463601
30437463601
30437463601
30437463601
30437463601
237080
30440433961
30440433961
30440433961
30440433961
30440433961
30440433961
41440
30441649274
30441649274
30441649274
30441649274
30441649274
30441649274
30453097779
30453097779
30453097779
30453097779
30453097779
30453097779
0
0
30453097779
30453097779
30453097779
30453097779
30453097779
30453097779
30461602522
30461602522
30461602522
30461602522
30461602522
30461602522
32680
30467673482
30467673482
30467673482
30467673482
30467673482
30467673482
0
30469173715
30469173715
30469173715
30469173715
30469173715
30469173715
30486933660
30486933660
30486933660
30486933660
30486933660
30486933660
0
0
30486933660
30486933660
30486933660
30486933660
30486933660
30486933660
30500536743
30500536743
30500536743
30500536743
30500536743
30500536743
188460
30509708303
30509708303
30509708303
30509708303
30509708303
30509708303
0
30509793456
30509793456
30509793456
30509793456
30509793456
30509793456
30529229161
30529229161
30529229161
30529229161
30529229161
30529229161
0
0
30529229161
30529229161
30529229161
30529229161
30529229161
30529229161
30542874184
30542874184
30542874184
30542874184
30542874184
30542874184
0
30555146344
30555146344
30555146344
30555146344
30555146344
30555146344
0
30555516417
30555516417
30555516417
30555516417
30555516417
30555516417
30581033002
30581033002
30581033002
30581033002
30581033002
30581033002
0
62225
30581033002
30581033002
30581033002
30581033002
30581033002
30581033002
30583497150
30583497150
30583497150
30583497150
30583497150
30583497150
0
30598869910
30598869910
30598869910
30598869910
30598869910
30598869910
0
30599524903
30599524903
30599524903
30599524903
30599524903
30599524903
30601215488
30601215488
30601215488
30601215488
30601215488
30601215488
0
623080
30601215488
30601215488
30601215488
30601215488
30601215488
30601215488
30606352486
30606352486
30606352486
30606352486
30606352486
30606352486
247755
30624825846
30624825846
30624825846
30624825846
30624825846
30624825846
89600
30625765759
30625765759
30625765759
30625765759
30625765759
30625765759
30632720264
30632720264
30632720264
30632720264
30632720264
30632720264
0
291200
30632720264
30632720264
30632720264
30632720264
30632720264
30632720264
30638613702
30638613702
30638613702
30638613702
30638613702
30638613702
44960
30641687662
30641687662
30641687662
30641687662
30641687662
30641687662
0
30642912495
30642912495
30642912495
30642912495
30642912495
30642912495
30655396520
30655396520
30655396520
30655396520
30655396520
30655396520
99905
673670
30655396520
30655396520
30655396520
30655396520
30655396520
30655396520
30661617433
30661617433
30661617433
30661617433
30661617433
30661617433
0
30667791993
30667791993
30667791993
30667791993
30667791993
30667791993
0
30669301746
30669301746
30669301746
30669301746
30669301746
30669301746
30679792651
30679792651
30679792651
30679792651
30679792651
30679792651
186825
127800
30679792651
30679792651
30679792651
30679792651
30679792651
30679792651
30690731779
30690731779
30690731779
30690731779
30690731779
30690731779
0
30700006939
30700006939
30700006939
30700006939
30700006939
30700006939
8345
30700101612
30700101612
30700101612
30700101612
30700101612
30700101612
30721381237
30721381237
30721381237
30721381237
30721381237
30721381237
0
0
30721381237
30721381237
30721381237
30721381237
30721381237
30721381237
30731386485
30731386485
30731386485
30731386485
30731386485
30731386485
40440
30743762245
30743762245
30743762245
30743762245
30743762245
30743762245
0
30744141838
30744141838
30744141838
30744141838
30744141838
30744141838
30767387223
30767387223
30767387223
30767387223
30767387223
30767387223
0
0
30767387223
30767387223
30767387223
30767387223
30767387223
30767387223
30769367211
30769367211
30769367211
30769367211
30769367211
30769367211
1435440
30784843571
30784843571
30784843571
30784843571
30784843571
30784843571
0
30785508084
30785508084
30785508084
30785508084
30785508084
30785508084
30787389349
30787389349
30787389349
30787389349
30787389349
30787389349
0
49705
30787389349
30787389349
30787389349
30787389349
30787389349
30787389349
30792595202
30792595202
30792595202
30792595202
30792595202
30792595202
0
30792672162
30792672162
30792672162
30792672162
30792672162
30792672162
0
30793621595
30793621595
30793621595
30793621595
30793621595
30793621595
30800536660
30800536660
30800536660
30800536660
30800536660
30800536660
27600
0
30800536660
30800536660
30800536660
30800536660
30800536660
30800536660
30806271693
30806271693
30806271693
30806271693
30806271693
30806271693
392400
30809449253
30809449253
30809449253
30809449253
30809449253
30809449253
96225
30810683606
30810683606
30810683606
30810683606
30810683606
30810683606
30824532711
30824532711
30824532711
30824532711
30824532711
30824532711
0
5900295
30824532711
30824532711
30824532711
30824532711
30824532711
30824532711
30832751119
30832751119
30832751119
30832751119
30832751119
30832751119
4640
30839029279
30839029279
30839029279
30839029279
30839029279
30839029279
0
30840548552
30840548552
30840548552
30840548552
30840548552
30840548552
30858367057
30858367057
30858367057
30858367057
30858367057
30858367057
114865
0
30858367057
30858367057
30858367057
30858367057
30858367057
30858367057
30875022080
30875022080
30875022080
30875022080
30875022080
30875022080
0
30884400840
30884400840
30884400840
30884400840
30884400840
30884400840
0
30884505033
30884505033
30884505033
30884505033
30884505033
30884505033
30907962818
30907962818
30907962818
30907962818
30907962818
30907962818
92960
0
30907962818
30907962818
30907962818
30907962818
30907962818
30907962818
30921979411
30921979411
30921979411
30921979411
30921979411
30921979411
0
30934458771
30934458771
30934458771
30934458771
30934458771
30934458771
0
30934847884
30934847884
30934847884
30934847884
30934847884
30934847884
30963419909
30963419909
30963419909
30963419909
30963419909
30963419909
0
1745640
30963419909
30963419909
30963419909
30963419909
30963419909
30963419909
30965353887
30965353887
30965353887
30965353887
30965353887
30965353887
0
30980933847
30980933847
30980933847
30980933847
30980933847
30980933847
4760
30981607880
30981607880
30981607880
30981607880
30981607880
30981607880
30983877505
30983877505
30983877505
30983877505
30983877505
30983877505
0
255625
30983877505
30983877505
30983877505
30983877505
30983877505
30983877505
30986715283
30986715283
30986715283
30986715283
30986715283
30986715283
0
30986895843
30986895843
30986895843
30986895843
30986895843
30986895843
0
30987854796
30987854796
30987854796
30987854796
30987854796
30987854796
30994721461
30994721461
30994721461
30994721461
30994721461
30994721461
0
0
30994721461
30994721461
30994721461
30994721461
30994721461
30994721461
31000896534
31000896534
31000896534
31000896534
31000896534
31000896534
407700
31004177694
31004177694
31004177694
31004177694
31004177694
31004177694
6360
31005421567
31005421567
31005421567
31005421567
31005421567
31005421567
31017021912
31017021912
31017021912
31017021912
31017021912
31017021912
0
87865
31017021912
31017021912
31017021912
31017021912
31017021912
31017021912
31022404210
31022404210
31022404210
31022404210
31022404210
31022404210
0
31028785970
31028785970
31028785970
31028785970
31028785970
31028785970
0
31030314763
31030314763
31030314763
31030314763
31030314763
31030314763
31048311348
31048311348
31048311348
31048311348
31048311348
31048311348
16665
0
31048311348
31048311348
31048311348
31048311348
31048311348
31048311348
31063723106
31063723106
31063723106
31063723106
31063723106
31063723106
1329500
31073205466
31073205466
31073205466
31073205466
31073205466
31073205466
0
31073319179
31073319179
31073319179
31073319179
31073319179
31073319179
31092045804
31092045804
31092045804
31092045804
31092045804
31092045804
0
92665
31092045804
31092045804
31092045804
31092045804
31092045804
31092045804
31101509357
31101509357
31101509357
31101509357
31101509357
31101509357
0
31114092317
31114092317
31114092317
31114092317
31114092317
31114092317
90185
31114490950
31114490950
31114490950
31114490950
31114490950
31114490950
31145420175
31145420175
31145420175
31145420175
31145420175
31145420175
0
0
31145420175
31145420175
31145420175
31145420175
31145420175
31145420175
31147756113
31147756113
31147756113
31147756113
31147756113
31147756113
0
31163439673
31163439673
31163439673
31163439673
31163439673
31163439673
88505
31164123226
31164123226
31164123226
31164123226
31164123226
31164123226
31166354771
31166354771
31166354771
31166354771
31166354771
31166354771
237080
0
31166354771
31166354771
31166354771
31166354771
31166354771
31166354771
31171846299
31171846299
31171846299
31171846299
31171846299
31171846299
0
31172130459
31172130459
31172130459
31172130459
31172130459
31172130459
0
31173098932
31173098932
31173098932
31173098932
31173098932
31173098932
31181602637
31181602637
31181602637
31181602637
31181602637
31181602637
224065
0
31181602637
31181602637
31181602637
31181602637
31181602637
31181602637
31190907135
31190907135
31190907135
31190907135
31190907135
31190907135
43800
31194291895
31194291895
31194291895
31194291895
31194291895
31194291895
0
31195545288
31195545288
31195545288
31195545288
31195545288
31195545288
31206950273
31206950273
31206950273
31206950273
31206950273
31206950273
0
0
31206950273
31206950273
31206950273
31206950273
31206950273
31206950273
31217673206
31217673206
31217673206
31217673206
31217673206
31217673206
0
31224158566
31224158566
31224158566
31224158566
31224158566
31224158566
13425
31225696879
31225696879
31225696879
31225696879
31225696879
31225696879
31245415544
31245415544
31245415544
31245415544
31245415544
31245415544
0
0
31245415544
31245415544
31245415544
31245415544
31245415544
31245415544
31256907012
31256907012
31256907012
31256907012
31256907012
31256907012
0
31266492972
31266492972
31266492972
31266492972
31266492972
31266492972
0
31266616205
31266616205
31266616205
31266616205
31266616205
31266616205
31293968030
31293968030
31293968030
31293968030
31293968030
31293968030
0
0
31293968030
31293968030
31293968030
31293968030
31293968030
31293968030
31307971453
31307971453
31307971453
31307971453
31307971453
31307971453
0
31320658013
31320658013
31320658013
31320658013
31320658013
31320658013
0
31321066166
31321066166
31321066166
31321066166
31321066166
31321066166
31348852111
31348852111
31348852111
31348852111
31348852111
31348852111
0
0
31348852111
31348852111
31348852111
31348852111
31348852111
31348852111
31350154129
31350154129
31350154129
31350154129
31350154129
31350154129
40400
31365941289
31365941289
31365941289
31365941289
31365941289
31365941289
0
31366634362
31366634362
31366634362
31366634362
31366634362
31366634362
31369154587
31369154587
31369154587
31369154587
31369154587
31369154587
0
0
31369154587
31369154587
31369154587
31369154587
31369154587
31369154587
31372895735
31372895735
31372895735
31372895735
31372895735
31372895735
0
31373283495
31373283495
31373283495
31373283495
31373283495
31373283495
0
31374261488
31374261488
31374261488
31374261488
31374261488
31374261488
31381782073
31381782073
31381782073
31381782073
31381782073
31381782073
0
0
31381782073
31381782073
31381782073
31381782073
31381782073
31381782073
31389006861
31389006861
31389006861
31389006861
31389006861
31389006861
0
31392495221
31392495221
31392495221
31392495221
31392495221
31392495221
0
31393758134
31393758134
31393758134
31393758134
31393758134
31393758134
31405141039
31405141039
31405141039
31405141039
31405141039
31405141039
0
275360
31405141039
31405141039
31405141039
31405141039
31405141039
31405141039
31415377827
31415377827
31415377827
31415377827
31415377827
31415377827
0
31421966787
31421966787
31421966787
31421966787
31421966787
31421966787
68825
31423514620
31423514620
31423514620
31423514620
31423514620
31423514620
31444173205
31444173205
31444173205
31444173205
31444173205
31444173205
29545
0
31444173205
31444173205
31444173205
31444173205
31444173205
31444173205
31458176783
31458176783
31458176783
31458176783
31458176783
31458176783
8465
31467866343
31467866343
31467866343
31467866343
31467866343
31467866343
0
31467999096
31467999096
31467999096
31467999096
31467999096
31467999096
31490890721
31490890721
31490890721
31490890721
31490890721
31490890721
33425
656345
31490890721
31490890721
31490890721
31490890721
31490890721
31490890721
31502732849
31502732849
31502732849
31502732849
31502732849
31502732849
48065
31515523009
31515523009
31515523009
31515523009
31515523009
31515523009
0
31515940682
31515940682
31515940682
31515940682
31515940682
31515940682
31544569427
31544569427
31544569427
31544569427
31544569427
31544569427
0
1056395
31544569427
31544569427
31544569427
31544569427
31544569427
31544569427
31546912425
31546912425
31546912425
31546912425
31546912425
31546912425
0
31562803185
31562803185
31562803185
31562803185
31562803185
31562803185
0
31563505778
31563505778
31563505778
31563505778
31563505778
31563505778
31566324763
31566324763
31566324763
31566324763
31566324763
31566324763
93305
0
31566324763
31566324763
31566324763
31566324763
31566324763
31566324763
31571575141
31571575141
31571575141
31571575141
31571575141
31571575141
0
31572066501
31572066501
31572066501
31572066501
31572066501
31572066501
0
31573054014
31573054014
31573054014
31573054014
31573054014
31573054014
31579457479
31579457479
31579457479
31579457479
31579457479
31579457479
97305
1123170
31579457479
31579457479
31579457479
31579457479
31579457479
31579457479
31585321357
31585321357
31585321357
31585321357
31585321357
31585321357
279265
31588913317
31588913317
31588913317
31588913317
31588913317
31588913317
61160
31590185750
31590185750
31590185750
31590185750
31590185750
31590185750
31602233895
31602233895
31602233895
31602233895
31602233895
31602233895
0
0
31602233895
31602233895
31602233895
31602233895
31602233895
31602233895
31613532178
31613532178
31613532178
31613532178
31613532178
31613532178
256560
31620224738
31620224738
31620224738
31620224738
31620224738
31620224738
0
31621782091
31621782091
31621782091
31621782091
31621782091
31621782091
31639998516
31639998516
31639998516
31639998516
31639998516
31639998516
0
0
31639998516
31639998516
31639998516
31639998516
31639998516
31639998516
31652056229
31652056229
31652056229
31652056229
31652056229
31652056229
0
31661849389
31661849389
31661849389
31661849389
31661849389
31661849389
621510
31661991662
31661991662
31661991662
31661991662
31661991662
31661991662
31688559927
31688559927
31688559927
31688559927
31688559927
31688559927
0
0
31688559927
31688559927
31688559927
31688559927
31688559927
31688559927
31695951225
31695951225
31695951225
31695951225
31695951225
31695951225
56505
31708844985
31708844985
31708844985
31708844985
31708844985
31708844985
45865
31709272178
31709272178
31709272178
31709272178
31709272178
31709272178
31739522763
31739522763
31739522763
31739522763
31739522763
31739522763
0
0
31739522763
31739522763
31739522763
31739522763
31739522763
31739522763
31742254021
31742254021
31742254021
31742254021
31742254021
31742254021
0
31758248381
31758248381
31758248381
31758248381
31758248381
31758248381
90585
31758960494
31758960494
31758960494
31758960494
31758960494
31758960494
31761667199
31761667199
31761667199
31761667199
31761667199
31761667199
0
59280
31761667199
31761667199
31761667199
31761667199
31761667199
31761667199
31767136637
31767136637
31767136637
31767136637
31767136637
31767136637
165160
31767731597
31767731597
31767731597
31767731597
31767731597
31767731597
0
31768728630
31768728630
31768728630
31768728630
31768728630
31768728630
31776478975
31776478975
31776478975
31776478975
31776478975
31776478975
72200
0
31776478975
31776478975
31776478975
31776478975
31776478975
31776478975
31783578413
31783578413
31783578413
31783578413
31783578413
31783578413
0
31787273973
31787273973
31787273973
31787273973
31787273973
31787273973
0
31788555926
31788555926
31788555926
31788555926
31788555926
31788555926
31801421671
31801421671
31801421671
31801421671
31801421671
31801421671
0
0
31801421671
31801421671
31801421671
31801421671
31801421671
31801421671
31810524999
31810524999
31810524999
31810524999
31810524999
31810524999
0
31817321159
31817321159
31817321159
31817321159
31817321159
31817321159
0
31818888032
31818888032
31818888032
31818888032
31818888032
31818888032
31836328137
31836328137
31836328137
31836328137
31836328137
31836328137
0
0
31836328137
31836328137
31836328137
31836328137
31836328137
31836328137
31847152010
31847152010
31847152010
31847152010
31847152010
31847152010
0
31857048770
31857048770
31857048770
31857048770
31857048770
31857048770
39880
31857200563
31857200563
31857200563
31857200563
31857200563
31857200563
31880437148
31880437148
31880437148
31880437148
31880437148
31880437148
0
275520
31880437148
31880437148
31880437148
31880437148
31880437148
31880437148
31896293131
31896293131
31896293131
31896293131
31896293131
31896293131
0
31909290491
31909290491
31909290491
31909290491
31909290491
31909290491
25105
31909727204
31909727204
31909727204
31909727204
31909727204
31909727204
31938028909
31938028909
31938028909
31938028909
31938028909
31938028909
239210
0
31938028909
31938028909
31938028909
31938028909
31938028909
31938028909
31940493792
31940493792
31940493792
31940493792
31940493792
31940493792
0
31956591752
31956591752
31956591752
31956591752
31956591752
31956591752
0
31957313385
31957313385
31957313385
31957313385
31957313385
31957313385
31960787570
31960787570
31960787570
31960787570
31960787570
31960787570
0
192400
31960787570
31960787570
31960787570
31960787570
31960787570
31960787570
31966188003
31966188003
31966188003
31966188003
31966188003
31966188003
18080
31966886563
31966886563
31966886563
31966886563
31966886563
31966886563
0
31967893116
31967893116
31967893116
31967893116
31967893116
31967893116
31976059781
31976059781
31976059781
31976059781
31976059781
31976059781
175305
93440
31976059781
31976059781
31976059781
31976059781
31976059781
31976059781
31983190034
31983190034
31983190034
31983190034
31983190034
31983190034
69760
31986989194
31986989194
31986989194
31986989194
31986989194
31986989194
0
31988280667
31988280667
31988280667
31988280667
31988280667
31988280667
32001743492
32001743492
32001743492
32001743492
32001743492
32001743492
0
75780
32001743492
32001743492
32001743492
32001743492
32001743492
32001743492
32011979940
32011979940
32011979940
32011979940
32011979940
32011979940
0
32018879700
32018879700
32018879700
32018879700
32018879700
32018879700
0
32020456093
32020456093
32020456093
32020456093
32020456093
32020456093
32039919078
32039919078
32039919078
32039919078
32039919078
32039919078
0
0
32039919078
32039919078
32039919078
32039919078
32039919078
32039919078
32049656761
32049656761
32049656761
32049656761
32049656761
32049656761
24240
32059657121
32059657121
32059657121
32059657121
32059657121
32059657121
0
32059818434
32059818434
32059818434
32059818434
32059818434
32059818434
32084519659
32084519659
32084519659
32084519659
32084519659
32084519659
0
91945
32084519659
32084519659
32084519659
32084519659
32084519659
32084519659
32096591947
32096591947
32096591947
32096591947
32096591947
32096591947
0
32109692907
32109692907
32109692907
32109692907
32109692907
32109692907
0
32110139140
32110139140
32110139140
32110139140
32110139140
32110139140
32143293725
32143293725
32143293725
32143293725
32143293725
32143293725
0
1467455
32143293725
32143293725
32143293725
32143293725
32143293725
32143293725
32144618613
32144618613
32144618613
32144618613
32144618613
32144618613
0
32160820173
32160820173
32160820173
32160820173
32160820173
32160820173
0
32161551326
32161551326
32161551326
32161551326
32161551326
32161551326
32163613471
32163613471
32163613471
32163613471
32163613471
32163613471
0
3181810
32163613471
32163613471
32163613471
32163613471
32163613471
32163613471
32168674779
32168674779
32168674779
32168674779
32168674779
32168674779
0
32169476939
32169476939
32169476939
32169476939
32169476939
32169476939
0
32170493012
32170493012
32170493012
32170493012
32170493012
32170493012
32181443997
32181443997
32181443997
32181443997
32181443997
32181443997
0
0
32181443997
32181443997
32181443997
32181443997
32181443997
32181443997
32188155520
32188155520
32188155520
32188155520
32188155520
32188155520
0
32192058280
32192058280
32192058280
32192058280
32192058280
32192058280
0
32193359273
32193359273
32193359273
32193359273
32193359273
32193359273
32208480858
32208480858
32208480858
32208480858
32208480858
32208480858
131505
0
32208480858
32208480858
32208480858
32208480858
32208480858
32208480858
32219668591
32219668591
32219668591
32219668591
32219668591
32219668591
0
32226671951
32226671951
32226671951
32226671951
32226671951
32226671951
0
32228257864
32228257864
32228257864
32228257864
32228257864
32228257864
32246354529
32246354529
32246354529
32246354529
32246354529
32246354529
353835
0
32246354529
32246354529
32246354529
32246354529
32246354529
32246354529
32257990762
32257990762
32257990762
32257990762
32257990762
32257990762
248070
32268094722
32268094722
32268094722
32268094722
32268094722
32268094722
0
32268265555
32268265555
32268265555
32268265555
32268265555
32268265555
32289895420
32289895420
32289895420
32289895420
32289895420
32289895420
0
17040
32289895420
32289895420
32289895420
32289895420
32289895420
32289895420
32290048733
32290048733
32290048733
32290048733
32290048733
32290048733
0
32303253293
32303253293
32303253293
32303253293
32303253293
32303253293
56640
32303709046
32303709046
32303709046
32303709046
32303709046
32303709046
32332060351
32332060351
32332060351
32332060351
32332060351
32332060351
0
666880
32332060351
32332060351
32332060351
32332060351
32332060351
32332060351
32334252504
32334252504
32334252504
32334252504
32334252504
32334252504
0
32350557664
32350557664
32350557664
32350557664
32350557664
32350557664
0
32351298337
32351298337
32351298337
32351298337
32351298337
32351298337
32355042162
32355042162
32355042162
32355042162
32355042162
32355042162
66945
0
32355042162
32355042162
32355042162
32355042162
32355042162
32355042162
32359682535
32359682535
32359682535
32359682535
32359682535
32359682535
0
32360588295
32360588295
32360588295
32360588295
32360588295
32360588295
4505
32361613888
32361613888
32361613888
32361613888
32361613888
32361613888
32368270073
32368270073
32368270073
32368270073
32368270073
32368270073
0
0
32368270073
32368270073
32368270073
32368270073
32368270073
32368270073
32374652436
32374652436
32374652436
32374652436
32374652436
32374652436
0
32378658796
32378658796
32378658796
32378658796
32378658796
32378658796
0
32379969309
32379969309
32379969309
32379969309
32379969309
32379969309
32393689334
32393689334
32393689334
32393689334
32393689334
32393689334
0
126579260
32393689334
32393689334
32393689334
32393689334
32393689334
32393689334
32403022822
32403022822
32403022822
32403022822
32403022822
32403022822
0
32410129782
32410129782
32410129782
32410129782
32410129782
32410129782
0
32411725215
32411725215
32411725215
32411725215
32411725215
32411725215
32430642760
32430642760
32430642760
32430642760
32430642760
32430642760
0
167010
32430642760
32430642760
32430642760
32430642760
32430642760
32430642760
32445209043
32445209043
32445209043
32445209043
32445209043
32445209043
66366210
32455416603
32455416603
32455416603
32455416603
32455416603
32455416603
0
32455596956
32455596956
32455596956
32455596956
32455596956
32455596956
32480333541
32480333541
32480333541
32480333541
32480333541
32480333541
0
0
32480333541
32480333541
32480333541
32480333541
32480333541
32480333541
32480583209
32480583209
32480583209
32480583209
32480583209
32480583209
0
32493891369
32493891369
32493891369
32493891369
32493891369
32493891369
0
32494356642
32494356642
32494356642
32494356642
32494356642
32494356642
32523765947
32523765947
32523765947
32523765947
32523765947
32523765947
0
0
32523765947
32523765947
32523765947
32523765947
32523765947
32523765947
32527420420
32527420420
32527420420
32527420420
32527420420
32527420420
86955
32543829180
32543829180
32543829180
32543829180
32543829180
32543829180
0
32544579373
32544579373
32544579373
32544579373
32544579373
32544579373
32548073158
32548073158
32548073158
32548073158
32548073158
32548073158
0
25785
32548073158
32548073158
32548073158
32548073158
32548073158
32548073158
32553745751
32553745751
32553745751
32553745751
32553745751
32553745751
359095
32554755111
32554755111
32554755111
32554755111
32554755111
32554755111
0
32555790224
32555790224
32555790224
32555790224
32555790224
32555790224
32564166169
32564166169
32564166169
32564166169
32564166169
32564166169
83905
0
32564166169
32564166169
32564166169
32564166169
32564166169
32564166169
32572248212
32572248212
32572248212
32572248212
32572248212
32572248212
0
32576358172
32576358172
32576358172
32576358172
32576358172
32576358172
0
32577678205
32577678205
32577678205
32577678205
32577678205
32577678205
32591525150
32591525150
32591525150
32591525150
32591525150
32591525150
0
866720
32591525150
32591525150
32591525150
32591525150
32591525150
32591525150
32600461423
32600461423
32600461423
32600461423
32600461423
32600461423
4201525
32607671983
32607671983
32607671983
32607671983
32607671983
32607671983
0
32609276936
32609276936
32609276936
32609276936
32609276936
32609276936
32628895201
32628895201
32628895201
32628895201
32628895201
32628895201
0
0
32628895201
32628895201
32628895201
32628895201
32628895201
32628895201
32638067579
32638067579
32638067579
32638067579
32638067579
32638067579
558505
32648378739
32648378739
32648378739
32648378739
32648378739
32648378739
62465
32648568612
32648568612
32648568612
32648568612
32648568612
32648568612
32675133197
32675133197
32675133197
32675133197
32675133197
32675133197
66120
4720
32675133197
32675133197
32675133197
32675133197
32675133197
32675133197
32675442995
32675442995
32675442995
32675442995
32675442995
32675442995
0
32688854755
32688854755
32688854755
32688854755
32688854755
32688854755
0
32689329548
32689329548
32689329548
32689329548
32689329548
32689329548
32720302933
32720302933
32720302933
32720302933
32720302933
32720302933
0
0
32720302933
32720302933
32720302933
32720302933
32720302933
32720302933
32724052541
32724052541
32724052541
32724052541
32724052541
32724052541
61545
32740564901
32740564901
32740564901
32740564901
32740564901
32740564901
73400
32741324614
32741324614
32741324614
32741324614
32741324614
32741324614
32745126399
32745126399
32745126399
32745126399
32745126399
32745126399
0
0
32745126399
32745126399
32745126399
32745126399
32745126399
32745126399
32751897317
32751897317
32751897317
32751897317
32751897317
32751897317
0
32753010277
32753010277
32753010277
32753010277
32753010277
32753010277
0
32754054910
32754054910
32754054910
32754054910
32754054910
32754054910
32760050055
32760050055
32760050055
32760050055
32760050055
32760050055
83705
206370
32760050055
32760050055
32760050055
32760050055
32760050055
32760050055
32767601398
32767601398
32767601398
32767601398
32767601398
32767601398
0
32771814958
32771814958
32771814958
32771814958
32771814958
32771814958
0
32773144511
32773144511
32773144511
32773144511
32773144511
32773144511
32784742216
32784742216
32784742216
32784742216
32784742216
32784742216
0
0
32784742216
32784742216
32784742216
32784742216
32784742216
32784742216
32790542834
32790542834
32790542834
32790542834
32790542834
32790542834
0
32797856994
32797856994
32797856994
32797856994
32797856994
32797856994
83905
32799471467
32799471467
32799471467
32799471467
32799471467
32799471467
32817282292
32817282292
32817282292
32817282292
32817282292
32817282292
6065
0
32817282292
32817282292
32817282292
32817282292
32817282292
32817282292
32829575490
32829575490
32829575490
32829575490
32829575490
32829575490
1420640
32839990250
32839990250
32839990250
32839990250
32839990250
32839990250
0
32840189643
32840189643
32840189643
32840189643
32840189643
32840189643
32866197628
32866197628
32866197628
32866197628
32866197628
32866197628
0
0
32866197628
32866197628
32866197628
32866197628
32866197628
32866197628
32866557161
32866557161
32866557161
32866557161
32866557161
32866557161
0
32880072521
32880072521
32880072521
32880072521
32880072521
32880072521
0
32880556834
32880556834
32880556834
32880556834
32880556834
32880556834
32912411659
32912411659
32912411659
32912411659
32912411659
32912411659
0
133505
32912411659
32912411659
32912411659
32912411659
32912411659
32912411659
32915791657
32915791657
32915791657
32915791657
32915791657
32915791657
92920
32932407617
32932407617
32932407617
32932407617
32932407617
32932407617
0
32933176850
32933176850
32933176850
32933176850
32933176850
32933176850
32937923355
32937923355
32937923355
32937923355
32937923355
32937923355
0
77840
32937923355
32937923355
32937923355
32937923355
32937923355
32937923355
32940423413
32940423413
32940423413
32940423413
32940423413
32940423413
0
32941639973
32941639973
32941639973
32941639973
32941639973
32941639973
0
32942694126
32942694126
32942694126
32942694126
32942694126
32942694126
32951113271
32951113271
32951113271
32951113271
32951113271
32951113271
873880
1246000
32951113271
32951113271
32951113271
32951113271
32951113271
32951113271
32959578294
32959578294
32959578294
32959578294
32959578294
32959578294
0
32963895454
32963895454
32963895454
32963895454
32963895454
32963895454
0
32965234527
32965234527
32965234527
32965234527
32965234527
32965234527
32979381992
32979381992
32979381992
32979381992
32979381992
32979381992
665
0
32979381992
32979381992
32979381992
32979381992
32979381992
32979381992
32988463865
32988463865
32988463865
32988463865
32988463865
32988463865
101680
32995881625
32995881625
32995881625
32995881625
32995881625
32995881625
0
32997505618
32997505618
32997505618
32997505618
32997505618
32997505618
33018351803
33018351803
33018351803
33018351803
33018351803
33018351803
0
12806240
33018351803
33018351803
33018351803
33018351803
33018351803
33018351803
33034405236
33034405236
33034405236
33034405236
33034405236
33034405236
0
33044923596
33044923596
33044923596
33044923596
33044923596
33044923596
0
33045132509
33045132509
33045132509
33045132509
33045132509
33045132509
33064808174
33064808174
33064808174
33064808174
33064808174
33064808174
0
64825
33064808174
33064808174
33064808174
33064808174
33064808174
33064808174
33065095222
33065095222
33065095222
33065095222
33065095222
33065095222
0
33078714182
33078714182
33078714182
33078714182
33078714182
33078714182
33505
33079208015
33079208015
33079208015
33079208015
33079208015
33079208015
33096355320
33096355320
33096355320
33096355320
33096355320
33096355320
0
55545
33096355320
33096355320
33096355320
33096355320
33096355320
33096355320
33099107328
33099107328
33099107328
33099107328
33099107328
33099107328
0
33115826888
33115826888
33115826888
33115826888
33115826888
33115826888
41865
33116605641
33116605641
33116605641
33116605641
33116605641
33116605641
33120554986
33120554986
33120554986
33120554986
33120554986
33120554986
0
97545
33120554986
33120554986
33120554986
33120554986
33120554986
33120554986
33125854169
33125854169
33125854169
33125854169
33125854169
33125854169
195330
33127174329
33127174329
33127174329
33127174329
33127174329
33127174329
103880
33128238002
33128238002
33128238002
33128238002
33128238002
33128238002
33138515467
33138515467
33138515467
33138515467
33138515467
33138515467
0
0
33138515467
33138515467
33138515467
33138515467
33138515467
33138515467
33143965215
33143965215
33143965215
33143965215
33143965215
33143965215
0
33148385975
33148385975
33148385975
33148385975
33148385975
33148385975
0
33149734568
33149734568
33149734568
33149734568
33149734568
33149734568
33165524153
33165524153
33165524153
33165524153
33165524153
33165524153
465
1511505
33165524153
33165524153
33165524153
33165524153
33165524153
33165524153
33179674546
33179674546
33179674546
33179674546
33179674546
33179674546
50520
33187195906
33187195906
33187195906
33187195906
33187195906
33187195906
0
33188829419
33188829419
33188829419
33188829419
33188829419
33188829419
33209930004
33209930004
33209930004
33209930004
33209930004
33209930004
0
92320
33209930004
33209930004
33209930004
33209930004
33209930004
33209930004
33226087597
33226087597
33226087597
33226087597
33226087597
33226087597
80160
33236709557
33236709557
33236709557
33236709557
33236709557
33236709557
131345
33236927990
33236927990
33236927990
33236927990
33236927990
33236927990
33264147895
33264147895
33264147895
33264147895
33264147895
33264147895
0
0
33264147895
33264147895
33264147895
33264147895
33264147895
33264147895
33264753128
33264753128
33264753128
33264753128
33264753128
33264753128
51385
33278475688
33278475688
33278475688
33278475688
33278475688
33278475688
0
33278979041
33278979041
33278979041
33278979041
33278979041
33278979041
33296283306
33296283306
33296283306
33296283306
33296283306
33296283306
0
0
33296283306
33296283306
33296283306
33296283306
33296283306
33296283306
33299682319
33299682319
33299682319
33299682319
33299682319
33299682319
0
33316505479
33316505479
33316505479
33316505479
33316505479
33316505479
0
33317293752
33317293752
33317293752
33317293752
33317293752
33317293752
33321473537
33321473537
33321473537
33321473537
33321473537
33321473537
54865
0
33321473537
33321473537
33321473537
33321473537
33321473537
33321473537
33326816935
33326816935
33326816935
33326816935
33326816935
33326816935
0
33328240695
33328240695
33328240695
33328240695
33328240695
33328240695
0
33329313888
33329313888
33329313888
33329313888
33329313888
33329313888
33337824873
33337824873
33337824873
33337824873
33337824873
33337824873
0
0
33337824873
33337824873
33337824873
33337824873
33337824873
33337824873
33345671321
33345671321
33345671321
33345671321
33345671321
33345671321
0
33350195681
33350195681
33350195681
33350195681
33350195681
33350195681
130985
33351553794
33351553794
33351553794
33351553794
33351553794
33351553794
33365999539
33365999539
33365999539
33365999539
33365999539
33365999539
0
515100
33365999539
33365999539
33365999539
33365999539
33365999539
33365999539
33374737397
33374737397
33374737397
33374737397
33374737397
33374737397
248410
33382362357
33382362357
33382362357
33382362357
33382362357
33382362357
0
33384005390
33384005390
33384005390
33384005390
33384005390
33384005390
33403799335
33403799335
33403799335
33403799335
33403799335
33403799335
17425
0
33403799335
33403799335
33403799335
33403799335
33403799335
33403799335
33419887678
33419887678
33419887678
33419887678
33419887678
33419887678
0
33430613238
33430613238
33430613238
33430613238
33430613238
33430613238
0
33430841191
33430841191
33430841191
33430841191
33430841191
33430841191
33455203576
33455203576
33455203576
33455203576
33455203576
33455203576
0
0
33455203576
33455203576
33455203576
33455203576
33455203576
33455203576
33455788649
33455788649
33455788649
33455788649
33455788649
33455788649
0
33469614809
33469614809
33469614809
33469614809
33469614809
33469614809
0
33470127682
33470127682
33470127682
33470127682
33470127682
33470127682
33487652267
33487652267
33487652267
33487652267
33487652267
33487652267
0
0
33487652267
33487652267
33487652267
33487652267
33487652267
33487652267
33491022890
33491022890
33491022890
33491022890
33491022890
33491022890
186275
33507949650
33507949650
33507949650
33507949650
33507949650
33507949650
0
33508747443
33508747443
33508747443
33508747443
33508747443
33508747443
33513670628
33513670628
33513670628
33513670628
33513670628
33513670628
0
42370
33513670628
33513670628
33513670628
33513670628
33513670628
33513670628
33520536521
33520536521
33520536521
33520536521
33520536521
33520536521
0
33522063881
33522063881
33522063881
33522063881
33522063881
33522063881
0
33523146594
33523146594
33523146594
33523146594
33523146594
33523146594
33531924859
33531924859
33531924859
33531924859
33531924859
33531924859
18945
0
33531924859
33531924859
33531924859
33531924859
33531924859
33531924859
33541196132
33541196132
33541196132
33541196132
33541196132
33541196132
0
33545824092
33545824092
33545824092
33545824092
33545824092
33545824092
28185
33547191725
33547191725
33547191725
33547191725
33547191725
33547191725
33563311510
33563311510
33563311510
33563311510
33563311510
33563311510
0
70040
33563311510
33563311510
33563311510
33563311510
33563311510
33563311510
33575502488
33575502488
33575502488
33575502488
33575502488
33575502488
0
33583231048
33583231048
33583231048
33583231048
33583231048
33583231048
0
33584883601
33584883601
33584883601
33584883601
33584883601
33584883601
33604236506
33604236506
33604236506
33604236506
33604236506
33604236506
17225
1019755
33604236506
33604236506
33604236506
33604236506
33604236506
33604236506
33614144809
33614144809
33614144809
33614144809
33614144809
33614144809
818710
33624973969
33624973969
33624973969
33624973969
33624973969
33624973969
0
33625211442
33625211442
33625211442
33625211442
33625211442
33625211442
33652472307
33652472307
33652472307
33652472307
33652472307
33652472307
0
0
33652472307
33652472307
33652472307
33652472307
33652472307
33652472307
33653291180
33653291180
33653291180
33653291180
33653291180
33653291180
280200
33667220940
33667220940
33667220940
33667220940
33667220940
33667220940
0
33667743333
33667743333
33667743333
33667743333
33667743333
33667743333
33685386318
33685386318
33685386318
33685386318
33685386318
33685386318
0
469125
33685386318
33685386318
33685386318
33685386318
33685386318
33685386318
33689075176
33689075176
33689075176
33689075176
33689075176
33689075176
0
33706105536
33706105536
33706105536
33706105536
33706105536
33706105536
0
33706912849
33706912849
33706912849
33706912849
33706912849
33706912849
33710625594
33710625594
33710625594
33710625594
33710625594
33710625594
0
68280
33710625594
33710625594
33710625594
33710625594
33710625594
33710625594
33715002802
33715002802
33715002802
33715002802
33715002802
33715002802
7982757724
33716633762
33716633762
33716633762
33716633762
33716633762
33716633762
0
33717725995
33717725995
33717725995
33717725995
33717725995
33717725995
33729474420
33729474420
33729474420
33729474420
33729474420
33729474420
0
278125
33729474420
33729474420
33729474420
33729474420
33729474420
33729474420
33738352148
33738352148
33738352148
33738352148
33738352148
33738352148
0
33743083708
33743083708
33743083708
33743083708
33743083708
33743083708
85025
33744460861
33744460861
33744460861
33744460861
33744460861
33744460861
33759516326
33759516326
33759516326
33759516326
33759516326
33759516326
0
0
33759516326
33759516326
33759516326
33759516326
33759516326
33759516326
33768747269
33768747269
33768747269
33768747269
33768747269
33768747269
0
33776579429
33776579429
33776579429
33776579429
33776579429
33776579429
74040
33778241502
33778241502
33778241502
33778241502
33778241502
33778241502
33798938327
33798938327
33798938327
33798938327
33798938327
33798938327
0
0
33798938327
33798938327
33798938327
33798938327
33798938327
33798938327
33810753675
33810753675
33810753675
33810753675
33810753675
33810753675
602485
33821686435
33821686435
33821686435
33821686435
33821686435
33821686435
0
33821933428
33821933428
33821933428
33821933428
33821933428
33821933428
33849211413
33849211413
33849211413
33849211413
33849211413
33849211413
34185
2238470
33849211413
33849211413
33849211413
33849211413
33849211413
33849211413
33849841216
33849841216
33849841216
33849841216
33849841216
33849841216
0
33863874576
33863874576
33863874576
33863874576
33863874576
33863874576
79225
33864406489
33864406489
33864406489
33864406489
33864406489
33864406489
33882332354
33882332354
33882332354
33882332354
33882332354
33882332354
94905
2493290
33882332354
33882332354
33882332354
33882332354
33882332354
33882332354
33884729547
33884729547
33884729547
33884729547
33884729547
33884729547
3798745
33901863507
33901863507
33901863507
33901863507
33901863507
33901863507
0
33902680340
33902680340
33902680340
33902680340
33902680340
33902680340
33906972685
33906972685
33906972685
33906972685
33906972685
33906972685
251500
0
33906972685
33906972685
33906972685
33906972685
33906972685
33906972685
33913204108
33913204108
33913204108
33913204108
33913204108
33913204108
0
33914938668
33914938668
33914938668
33914938668
33914938668
33914938668
0
33916040421
33916040421
33916040421
33916040421
33916040421
33916040421
33927275566
33927275566
33927275566
33927275566
33927275566
33927275566
0
3363475
33927275566
33927275566
33927275566
33927275566
33927275566
33927275566
33937066429
33937066429
33937066429
33937066429
33937066429
33937066429
0
33941901589
33941901589
33941901589
33941901589
33941901589
33941901589
0
33943288262
33943288262
33943288262
33943288262
33943288262
33943288262
33961691087
33961691087
33961691087
33961691087
33961691087
33961691087
0
0
33961691087
33961691087
33961691087
33961691087
33961691087
33961691087
33971709960
33971709960
33971709960
33971709960
33971709960
33971709960
110865
33979645720
33979645720
33979645720
33979645720
33979645720
33979645720
23680
33981317313
33981317313
33981317313
33981317313
33981317313
33981317313
34003029098
34003029098
34003029098
34003029098
34003029098
34003029098
537040
0
34003029098
34003029098
34003029098
34003029098
34003029098
34003029098
34017482091
34017482091
34017482091
34017482091
34017482091
34017482091
0
34028518451
34028518451
34028518451
34028518451
34028518451
34028518451
665
34028774964
34028774964
34028774964
34028774964
34028774964
34028774964
34056326909
34056326909
34056326909
34056326909
34056326909
34056326909
33985
0
34056326909
34056326909
34056326909
34056326909
34056326909
34056326909
34057125237
34057125237
34057125237
34057125237
34057125237
34057125237
0
34071262197
34071262197
34071262197
34071262197
34071262197
34071262197
0
34071803630
34071803630
34071803630
34071803630
34071803630
34071803630
34089777735
34089777735
34089777735
34089777735
34089777735
34089777735
0
199940
34089777735
34089777735
34089777735
34089777735
34089777735
34089777735
34092781913
34092781913
34092781913
34092781913
34092781913
34092781913
2274380
34110019473
34110019473
34110019473
34110019473
34110019473
34110019473
0
34110845826
34110845826
34110845826
34110845826
34110845826
34110845826
34116696651
34116696651
34116696651
34116696651
34116696651
34116696651
0
1876680
34116696651
34116696651
34116696651
34116696651
34116696651
34116696651
34123520319
34123520319
34123520319
34123520319
34123520319
34123520319
0
34125358479
34125358479
34125358479
34125358479
34125358479
34125358479
0
34126469752
34126469752
34126469752
34126469752
34126469752
34126469752
34136692897
34136692897
34136692897
34136692897
34136692897
34136692897
0
0
34136692897
34136692897
34136692897
34136692897
34136692897
34136692897
34145085845
34145085845
34145085845
34145085845
34145085845
34145085845
0
34150024605
34150024605
34150024605
34150024605
34150024605
34150024605
0
34151420798
34151420798
34151420798
34151420798
34151420798
34151420798
34170568183
34170568183
34170568183
34170568183
34170568183
34170568183
0
0
34170568183
34170568183
34170568183
34170568183
34170568183
34170568183
34182902071
34182902071
34182902071
34182902071
34182902071
34182902071
0
34190941431
34190941431
34190941431
34190941431
34190941431
34190941431
0
34192622544
34192622544
34192622544
34192622544
34192622544
34192622544
34213187769
34213187769
34213187769
34213187769
34213187769
34213187769
0
36105
34213187769
34213187769
34213187769
34213187769
34213187769
34213187769
34226930977
34226930977
34226930977
34226930977
34226930977
34226930977
0
34238070937
34238070937
34238070937
34238070937
34238070937
34238070937
0
34238336970
34238336970
34238336970
34238336970
34238336970
34238336970
34270423075
34270423075
34270423075
34270423075
34270423075
34270423075
0
0
34270423075
34270423075
34270423075
34270423075
34270423075
34270423075
34271208068
34271208068
34271208068
34271208068
34271208068
34271208068
0
34285448628
34285448628
34285448628
34285448628
34285448628
34285448628
0
34285999581
34285999581
34285999581
34285999581
34285999581
34285999581
34304186406
34304186406
34304186406
34304186406
34304186406
34304186406
50945
0
34304186406
34304186406
34304186406
34304186406
34304186406
34304186406
34307735709
34307735709
34307735709
34307735709
34307735709
34307735709
0
34325076869
34325076869
34325076869
34325076869
34325076869
34325076869
0
34325912742
34325912742
34325912742
34325912742
34325912742
34325912742
34330804567
34330804567
34330804567
34330804567
34330804567
34330804567
0
0
34330804567
34330804567
34330804567
34330804567
34330804567
34330804567
34337019065
34337019065
34337019065
34337019065
34337019065
34337019065
0
34338960825
34338960825
34338960825
34338960825
34338960825
34338960825
58625
34340081618
34340081618
34340081618
34340081618
34340081618
34340081618
34352120203
34352120203
34352120203
34352120203
34352120203
34352120203
0
0
34352120203
34352120203
34352120203
34352120203
34352120203
34352120203
34361156441
34361156441
34361156441
34361156441
34361156441
34361156441
0
34366198801
34366198801
34366198801
34366198801
34366198801
34366198801
0
34367604514
34367604514
34367604514
34367604514
34367604514
34367604514
34381518099
34381518099
34381518099
34381518099
34381518099
34381518099
0
12865
34381518099
34381518099
34381518099
34381518099
34381518099
34381518099
34388999967
34388999967
34388999967
34388999967
34388999967
34388999967
104625
34397142927
34397142927
34397142927
34397142927
34397142927
34397142927
0
34398833560
34398833560
34398833560
34398833560
34398833560
34398833560
34418867425
34418867425
34418867425
34418867425
34418867425
34418867425
0
1209775
34418867425
34418867425
34418867425
34418867425
34418867425
34418867425
34432069778
34432069778
34432069778
34432069778
34432069778
34432069778
50905
34443313338
34443313338
34443313338
34443313338
34443313338
34443313338
40440
34443588891
34443588891
34443588891
34443588891
34443588891
34443588891
34472916836
34472916836
34472916836
34472916836
34472916836
34472916836
0
0
34472916836
34472916836
34472916836
34472916836
34472916836
34472916836
34474266869
34474266869
34474266869
34474266869
34474266869
34474266869
0
34488611029
34488611029
34488611029
34488611029
34488611029
34488611029
0
34489171502
34489171502
34489171502
34489171502
34489171502
34489171502
34507715927
34507715927
34507715927
34507715927
34507715927
34507715927
50745
0
34507715927
34507715927
34507715927
34507715927
34507715927
34507715927
34511396400
34511396400
34511396400
34511396400
34511396400
34511396400
86505
34528841160
34528841160
34528841160
34528841160
34528841160
34528841160
0
34529686553
34529686553
34529686553
34529686553
34529686553
34529686553
34534626538
34534626538
34534626538
34534626538
34534626538
34534626538
0
0
34534626538
34534626538
34534626538
34534626538
34534626538
34534626538
34539256866
34539256866
34539256866
34539256866
34539256866
34539256866
637935
34541302226
34541302226
34541302226
34541302226
34541302226
34541302226
98345
34542432539
34542432539
34542432539
34542432539
34542432539
34542432539
34554221284
34554221284
34554221284
34554221284
34554221284
34554221284
0
0
34554221284
34554221284
34554221284
34554221284
34554221284
34554221284
34563742377
34563742377
34563742377
34563742377
34563742377
34563742377
0
34568888337
34568888337
34568888337
34568888337
34568888337
34568888337
0
34570303570
34570303570
34570303570
34570303570
34570303570
34570303570
34582904715
34582904715
34582904715
34582904715
34582904715
34582904715
0
0
34582904715
34582904715
34582904715
34582904715
34582904715
34582904715
34590296533
34590296533
34590296533
34590296533
34590296533
34590296533
629915
34598543093
34598543093
34598543093
34598543093
34598543093
34598543093
13865
34598543246
34598543246
34598543246
34598543246
34598543246
34598543246
34619175031
34619175031
34619175031
34619175031
34619175031
34619175031
0
0
34619175031
34619175031
34619175031
34619175031
34619175031
34619175031
34632008819
34632008819
34632008819
34632008819
34632008819
34632008819
33200
34643355979
34643355979
34643355979
34643355979
34643355979
34643355979
0
34643641052
34643641052
34643641052
34643641052
34643641052
34643641052
34672813957
34672813957
34672813957
34672813957
34672813957
34672813957
0
0
34672813957
34672813957
34672813957
34672813957
34672813957
34672813957
34674177080
34674177080
34674177080
34674177080
34674177080
34674177080
0
34688624840
34688624840
34688624840
34688624840
34688624840
34688624840
0
34689194833
34689194833
34689194833
34689194833
34689194833
34689194833
34707991418
34707991418
34707991418
34707991418
34707991418
34707991418
0
0
34707991418
34707991418
34707991418
34707991418
34707991418
34707991418
34711262846
34711262846
34711262846
34711262846
34711262846
34711262846
0
34728811206
34728811206
34728811206
34728811206
34728811206
34728811206
0
34729666119
34729666119
34729666119
34729666119
34729666119
34729666119
34735617744
34735617744
34735617744
34735617744
34735617744
34735617744
67705
104107589
34735617744
34735617744
34735617744
34735617744
34735617744
34735617744
34742247912
34742247912
34742247912
34742247912
34742247912
34742247912
0
34744396872
34744396872
34744396872
34744396872
34744396872
34744396872
0
34745536705
34745536705
34745536705
34745536705
34745536705
34745536705
34756372410
34756372410
34756372410
34756372410
34756372410
34756372410
0
64360
34756372410
34756372410
34756372410
34756372410
34756372410
34756372410
34765872253
34765872253
34765872253
34765872253
34765872253
34765872253
64440
34771121813
34771121813
34771121813
34771121813
34771121813
34771121813
161995
34772546566
34772546566
34772546566
34772546566
34772546566
34772546566
34790690031
34790690031
34790690031
34790690031
34790690031
34790690031
0
111929368
34790690031
34790690031
34790690031
34790690031
34790690031
34790690031
34803972624
34803972624
34803972624
34803972624
34803972624
34803972624
63650
34812322784
34812322784
34812322784
34812322784
34812322784
34812322784
38025
34812332457
34812332457
34812332457
34812332457
34812332457
34812332457
34832275762
34832275762
34832275762
34832275762
34832275762
34832275762
0
0
34832275762
34832275762
34832275762
34832275762
34832275762
34832275762
34841744760
34841744760
34841744760
34841744760
34841744760
34841744760
0
34853195520
34853195520
34853195520
34853195520
34853195520
34853195520
0
34853490113
34853490113
34853490113
34853490113
34853490113
34853490113
34877453298
34877453298
34877453298
34877453298
34877453298
34877453298
153290
277600
34877453298
34877453298
34877453298
34877453298
34877453298
34877453298
34878703056
34878703056
34878703056
34878703056
34878703056
34878703056
1517180
34893254416
34893254416
34893254416
34893254416
34893254416
34893254416
57200
34893833929
34893833929
34893833929
34893833929
34893833929
34893833929
34912873554
34912873554
34912873554
34912873554
34912873554
34912873554
0
0
34912873554
34912873554
34912873554
34912873554
34912873554
34912873554
34915205372
34915205372
34915205372
34915205372
34915205372
34915205372
0
34932857332
34932857332
34932857332
34932857332
34932857332
34932857332
36225
34933721765
34933721765
34933721765
34933721765
34933721765
34933721765
34939866030
34939866030
34939866030
34939866030
34939866030
34939866030
67505
56600
34939866030
34939866030
34939866030
34939866030
34939866030
34939866030
34947077218
34947077218
34947077218
34947077218
34947077218
34947077218
0
34949329778
34949329778
34949329778
34949329778
34949329778
34949329778
0
34950479131
34950479131
34950479131
34950479131
34950479131
34950479131
34961688996
34961688996
34961688996
34961688996
34961688996
34961688996
0
701280
34961688996
34961688996
34961688996
34961688996
34961688996
34961688996
34970358039
34970358039
34970358039
34970358039
34970358039
34970358039
695640
34975711199
34975711199
34975711199
34975711199
34975711199
34975711199
0
34977145472
34977145472
34977145472
34977145472
34977145472
34977145472
34992873217
34992873217
34992873217
34992873217
34992873217
34992873217
0
228760
34992873217
34992873217
34992873217
34992873217
34992873217
34992873217
35002534240
35002534240
35002534240
35002534240
35002534240
35002534240
329590
35010988000
35010988000
35010988000
35010988000
35010988000
35010988000
128625
35011007193
35011007193
35011007193
35011007193
35011007193
35011007193
35033868578
35033868578
35033868578
35033868578
35033868578
35033868578
0
0
35033868578
35033868578
35033868578
35033868578
35033868578
35033868578
35050142946
35050142946
35050142946
35050142946
35050142946
35050142946
58025
35061697306
35061697306
35061697306
35061697306
35061697306
35061697306
193625
35062001419
35062001419
35062001419
35062001419
35062001419
35062001419
35094060564
35094060564
35094060564
35094060564
35094060564
35094060564
0
0
35094060564
35094060564
35094060564
35094060564
35094060564
35094060564
35095140642
35095140642
35095140642
35095140642
35095140642
35095140642
166000
35109795602
35109795602
35109795602
35109795602
35109795602
35109795602
0
35110384635
35110384635
35110384635
35110384635
35110384635
35110384635
35129035780
35129035780
35129035780
35129035780
35129035780
35129035780
0
0
35129035780
35129035780
35129035780
35129035780
35129035780
35129035780
35131542083
35131542083
35131542083
35131542083
35131542083
35131542083
0
35149297643
35149297643
35149297643
35149297643
35149297643
35149297643
95985
35150171596
35150171596
35150171596
35150171596
35150171596
35150171596
35156304381
35156304381
35156304381
35156304381
35156304381
35156304381
0
1400565
35156304381
35156304381
35156304381
35156304381
35156304381
35156304381
35161000154
35161000154
35161000154
35161000154
35161000154
35161000154
0
35163356314
35163356314
35163356314
35163356314
35163356314
35163356314
0
35164515187
35164515187
35164515187
35164515187
35164515187
35164515187
35174251132
35174251132
35174251132
35174251132
35174251132
35174251132
84465
477660
35174251132
35174251132
35174251132
35174251132
35174251132
35174251132
35178985530
35178985530
35178985530
35178985530
35178985530
35178985530
0
35184442290
35184442290
35184442290
35184442290
35184442290
35184442290
0
35185886083
35185886083
35185886083
35185886083
35185886083
35185886083
35202517468
35202517468
35202517468
35202517468
35202517468
35202517468
0
682015
35202517468
35202517468
35202517468
35202517468
35202517468
35202517468
35211650291
35211650291
35211650291
35211650291
35211650291
35211650291
0
35220207651
35220207651
35220207651
35220207651
35220207651
35220207651
0
35220236364
35220236364
35220236364
35220236364
35220236364
35220236364
35238251669
35238251669
35238251669
35238251669
35238251669
35238251669
0
0
35238251669
35238251669
35238251669
35238251669
35238251669
35238251669
35253065492
35253065492
35253065492
35253065492
35253065492
35253065492
0
35264723452
35264723452
35264723452
35264723452
35264723452
35264723452
0
35265037085
35265037085
35265037085
35265037085
35265037085
35265037085
35292372190
35292372190
35292372190
35292372190
35292372190
35292372190
5145
0
35292372190
35292372190
35292372190
35292372190
35292372190
35292372190
35294003693
35294003693
35294003693
35294003693
35294003693
35294003693
0
35308762253
35308762253
35308762253
35308762253
35308762253
35308762253
17425
35309360806
35309360806
35309360806
35309360806
35309360806
35309360806
35328359231
35328359231
35328359231
35328359231
35328359231
35328359231
0
10105
35328359231
35328359231
35328359231
35328359231
35328359231
35328359231
35332713109
35332713109
35332713109
35332713109
35332713109
35332713109
186100
35350572269
35350572269
35350572269
35350572269
35350572269
35350572269
73960
35351455742
35351455742
35351455742
35351455742
35351455742
35351455742
35358031767
35358031767
35358031767
35358031767
35358031767
35358031767
0
0
35358031767
35358031767
35358031767
35358031767
35358031767
35358031767
35362957240
35362957240
35362957240
35362957240
35362957240
35362957240
0
35365417000
35365417000
35365417000
35365417000
35365417000
35365417000
0
35366585393
35366585393
35366585393
35366585393
35366585393
35366585393
35377040378
35377040378
35377040378
35377040378
35377040378
35377040378
84265
0
35377040378
35377040378
35377040378
35377040378
35377040378
35377040378
35385346116
35385346116
35385346116
35385346116
35385346116
35385346116
0
35390906476
35390906476
35390906476
35390906476
35390906476
35390906476
0
35392359789
35392359789
35392359789
35392359789
35392359789
35392359789
35407979534
35407979534
35407979534
35407979534
35407979534
35407979534
0
0
35407979534
35407979534
35407979534
35407979534
35407979534
35407979534
35417708372
35417708372
35417708372
35417708372
35417708372
35417708372
23425
35426369332
35426369332
35426369332
35426369332
35426369332
35426369332
0
35426407565
35426407565
35426407565
35426407565
35426407565
35426407565
35444425350
35444425350
35444425350
35444425350
35444425350
35444425350
0
0
35444425350
35444425350
35444425350
35444425350
35444425350
35444425350
35458736433
35458736433
35458736433
35458736433
35458736433
35458736433
0
35470497993
35470497993
35470497993
35470497993
35470497993
35470497993
0
35470821146
35470821146
35470821146
35470821146
35470821146
35470821146
35492558091
35492558091
35492558091
35492558091
35492558091
35492558091
0
79035
35492558091
35492558091
35492558091
35492558091
35492558091
35492558091
35493789579
35493789579
35493789579
35493789579
35493789579
35493789579
0
35508651739
35508651739
35508651739
35508651739
35508651739
35508651739
0
35509259812
35509259812
35509259812
35509259812
35509259812
35509259812
35528836237
35528836237
35528836237
35528836237
35528836237
35528836237
0
94640
35528836237
35528836237
35528836237
35528836237
35528836237
35528836237
35532328110
35532328110
35532328110
35532328110
35532328110
35532328110
2103200
35550290870
35550290870
35550290870
35550290870
35550290870
35550290870
0
35551183863
35551183863
35551183863
35551183863
35551183863
35551183863
35558096448
35558096448
35558096448
35558096448
35558096448
35558096448
0
0
35558096448
35558096448
35558096448
35558096448
35558096448
35558096448
35564022631
35564022631
35564022631
35564022631
35564022631
35564022631
0
35566585991
35566585991
35566585991
35566585991
35566585991
35566585991
0
35567763904
35567763904
35567763904
35567763904
35567763904
35567763904
35576520009
35576520009
35576520009
35576520009
35576520009
35576520009
0
192680
35576520009
35576520009
35576520009
35576520009
35576520009
35576520009
35583241927
35583241927
35583241927
35583241927
35583241927
35583241927
0
35588905887
35588905887
35588905887
35588905887
35588905887
35588905887
75385
35590368720
35590368720
35590368720
35590368720
35590368720
35590368720
35607360745
35607360745
35607360745
35607360745
35607360745
35607360745
1225
0
35607360745
35607360745
35607360745
35607360745
35607360745
35607360745
35615562498
35615562498
35615562498
35615562498
35615562498
35615562498
413005
35624327058
35624327058
35624327058
35624327058
35624327058
35624327058
0
35624374811
35624374811
35624374811
35624374811
35624374811
35624374811
35652541796
35652541796
35652541796
35652541796
35652541796
35652541796
18905
0
35652541796
35652541796
35652541796
35652541796
35652541796
35652541796
35665184764
35665184764
35665184764
35665184764
35665184764
35665184764
0
35677049924
35677049924
35677049924
35677049924
35677049924
35677049924
0
35677382597
35677382597
35677382597
35677382597
35677382597
35677382597
35702533702
35702533702
35702533702
35702533702
35702533702
35702533702
0
0
35702533702
35702533702
35702533702
35702533702
35702533702
35702533702
35704006200
35704006200
35704006200
35704006200
35704006200
35704006200
874400
35718971960
35718971960
35718971960
35718971960
35718971960
35718971960
0
35719589553
35719589553
35719589553
35719589553
35719589553
35719589553
35738729738
35738729738
35738729738
35738729738
35738729738
35738729738
0
0
35738729738
35738729738
35738729738
35738729738
35738729738
35738729738
35742584646
35742584646
35742584646
35742584646
35742584646
35742584646
264915
35760651006
35760651006
35760651006
35760651006
35760651006
35760651006
0
35761553519
35761553519
35761553519
35761553519
35761553519
35761553519
35766690064
35766690064
35766690064
35766690064
35766690064
35766690064
0
2368845
35766690064
35766690064
35766690064
35766690064
35766690064
35766690064
35774461352
35774461352
35774461352
35774461352
35774461352
35774461352
43065
35777128312
35777128312
35777128312
35777128312
35777128312
35777128312
90720
35778315745
35778315745
35778315745
35778315745
35778315745
35778315745
35788940010
35788940010
35788940010
35788940010
35788940010
35788940010
0
0
35788940010
35788940010
35788940010
35788940010
35788940010
35788940010
35798479718
35798479718
35798479718
35798479718
35798479718
35798479718
0
35804247278
35804247278
35804247278
35804247278
35804247278
35804247278
0
35805719631
35805719631
35805719631
35805719631
35805719631
35805719631
35823181376
35823181376
35823181376
35823181376
35823181376
35823181376
1025
1266235
35823181376
35823181376
35823181376
35823181376
35823181376
35823181376
35832132474
35832132474
35832132474
35832132474
35832132474
35832132474
0
35841000634
35841000634
35841000634
35841000634
35841000634
35841000634
36440
35841057907
35841057907
35841057907
35841057907
35841057907
35841057907
35863850892
35863850892
35863850892
35863850892
35863850892
35863850892
0
0
35863850892
35863850892
35863850892
35863850892
35863850892
35863850892
35879382290
35879382290
35879382290
35879382290
35879382290
35879382290
0
35891351050
35891351050
35891351050
35891351050
35891351050
35891351050
0
35891693243
35891693243
35891693243
35891693243
35891693243
35891693243
35924229028
35924229028
35924229028
35924229028
35924229028
35924229028
0
0
35924229028
35924229028
35924229028
35924229028
35924229028
35924229028
35925728441
35925728441
35925728441
35925728441
35925728441
35925728441
0
35940797801
35940797801
35940797801
35940797801
35940797801
35940797801
0
35941424914
35941424914
35941424914
35941424914
35941424914
35941424914
35942522139
35942522139
35942522139
35942522139
35942522139
35942522139
0
591590
35942522139
35942522139
35942522139
35942522139
35942522139
35942522139
35946402117
35946402117
35946402117
35946402117
35946402117
35946402117
0
35964572077
35964572077
35964572077
35964572077
35964572077
35964572077
0
35965484110
35965484110
35965484110
35965484110
35965484110
35965484110
35971868895
35971868895
35971868895
35971868895
35971868895
35971868895
0
1718404416
35971868895
35971868895
35971868895
35971868895
35971868895
35971868895
35978340743
35978340743
35978340743
35978340743
35978340743
35978340743
10980
35981111303
35981111303
35981111303
35981111303
35981111303
35981111303
0
35982308256
35982308256
35982308256
35982308256
35982308256
35982308256
35995681321
35995681321
35995681321
35995681321
35995681321
35995681321
0
8345
35995681321
35995681321
35995681321
35995681321
35995681321
35995681321
36005127554
36005127554
36005127554
36005127554
36005127554
36005127554
101810
36010998714
36010998714
36010998714
36010998714
36010998714
36010998714
0
36012480587
36012480587
36012480587
36012480587
36012480587
36012480587
36030885172
36030885172
36030885172
36030885172
36030885172
36030885172
0
0
36030885172
36030885172
36030885172
36030885172
36030885172
36030885172
36045769770
36045769770
36045769770
36045769770
36045769770
36045769770
0
36054741530
36054741530
36054741530
36054741530
36054741530
36054741530
0
36054808323
36054808323
36054808323
36054808323
36054808323
36054808323
36074474508
36074474508
36074474508
36074474508
36074474508
36074474508
17985
0
36074474508
36074474508
36074474508
36074474508
36074474508
36074474508
36086536956
36086536956
36086536956
36086536956
36086536956
36086536956
0
36098609316
36098609316
36098609316
36098609316
36098609316
36098609316
54785
36098961029
36098961029
36098961029
36098961029
36098961029
36098961029
36125359894
36125359894
36125359894
36125359894
36125359894
36125359894
0
0
36125359894
36125359894
36125359894
36125359894
36125359894
36125359894
36127385637
36127385637
36127385637
36127385637
36127385637
36127385637
0
36142558597
36142558597
36142558597
36142558597
36142558597
36142558597
0
36143195230
36143195230
36143195230
36143195230
36143195230
36143195230
36144607815
36144607815
36144607815
36144607815
36144607815
36144607815
0
0
36144607815
36144607815
36144607815
36144607815
36144607815
36144607815
36150380963
36150380963
36150380963
36150380963
36150380963
36150380963
59530
36168654523
36168654523
36168654523
36168654523
36168654523
36168654523
0
36169576076
36169576076
36169576076
36169576076
36169576076
36169576076
36174608461
36174608461
36174608461
36174608461
36174608461
36174608461
0
91585
36174608461
36174608461
36174608461
36174608461
36174608461
36174608461
36183064904
36183064904
36183064904
36183064904
36183064904
36183064904
1208345
36185939064
36185939064
36185939064
36185939064
36185939064
36185939064
0
36187145537
36187145537
36187145537
36187145537
36187145537
36187145537
36198943882
36198943882
36198943882
36198943882
36198943882
36198943882
0
0
36198943882
36198943882
36198943882
36198943882
36198943882
36198943882
36205730230
36205730230
36205730230
36205730230
36205730230
36205730230
406600
36211704990
36211704990
36211704990
36211704990
36211704990
36211704990
7480
36213196383
36213196383
36213196383
36213196383
36213196383
36213196383
36226245368
36226245368
36226245368
36226245368
36226245368
36226245368
0
0
36226245368
36226245368
36226245368
36226245368
36226245368
36226245368
36241236926
36241236926
36241236926
36241236926
36241236926
36241236926
0
36250312286
36250312286
36250312286
36250312286
36250312286
36250312286
0
36250388599
36250388599
36250388599
36250388599
36250388599
36250388599
36273318304
36273318304
36273318304
36273318304
36273318304
36273318304
17785
149700
36273318304
36273318304
36273318304
36273318304
36273318304
36273318304
36285651042
36285651042
36285651042
36285651042
36285651042
36285651042
0
36297827002
36297827002
36297827002
36297827002
36297827002
36297827002
93825
36298188235
36298188235
36298188235
36298188235
36298188235
36298188235
36324109140
36324109140
36324109140
36324109140
36324109140
36324109140
0
0
36324109140
36324109140
36324109140
36324109140
36324109140
36324109140
36325023808
36325023808
36325023808
36325023808
36325023808
36325023808
52200
36340300368
36340300368
36340300368
36340300368
36340300368
36340300368
0
36340946521
36340946521
36340946521
36340946521
36340946521
36340946521
36342608866
36342608866
36342608866
36342608866
36342608866
36342608866
0
0
36342608866
36342608866
36342608866
36342608866
36342608866
36342608866
36348496814
36348496814
36348496814
36348496814
36348496814
36348496814
57800
36366873974
36366873974
36366873974
36366873974
36366873974
36366873974
0
36367805047
36367805047
36367805047
36367805047
36367805047
36367805047
36375167592
36375167592
36375167592
36375167592
36375167592
36375167592
0
0
36375167592
36375167592
36375167592
36375167592
36375167592
36375167592
36382429390
36382429390
36382429390
36382429390
36382429390
36382429390
0
36385407150
36385407150
36385407150
36385407150
36385407150
36385407150
12745
36386623143
36386623143
36386623143
36386623143
36386623143
36386623143
36399025328
36399025328
36399025328
36399025328
36399025328
36399025328
52280
0
36399025328
36399025328
36399025328
36399025328
36399025328
36399025328
36403162976
36403162976
36403162976
36403162976
36403162976
36403162976
0
36409241336
36409241336
36409241336
36409241336
36409241336
36409241336
0
36410742249
36410742249
36410742249
36410742249
36410742249
36410742249
36429944554
36429944554
36429944554
36429944554
36429944554
36429944554
21905
32200
36429944554
36429944554
36429944554
36429944554
36429944554
36429944554
36441517547
36441517547
36441517547
36441517547
36441517547
36441517547
0
36450696507
36450696507
36450696507
36450696507
36450696507
36450696507
0
36450782340
36450782340
36450782340
36450782340
36450782340
36450782340
36475189805
36475189805
36475189805
36475189805
36475189805
36475189805
0
0
36475189805
36475189805
36475189805
36475189805
36475189805
36475189805
36488175493
36488175493
36488175493
36488175493
36488175493
36488175493
0
36500455053
36500455053
36500455053
36500455053
36500455053
36500455053
0
36500825806
36500825806
36500825806
36500825806
36500825806
36500825806
36528587911
36528587911
36528587911
36528587911
36528587911
36528587911
34745
0
36528587911
36528587911
36528587911
36528587911
36528587911
36528587911
36530965019
36530965019
36530965019
36530965019
36530965019
36530965019
869970
36546345179
36546345179
36546345179
36546345179
36546345179
36546345179
0
36547000852
36547000852
36547000852
36547000852
36547000852
36547000852
36548910957
36548910957
36548910957
36548910957
36548910957
36548910957
0
0
36548910957
36548910957
36548910957
36548910957
36548910957
36548910957
36553568330
36553568330
36553568330
36553568330
36553568330
36553568330
0
36572049090
36572049090
36572049090
36572049090
36572049090
36572049090
1031445
36572989683
36572989683
36572989683
36572989683
36572989683
36572989683
36579823868
36579823868
36579823868
36579823868
36579823868
36579823868
44865
0
36579823868
36579823868
36579823868
36579823868
36579823868
36579823868
36587855481
36587855481
36587855481
36587855481
36587855481
36587855481
0
36590936841
36590936841
36590936841
36590936841
36590936841
36590936841
0
36592162354
36592162354
36592162354
36592162354
36592162354
36592162354
36605179579
36605179579
36605179579
36605179579
36605179579
36605179579
0
661320
36605179579
36605179579
36605179579
36605179579
36605179579
36605179579
36613703777
36613703777
36613703777
36613703777
36613703777
36613703777
0
36619885737
36619885737
36619885737
36619885737
36619885737
36619885737
0
36621396170
36621396170
36621396170
36621396170
36621396170
36621396170
36641033275
36641033275
36641033275
36641033275
36641033275
36641033275
0
1099100
36641033275
36641033275
36641033275
36641033275
36641033275
36641033275
36653871603
36653871603
36653871603
36653871603
36653871603
36653871603
0
36663154163
36663154163
36663154163
36663154163
36663154163
36663154163
24240
36663249516
36663249516
36663249516
36663249516
36663249516
36663249516
36684387221
36684387221
36684387221
36684387221
36684387221
36684387221
0
18760
36684387221
36684387221
36684387221
36684387221
36684387221
36684387221
36699276224
36699276224
36699276224
36699276224
36699276224
36699276224
1921180
36711659384
36711659384
36711659384
36711659384
36711659384
36711659384
0
36712039657
36712039657
36712039657
36712039657
36712039657
36712039657
36740445802
36740445802
36740445802
36740445802
36740445802
36740445802
34545
0
36740445802
36740445802
36740445802
36740445802
36740445802
36740445802
36742705100
36742705100
36742705100
36742705100
36742705100
36742705100
0
36758188860
36758188860
36758188860
36758188860
36758188860
36758188860
0
36758854053
36758854053
36758854053
36758854053
36758854053
36758854053
36760301038
36760301038
36760301038
36760301038
36760301038
36760301038
0
1628760
36760301038
36760301038
36760301038
36760301038
36760301038
36760301038
36764609116
36764609116
36764609116
36764609116
36764609116
36764609116
0
36764693476
36764693476
36764693476
36764693476
36764693476
36764693476
57840
36765643589
36765643589
36765643589
36765643589
36765643589
36765643589
36773440134
36773440134
36773440134
36773440134
36773440134
36773440134
0
85130
36773440134
36773440134
36773440134
36773440134
36773440134
36773440134
36780925957
36780925957
36780925957
36780925957
36780925957
36780925957
168545
36784110917
36784110917
36784110917
36784110917
36784110917
36784110917
0
36785345950
36785345950
36785345950
36785345950
36785345950
36785345950
36794773095
36794773095
36794773095
36794773095
36794773095
36794773095
0
0
36794773095
36794773095
36794773095
36794773095
36794773095
36794773095
36801805268
36801805268
36801805268
36801805268
36801805268
36801805268
0
36808090828
36808090828
36808090828
36808090828
36808090828
36808090828
0
36809610781
36809610781
36809610781
36809610781
36809610781
36809610781
36826531806
36826531806
36826531806
36826531806
36826531806
36826531806
0
0
36826531806
36826531806
36826531806
36826531806
36826531806
36826531806
36841049594
36841049594
36841049594
36841049594
36841049594
36841049594
0
36850435754
36850435754
36850435754
36850435754
36850435754
36850435754
92145
36850540627
36850540627
36850540627
36850540627
36850540627
36850540627
36870061852
36870061852
36870061852
36870061852
36870061852
36870061852
0
127065
36870061852
36870061852
36870061852
36870061852
36870061852
36870061852
36884950950
36884950950
36884950950
36884950950
36884950950
36884950950
0
36897437710
36897437710
36897437710
36897437710
36897437710
36897437710
0
36897827503
36897827503
36897827503
36897827503
36897827503
36897827503
36925093488
36925093488
36925093488
36925093488
36925093488
36925093488
0
0
36925093488
36925093488
36925093488
36925093488
36925093488
36925093488
36927071981
36927071981
36927071981
36927071981
36927071981
36927071981
0
36942659341
36942659341
36942659341
36942659341
36942659341
36942659341
0
36943334054
36943334054
36943334054
36943334054
36943334054
36943334054
36945167999
36945167999
36945167999
36945167999
36945167999
36945167999
51505
0
36945167999
36945167999
36945167999
36945167999
36945167999
36945167999
36948723297
36948723297
36948723297
36948723297
36948723297
36948723297
373200
36948911257
36948911257
36948911257
36948911257
36948911257
36948911257
0
36949870890
36949870890
36949870890
36949870890
36949870890
36949870890
36956389235
36956389235
36956389235
36956389235
36956389235
36956389235
0
0
36956389235
36956389235
36956389235
36956389235
36956389235
36956389235
36962662518
36962662518
36962662518
36962662518
36962662518
36962662518
0
36965951078
36965951078
36965951078
36965951078
36965951078
36965951078
0
36967195631
36967195631
36967195631
36967195631
36967195631
36967195631
36980586936
36980586936
36980586936
36980586936
36980586936
36980586936
0
0
36980586936
36980586936
36980586936
36980586936
36980586936
36980586936
36992045994
36992045994
36992045994
36992045994
36992045994
36992045994
0
36998435154
36998435154
36998435154
36998435154
36998435154
36998435154
0
36999964627
36999964627
36999964627
36999964627
36999964627
36999964627
37016810372
37016810372
37016810372
37016810372
37016810372
37016810372
0
0
37016810372
37016810372
37016810372
37016810372
37016810372
37016810372
37032469845
37032469845
37032469845
37032469845
37032469845
37032469845
0
37041959605
37041959605
37041959605
37041959605
37041959605
37041959605
0
37042073998
37042073998
37042073998
37042073998
37042073998
37042073998
37062916983
37062916983
37062916983
37062916983
37062916983
37062916983
0
0
37062916983
37062916983
37062916983
37062916983
37062916983
37062916983
37073836871
37073836871
37073836871
37073836871
37073836871
37073836871
0
37086427231
37086427231
37086427231
37086427231
37086427231
37086427231
103840
37086826544
37086826544
37086826544
37086826544
37086826544
37086826544
37120517489
37120517489
37120517489
37120517489
37120517489
37120517489
75680
0
37120517489
37120517489
37120517489
37120517489
37120517489
37120517489
37123699737
37123699737
37123699737
37123699737
37123699737
37123699737
0
37139390697
37139390697
37139390697
37139390697
37139390697
37139390697
0
37140074930
37140074930
37140074930
37140074930
37140074930
37140074930
37141559035
37141559035
37141559035
37141559035
37141559035
37141559035
51305
0
37141559035
37141559035
37141559035
37141559035
37141559035
37141559035
37146815203
37146815203
37146815203
37146815203
37146815203
37146815203
54865
37147106763
37147106763
37147106763
37147106763
37147106763
37147106763
0
37148075916
37148075916
37148075916
37148075916
37148075916
37148075916
37155632221
37155632221
37155632221
37155632221
37155632221
37155632221
1175245
0
37155632221
37155632221
37155632221
37155632221
37155632221
37155632221
37160943994
37160943994
37160943994
37160943994
37160943994
37160943994
0
37164336154
37164336154
37164336154
37164336154
37164336154
37164336154
0
37165590227
37165590227
37165590227
37165590227
37165590227
37165590227
37179844172
37179844172
37179844172
37179844172
37179844172
37179844172
0
165200
37179844172
37179844172
37179844172
37179844172
37179844172
37179844172
37190637570
37190637570
37190637570
37190637570
37190637570
37190637570
0
37197130330
37197130330
37197130330
37197130330
37197130330
37197130330
0
37198669323
37198669323
37198669323
37198669323
37198669323
37198669323
37214384708
37214384708
37214384708
37214384708
37214384708
37214384708
0
19295
37214384708
37214384708
37214384708
37214384708
37214384708
37214384708
37227654686
37227654686
37227654686
37227654686
37227654686
37227654686
0
37237248046
37237248046
37237248046
37237248046
37237248046
37237248046
0
37237371959
37237371959
37237371959
37237371959
37237371959
37237371959
37262853024
37262853024
37262853024
37262853024
37262853024
37262853024
0
24240
37262853024
37262853024
37262853024
37262853024
37262853024
37262853024
37271411527
37271411527
37271411527
37271411527
37271411527
37271411527
0
37284105487
37284105487
37284105487
37284105487
37284105487
37284105487
0
37284514320
37284514320
37284514320
37284514320
37284514320
37284514320
37312503185
37312503185
37312503185
37312503185
37312503185
37312503185
0
1506950
37312503185
37312503185
37312503185
37312503185
37312503185
37312503185
37313582843
37313582843
37313582843
37313582843
37313582843
37313582843
79305
37329377403
37329377403
37329377403
37329377403
37329377403
37329377403
71545
37330071156
37330071156
37330071156
37330071156
37330071156
37330071156
37331698621
37331698621
37331698621
37331698621
37331698621
37331698621
139480
19065
37331698621
37331698621
37331698621
37331698621
37331698621
37331698621
37337172889
37337172889
37337172889
37337172889
37337172889
37337172889
72850
37337568049
37337568049
37337568049
37337568049
37337568049
37337568049
0
37338546722
37338546722
37338546722
37338546722
37338546722
37338546722
37346022107
37346022107
37346022107
37346022107
37346022107
37346022107
68265
119745
37346022107
37346022107
37346022107
37346022107
37346022107
37346022107
37355491230
37355491230
37355491230
37355491230
37355491230
37355491230
33725
37358986990
37358986990
37358986990
37358986990
37358986990
37358986990
0
37360250583
37360250583
37360250583
37360250583
37360250583
37360250583
37372602368
37372602368
37372602368
37372602368
37372602368
37372602368
0
254425
37372602368
37372602368
37372602368
37372602368
37372602368
37372602368
37379948111
37379948111
37379948111
37379948111
37379948111
37379948111
0
37386544471
37386544471
37386544471
37386544471
37386544471
37386544471
0
37388092984
37388092984
37388092984
37388092984
37388092984
37388092984
37407643289
37407643289
37407643289
37407643289
37407643289
37407643289
0
32040
37407643289
37407643289
37407643289
37407643289
37407643289
37407643289
37420030807
37420030807
37420030807
37420030807
37420030807
37420030807
6036420
37429727767
37429727767
37429727767
37429727767
37429727767
37429727767
0
37429861200
37429861200
37429861200
37429861200
37429861200
37429861200
37449837705
37449837705
37449837705
37449837705
37449837705
37449837705
0
194370
37449837705
37449837705
37449837705
37449837705
37449837705
37449837705
37460902073
37460902073
37460902073
37460902073
37460902073
37460902073
0
37473699633
37473699633
37473699633
37473699633
37473699633
37473699633
0
37474117986
37474117986
37474117986
37474117986
37474117986
37474117986
37504676891
37504676891
37504676891
37504676891
37504676891
37504676891
0
0
37504676891
37504676891
37504676891
37504676891
37504676891
37504676891
37507627194
37507627194
37507627194
37507627194
37507627194
37507627194
0
37523525354
37523525354
37523525354
37523525354
37523525354
37523525354
156400
37524228627
37524228627
37524228627
37524228627
37524228627
37524228627
37527010652
37527010652
37527010652
37527010652
37527010652
37527010652
0
0
37527010652
37527010652
37527010652
37527010652
37527010652
37527010652
37533838800
37533838800
37533838800
37533838800
37533838800
37533838800
0
37534337560
37534337560
37534337560
37534337560
37534337560
37534337560
0
37535325753
37535325753
37535325753
37535325753
37535325753
37535325753
37543386338
37543386338
37543386338
37543386338
37543386338
37543386338
68065
108675
37543386338
37543386338
37543386338
37543386338
37543386338
37543386338
37546990281
37546990281
37546990281
37546990281
37546990281
37546990281
16160
37550589641
37550589641
37550589641
37550589641
37550589641
37550589641
0
37551862754
37551862754
37551862754
37551862754
37551862754
37551862754
37566646059
37566646059
37566646059
37566646059
37566646059
37566646059
0
0
37566646059
37566646059
37566646059
37566646059
37566646059
37566646059
37573275182
37573275182
37573275182
37573275182
37573275182
37573275182
383680
37579975142
37579975142
37579975142
37579975142
37579975142
37579975142
29505
37581533175
37581533175
37581533175
37581533175
37581533175
37581533175
37599636280
37599636280
37599636280
37599636280
37599636280
37599636280
0
1791980
37599636280
37599636280
37599636280
37599636280
37599636280
37599636280
37608676748
37608676748
37608676748
37608676748
37608676748
37608676748
800450
37618477308
37618477308
37618477308
37618477308
37618477308
37618477308
0
37618620261
37618620261
37618620261
37618620261
37618620261
37618620261
37644644846
37644644846
37644644846
37644644846
37644644846
37644644846
0
372825
37644644846
37644644846
37644644846
37644644846
37644644846
37644644846
37662772469
37662772469
37662772469
37662772469
37662772469
37662772469
4998020
37675673629
37675673629
37675673629
37675673629
37675673629
37675673629
0
37676101502
37676101502
37676101502
37676101502
37676101502
37676101502
37707233207
37707233207
37707233207
37707233207
37707233207
37707233207
0
2008955
37707233207
37707233207
37707233207
37707233207
37707233207
37707233207
37709407980
37709407980
37709407980
37709407980
37709407980
37709407980
7378805
37725409740
37725409740
37725409740
37725409740
37725409740
37725409740
0
37726122533
37726122533
37726122533
37726122533
37726122533
37726122533
37729066318
37729066318
37729066318
37729066318
37729066318
37729066318
0
1220455
37729066318
37729066318
37729066318
37729066318
37729066318
37729066318
37731887681
37731887681
37731887681
37731887681
37731887681
37731887681
0
37732490041
37732490041
37732490041
37732490041
37732490041
37732490041
0
37733487754
37733487754
37733487754
37733487754
37733487754
37733487754
37741879579
37741879579
37741879579
37741879579
37741879579
37741879579
520815
0
37741879579
37741879579
37741879579
37741879579
37741879579
37741879579
37748887247
37748887247
37748887247
37748887247
37748887247
37748887247
135080
37752590207
37752590207
37752590207
37752590207
37752590207
37752590207
50945
37753872840
37753872840
37753872840
37753872840
37753872840
37753872840
37766797585
37766797585
37766797585
37766797585
37766797585
37766797585
85025
0
37766797585
37766797585
37766797585
37766797585
37766797585
37766797585
37776692453
37776692453
37776692453
37776692453
37776692453
37776692453
1334185
37783496013
37783496013
37783496013
37783496013
37783496013
37783496013
0
37785063566
37785063566
37785063566
37785063566
37785063566
37785063566
37804229551
37804229551
37804229551
37804229551
37804229551
37804229551
86625
0
37804229551
37804229551
37804229551
37804229551
37804229551
37804229551
37817197514
37817197514
37817197514
37817197514
37817197514
37817197514
66120
37827101674
37827101674
37827101674
37827101674
37827101674
37827101674
0
37827254147
37827254147
37827254147
37827254147
37827254147
37827254147
37852428812
37852428812
37852428812
37852428812
37852428812
37852428812
269660
0
37852428812
37852428812
37852428812
37852428812
37852428812
37852428812
37864033760
37864033760
37864033760
37864033760
37864033760
37864033760
3308825
37877038520
37877038520
37877038520
37877038520
37877038520
37877038520
0
37877475913
37877475913
37877475913
37877475913
37877475913
37877475913
37902297898
37902297898
37902297898
37902297898
37902297898
37902297898
0
0
37902297898
37902297898
37902297898
37902297898
37902297898
37902297898
37905179111
37905179111
37905179111
37905179111
37905179111
37905179111
841320
37921284471
37921284471
37921284471
37921284471
37921284471
37921284471
0
37922006784
37922006784
37922006784
37922006784
37922006784
37922006784
37925357769
37925357769
37925357769
37925357769
37925357769
37925357769
0
0
37925357769
37925357769
37925357769
37925357769
37925357769
37925357769
37931610852
37931610852
37931610852
37931610852
37931610852
37931610852
0
37932316812
37932316812
37932316812
37932316812
37932316812
37932316812
203305
37933324045
37933324045
37933324045
37933324045
37933324045
37933324045
37942571550
37942571550
37942571550
37942571550
37942571550
37942571550
0
713910
37942571550
37942571550
37942571550
37942571550
37942571550
37942571550
37948819993
37948819993
37948819993
37948819993
37948819993
37948819993
12458595
37952626553
37952626553
37952626553
37952626553
37952626553
37952626553
0
37953918706
37953918706
37953918706
37953918706
37953918706
37953918706
37970089131
37970089131
37970089131
37970089131
37970089131
37970089131
84825
276960
37970089131
37970089131
37970089131
37970089131
37970089131
37970089131
37979604984
37979604984
37979604984
37979604984
37979604984
37979604984
0
37986512144
37986512144
37986512144
37986512144
37986512144
37986512144
36425
37988089217
37988089217
37988089217
37988089217
37988089217
37988089217
38007052962
38007052962
38007052962
38007052962
38007052962
38007052962
0
0
38007052962
38007052962
38007052962
38007052962
38007052962
38007052962
38021433485
38021433485
38021433485
38021433485
38021433485
38021433485
997985
38031441245
38031441245
38031441245
38031441245
38031441245
38031441245
0
38031603238
38031603238
38031603238
38031603238
38031603238
38031603238
38058337423
38058337423
38058337423
38058337423
38058337423
38058337423
28080
0
38058337423
38058337423
38058337423
38058337423
38058337423
38058337423
38071809381
38071809381
38071809381
38071809381
38071809381
38071809381
93465
38084917741
38084917741
38084917741
38084917741
38084917741
38084917741
388945
38085364654
38085364654
38085364654
38085364654
38085364654
38085364654
38113752999
38113752999
38113752999
38113752999
38113752999
38113752999
0
0
38113752999
38113752999
38113752999
38113752999
38113752999
38113752999
38115276947
38115276947
38115276947
38115276947
38115276947
38115276947
0
38131485907
38131485907
38131485907
38131485907
38131485907
38131485907
0
38132217740
38132217740
38132217740
38132217740
38132217740
38132217740
38135535605
38135535605
38135535605
38135535605
38135535605
38135535605
0
0
38135535605
38135535605
38135535605
38135535605
38135535605
38135535605
38139775248
38139775248
38139775248
38139775248
38139775248
38139775248
0
38140584808
38140584808
38140584808
38140584808
38140584808
38140584808
0
38141601561
38141601561
38141601561
38141601561
38141601561
38141601561
38149274066
38149274066
38149274066
38149274066
38149274066
38149274066
0
156780
38149274066
38149274066
38149274066
38149274066
38149274066
38149274066
38156240194
38156240194
38156240194
38156240194
38156240194
38156240194
0
38160150354
38160150354
38160150354
38160150354
38160150354
38160150354
0
38161452027
38161452027
38161452027
38161452027
38161452027
38161452027
38174578212
38174578212
38174578212
38174578212
38174578212
38174578212
0
1700075
38174578212
38174578212
38174578212
38174578212
38174578212
38174578212
38181242085
38181242085
38181242085
38181242085
38181242085
38181242085
920115
38188252845
38188252845
38188252845
38188252845
38188252845
38188252845
0
38189839438
38189839438
38189839438
38189839438
38189839438
38189839438
38211372023
38211372023
38211372023
38211372023
38211372023
38211372023
1785
0
38211372023
38211372023
38211372023
38211372023
38211372023
38211372023
38219178066
38219178066
38219178066
38219178066
38219178066
38219178066
69760
38229289426
38229289426
38229289426
38229289426
38229289426
38229289426
41505
38229460939
38229460939
38229460939
38229460939
38229460939
38229460939
38256634644
38256634644
38256634644
38256634644
38256634644
38256634644
0
0
38256634644
38256634644
38256634644
38256634644
38256634644
38256634644
38256793772
38256793772
38256793772
38256793772
38256793772
38256793772
172290
38270005732
38270005732
38270005732
38270005732
38270005732
38270005732
0
38270462165
38270462165
38270462165
38270462165
38270462165
38270462165
38302652310
38302652310
38302652310
38302652310
38302652310
38302652310
0
0
38302652310
38302652310
38302652310
38302652310
38302652310
38302652310
38305474828
38305474828
38305474828
38305474828
38305474828
38305474828
0
38321787388
38321787388
38321787388
38321787388
38321787388
38321787388
0
38322528741
38322528741
38322528741
38322528741
38322528741
38322528741
38325706286
38325706286
38325706286
38325706286
38325706286
38325706286
0
0
38325706286
38325706286
38325706286
38325706286
38325706286
38325706286
38330520344
38330520344
38330520344
38330520344
38330520344
38330520344
0
38331433504
38331433504
38331433504
38331433504
38331433504
38331433504
610840
38332459777
38332459777
38332459777
38332459777
38332459777
38332459777
38343302722
38343302722
38343302722
38343302722
38343302722
38343302722
0
0
38343302722
38343302722
38343302722
38343302722
38343302722
38343302722
38352261720
38352261720
38352261720
38352261720
38352261720
38352261720
0
38356275480
38356275480
38356275480
38356275480
38356275480
38356275480
91280
38357586673
38357586673
38357586673
38357586673
38357586673
38357586673
38367108458
38367108458
38367108458
38367108458
38367108458
38367108458
0
1354750
38367108458
38367108458
38367108458
38367108458
38367108458
38367108458
38377186461
38377186461
38377186461
38377186461
38377186461
38377186461
33920
38384300821
38384300821
38384300821
38384300821
38384300821
38384300821
504240
38385896934
38385896934
38385896934
38385896934
38385896934
38385896934
38406455999
38406455999
38406455999
38406455999
38406455999
38406455999
49690
0
38406455999
38406455999
38406455999
38406455999
38406455999
38406455999
38417587417
38417587417
38417587417
38417587417
38417587417
38417587417
5412435
38427802377
38427802377
38427802377
38427802377
38427802377
38427802377
0
38427983410
38427983410
38427983410
38427983410
38427983410
38427983410
38452487035
38452487035
38452487035
38452487035
38452487035
38452487035
16905
125700
38452487035
38452487035
38452487035
38452487035
38452487035
38452487035
38452729523
38452729523
38452729523
38452729523
38452729523
38452729523
0
38466045083
38466045083
38466045083
38466045083
38466045083
38466045083
0
38466511036
38466511036
38466511036
38466511036
38466511036
38466511036
38492183021
38492183021
38492183021
38492183021
38492183021
38492183021
1173820
1685185
38492183021
38492183021
38492183021
38492183021
38492183021
38492183021
38496037689
38496037689
38496037689
38496037689
38496037689
38496037689
48065
38512453849
38512453849
38512453849
38512453849
38512453849
38512453849
0
38513204722
38513204722
38513204722
38513204722
38513204722
38513204722
38515754107
38515754107
38515754107
38515754107
38515754107
38515754107
0
2000440
38515754107
38515754107
38515754107
38515754107
38515754107
38515754107
38521433180
38521433180
38521433180
38521433180
38521433180
38521433180
54240
38522449940
38522449940
38522449940
38522449940
38522449940
38522449940
110690
38523485733
38523485733
38523485733
38523485733
38523485733
38523485733
38531584118
38531584118
38531584118
38531584118
38531584118
38531584118
88865
0
38531584118
38531584118
38531584118
38531584118
38531584118
38531584118
38538601716
38538601716
38538601716
38538601716
38538601716
38538601716
576205
38542719076
38542719076
38542719076
38542719076
38542719076
38542719076
0
38544039789
38544039789
38544039789
38544039789
38544039789
38544039789
38559514934
38559514934
38559514934
38559514934
38559514934
38559514934
0
0
38559514934
38559514934
38559514934
38559514934
38559514934
38559514934
38572046892
38572046892
38572046892
38572046892
38572046892
38572046892
285092700
38579264852
38579264852
38579264852
38579264852
38579264852
38579264852
31960
38580870485
38580870485
38580870485
38580870485
38580870485
38580870485
38603524710
38603524710
38603524710
38603524710
38603524710
38603524710
0
87825
38603524710
38603524710
38603524710
38603524710
38603524710
38603524710
38614560478
38614560478
38614560478
38614560478
38614560478
38614560478
0
38624879038
38624879038
38624879038
38624879038
38624879038
38624879038
0
38625069591
38625069591
38625069591
38625069591
38625069591
38625069591
38648018656
38648018656
38648018656
38648018656
38648018656
38648018656
18545
4051200
38648018656
38648018656
38648018656
38648018656
38648018656
38648018656
38648350619
38648350619
38648350619
38648350619
38648350619
38648350619
149105
38661769779
38661769779
38661769779
38661769779
38661769779
38661769779
0
38662245252
38662245252
38662245252
38662245252
38662245252
38662245252
38688071237
38688071237
38688071237
38688071237
38688071237
38688071237
0
0
38688071237
38688071237
38688071237
38688071237
38688071237
38688071237
38689665885
38689665885
38689665885
38689665885
38689665885
38689665885
103585
38706185645
38706185645
38706185645
38706185645
38706185645
38706185645
0
38706946038
38706946038
38706946038
38706946038
38706946038
38706946038
38709849023
38709849023
38709849023
38709849023
38709849023
38709849023
0
2072205
38709849023
38709849023
38709849023
38709849023
38709849023
38709849023
38714401341
38714401341
38714401341
38714401341
38714401341
38714401341
870910
38715521701
38715521701
38715521701
38715521701
38715521701
38715521701
0
38716567014
38716567014
38716567014
38716567014
38716567014
38716567014
38725061039
38725061039
38725061039
38725061039
38725061039
38725061039
0
0
38725061039
38725061039
38725061039
38725061039
38725061039
38725061039
38732411962
38732411962
38732411962
38732411962
38732411962
38732411962
119760
38736632922
38736632922
38736632922
38736632922
38736632922
38736632922
6840
38737963155
38737963155
38737963155
38737963155
38737963155
38737963155
38755662380
38755662380
38755662380
38755662380
38755662380
38755662380
0
2112360
38755662380
38755662380
38755662380
38755662380
38755662380
38755662380
38767340548
38767340548
38767340548
38767340548
38767340548
38767340548
0
38774662108
38774662108
38774662108
38774662108
38774662108
38774662108
8040
38776277261
38776277261
38776277261
38776277261
38776277261
38776277261
38796684646
38796684646
38796684646
38796684646
38796684646
38796684646
0
70825
38796684646
38796684646
38796684646
38796684646
38796684646
38796684646
38809579019
38809579019
38809579019
38809579019
38809579019
38809579019
0
38820001179
38820001179
38820001179
38820001179
38820001179
38820001179
46265
38820201252
38820201252
38820201252
38820201252
38820201252
38820201252
38842817837
38842817837
38842817837
38842817837
38842817837
38842817837
18345
636320
38842817837
38842817837
38842817837
38842817837
38842817837
38842817837
38843169635
38843169635
38843169635
38843169635
38843169635
38843169635
0
38856692395
38856692395
38856692395
38856692395
38856692395
38856692395
42145
38857177388
38857177388
38857177388
38857177388
38857177388
38857177388
38891041573
38891041573
38891041573
38891041573
38891041573
38891041573
0
420085
38891041573
38891041573
38891041573
38891041573
38891041573
38891041573
38894595836
38894595836
38894595836
38894595836
38894595836
38894595836
0
38911219196
38911219196
38911219196
38911219196
38911219196
38911219196
0
38911989109
38911989109
38911989109
38911989109
38911989109
38911989109
38915624574
38915624574
38915624574
38915624574
38915624574
38915624574
0
0
38915624574
38915624574
38915624574
38915624574
38915624574
38915624574
38923287682
38923287682
38923287682
38923287682
38923287682
38923287682
0
38924511642
38924511642
38924511642
38924511642
38924511642
38924511642
95320
38925566475
38925566475
38925566475
38925566475
38925566475
38925566475
38934963780
38934963780
38934963780
38934963780
38934963780
38934963780
79985
3277420
38934963780
38934963780
38934963780
38934963780
38934963780
38934963780
38944268883
38944268883
38944268883
38944268883
38944268883
38944268883
947915
38948593443
38948593443
38948593443
38948593443
38948593443
38948593443
0
38949933196
38949933196
38949933196
38949933196
38949933196
38949933196
38961939701
38961939701
38961939701
38961939701
38961939701
38961939701
0
3790935
38961939701
38961939701
38961939701
38961939701
38961939701
38961939701
38970751314
38970751314
38970751314
38970751314
38970751314
38970751314
88370
38978176474
38978176474
38978176474
38978176474
38978176474
38978176474
157265
38979801147
38979801147
38979801147
38979801147
38979801147
38979801147
39002933252
39002933252
39002933252
39002933252
39002933252
39002933252
44280
0
39002933252
39002933252
39002933252
39002933252
39002933252
39002933252
39019764750
39019764750
39019764750
39019764750
39019764750
39019764750
1418370
39030290510
39030290510
39030290510
39030290510
39030290510
39030290510
0
39030500103
39030500103
39030500103
39030500103
39030500103
39030500103
39056539488
39056539488
39056539488
39056539488
39056539488
39056539488
0
1124655
39056539488
39056539488
39056539488
39056539488
39056539488
39056539488
39057084331
39057084331
39057084331
39057084331
39057084331
39057084331
0
39070710691
39070710691
39070710691
39070710691
39070710691
39070710691
0
39071205204
39071205204
39071205204
39071205204
39071205204
39071205204
39088349989
39088349989
39088349989
39088349989
39088349989
39088349989
35305
99715
39088349989
39088349989
39088349989
39088349989
39088349989
39088349989
39090877737
39090877737
39090877737
39090877737
39090877737
39090877737
3509230
39107604697
39107604697
39107604697
39107604697
39107604697
39107604697
5145
39108384130
39108384130
39108384130
39108384130
39108384130
39108384130
39112003755
39112003755
39112003755
39112003755
39112003755
39112003755
0
0
39112003755
39112003755
39112003755
39112003755
39112003755
39112003755
39115908403
39115908403
39115908403
39115908403
39115908403
39115908403
0
39117235963
39117235963
39117235963
39117235963
39117235963
39117235963
0
39118300316
39118300316
39118300316
39118300316
39118300316
39118300316
39125339181
39125339181
39125339181
39125339181
39125339181
39125339181
0
12440
39125339181
39125339181
39125339181
39125339181
39125339181
39125339181
39129581674
39129581674
39129581674
39129581674
39129581674
39129581674
0
39134009834
39134009834
39134009834
39134009834
39134009834
39134009834
908505
39135359107
39135359107
39135359107
39135359107
39135359107
39135359107
39150757212
39150757212
39150757212
39150757212
39150757212
39150757212
0
0
39150757212
39150757212
39150757212
39150757212
39150757212
39150757212
39162694085
39162694085
39162694085
39162694085
39162694085
39162694085
4585
39170222845
39170222845
39170222845
39170222845
39170222845
39170222845
25280
39171857038
39171857038
39171857038
39171857038
39171857038
39171857038
39193510223
39193510223
39193510223
39193510223
39193510223
39193510223
270385
0
39193510223
39193510223
39193510223
39193510223
39193510223
39193510223
39207003521
39207003521
39207003521
39207003521
39207003521
39207003521
26720
39217632881
39217632881
39217632881
39217632881
39217632881
39217632881
24800
39217851994
39217851994
39217851994
39217851994
39217851994
39217851994
39243570659
39243570659
39243570659
39243570659
39243570659
39243570659
65505
716910
39243570659
39243570659
39243570659
39243570659
39243570659
39243570659
39244126417
39244126417
39244126417
39244126417
39244126417
39244126417
0
39257856377
39257856377
39257856377
39257856377
39257856377
39257856377
0
39258360410
39258360410
39258360410
39258360410
39258360410
39258360410
39275708195
39275708195
39275708195
39275708195
39275708195
39275708195
35105
0
39275708195
39275708195
39275708195
39275708195
39275708195
39275708195
39278719748
39278719748
39278719748
39278719748
39278719748
39278719748
0
39295550308
39295550308
39295550308
39295550308
39295550308
39295550308
25665
39296339261
39296339261
39296339261
39296339261
39296339261
39296339261
39300991526
39300991526
39300991526
39300991526
39300991526
39300991526
0
39585
39300991526
39300991526
39300991526
39300991526
39300991526
39300991526
39306705294
39306705294
39306705294
39306705294
39306705294
39306705294
0
39308136454
39308136454
39308136454
39308136454
39308136454
39308136454
0
39309210327
39309210327
39309210327
39309210327
39309210327
39309210327
39319213832
39319213832
39319213832
39319213832
39319213832
39319213832
0
0
39319213832
39319213832
39319213832
39319213832
39319213832
39319213832
39326640280
39326640280
39326640280
39326640280
39326640280
39326640280
1779980
39331172040
39331172040
39331172040
39331172040
39331172040
39331172040
0
39332530833
39332530833
39332530833
39332530833
39332530833
39332530833
39346681818
39346681818
39346681818
39346681818
39346681818
39346681818
0
0
39346681818
39346681818
39346681818
39346681818
39346681818
39346681818
39358993831
39358993831
39358993831
39358993831
39358993831
39358993831
0
39366626191
39366626191
39366626191
39366626191
39366626191
39366626191
0
39368269904
39368269904
39368269904
39368269904
39368269904
39368269904
39390454969
39390454969
39390454969
39390454969
39390454969
39390454969
0
0
39390454969
39390454969
39390454969
39390454969
39390454969
39390454969
39399958052
39399958052
39399958052
39399958052
39399958052
39399958052
0
39410691012
39410691012
39410691012
39410691012
39410691012
39410691012
0
39410919645
39410919645
39410919645
39410919645
39410919645
39410919645
39435040070
39435040070
39435040070
39435040070
39435040070
39435040070
0
0
39435040070
39435040070
39435040070
39435040070
39435040070
39435040070
39435826623
39435826623
39435826623
39435826623
39435826623
39435826623
306100
39449660183
39449660183
39449660183
39449660183
39449660183
39449660183
0
39450173736
39450173736
39450173736
39450173736
39450173736
39450173736
39467691201
39467691201
39467691201
39467691201
39467691201
39467691201
0
117450
39467691201
39467691201
39467691201
39467691201
39467691201
39467691201
39470176564
39470176564
39470176564
39470176564
39470176564
39470176564
32120
39487110724
39487110724
39487110724
39487110724
39487110724
39487110724
0
39487909197
39487909197
39487909197
39487909197
39487909197
39487909197
39492481622
39492481622
39492481622
39492481622
39492481622
39492481622
52985
0
39492481622
39492481622
39492481622
39492481622
39492481622
39492481622
39497096270
39497096270
39497096270
39497096270
39497096270
39497096270
106780
39498631030
39498631030
39498631030
39498631030
39498631030
39498631030
136185
39499714423
39499714423
39499714423
39499714423
39499714423
39499714423
39512389408
39512389408
39512389408
39512389408
39512389408
39512389408
0
125985
39512389408
39512389408
39512389408
39512389408
39512389408
39512389408
39520376641
39520376641
39520376641
39520376641
39520376641
39520376641
0
39525012001
39525012001
39525012001
39525012001
39525012001
39525012001
0
39526380314
39526380314
39526380314
39526380314
39526380314
39526380314
39542617219
39542617219
39542617219
39542617219
39542617219
39542617219
41985
710995
39542617219
39542617219
39542617219
39542617219
39542617219
39542617219
39551993237
39551993237
39551993237
39551993237
39551993237
39551993237
1313165
39559729197
39559729197
39559729197
39559729197
39559729197
39559729197
0
39561382430
39561382430
39561382430
39561382430
39561382430
39561382430
39583145695
39583145695
39583145695
39583145695
39583145695
39583145695
0
81840
39583145695
39583145695
39583145695
39583145695
39583145695
39583145695
39601788978
39601788978
39601788978
39601788978
39601788978
39601788978
0
39612625538
39612625538
39612625538
39612625538
39612625538
39612625538
0
39612863691
39612863691
39612863691
39612863691
39612863691
39612863691
39635618196
39635618196
39635618196
39635618196
39635618196
39635618196
0
0
39635618196
39635618196
39635618196
39635618196
39635618196
39635618196
39636439804
39636439804
39636439804
39636439804
39636439804
39636439804
485410
39650376964
39650376964
39650376964
39650376964
39650376964
39650376964
41560
39650900037
39650900037
39650900037
39650900037
39650900037
39650900037
39668569462
39668569462
39668569462
39668569462
39668569462
39668569462
154840
0
39668569462
39668569462
39668569462
39668569462
39668569462
39668569462
39672202685
39672202685
39672202685
39672202685
39672202685
39672202685
233400
39689240445
39689240445
39689240445
39689240445
39689240445
39689240445
0
39690048438
39690048438
39690048438
39690048438
39690048438
39690048438
39694355023
39694355023
39694355023
39694355023
39694355023
39694355023
108210
119040
39694355023
39694355023
39694355023
39694355023
39694355023
39694355023
39701442871
39701442871
39701442871
39701442871
39701442871
39701442871
474150
39703081231
39703081231
39703081231
39703081231
39703081231
39703081231
0
39704174144
39704174144
39704174144
39704174144
39704174144
39704174144
39713910529
39713910529
39713910529
39713910529
39713910529
39713910529
0
58145
39713910529
39713910529
39713910529
39713910529
39713910529
39713910529
39720620897
39720620897
39720620897
39720620897
39720620897
39720620897
249140
39725359857
39725359857
39725359857
39725359857
39725359857
39725359857
5065
39726737690
39726737690
39726737690
39726737690
39726737690
39726737690
39742590595
39742590595
39742590595
39742590595
39742590595
39742590595
0
0
39742590595
39742590595
39742590595
39742590595
39742590595
39742590595
39751755553
39751755553
39751755553
39751755553
39751755553
39751755553
44840
39759595113
39759595113
39759595113
39759595113
39759595113
39759595113
0
39761257866
39761257866
39761257866
39761257866
39761257866
39761257866
39778858931
39778858931
39778858931
39778858931
39778858931
39778858931
180305
81360
39778858931
39778858931
39778858931
39778858931
39778858931
39778858931
39790064544
39790064544
39790064544
39790064544
39790064544
39790064544
66065
39801004704
39801004704
39801004704
39801004704
39801004704
39801004704
0
39801252377
39801252377
39801252377
39801252377
39801252377
39801252377
39828887122
39828887122
39828887122
39828887122
39828887122
39828887122
0
167360
39828887122
39828887122
39828887122
39828887122
39828887122
39828887122
39829775620
39829775620
39829775620
39829775620
39829775620
39829775620
0
39843816380
39843816380
39843816380
39843816380
39843816380
39843816380
0
39844348973
39844348973
39844348973
39844348973
39844348973
39844348973
39862309558
39862309558
39862309558
39862309558
39862309558
39862309558
0
0
39862309558
39862309558
39862309558
39862309558
39862309558
39862309558
39865480851
39865480851
39865480851
39865480851
39865480851
39865480851
343930060
39882622211
39882622211
39882622211
39882622211
39882622211
39882622211
0
39883439724
39883439724
39883439724
39883439724
39883439724
39883439724
39887414869
39887414869
39887414869
39887414869
39887414869
39887414869
41065
0
39887414869
39887414869
39887414869
39887414869
39887414869
39887414869
39892775357
39892775357
39892775357
39892775357
39892775357
39892775357
58105
39894517317
39894517317
39894517317
39894517317
39894517317
39894517317
1065
39895619750
39895619750
39895619750
39895619750
39895619750
39895619750
39906543895
39906543895
39906543895
39906543895
39906543895
39906543895
68825
3747895
39906543895
39906543895
39906543895
39906543895
39906543895
39906543895
39915463318
39915463318
39915463318
39915463318
39915463318
39915463318
0
39920305878
39920305878
39920305878
39920305878
39920305878
39920305878
99480
39921693231
39921693231
39921693231
39921693231
39921693231
39921693231
39940322616
39940322616
39940322616
39940322616
39940322616
39940322616
0
0
39940322616
39940322616
39940322616
39940322616
39940322616
39940322616
39949917019
39949917019
39949917019
39949917019
39949917019
39949917019
0
39957860179
39957860179
39957860179
39957860179
39957860179
39957860179
0
39959532452
39959532452
39959532452
39959532452
39959532452
39959532452
39982441437
39982441437
39982441437
39982441437
39982441437
39982441437
0
152785
39982441437
39982441437
39982441437
39982441437
39982441437
39982441437
39990622735
39990622735
39990622735
39990622735
39990622735
39990622735
161380
40001666495
40001666495
40001666495
40001666495
40001666495
40001666495
0
40001923688
40001923688
40001923688
40001923688
40001923688
40001923688
40028365873
40028365873
40028365873
40028365873
40028365873
40028365873
0
0
40028365873
40028365873
40028365873
40028365873
40028365873
40028365873
40029153806
40029153806
40029153806
40029153806
40029153806
40029153806
0
40043298166
40043298166
40043298166
40043298166
40043298166
40043298166
1420520
40043840279
40043840279
40043840279
40043840279
40043840279
40043840279
40061918064
40061918064
40061918064
40061918064
40061918064
40061918064
0
263060
40061918064
40061918064
40061918064
40061918064
40061918064
40061918064
40064071627
40064071627
40064071627
40064071627
40064071627
40064071627
5720
40081316587
40081316587
40081316587
40081316587
40081316587
40081316587
58320
40082143620
40082143620
40082143620
40082143620
40082143620
40082143620
40087610765
40087610765
40087610765
40087610765
40087610765
40087610765
0
82930
40087610765
40087610765
40087610765
40087610765
40087610765
40087610765
40094557468
40094557468
40094557468
40094557468
40094557468
40094557468
0
40096403028
40096403028
40096403028
40096403028
40096403028
40096403028
0
40097514981
40097514981
40097514981
40097514981
40097514981
40097514981
40107530806
40107530806
40107530806
40107530806
40107530806
40107530806
68625
62200
40107530806
40107530806
40107530806
40107530806
40107530806
40107530806
40118758429
40118758429
40118758429
40118758429
40118758429
40118758429
179730
40123704589
40123704589
40123704589
40123704589
40123704589
40123704589
0
40125101462
40125101462
40125101462
40125101462
40125101462
40125101462
40143302367
40143302367
40143302367
40143302367
40143302367
40143302367
0
0
40143302367
40143302367
40143302367
40143302367
40143302367
40143302367
40155209665
40155209665
40155209665
40155209665
40155209665
40155209665
0
40163256425
40163256425
40163256425
40163256425
40163256425
40163256425
0
40164938218
40164938218
40164938218
40164938218
40164938218
40164938218
40185375603
40185375603
40185375603
40185375603
40185375603
40185375603
9080
5665
40185375603
40185375603
40185375603
40185375603
40185375603
40185375603
40196989291
40196989291
40196989291
40196989291
40196989291
40196989291
185280
40208136651
40208136651
40208136651
40208136651
40208136651
40208136651
84465
40208403364
40208403364
40208403364
40208403364
40208403364
40208403364
40234504669
40234504669
40234504669
40234504669
40234504669
40234504669
15625
0
40234504669
40234504669
40234504669
40234504669
40234504669
40234504669
40235409122
40235409122
40235409122
40235409122
40235409122
40235409122
0
40249657082
40249657082
40249657082
40249657082
40249657082
40249657082
0
40250208715
40250208715
40250208715
40250208715
40250208715
40250208715
40268486180
40268486180
40268486180
40268486180
40268486180
40268486180
0
0
40268486180
40268486180
40268486180
40268486180
40268486180
40268486180
40272356633
40272356633
40272356633
40272356633
40272356633
40272356633
0
40289705193
40289705193
40289705193
40289705193
40289705193
40289705193
32120
40290541746
40290541746
40290541746
40290541746
40290541746
40290541746
40294422011
40294422011
40294422011
40294422011
40294422011
40294422011
0
146970
40294422011
40294422011
40294422011
40294422011
40294422011
40294422011
40301231684
40301231684
40301231684
40301231684
40301231684
40301231684
244200
40303180844
40303180844
40303180844
40303180844
40303180844
40303180844
0
40304302317
40304302317
40304302317
40304302317
40304302317
40304302317
40313972062
40313972062
40313972062
40313972062
40313972062
40313972062
0
904370
40313972062
40313972062
40313972062
40313972062
40313972062
40313972062
40324191185
40324191185
40324191185
40324191185
40324191185
40324191185
0
40329240945
40329240945
40329240945
40329240945
40329240945
40329240945
0
40330647338
40330647338
40330647338
40330647338
40330647338
40330647338
40349270323
40349270323
40349270323
40349270323
40349270323
40349270323
85585
53240
40349270323
40349270323
40349270323
40349270323
40349270323
40349270323
40359522061
40359522061
40359522061
40359522061
40359522061
40359522061
286440
40367672421
40367672421
40367672421
40367672421
40367672421
40367672421
0
40369363734
40369363734
40369363734
40369363734
40369363734
40369363734
40390754199
40390754199
40390754199
40390754199
40390754199
40390754199
0
202995
40390754199
40390754199
40390754199
40390754199
40390754199
40390754199
40399126962
40399126962
40399126962
40399126962
40399126962
40399126962
137075
40410377922
40410377922
40410377922
40410377922
40410377922
40410377922
82800
40410654155
40410654155
40410654155
40410654155
40410654155
40410654155
40437895700
40437895700
40437895700
40437895700
40437895700
40437895700
0
25785
40437895700
40437895700
40437895700
40437895700
40437895700
40437895700
40439058038
40439058038
40439058038
40439058038
40439058038
40439058038
0
40453409598
40453409598
40453409598
40453409598
40453409598
40453409598
0
40453970751
40453970751
40453970751
40453970751
40453970751
40453970751
40471930216
40471930216
40471930216
40471930216
40471930216
40471930216
0
0
40471930216
40471930216
40471930216
40471930216
40471930216
40471930216
40477116074
40477116074
40477116074
40477116074
40477116074
40477116074
179545
40494568234
40494568234
40494568234
40494568234
40494568234
40494568234
0
40495414307
40495414307
40495414307
40495414307
40495414307
40495414307
40501102892
40501102892
40501102892
40501102892
40501102892
40501102892
0
0
40501102892
40501102892
40501102892
40501102892
40501102892
40501102892
40506135990
40506135990
40506135990
40506135990
40506135990
40506135990
0
40508188750
40508188750
40508188750
40508188750
40508188750
40508188750
117505
40509319743
40509319743
40509319743
40509319743
40509319743
40509319743
40517947328
40517947328
40517947328
40517947328
40517947328
40517947328
0
204170
40517947328
40517947328
40517947328
40517947328
40517947328
40517947328
40527248721
40527248721
40527248721
40527248721
40527248721
40527248721
0
40532402081
40532402081
40532402081
40532402081
40532402081
40532402081
14800
40533817994
40533817994
40533817994
40533817994
40533817994
40533817994
40550139539
40550139539
40550139539
40550139539
40550139539
40550139539
85385
0
40550139539
40550139539
40550139539
40550139539
40550139539
40550139539
40561275912
40561275912
40561275912
40561275912
40561275912
40561275912
0
40569529872
40569529872
40569529872
40569529872
40569529872
40569529872
0
40569530705
40569530705
40569530705
40569530705
40569530705
40569530705
40591886570
40591886570
40591886570
40591886570
40591886570
40591886570
70040
42840
40591886570
40591886570
40591886570
40591886570
40591886570
40591886570
40608059883
40608059883
40608059883
40608059883
40608059883
40608059883
0
40619414443
40619414443
40619414443
40619414443
40619414443
40619414443
0
40619700196
40619700196
40619700196
40619700196
40619700196
40619700196
40648358541
40648358541
40648358541
40648358541
40648358541
40648358541
43360
756215
40648358541
40648358541
40648358541
40648358541
40648358541
40648358541
40649344424
40649344424
40649344424
40649344424
40649344424
40649344424
1141915
40663799584
40663799584
40663799584
40663799584
40663799584
40663799584
0
40664370257
40664370257
40664370257
40664370257
40664370257
40664370257
40683065362
40683065362
40683065362
40683065362
40683065362
40683065362
0
55370
40683065362
40683065362
40683065362
40683065362
40683065362
40683065362
40685822360
40685822360
40685822360
40685822360
40685822360
40685822360
375780
40703378120
40703378120
40703378120
40703378120
40703378120
40703378120
0
40704233713
40704233713
40704233713
40704233713
40704233713
40704233713
40710263898
40710263898
40710263898
40710263898
40710263898
40710263898
0
144195
40710263898
40710263898
40710263898
40710263898
40710263898
40710263898
40717062046
40717062046
40717062046
40717062046
40717062046
40717062046
0
40719218406
40719218406
40719218406
40719218406
40719218406
40719218406
0
40720358919
40720358919
40720358919
40720358919
40720358919
40720358919
40731974664
40731974664
40731974664
40731974664
40731974664
40731974664
0
0
40731974664
40731974664
40731974664
40731974664
40731974664
40731974664
40741538212
40741538212
40741538212
40741538212
40741538212
40741538212
30480
40746795172
40746795172
40746795172
40746795172
40746795172
40746795172
94865
40748220605
40748220605
40748220605
40748220605
40748220605
40748220605
40765000310
40765000310
40765000310
40765000310
40765000310
40765000310
0
420465
40765000310
40765000310
40765000310
40765000310
40765000310
40765000310
40778068308
40778068308
40778068308
40778068308
40778068308
40778068308
8628765
40786425868
40786425868
40786425868
40786425868
40786425868
40786425868
26705
40786436221
40786436221
40786436221
40786436221
40786436221
40786436221
40810704246
40810704246
40810704246
40810704246
40810704246
40810704246
32305
332615
40810704246
40810704246
40810704246
40810704246
40810704246
40810704246
40822715984
40822715984
40822715984
40822715984
40822715984
40822715984
0
40834174144
40834174144
40834174144
40834174144
40834174144
40834174144
0
40834469417
40834469417
40834469417
40834469417
40834469417
40834469417
40863053362
40863053362
40863053362
40863053362
40863053362
40863053362
0
0
40863053362
40863053362
40863053362
40863053362
40863053362
40863053362
40864012160
40864012160
40864012160
40864012160
40864012160
40864012160
0
40878570920
40878570920
40878570920
40878570920
40878570920
40878570920
0
40879151113
40879151113
40879151113
40879151113
40879151113
40879151113
40897989698
40897989698
40897989698
40897989698
40897989698
40897989698
0
0
40897989698
40897989698
40897989698
40897989698
40897989698
40897989698
40902066476
40902066476
40902066476
40902066476
40902066476
40902066476
0
40919725836
40919725836
40919725836
40919725836
40919725836
40919725836
0
40920590949
40920590949
40920590949
40920590949
40920590949
40920590949
40927170014
40927170014
40927170014
40927170014
40927170014
40927170014
0
0
40927170014
40927170014
40927170014
40927170014
40927170014
40927170014
40935370802
40935370802
40935370802
40935370802
40935370802
40935370802
70875
40937630762
40937630762
40937630762
40937630762
40937630762
40937630762
0
40938780795
40938780795
40938780795
40938780795
40938780795
40938780795
40950315060
40950315060
40950315060
40950315060
40950315060
40950315060
0
145
40950315060
40950315060
40950315060
40950315060
40950315060
40950315060
40958586088
40958586088
40958586088
40958586088
40958586088
40958586088
0
40963946648
40963946648
40963946648
40963946648
40963946648
40963946648
91840
40965381601
40965381601
40965381601
40965381601
40965381601
40965381601
40981622826
40981622826
40981622826
40981622826
40981622826
40981622826
0
0
40981622826
40981622826
40981622826
40981622826
40981622826
40981622826
40988161439
40988161439
40988161439
40988161439
40988161439
40988161439
102985
40996622599
40996622599
40996622599
40996622599
40996622599
40996622599
21825
40996642472
40996642472
40996642472
40996642472
40996642472
40996642472
41015677977
41015677977
41015677977
41015677977
41015677977
41015677977
2145
0
41015677977
41015677977
41015677977
41015677977
41015677977
41015677977
41027124500
41027124500
41027124500
41027124500
41027124500
41027124500
539430
41038686260
41038686260
41038686260
41038686260
41038686260
41038686260
0
41038991053
41038991053
41038991053
41038991053
41038991053
41038991053
41062948038
41062948038
41062948038
41062948038
41062948038
41062948038
0
0
41062948038
41062948038
41062948038
41062948038
41062948038
41062948038
41064088771
41064088771
41064088771
41064088771
41064088771
41064088771
882360
41078751131
41078751131
41078751131
41078751131
41078751131
41078751131
0
41079340844
41079340844
41079340844
41079340844
41079340844
41079340844
41097996949
41097996949
41097996949
41097996949
41097996949
41097996949
0
70420
41097996949
41097996949
41097996949
41097996949
41097996949
41097996949
41100210152
41100210152
41100210152
41100210152
41100210152
41100210152
438345
41117973112
41117973112
41117973112
41117973112
41117973112
41117973112
74080
41118847745
41118847745
41118847745
41118847745
41118847745
41118847745
41123267210
41123267210
41123267210
41123267210
41123267210
41123267210
657030
0
41123267210
41123267210
41123267210
41123267210
41123267210
41123267210
41131702833
41131702833
41131702833
41131702833
41131702833
41131702833
0
41134066393
41134066393
41134066393
41134066393
41134066393
41134066393
0
41135225946
41135225946
41135225946
41135225946
41135225946
41135225946
41144104691
41144104691
41144104691
41144104691
41144104691
41144104691
0
0
41144104691
41144104691
41144104691
41144104691
41144104691
41144104691
41151930294
41151930294
41151930294
41151930294
41151930294
41151930294
0
41157394454
41157394454
41157394454
41157394454
41157394454
41157394454
0
41158838927
41158838927
41158838927
41158838927
41158838927
41158838927
41173289832
41173289832
41173289832
41173289832
41173289832
41173289832
160545
0
41173289832
41173289832
41173289832
41173289832
41173289832
41173289832
41184903280
41184903280
41184903280
41184903280
41184903280
41184903280
270195
41193468040
41193468040
41193468040
41193468040
41193468040
41193468040
0
41193497433
41193497433
41193497433
41193497433
41193497433
41193497433
41214443418
41214443418
41214443418
41214443418
41214443418
41214443418
0
0
41214443418
41214443418
41214443418
41214443418
41214443418
41214443418
41230915771
41230915771
41230915771
41230915771
41230915771
41230915771
62225
41242581131
41242581131
41242581131
41242581131
41242581131
41242581131
0
41242895444
41242895444
41242895444
41242895444
41242895444
41242895444
41269794589
41269794589
41269794589
41269794589
41269794589
41269794589
39330
9129280
41269794589
41269794589
41269794589
41269794589
41269794589
41269794589
41271484402
41271484402
41271484402
41271484402
41271484402
41271484402
48280
41286250362
41286250362
41286250362
41286250362
41286250362
41286250362
0
41286849595
41286849595
41286849595
41286849595
41286849595
41286849595
41305768860
41305768860
41305768860
41305768860
41305768860
41305768860
54745
0
41305768860
41305768860
41305768860
41305768860
41305768860
41305768860
41309699233
41309699233
41309699233
41309699233
41309699233
41309699233
0
41327565793
41327565793
41327565793
41327565793
41327565793
41327565793
79785
41328449946
41328449946
41328449946
41328449946
41328449946
41328449946
41334155171
41334155171
41334155171
41334155171
41334155171
41334155171
0
0
41334155171
41334155171
41334155171
41334155171
41334155171
41334155171
41341693234
41341693234
41341693234
41341693234
41341693234
41341693234
0
41344160394
41344160394
41344160394
41344160394
41344160394
41344160394
0
41345329467
41345329467
41345329467
41345329467
41345329467
41345329467
41356797372
41356797372
41356797372
41356797372
41356797372
41356797372
234410
0
41356797372
41356797372
41356797372
41356797372
41356797372
41356797372
41366814595
41366814595
41366814595
41366814595
41366814595
41366814595
0
41372382355
41372382355
41372382355
41372382355
41372382355
41372382355
0
41373836348
41373836348
41373836348
41373836348
41373836348
41373836348
41391342533
41391342533
41391342533
41391342533
41391342533
41391342533
0
0
41391342533
41391342533
41391342533
41391342533
41391342533
41391342533
41402134641
41402134641
41402134641
41402134641
41402134641
41402134641
0
41410803001
41410803001
41410803001
41410803001
41410803001
41410803001
8600
41410841914
41410841914
41410841914
41410841914
41410841914
41410841914
41433431019
41433431019
41433431019
41433431019
41433431019
41433431019
0
31265
41433431019
41433431019
41433431019
41433431019
41433431019
41433431019
41444978632
41444978632
41444978632
41444978632
41444978632
41444978632
0
41456747592
41456747592
41456747592
41456747592
41456747592
41456747592
0
41457071425
41457071425
41457071425
41457071425
41457071425
41457071425
41491282810
41491282810
41491282810
41491282810
41491282810
41491282810
18905
0
41491282810
41491282810
41491282810
41491282810
41491282810
41491282810
41492309723
41492309723
41492309723
41492309723
41492309723
41492309723
0
41507179283
41507179283
41507179283
41507179283
41507179283
41507179283
1225
41507788036
41507788036
41507788036
41507788036
41507788036
41507788036
41526862061
41526862061
41526862061
41526862061
41526862061
41526862061
37080
2735880
41526862061
41526862061
41526862061
41526862061
41526862061
41526862061
41530436729
41530436729
41530436729
41530436729
41530436729
41530436729
0
41548406889
41548406889
41548406889
41548406889
41548406889
41548406889
0
41549300562
41549300562
41549300562
41549300562
41549300562
41549300562
41556298747
41556298747
41556298747
41556298747
41556298747
41556298747
0
3714245
41556298747
41556298747
41556298747
41556298747
41556298747
41556298747
41562145120
41562145120
41562145120
41562145120
41562145120
41562145120
0
41564715880
41564715880
41564715880
41564715880
41564715880
41564715880
0
41565894473
41565894473
41565894473
41565894473
41565894473
41565894473
41574904258
41574904258
41574904258
41574904258
41574904258
41574904258
0
2901875
41574904258
41574904258
41574904258
41574904258
41574904258
41574904258
41583174626
41583174626
41583174626
41583174626
41583174626
41583174626
0
41588845986
41588845986
41588845986
41588845986
41588845986
41588845986
0
41590309499
41590309499
41590309499
41590309499
41590309499
41590309499
41607658564
41607658564
41607658564
41607658564
41607658564
41607658564
0
0
41607658564
41607658564
41607658564
41607658564
41607658564
41607658564
41618834212
41618834212
41618834212
41618834212
41618834212
41618834212
0
41627606172
41627606172
41627606172
41627606172
41627606172
41627606172
0
41627654605
41627654605
41627654605
41627654605
41627654605
41627654605
41649166790
41649166790
41649166790
41649166790
41649166790
41649166790
0
0
41649166790
41649166790
41649166790
41649166790
41649166790
41649166790
41661351353
41661351353
41661351353
41661351353
41661351353
41661351353
0
41673223913
41673223913
41673223913
41673223913
41673223913
41673223913
92345
41673557266
41673557266
41673557266
41673557266
41673557266
41673557266
41698083931
41698083931
41698083931
41698083931
41698083931
41698083931
0
288740
41698083931
41698083931
41698083931
41698083931
41698083931
41698083931
41699803614
41699803614
41699803614
41699803614
41699803614
41699803614
486125
41714776774
41714776774
41714776774
41714776774
41714776774
41714776774
0
41715395047
41715395047
41715395047
41715395047
41715395047
41715395047
41734171952
41734171952
41734171952
41734171952
41734171952
41734171952
35865
682510
41734171952
41734171952
41734171952
41734171952
41734171952
41734171952
41738666700
41738666700
41738666700
41738666700
41738666700
41738666700
0
41756740460
41756740460
41756740460
41756740460
41756740460
41756740460
0
41757643653
41757643653
41757643653
41757643653
41757643653
41757643653
41763937838
41763937838
41763937838
41763937838
41763937838
41763937838
0
0
41763937838
41763937838
41763937838
41763937838
41763937838
41763937838
41770420656
41770420656
41770420656
41770420656
41770420656
41770420656
81900
41773095016
41773095016
41773095016
41773095016
41773095016
41773095016
0
41774283129
41774283129
41774283129
41774283129
41774283129
41774283129
41782737674
41782737674
41782737674
41782737674
41782737674
41782737674
0
142185
41782737674
41782737674
41782737674
41782737674
41782737674
41782737674
41791684212
41791684212
41791684212
41791684212
41791684212
41791684212
3547205
41797459172
41797459172
41797459172
41797459172
41797459172
41797459172
59185
41798932205
41798932205
41798932205
41798932205
41798932205
41798932205
41817449590
41817449590
41817449590
41817449590
41817449590
41817449590
0
605280
41817449590
41817449590
41817449590
41817449590
41817449590
41817449590
41831160998
41831160998
41831160998
41831160998
41831160998
41831160998
36905
41840036558
41840036558
41840036558
41840036558
41840036558
41840036558
0
41840094511
41840094511
41840094511
41840094511
41840094511
41840094511
41863348576
41863348576
41863348576
41863348576
41863348576
41863348576
52280
0
41863348576
41863348576
41863348576
41863348576
41863348576
41863348576
41877391854
41877391854
41877391854
41877391854
41877391854
41877391854
134760
41889368014
41889368014
41889368014
41889368014
41889368014
41889368014
25360
41889710887
41889710887
41889710887
41889710887
41889710887
41889710887
41914214832
41914214832
41914214832
41914214832
41914214832
41914214832
561045
88265
41914214832
41914214832
41914214832
41914214832
41914214832
41914214832
41915586680
41915586680
41915586680
41915586680
41915586680
41915586680
377520
41930663440
41930663440
41930663440
41930663440
41930663440
41930663440
0
41931291233
41931291233
41931291233
41931291233
41931291233
41931291233
41932442018
41932442018
41932442018
41932442018
41932442018
41932442018
35665
15420850
41932442018
41932442018
41932442018
41932442018
41932442018
41932442018
41936246601
41936246601
41936246601
41936246601
41936246601
41936246601
0
41954423961
41954423961
41954423961
41954423961
41954423961
41954423961
0
41955336674
41955336674
41955336674
41955336674
41955336674
41955336674
41961509419
41961509419
41961509419
41961509419
41961509419
41961509419
0
0
41961509419
41961509419
41961509419
41961509419
41961509419
41961509419
41969211927
41969211927
41969211927
41969211927
41969211927
41969211927
21040
41971989887
41971989887
41971989887
41971989887
41971989887
41971989887
0
41973187520
41973187520
41973187520
41973187520
41973187520
41973187520
41984405385
41984405385
41984405385
41984405385
41984405385
41984405385
0
0
41984405385
41984405385
41984405385
41984405385
41984405385
41984405385
41994886363
41994886363
41994886363
41994886363
41994886363
41994886363
64400
42000764923
42000764923
42000764923
42000764923
42000764923
42000764923
0
42002247476
42002247476
42002247476
42002247476
42002247476
42002247476
42018384941
42018384941
42018384941
42018384941
42018384941
42018384941
0
0
42018384941
42018384941
42018384941
42018384941
42018384941
42018384941
42030109314
42030109314
42030109314
42030109314
42030109314
42030109314
0
42039088474
42039088474
42039088474
42039088474
42039088474
42039088474
0
42039155947
42039155947
42039155947
42039155947
42039155947
42039155947
42064476372
42064476372
42064476372
42064476372
42064476372
42064476372
0
0
42064476372
42064476372
42064476372
42064476372
42064476372
42064476372
42074852170
42074852170
42074852170
42074852170
42074852170
42074852170
791125
42086931930
42086931930
42086931930
42086931930
42086931930
42086931930
0
42087284323
42087284323
42087284323
42087284323
42087284323
42087284323
42117283308
42117283308
42117283308
42117283308
42117283308
42117283308
0
2920425
42117283308
42117283308
42117283308
42117283308
42117283308
42117283308
42119866126
42119866126
42119866126
42119866126
42119866126
42119866126
0
42135046486
42135046486
42135046486
42135046486
42135046486
42135046486
75680
42135683799
42135683799
42135683799
42135683799
42135683799
42135683799
42137538824
42137538824
42137538824
42137538824
42137538824
42137538824
0
4513390
42137538824
42137538824
42137538824
42137538824
42137538824
42137538824
42139849502
42139849502
42139849502
42139849502
42139849502
42139849502
54825
42158130462
42158130462
42158130462
42158130462
42158130462
42158130462
14025
42159052695
42159052695
42159052695
42159052695
42159052695
42159052695
42164988480
42164988480
42164988480
42164988480
42164988480
42164988480
52625
0
42164988480
42164988480
42164988480
42164988480
42164988480
42164988480
42174072713
42174072713
42174072713
42174072713
42174072713
42174072713
226365
42176954273
42176954273
42176954273
42176954273
42176954273
42176954273
218080
42178161426
42178161426
42178161426
42178161426
42178161426
42178161426
42191198451
42191198451
42191198451
42191198451
42191198451
42191198451
0
0
42191198451
42191198451
42191198451
42191198451
42191198451
42191198451
42199393654
42199393654
42199393654
42199393654
42199393654
42199393654
89680
42205375814
42205375814
42205375814
42205375814
42205375814
42205375814
0
42206867887
42206867887
42206867887
42206867887
42206867887
42206867887
42222996792
42222996792
42222996792
42222996792
42222996792
42222996792
0
0
42222996792
42222996792
42222996792
42222996792
42222996792
42222996792
42234104740
42234104740
42234104740
42234104740
42234104740
42234104740
87320
42243187500
42243187500
42243187500
42243187500
42243187500
42243187500
188385
42243264493
42243264493
42243264493
42243264493
42243264493
42243264493
42266131278
42266131278
42266131278
42266131278
42266131278
42266131278
0
321185
42266131278
42266131278
42266131278
42266131278
42266131278
42266131278
42280172426
42280172426
42280172426
42280172426
42280172426
42280172426
94120
42292355786
42292355786
42292355786
42292355786
42292355786
42292355786
80090
42292717699
42292717699
42292717699
42292717699
42292717699
42292717699
42324111484
42324111484
42324111484
42324111484
42324111484
42324111484
0
145635
42324111484
42324111484
42324111484
42324111484
42324111484
42324111484
42326095342
42326095342
42326095342
42326095342
42326095342
42326095342
1455105
42341379302
42341379302
42341379302
42341379302
42341379302
42341379302
42120
42342026135
42342026135
42342026135
42342026135
42342026135
42342026135
42343515560
42343515560
42343515560
42343515560
42343515560
42343515560
0
213240
42343515560
42343515560
42343515560
42343515560
42343515560
42343515560
42345533218
42345533218
42345533218
42345533218
42345533218
42345533218
0
42363917778
42363917778
42363917778
42363917778
42363917778
42363917778
0
42364849531
42364849531
42364849531
42364849531
42364849531
42364849531
42371599716
42371599716
42371599716
42371599716
42371599716
42371599716
52425
0
42371599716
42371599716
42371599716
42371599716
42371599716
42371599716
42376220839
42376220839
42376220839
42376220839
42376220839
42376220839
0
42379205999
42379205999
42379205999
42379205999
42379205999
42379205999
0
42380422672
42380422672
42380422672
42380422672
42380422672
42380422672
42390652977
42390652977
42390652977
42390652977
42390652977
42390652977
0
0
42390652977
42390652977
42390652977
42390652977
42390652977
42390652977
42405269475
42405269475
42405269475
42405269475
42405269475
42405269475
0
42411355235
42411355235
42411355235
42411355235
42411355235
42411355235
0
42412856828
42412856828
42412856828
42412856828
42412856828
42412856828
42430165813
42430165813
42430165813
42430165813
42430165813
42430165813
0
0
42430165813
42430165813
42430165813
42430165813
42430165813
42430165813
42440490486
42440490486
42440490486
42440490486
42440490486
42440490486
318030
42449676846
42449676846
42449676846
42449676846
42449676846
42449676846
0
42449763359
42449763359
42449763359
42449763359
42449763359
42449763359
42473497144
42473497144
42473497144
42473497144
42473497144
42473497144
0
303830
42473497144
42473497144
42473497144
42473497144
42473497144
42473497144
42486393807
42486393807
42486393807
42486393807
42486393807
42486393807
0
42498680767
42498680767
42498680767
42498680767
42498680767
42498680767
0
42499052200
42499052200
42499052200
42499052200
42499052200
42499052200
42526640625
42526640625
42526640625
42526640625
42526640625
42526640625
0
0
42526640625
42526640625
42526640625
42526640625
42526640625
42526640625
42528477663
42528477663
42528477663
42528477663
42528477663
42528477663
0
42543865223
42543865223
42543865223
42543865223
42543865223
42543865223
0
42544521576
42544521576
42544521576
42544521576
42544521576
42544521576
42545724161
42545724161
42545724161
42545724161
42545724161
42545724161
0
0
42545724161
42545724161
42545724161
42545724161
42545724161
42545724161
42548782614
42548782614
42548782614
42548782614
42548782614
42548782614
0
42567270774
42567270774
42567270774
42567270774
42567270774
42567270774
87755
42568212047
42568212047
42568212047
42568212047
42568212047
42568212047
42575884552
42575884552
42575884552
42575884552
42575884552
42575884552
0
0
42575884552
42575884552
42575884552
42575884552
42575884552
42575884552
42581106775
42581106775
42581106775
42581106775
42581106775
42581106775
0
42584195535
42584195535
42584195535
42584195535
42584195535
42584195535
96545
42585421728
42585421728
42585421728
42585421728
42585421728
42585421728
42598018313
42598018313
42598018313
42598018313
42598018313
42598018313
69385
2491820
42598018313
42598018313
42598018313
42598018313
42598018313
42598018313
42609408421
42609408421
42609408421
42609408421
42609408421
42609408421
908555
42615597781
42615597781
42615597781
42615597781
42615597781
42615597781
98040
42617108894
42617108894
42617108894
42617108894
42617108894
42617108894
42633872359
42633872359
42633872359
42633872359
42633872359
42633872359
0
0
42633872359
42633872359
42633872359
42633872359
42633872359
42633872359
42645375062
42645375062
42645375062
42645375062
42645375062
42645375062
0
42654665022
42654665022
42654665022
42654665022
42654665022
42654665022
137280
42654761055
42654761055
42654761055
42654761055
42654761055
42654761055
42677756600
42677756600
42677756600
42677756600
42677756600
42677756600
86720
977480
42677756600
42677756600
42677756600
42677756600
42677756600
42677756600
42695045108
42695045108
42695045108
42695045108
42695045108
42695045108
3369800
42707435668
42707435668
42707435668
42707435668
42707435668
42707435668
0
42707816621
42707816621
42707816621
42707816621
42707816621
42707816621
42732956726
42732956726
42732956726
42732956726
42732956726
42732956726
0
21360
42732956726
42732956726
42732956726
42732956726
42732956726
42732956726
42734051154
42734051154
42734051154
42734051154
42734051154
42734051154
490935
42749542314
42749542314
42749542314
42749542314
42749542314
42749542314
0
42750208187
42750208187
42750208187
42750208187
42750208187
42750208187
42751854292
42751854292
42751854292
42751854292
42751854292
42751854292
0
169155
42751854292
42751854292
42751854292
42751854292
42751854292
42751854292
42756606465
42756606465
42756606465
42756606465
42756606465
42756606465
97265
42756698225
42756698225
42756698225
42756698225
42756698225
42756698225
76865
42757649018
42757649018
42757649018
42757649018
42757649018
42757649018
42764779203
42764779203
42764779203
42764779203
42764779203
42764779203
0
0
42764779203
42764779203
42764779203
42764779203
42764779203
42764779203
42770202101
42770202101
42770202101
42770202101
42770202101
42770202101
69945
42773394461
42773394461
42773394461
42773394461
42773394461
42773394461
0
42774630174
42774630174
42774630174
42774630174
42774630174
42774630174
42787803839
42787803839
42787803839
42787803839
42787803839
42787803839
69185
91120
42787803839
42787803839
42787803839
42787803839
42787803839
42787803839
42794087472
42794087472
42794087472
42794087472
42794087472
42794087472
0
42800380432
42800380432
42800380432
42800380432
42800380432
42800380432
0
42801901065
42801901065
42801901065
42801901065
42801901065
42801901065
42817619810
42817619810
42817619810
42817619810
42817619810
42817619810
36080
0
42817619810
42817619810
42817619810
42817619810
42817619810
42817619810
42829521173
42829521173
42829521173
42829521173
42829521173
42829521173
85545
42838914733
42838914733
42838914733
42838914733
42838914733
42838914733
0
42839020286
42839020286
42839020286
42839020286
42839020286
42839020286
42865525551
42865525551
42865525551
42865525551
42865525551
42865525551
0
746845
42865525551
42865525551
42865525551
42865525551
42865525551
42865525551
42880614019
42880614019
42880614019
42880614019
42880614019
42880614019
0
42893108179
42893108179
42893108179
42893108179
42893108179
42893108179
76865
42893498652
42893498652
42893498652
42893498652
42893498652
42893498652
42925677317
42925677317
42925677317
42925677317
42925677317
42925677317
57105
3118015
42925677317
42925677317
42925677317
42925677317
42925677317
42925677317
42927869890
42927869890
42927869890
42927869890
42927869890
42927869890
0
42943464650
42943464650
42943464650
42943464650
42943464650
42943464650
0
42944140043
42944140043
42944140043
42944140043
42944140043
42944140043
42946030028
42946030028
42946030028
42946030028
42946030028
42946030028
0
0
42946030028
42946030028
42946030028
42946030028
42946030028
42946030028
42948041106
42948041106
42948041106
42948041106
42948041106
42948041106
0
42948236466
42948236466
42948236466
42948236466
42948236466
42948236466
0
42949196779
42949196779
42949196779
42949196779
42949196779
42949196779
42955726644
42955726644
42955726644
42955726644
42955726644
42955726644
0
0
42955726644
42955726644
42955726644
42955726644
42955726644
42955726644
42962331022
42962331022
42962331022
42962331022
42962331022
42962331022
508415
42965626982
42965626982
42965626982
42965626982
42965626982
42965626982
0
42966872215
42966872215
42966872215
42966872215
42966872215
42966872215
42981389880
42981389880
42981389880
42981389880
42981389880
42981389880
0
0
42981389880
42981389880
42981389880
42981389880
42981389880
42981389880
42992982708
42992982708
42992982708
42992982708
42992982708
42992982708
0
42999379268
42999379268
42999379268
42999379268
42999379268
42999379268
0
43000909421
43000909421
43000909421
43000909421
43000909421
43000909421
43019115286
43019115286
43019115286
43019115286
43019115286
43019115286
86145
0
43019115286
43019115286
43019115286
43019115286
43019115286
43019115286
43028777644
43028777644
43028777644
43028777644
43028777644
43028777644
442650
43038274804
43038274804
43038274804
43038274804
43038274804
43038274804
75945
43038389877
43038389877
43038389877
43038389877
43038389877
43038389877
43060492942
43060492942
43060492942
43060492942
43060492942
43060492942
0
0
43060492942
43060492942
43060492942
43060492942
43060492942
43060492942
43071127515
43071127515
43071127515
43071127515
43071127515
43071127515
25305
43083725275
43083725275
43083725275
43083725275
43083725275
43083725275
0
43084125268
43084125268
43084125268
43084125268
43084125268
43084125268
43116314253
43116314253
43116314253
43116314253
43116314253
43116314253
0
0
43116314253
43116314253
43116314253
43116314253
43116314253
43116314253
43118948516
43118948516
43118948516
43118948516
43118948516
43118948516
792575
43134646876
43134646876
43134646876
43134646876
43134646876
43134646876
0
43135331789
43135331789
43135331789
43135331789
43135331789
43135331789
43137762494
43137762494
43137762494
43137762494
43137762494
43137762494
0
0
43137762494
43137762494
43137762494
43137762494
43137762494
43137762494
43142297142
43142297142
43142297142
43142297142
43142297142
43142297142
631400
43142596102
43142596102
43142596102
43142596102
43142596102
43142596102
15665
43143565935
43143565935
43143565935
43143565935
43143565935
43143565935
43151843000
43151843000
43151843000
43151843000
43151843000
43151843000
72705
0
43151843000
43151843000
43151843000
43151843000
43151843000
43151843000
43157959958
43157959958
43157959958
43157959958
43157959958
43157959958
0
43161359518
43161359518
43161359518
43161359518
43161359518
43161359518
103880
43162614271
43162614271
43162614271
43162614271
43162614271
43162614271
43178550136
43178550136
43178550136
43178550136
43178550136
43178550136
0
62880
43178550136
43178550136
43178550136
43178550136
43178550136
43178550136
43186476289
43186476289
43186476289
43186476289
43186476289
43186476289
0
43192976449
43192976449
43192976449
43192976449
43192976449
43192976449
0
43194516122
43194516122
43194516122
43194516122
43194516122
43194516122
43216055587
43216055587
43216055587
43216055587
43216055587
43216055587
85945
125075
43216055587
43216055587
43216055587
43216055587
43216055587
43216055587
43225784585
43225784585
43225784585
43225784585
43225784585
43225784585
242780
43235385345
43235385345
43235385345
43235385345
43235385345
43235385345
0
43235509938
43235509938
43235509938
43235509938
43235509938
43235509938
43260611723
43260611723
43260611723
43260611723
43260611723
43260611723
0
207865
43260611723
43260611723
43260611723
43260611723
43260611723
43260611723
43279399811
43279399811
43279399811
43279399811
43279399811
43279399811
0
43292101171
43292101171
43292101171
43292101171
43292101171
43292101171
32145
43292510684
43292510684
43292510684
43292510684
43292510684
43292510684
43317746469
43317746469
43317746469
43317746469
43317746469
43317746469
0
0
43317746469
43317746469
43317746469
43317746469
43317746469
43317746469
43319960407
43319960407
43319960407
43319960407
43319960407
43319960407
1352255
43335762367
43335762367
43335762367
43335762367
43335762367
43335762367
0
43336456800
43336456800
43336456800
43336456800
43336456800
43336456800
43338494465
43338494465
43338494465
43338494465
43338494465
43338494465
229130
54400
43338494465
43338494465
43338494465
43338494465
43338494465
43338494465
43343882938
43343882938
43343882938
43343882938
43343882938
43343882938
0
43344285498
43344285498
43344285498
43344285498
43344285498
43344285498
0
43345264851
43345264851
43345264851
43345264851
43345264851
43345264851
43353099196
43353099196
43353099196
43353099196
43353099196
43353099196
48545
0
43353099196
43353099196
43353099196
43353099196
43353099196
43353099196
43361241539
43361241539
43361241539
43361241539
43361241539
43361241539
220440
43364744699
43364744699
43364744699
43364744699
43364744699
43364744699
0
43366008972
43366008972
43366008972
43366008972
43366008972
43366008972
43377733917
43377733917
43377733917
43377733917
43377733917
43377733917
0
36945
43377733917
43377733917
43377733917
43377733917
43377733917
43377733917
43387789990
43387789990
43387789990
43387789990
43387789990
43387789990
0
43394393750
43394393750
43394393750
43394393750
43394393750
43394393750
0
43395942943
43395942943
43395942943
43395942943
43395942943
43395942943
43413697128
43413697128
43413697128
43413697128
43413697128
43413697128
0
0
43413697128
43413697128
43413697128
43413697128
43413697128
43413697128
43425360021
43425360021
43425360021
43425360021
43425360021
43425360021
0
43435064381
43435064381
43435064381
43435064381
43435064381
43435064381
0
43435198494
43435198494
43435198494
43435198494
43435198494
43435198494
43458748039
43458748039
43458748039
43458748039
43458748039
43458748039
2905
1065
43458748039
43458748039
43458748039
43458748039
43458748039
43458748039
43472657972
43472657972
43472657972
43472657972
43472657972
43472657972
18425
43485462932
43485462932
43485462932
43485462932
43485462932
43485462932
0
43485881965
43485881965
43485881965
43485881965
43485881965
43485881965
43518180790
43518180790
43518180790
43518180790
43518180790
43518180790
0
0
43518180790
43518180790
43518180790
43518180790
43518180790
43518180790
43519741798
43519741798
43519741798
43519741798
43519741798
43519741798
1373635
43535647358
43535647358
43535647358
43535647358
43535647358
43535647358
55345
43536351311
43536351311
43536351311
43536351311
43536351311
43536351311
43538398656
43538398656
43538398656
43538398656
43538398656
43538398656
0
186480
43538398656
43538398656
43538398656
43538398656
43538398656
43538398656
43543064239
43543064239
43543064239
43543064239
43543064239
43543064239
1249330
43543570399
43543570399
43543570399
43543570399
43543570399
43543570399
0
43544559272
43544559272
43544559272
43544559272
43544559272
43544559272
43553103857
43553103857
43553103857
43553103857
43553103857
43553103857
0
1061215
43553103857
43553103857
43553103857
43553103857
43553103857
43553103857
43558302105
43558302105
43558302105
43558302105
43558302105
43558302105
22465
43561908865
43561908865
43561908865
43561908865
43561908865
43561908865
34625
43563182658
43563182658
43563182658
43563182658
43563182658
43563182658
43576409243
43576409243
43576409243
43576409243
43576409243
43576409243
0
0
43576409243
43576409243
43576409243
43576409243
43576409243
43576409243
43587786271
43587786271
43587786271
43587786271
43587786271
43587786271
132840
43594493631
43594493631
43594493631
43594493631
43594493631
43594493631
92400
43596052344
43596052344
43596052344
43596052344
43596052344
43596052344
43618323249
43618323249
43618323249
43618323249
43618323249
43618323249
0
0
43618323249
43618323249
43618323249
43618323249
43618323249
43618323249
43626468882
43626468882
43626468882
43626468882
43626468882
43626468882
0
43636276842
43636276842
43636276842
43636276842
43636276842
43636276842
0
43636420475
43636420475
43636420475
43636420475
43636420475
43636420475
43655363780
43655363780
43655363780
43655363780
43655363780
43655363780
2705
0
43655363780
43655363780
43655363780
43655363780
43655363780
43655363780
43670051728
43670051728
43670051728
43670051728
43670051728
43670051728
33200
43682960288
43682960288
43682960288
43682960288
43682960288
43682960288
0
43683388841
43683388841
43683388841
43683388841
43683388841
43683388841
43712025586
43712025586
43712025586
43712025586
43712025586
43712025586
0
87490
43712025586
43712025586
43712025586
43712025586
43712025586
43712025586
43714205719
43714205719
43714205719
43714205719
43714205719
43714205719
53440
43730214879
43730214879
43730214879
43730214879
43730214879
43730214879
0
43730928352
43730928352
43730928352
43730928352
43730928352
43730928352
43733898737
43733898737
43733898737
43733898737
43733898737
43733898737
0
59400
43733898737
43733898737
43733898737
43733898737
43733898737
43733898737
43739093310
43739093310
43739093310
43739093310
43739093310
43739093310
0
43739703070
43739703070
43739703070
43739703070
43739703070
43739703070
0
43740701463
43740701463
43740701463
43740701463
43740701463
43740701463
43749196448
43749196448
43749196448
43749196448
43749196448
43749196448
0
605440
43749196448
43749196448
43749196448
43749196448
43749196448
43749196448
43755380411
43755380411
43755380411
43755380411
43755380411
43755380411
0
43759090771
43759090771
43759090771
43759090771
43759090771
43759090771
0
43760374084
43760374084
43760374084
43760374084
43760374084
43760374084
43773965789
43773965789
43773965789
43773965789
43773965789
43773965789
0
0
43773965789
43773965789
43773965789
43773965789
43773965789
43773965789
43786488417
43786488417
43786488417
43786488417
43786488417
43786488417
0
43793299377
43793299377
43793299377
43793299377
43793299377
43793299377
13305
43794867610
43794867610
43794867610
43794867610
43794867610
43794867610
43817095555
43817095555
43817095555
43817095555
43817095555
43817095555
0
195615
43817095555
43817095555
43817095555
43817095555
43817095555
43817095555
43826859863
43826859863
43826859863
43826859863
43826859863
43826859863
72665
43836771423
43836771423
43836771423
43836771423
43836771423
43836771423
0
43836924576
43836924576
43836924576
43836924576
43836924576
43836924576
43859704121
43859704121
43859704121
43859704121
43859704121
43859704121
0
177920
43859704121
43859704121
43859704121
43859704121
43859704121
43859704121
43876564834
43876564834
43876564834
43876564834
43876564834
43876564834
135800
43889576994
43889576994
43889576994
43889576994
43889576994
43889576994
0
43890015067
43890015067
43890015067
43890015067
43890015067
43890015067
43924648932
43924648932
43924648932
43924648932
43924648932
43924648932
19665
0
43924648932
43924648932
43924648932
43924648932
43924648932
43924648932
43927268080
43927268080
43927268080
43927268080
43927268080
43927268080
208970
43943380840
43943380840
43943380840
43943380840
43943380840
43943380840
68320
43944103833
43944103833
43944103833
43944103833
43944103833
43944103833
43947593018
43947593018
43947593018
43947593018
43947593018
43947593018
14025
216745
43947593018
43947593018
43947593018
43947593018
43947593018
43947593018
43953071581
43953071581
43953071581
43953071581
43953071581
43953071581
3829275
43953784941
43953784941
43953784941
43953784941
43953784941
43953784941
109025
43954792854
43954792854
43954792854
43954792854
43954792854
43954792854
43963565439
43963565439
43963565439
43963565439
43963565439
43963565439
20825
52665
43963565439
43963565439
43963565439
43963565439
43963565439
43963565439
43972631507
43972631507
43972631507
43972631507
43972631507
43972631507
112810
43976445467
43976445467
43976445467
43976445467
43976445467
43976445467
34745
43977738300
43977738300
43977738300
43977738300
43977738300
43977738300
43990374645
43990374645
43990374645
43990374645
43990374645
43990374645
0
0
43990374645
43990374645
43990374645
43990374645
43990374645
43990374645
44000425018
44000425018
44000425018
44000425018
44000425018
44000425018
0
44007339578
44007339578
44007339578
44007339578
44007339578
44007339578
7222855
44008917331
44008917331
44008917331
44008917331
44008917331
44008917331
44028662796
44028662796
44028662796
44028662796
44028662796
44028662796
0
0
44028662796
44028662796
44028662796
44028662796
44028662796
44028662796
44040398519
44040398519
44040398519
44040398519
44040398519
44040398519
338865
44050413679
44050413679
44050413679
44050413679
44050413679
44050413679
9160
44050576352
44050576352
44050576352
44050576352
44050576352
44050576352
44077971217
44077971217
44077971217
44077971217
44077971217
44077971217
52425
0
44077971217
44077971217
44077971217
44077971217
44077971217
44077971217
44091548840
44091548840
44091548840
44091548840
44091548840
44091548840
435177015
44104664600
44104664600
44104664600
44104664600
44104664600
44104664600
0
44105112193
44105112193
44105112193
44105112193
44105112193
44105112193
44136440778
44136440778
44136440778
44136440778
44136440778
44136440778
1405720
762920
44136440778
44136440778
44136440778
44136440778
44136440778
44136440778
44139393621
44139393621
44139393621
44139393621
44139393621
44139393621
2226650
44155609981
44155609981
44155609981
44155609981
44155609981
44155609981
0
44156342494
44156342494
44156342494
44156342494
44156342494
44156342494
44159415239
44159415239
44159415239
44159415239
44159415239
44159415239
0
118120
44159415239
44159415239
44159415239
44159415239
44159415239
44159415239
44162433477
44162433477
44162433477
44162433477
44162433477
44162433477
0
44163250437
44163250437
44163250437
44163250437
44163250437
44163250437
0
44164267870
44164267870
44164267870
44164267870
44164267870
44164267870
44173321415
44173321415
44173321415
44173321415
44173321415
44173321415
0
87075
44173321415
44173321415
44173321415
44173321415
44173321415
44173321415
44180093403
44180093403
44180093403
44180093403
44180093403
44180093403
394400
44184010963
44184010963
44184010963
44184010963
44184010963
44184010963
0
44185313316
44185313316
44185313316
44185313316
44185313316
44185313316
44196057701
44196057701
44196057701
44196057701
44196057701
44196057701
0
108865
44196057701
44196057701
44196057701
44196057701
44196057701
44196057701
44205458759
44205458759
44205458759
44205458759
44205458759
44205458759
0
44212476919
44212476919
44212476919
44212476919
44212476919
44212476919
0
44214064192
44214064192
44214064192
44214064192
44214064192
44214064192
44233025417
44233025417
44233025417
44233025417
44233025417
44233025417
0
935660
44233025417
44233025417
44233025417
44233025417
44233025417
44233025417
44247759415
44247759415
44247759415
44247759415
44247759415
44247759415
0
44257878175
44257878175
44257878175
44257878175
44257878175
44257878175
0
44258050368
44258050368
44258050368
44258050368
44258050368
44258050368
44283040353
44283040353
44283040353
44283040353
44283040353
44283040353
0
0
44283040353
44283040353
44283040353
44283040353
44283040353
44283040353
44283205686
44283205686
44283205686
44283205686
44283205686
44283205686
64930555
44296425046
44296425046
44296425046
44296425046
44296425046
44296425046
92705
44296882159
44296882159
44296882159
44296882159
44296882159
44296882159
44325159624
44325159624
44325159624
44325159624
44325159624
44325159624
65265
351680
44325159624
44325159624
44325159624
44325159624
44325159624
44325159624
44327954612
44327954612
44327954612
44327954612
44327954612
44327954612
0
44344274572
44344274572
44344274572
44344274572
44344274572
44344274572
0
44345016605
44345016605
44345016605
44345016605
44345016605
44345016605
44348698990
44348698990
44348698990
44348698990
44348698990
44348698990
36425
1063560
44348698990
44348698990
44348698990
44348698990
44348698990
44348698990
44355035333
44355035333
44355035333
44355035333
44355035333
44355035333
0
44355955893
44355955893
44355955893
44355955893
44355955893
44355955893
0
44356982846
44356982846
44356982846
44356982846
44356982846
44356982846
44364895111
44364895111
44364895111
44364895111
44364895111
44364895111
0
66160
44364895111
44364895111
44364895111
44364895111
44364895111
44364895111
44372347159
44372347159
44372347159
44372347159
44372347159
44372347159
0
44376368319
44376368319
44376368319
44376368319
44376368319
44376368319
0
44377680192
44377680192
44377680192
44377680192
44377680192
44377680192
44392297257
44392297257
44392297257
44392297257
44392297257
44392297257
0
203530
44392297257
44392297257
44392297257
44392297257
44392297257
44392297257
44401776155
44401776155
44401776155
44401776155
44401776155
44401776155
0
44408897915
44408897915
44408897915
44408897915
44408897915
44408897915
0
44410494708
44410494708
44410494708
44410494708
44410494708
44410494708
44430871693
44430871693
44430871693
44430871693
44430871693
44430871693
0
664585
44430871693
44430871693
44430871693
44430871693
44430871693
44430871693
44441168501
44441168501
44441168501
44441168501
44441168501
44441168501
78800
44451390861
44451390861
44451390861
44451390861
44451390861
44451390861
14145
44451572574
44451572574
44451572574
44451572574
44451572574
44451572574
44478055919
44478055919
44478055919
44478055919
44478055919
44478055919
86360
0
44478055919
44478055919
44478055919
44478055919
44478055919
44478055919
44478303782
44478303782
44478303782
44478303782
44478303782
44478303782
122995
44491626742
44491626742
44491626742
44491626742
44491626742
44491626742
72985
44492093375
44492093375
44492093375
44492093375
44492093375
44492093375
44520935400
44520935400
44520935400
44520935400
44520935400
44520935400
121625
0
44520935400
44520935400
44520935400
44520935400
44520935400
44520935400
44523678268
44523678268
44523678268
44523678268
44523678268
44523678268
0
44540101828
44540101828
44540101828
44540101828
44540101828
44540101828
184505
44540853381
44540853381
44540853381
44540853381
44540853381
44540853381
44544171686
44544171686
44544171686
44544171686
44544171686
44544171686
36225
0
44544171686
44544171686
44544171686
44544171686
44544171686
44544171686
44550542539
44550542539
44550542539
44550542539
44550542539
44550542539
307835
44551566699
44551566699
44551566699
44551566699
44551566699
44551566699
0
44552603172
44552603172
44552603172
44552603172
44552603172
44552603172
44560939117
44560939117
44560939117
44560939117
44560939117
44560939117
0
114785
44560939117
44560939117
44560939117
44560939117
44560939117
44560939117
44566839565
44566839565
44566839565
44566839565
44566839565
44566839565
0
44570964325
44570964325
44570964325
44570964325
44570964325
44570964325
144010
44572285718
44572285718
44572285718
44572285718
44572285718
44572285718
44586010703
44586010703
44586010703
44586010703
44586010703
44586010703
0
0
44586010703
44586010703
44586010703
44586010703
44586010703
44586010703
44596584216
44596584216
44596584216
44596584216
44596584216
44596584216
830880
44603809576
44603809576
44603809576
44603809576
44603809576
44603809576
0
44605415889
44605415889
44605415889
44605415889
44605415889
44605415889
44623284314
44623284314
44623284314
44623284314
44623284314
44623284314
187785
0
44623284314
44623284314
44623284314
44623284314
44623284314
44623284314
44635424327
44635424327
44635424327
44635424327
44635424327
44635424327
0
44645750287
44645750287
44645750287
44645750287
44645750287
44645750287
65680
44645941520
44645941520
44645941520
44645941520
44645941520
44645941520
44671047945
44671047945
44671047945
44671047945
44671047945
44671047945
0
0
44671047945
44671047945
44671047945
44671047945
44671047945
44671047945
44671383538
44671383538
44671383538
44671383538
44671383538
44671383538
0
44684810098
44684810098
44684810098
44684810098
44684810098
44684810098
122705
44685286251
44685286251
44685286251
44685286251
44685286251
44685286251
44717080036
44717080036
44717080036
44717080036
44717080036
44717080036
102985
292075
44717080036
44717080036
44717080036
44717080036
44717080036
44717080036
44720809594
44720809594
44720809594
44720809594
44720809594
44720809594
0
44737336754
44737336754
44737336754
44737336754
44737336754
44737336754
39360
44738097827
44738097827
44738097827
44738097827
44738097827
44738097827
44741348572
44741348572
44741348572
44741348572
44741348572
44741348572
0
238770
44741348572
44741348572
44741348572
44741348572
44741348572
44741348572
44746741770
44746741770
44746741770
44746741770
44746741770
44746741770
379940
44747869530
44747869530
44747869530
44747869530
44747869530
44747869530
72105
44748915523
44748915523
44748915523
44748915523
44748915523
44748915523
44759750508
44759750508
44759750508
44759750508
44759750508
44759750508
53185
277170
44759750508
44759750508
44759750508
44759750508
44759750508
44759750508
44768396656
44768396656
44768396656
44768396656
44768396656
44768396656
275880
44772625016
44772625016
44772625016
44772625016
44772625016
44772625016
0
44773955929
44773955929
44773955929
44773955929
44773955929
44773955929
44786962434
44786962434
44786962434
44786962434
44786962434
44786962434
0
19145
44786962434
44786962434
44786962434
44786962434
44786962434
44786962434
44799604192
44799604192
44799604192
44799604192
44799604192
44799604192
96240
44806933152
44806933152
44806933152
44806933152
44806933152
44806933152
0
44808548985
44808548985
44808548985
44808548985
44808548985
44808548985
44826051490
44826051490
44826051490
44826051490
44826051490
44826051490
0
0
44826051490
44826051490
44826051490
44826051490
44826051490
44826051490
44836228503
44836228503
44836228503
44836228503
44836228503
44836228503
203065
44846658063
44846658063
44846658063
44846658063
44846658063
44846658063
0
44846858816
44846858816
44846858816
44846858816
44846858816
44846858816
44869237761
44869237761
44869237761
44869237761
44869237761
44869237761
0
0
44869237761
44869237761
44869237761
44869237761
44869237761
44869237761
44869612969
44869612969
44869612969
44869612969
44869612969
44869612969
265560
44883143129
44883143129
44883143129
44883143129
44883143129
44883143129
0
44883628802
44883628802
44883628802
44883628802
44883628802
44883628802
44909819467
44909819467
44909819467
44909819467
44909819467
44909819467
0
344740
44909819467
44909819467
44909819467
44909819467
44909819467
44909819467
44911946965
44911946965
44911946965
44911946965
44911946965
44911946965
55200
44928577725
44928577725
44928577725
44928577725
44928577725
44928577725
42680
44929348318
44929348318
44929348318
44929348318
44929348318
44929348318
44933826103
44933826103
44933826103
44933826103
44933826103
44933826103
0
0
44933826103
44933826103
44933826103
44933826103
44933826103
44933826103
44939056166
44939056166
44939056166
44939056166
44939056166
44939056166
150585
44940287526
44940287526
44940287526
44940287526
44940287526
44940287526
0
44941343039
44941343039
44941343039
44941343039
44941343039
44941343039
44949685864
44949685864
44949685864
44949685864
44949685864
44949685864
52985
45675
44949685864
44949685864
44949685864
44949685864
44949685864
44949685864
44959206587
44959206587
44959206587
44959206587
44959206587
44959206587
96200
44963538547
44963538547
44963538547
44963538547
44963538547
44963538547
0
44964878980
44964878980
44964878980
44964878980
44964878980
44964878980
44977096725
44977096725
44977096725
44977096725
44977096725
44977096725
0
0
44977096725
44977096725
44977096725
44977096725
44977096725
44977096725
44986464618
44986464618
44986464618
44986464618
44986464618
44986464618
0
44993897178
44993897178
44993897178
44993897178
44993897178
44993897178
0
44995522531
44995522531
44995522531
44995522531
44995522531
44995522531
45013987756
45013987756
45013987756
45013987756
45013987756
45013987756
0
0
45013987756
45013987756
45013987756
45013987756
45013987756
45013987756
45028085774
45028085774
45028085774
45028085774
45028085774
45028085774
972840
45038618934
45038618934
45038618934
45038618934
45038618934
45038618934
1292270
45038829207
45038829207
45038829207
45038829207
45038829207
45038829207
45067725512
45067725512
45067725512
45067725512
45067725512
45067725512
0
0
45067725512
45067725512
45067725512
45067725512
45067725512
45067725512
45068088085
45068088085
45068088085
45068088085
45068088085
45068088085
0
45081721845
45081721845
45081721845
45081721845
45081721845
45081721845
0
45082217038
45082217038
45082217038
45082217038
45082217038
45082217038
45099376023
45099376023
45099376023
45099376023
45099376023
45099376023
0
5720
45099376023
45099376023
45099376023
45099376023
45099376023
45099376023
45102465136
45102465136
45102465136
45102465136
45102465136
45102465136
588000
45119199496
45119199496
45119199496
45119199496
45119199496
45119199496
0
45119979609
45119979609
45119979609
45119979609
45119979609
45119979609
45124606394
45124606394
45124606394
45124606394
45124606394
45124606394
0
0
45124606394
45124606394
45124606394
45124606394
45124606394
45124606394
45131390842
45131390842
45131390842
45131390842
45131390842
45131390842
87065
45132725802
45132725802
45132725802
45132725802
45132725802
45132725802
0
45133790835
45133790835
45133790835
45133790835
45133790835
45133790835
45144503100
45144503100
45144503100
45144503100
45144503100
45144503100
0
655270
45144503100
45144503100
45144503100
45144503100
45144503100
45144503100
45152543473
45152543473
45152543473
45152543473
45152543473
45152543473
0
45156979033
45156979033
45156979033
45156979033
45156979033
45156979033
0
45158328986
45158328986
45158328986
45158328986
45158328986
45158328986
45174095171
45174095171
45174095171
45174095171
45174095171
45174095171
69945
1553480
45174095171
45174095171
45174095171
45174095171
45174095171
45174095171
45185552589
45185552589
45185552589
45185552589
45185552589
45185552589
13425
45193088749
45193088749
45193088749
45193088749
45193088749
45193088749
51505
45194723622
45194723622
45194723622
45194723622
45194723622
45194723622
45216188207
45216188207
45216188207
45216188207
45216188207
45216188207
0
0
45216188207
45216188207
45216188207
45216188207
45216188207
45216188207
45228394330
45228394330
45228394330
45228394330
45228394330
45228394330
86840
45239031090
45239031090
45239031090
45239031090
45239031090
45239031090
0
45239250883
45239250883
45239250883
45239250883
45239250883
45239250883
45266161268
45266161268
45266161268
45266161268
45266161268
45266161268
0
1188610
45266161268
45266161268
45266161268
45266161268
45266161268
45266161268
45266654091
45266654091
45266654091
45266654091
45266654091
45266654091
395525
45280391451
45280391451
45280391451
45280391451
45280391451
45280391451
0
45280896164
45280896164
45280896164
45280896164
45280896164
45280896164
45298223949
45298223949
45298223949
45298223949
45298223949
45298223949
38880
0
45298223949
45298223949
45298223949
45298223949
45298223949
45298223949
45299977662
45299977662
45299977662
45299977662
45299977662
45299977662
0
45316815622
45316815622
45316815622
45316815622
45316815622
45316815622
0
45317605255
45317605255
45317605255
45317605255
45317605255
45317605255
45322253640
45322253640
45322253640
45322253640
45322253640
45322253640
0
0
45322253640
45322253640
45322253640
45322253640
45322253640
45322253640
45326841873
45326841873
45326841873
45326841873
45326841873
45326841873
0
45328280433
45328280433
45328280433
45328280433
45328280433
45328280433
59440
45329354986
45329354986
45329354986
45329354986
45329354986
45329354986
45339647651
45339647651
45339647651
45339647651
45339647651
45339647651
0
0
45339647651
45339647651
45339647651
45339647651
45339647651
45339647651
45347985084
45347985084
45347985084
45347985084
45347985084
45347985084
0
45352524244
45352524244
45352524244
45352524244
45352524244
45352524244
135616039
45353883717
45353883717
45353883717
45353883717
45353883717
45353883717
45370762622
45370762622
45370762622
45370762622
45370762622
45370762622
873855
237870
45370762622
45370762622
45370762622
45370762622
45370762622
45370762622
45380840795
45380840795
45380840795
45380840795
45380840795
45380840795
396160
45388480555
45388480555
45388480555
45388480555
45388480555
45388480555
174850
45390124948
45390124948
45390124948
45390124948
45390124948
45390124948
45411983933
45411983933
45411983933
45411983933
45411983933
45411983933
90825
0
45411983933
45411983933
45411983933
45411983933
45411983933
45411983933
45426872006
45426872006
45426872006
45426872006
45426872006
45426872006
280085
45437612366
45437612366
45437612366
45437612366
45437612366
45437612366
3505
45437841679
45437841679
45437841679
45437841679
45437841679
45437841679
45462737024
45462737024
45462737024
45462737024
45462737024
45462737024
0
0
45462737024
45462737024
45462737024
45462737024
45462737024
45462737024
45463286412
45463286412
45463286412
45463286412
45463286412
45463286412
96705
45477127372
45477127372
45477127372
45477127372
45477127372
45477127372
117705
45477641605
45477641605
45477641605
45477641605
45477641605
45477641605
45495058110
45495058110
45495058110
45495058110
45495058110
45495058110
0
0
45495058110
45495058110
45495058110
45495058110
45495058110
45495058110
45497954213
45497954213
45497954213
45497954213
45497954213
45497954213
0
45514895773
45514895773
45514895773
45514895773
45514895773
45514895773
9465
45515694926
45515694926
45515694926
45515694926
45515694926
45515694926
45520207471
45520207471
45520207471
45520207471
45520207471
45520207471
39400
78905
45520207471
45520207471
45520207471
45520207471
45520207471
45520207471
45523566749
45523566749
45523566749
45523566749
45523566749
45523566749
148610
45525108909
45525108909
45525108909
45525108909
45525108909
45525108909
0
45526192982
45526192982
45526192982
45526192982
45526192982
45526192982
45536466367
45536466367
45536466367
45536466367
45536466367
45536466367
0
6880
45536466367
45536466367
45536466367
45536466367
45536466367
45536466367
45543382940
45543382940
45543382940
45543382940
45543382940
45543382940
0
45548025700
45548025700
45548025700
45548025700
45548025700
45548025700
0
45549394693
45549394693
45549394693
45549394693
45549394693
45549394693
45563262478
45563262478
45563262478
45563262478
45563262478
45563262478
0
0
45563262478
45563262478
45563262478
45563262478
45563262478
45563262478
45574690701
45574690701
45574690701
45574690701
45574690701
45574690701
254145
45582434061
45582434061
45582434061
45582434061
45582434061
45582434061
0
45584087974
45584087974
45584087974
45584087974
45584087974
45584087974
45605727679
45605727679
45605727679
45605727679
45605727679
45605727679
86705
0
45605727679
45605727679
45605727679
45605727679
45605727679
45605727679
45622457852
45622457852
45622457852
45622457852
45622457852
45622457852
595240
45633301812
45633301812
45633301812
45633301812
45633301812
45633301812
76505
45633540645
45633540645
45633540645
45633540645
45633540645
45633540645
45654002870
45654002870
45654002870
45654002870
45654002870
45654002870
0
73545
45654002870
45654002870
45654002870
45654002870
45654002870
45654002870
45654786083
45654786083
45654786083
45654786083
45654786083
45654786083
586125
45668730643
45668730643
45668730643
45668730643
45668730643
45668730643
30905
45669254396
45669254396
45669254396
45669254396
45669254396
45669254396
45686878021
45686878021
45686878021
45686878021
45686878021
45686878021
0
136705
45686878021
45686878021
45686878021
45686878021
45686878021
45686878021
45688973954
45688973954
45688973954
45688973954
45688973954
45688973954
34465
45706019114
45706019114
45706019114
45706019114
45706019114
45706019114
0
45706827787
45706827787
45706827787
45706827787
45706827787
45706827787
45711787212
45711787212
45711787212
45711787212
45711787212
45711787212
0
0
45711787212
45711787212
45711787212
45711787212
45711787212
45711787212
45716963585
45716963585
45716963585
45716963585
45716963585
45716963585
236600
45718609345
45718609345
45718609345
45718609345
45718609345
45718609345
103465
45719702938
45719702938
45719702938
45719702938
45719702938
45719702938
45730947123
45730947123
45730947123
45730947123
45730947123
45730947123
0
3428310
45730947123
45730947123
45730947123
45730947123
45730947123
45730947123
45738913186
45738913186
45738913186
45738913186
45738913186
45738913186
1141815
45743659546
45743659546
45743659546
45743659546
45743659546
45743659546
108145
45745038059
45745038059
45745038059
45745038059
45745038059
45745038059
45761061284
45761061284
45761061284
45761061284
45761061284
45761061284
0
0
45761061284
45761061284
45761061284
45761061284
45761061284
45761061284
45768452697
45768452697
45768452697
45768452697
45768452697
45768452697
474545
45776299657
45776299657
45776299657
45776299657
45776299657
45776299657
0
45777963090
45777963090
45777963090
45777963090
45777963090
45777963090
45800966555
45800966555
45800966555
45800966555
45800966555
45800966555
86505
0
45800966555
45800966555
45800966555
45800966555
45800966555
45800966555
45816484553
45816484553
45816484553
45816484553
45816484553
45816484553
25360
45827432113
45827432113
45827432113
45827432113
45827432113
45827432113
0
45827680466
45827680466
45827680466
45827680466
45827680466
45827680466
45853611171
45853611171
45853611171
45853611171
45853611171
45853611171
22825
0
45853611171
45853611171
45853611171
45853611171
45853611171
45853611171
45854310259
45854310259
45854310259
45854310259
45854310259
45854310259
1040400
45868358419
45868358419
45868358419
45868358419
45868358419
45868358419
0
45868891692
45868891692
45868891692
45868891692
45868891692
45868891692
45886858597
45886858597
45886858597
45886858597
45886858597
45886858597
0
0
45886858597
45886858597
45886858597
45886858597
45886858597
45886858597
45889907020
45889907020
45889907020
45889907020
45889907020
45889907020
0
45907055780
45907055780
45907055780
45907055780
45907055780
45907055780
0
45907873973
45907873973
45907873973
45907873973
45907873973
45907873973
45911549958
45911549958
45911549958
45911549958
45911549958
45911549958
0
0
45911549958
45911549958
45911549958
45911549958
45911549958
45911549958
45916610446
45916610446
45916610446
45916610446
45916610446
45916610446
64905
45918359806
45918359806
45918359806
45918359806
45918359806
45918359806
1305
45919462919
45919462919
45919462919
45919462919
45919462919
45919462919
45930617744
45930617744
45930617744
45930617744
45930617744
45930617744
0
0
45930617744
45930617744
45930617744
45930617744
45930617744
45930617744
45939433677
45939433677
45939433677
45939433677
45939433677
45939433677
36400
45944283637
45944283637
45944283637
45944283637
45944283637
45944283637
88865
45945671670
45945671670
45945671670
45945671670
45945671670
45945671670
45959818055
45959818055
45959818055
45959818055
45959818055
45959818055
0
64385
45959818055
45959818055
45959818055
45959818055
45959818055
45959818055
45968413868
45968413868
45968413868
45968413868
45968413868
45968413868
0
45976364428
45976364428
45976364428
45976364428
45976364428
45976364428
0
45978037381
45978037381
45978037381
45978037381
45978037381
45978037381
46000751326
46000751326
46000751326
46000751326
46000751326
46000751326
0
310035
46000751326
46000751326
46000751326
46000751326
46000751326
46000751326
46017163509
46017163509
46017163509
46017163509
46017163509
46017163509
0
46028214669
46028214669
46028214669
46028214669
46028214669
46028214669
0
46028472542
46028472542
46028472542
46028472542
46028472542
46028472542
46054754767
46054754767
46054754767
46054754767
46054754767
46054754767
3465
0
46054754767
46054754767
46054754767
46054754767
46054754767
46054754767
46055291715
46055291715
46055291715
46055291715
46055291715
46055291715
14920
46069443475
46069443475
46069443475
46069443475
46069443475
46069443475
0
46069986268
46069986268
46069986268
46069986268
46069986268
46069986268
46088000453
46088000453
46088000453
46088000453
46088000453
46088000453
0
195795
46088000453
46088000453
46088000453
46088000453
46088000453
46088000453
46091344886
46091344886
46091344886
46091344886
46091344886
46091344886
0
46108597246
46108597246
46108597246
46108597246
46108597246
46108597246
6670780
46109424959
46109424959
46109424959
46109424959
46109424959
46109424959
46113708424
46113708424
46113708424
46113708424
46113708424
46113708424
0
0
46113708424
46113708424
46113708424
46113708424
46113708424
46113708424
46118647427
46118647427
46118647427
46118647427
46118647427
46118647427
0
46120500387
46120500387
46120500387
46120500387
46120500387
46120500387
0
46121613020
46121613020
46121613020
46121613020
46121613020
46121613020
46132596085
46132596085
46132596085
46132596085
46132596085
46132596085
0
3720
46132596085
46132596085
46132596085
46132596085
46132596085
46132596085
46139446813
46139446813
46139446813
46139446813
46139446813
46139446813
0
46144400373
46144400373
46144400373
46144400373
46144400373
46144400373
0
46145797926
46145797926
46145797926
46145797926
46145797926
46145797926
46161232591
46161232591
46161232591
46161232591
46161232591
46161232591
86705
69345
46161232591
46161232591
46161232591
46161232591
46161232591
46161232591
46166425764
46166425764
46166425764
46166425764
46166425764
46166425764
0
46174479924
46174479924
46174479924
46174479924
46174479924
46174479924
92960
46176162397
46176162397
46176162397
46176162397
46176162397
46176162397
46194505062
46194505062
46194505062
46194505062
46194505062
46194505062
0
99715
46194505062
46194505062
46194505062
46194505062
46194505062
46194505062
46206123910
46206123910
46206123910
46206123910
46206123910
46206123910
0
46217278670
46217278670
46217278670
46217278670
46217278670
46217278670
0
46217546063
46217546063
46217546063
46217546063
46217546063
46217546063
46245748048
46245748048
46245748048
46245748048
46245748048
46245748048
3265
0
46245748048
46245748048
46245748048
46245748048
46245748048
46245748048
46247016531
46247016531
46247016531
46247016531
46247016531
46247016531
1993480
46261271891
46261271891
46261271891
46261271891
46261271891
46261271891
46825
46261824204
46261824204
46261824204
46261824204
46261824204
46261824204
46280077429
46280077429
46280077429
46280077429
46280077429
46280077429
0
0
46280077429
46280077429
46280077429
46280077429
46280077429
46280077429
46282894907
46282894907
46282894907
46282894907
46282894907
46282894907
0
46300250867
46300250867
46300250867
46300250867
46300250867
46300250867
118025
46301088100
46301088100
46301088100
46301088100
46301088100
46301088100
46305984285
46305984285
46305984285
46305984285
46305984285
46305984285
0
2530530
46305984285
46305984285
46305984285
46305984285
46305984285
46305984285
46312525623
46312525623
46312525623
46312525623
46312525623
46312525623
0
46314482183
46314482183
46314482183
46314482183
46314482183
46314482183
0
46315604336
46315604336
46315604336
46315604336
46315604336
46315604336
46325733401
46325733401
46325733401
46325733401
46325733401
46325733401
156400
0
46325733401
46325733401
46325733401
46325733401
46325733401
46325733401
46333156474
46333156474
46333156474
46333156474
46333156474
46333156474
88560
46338213634
46338213634
46338213634
46338213634
46338213634
46338213634
19720
46339620707
46339620707
46339620707
46339620707
46339620707
46339620707
46352314172
46352314172
46352314172
46352314172
46352314172
46352314172
0
466400
46352314172
46352314172
46352314172
46352314172
46352314172
46352314172
46359148695
46359148695
46359148695
46359148695
46359148695
46359148695
429900
46367306455
46367306455
46367306455
46367306455
46367306455
46367306455
292690
46368998448
46368998448
46368998448
46368998448
46368998448
46368998448
46388490233
46388490233
46388490233
46388490233
46388490233
46388490233
0
1330370
46388490233
46388490233
46388490233
46388490233
46388490233
46388490233
46398120866
46398120866
46398120866
46398120866
46398120866
46398120866
0
46409379226
46409379226
46409379226
46409379226
46409379226
46409379226
68265
46409656139
46409656139
46409656139
46409656139
46409656139
46409656139
46437173484
46437173484
46437173484
46437173484
46437173484
46437173484
0
221475
46437173484
46437173484
46437173484
46437173484
46437173484
46437173484
46438088542
46438088542
46438088542
46438088542
46438088542
46438088542
1684635
46452447502
46452447502
46452447502
46452447502
46452447502
46452447502
0
46453009335
46453009335
46453009335
46453009335
46453009335
46453009335
46471491520
46471491520
46471491520
46471491520
46471491520
46471491520
39330
0
46471491520
46471491520
46471491520
46471491520
46471491520
46471491520
46474883948
46474883948
46474883948
46474883948
46474883948
46474883948
264345
46492343508
46492343508
46492343508
46492343508
46492343508
46492343508
0
46493190261
46493190261
46493190261
46493190261
46493190261
46493190261
46497016326
46497016326
46497016326
46497016326
46497016326
46497016326
254970
205690
46497016326
46497016326
46497016326
46497016326
46497016326
46497016326
46504326649
46504326649
46504326649
46504326649
46504326649
46504326649
327840
46506386809
46506386809
46506386809
46506386809
46506386809
46506386809
0
46507518482
46507518482
46507518482
46507518482
46507518482
46507518482
46519562347
46519562347
46519562347
46519562347
46519562347
46519562347
144185
148555
46519562347
46519562347
46519562347
46519562347
46519562347
46519562347
46528077470
46528077470
46528077470
46528077470
46528077470
46528077470
6795075
46533238230
46533238230
46533238230
46533238230
46533238230
46533238230
0
46534654823
46534654823
46534654823
46534654823
46534654823
46534654823
46548914608
46548914608
46548914608
46548914608
46548914608
46548914608
0
123945
46548914608
46548914608
46548914608
46548914608
46548914608
46548914608
46560277136
46560277136
46560277136
46560277136
46560277136
46560277136
821080
46568538496
46568538496
46568538496
46568538496
46568538496
46568538496
0
46568540009
46568540009
46568540009
46568540009
46568540009
46568540009
46593478194
46593478194
46593478194
46593478194
46593478194
46593478194
0
9600
46593478194
46593478194
46593478194
46593478194
46593478194
46593478194
46602447027
46602447027
46602447027
46602447027
46602447027
46602447027
0
46613808987
46613808987
46613808987
46613808987
46613808987
46613808987
9720
46614095420
46614095420
46614095420
46614095420
46614095420
46614095420
46639507005
46639507005
46639507005
46639507005
46639507005
46639507005
0
0
46639507005
46639507005
46639507005
46639507005
46639507005
46639507005
46640877623
46640877623
46640877623
46640877623
46640877623
46640877623
0
46655340183
46655340183
46655340183
46655340183
46655340183
46655340183
0
46655911536
46655911536
46655911536
46655911536
46655911536
46655911536
46674649641
46674649641
46674649641
46674649641
46674649641
46674649641
20025
0
46674649641
46674649641
46674649641
46674649641
46674649641
46674649641
46676653799
46676653799
46676653799
46676653799
46676653799
46676653799
0
46694216959
46694216959
46694216959
46694216959
46694216959
46694216959
0
46695073232
46695073232
46695073232
46695073232
46695073232
46695073232
46701117297
46701117297
46701117297
46701117297
46701117297
46701117297
0
5665
46701117297
46701117297
46701117297
46701117297
46701117297
46701117297
46707841195
46707841195
46707841195
46707841195
46707841195
46707841195
0
46710004955
46710004955
46710004955
46710004955
46710004955
46710004955
26225
46711146148
46711146148
46711146148
46711146148
46711146148
46711146148
46723005933
46723005933
46723005933
46723005933
46723005933
46723005933
0
35105
46723005933
46723005933
46723005933
46723005933
46723005933
46723005933
46731375196
46731375196
46731375196
46731375196
46731375196
46731375196
53360
46736639556
46736639556
46736639556
46736639556
46736639556
46736639556
0
46738065669
46738065669
46738065669
46738065669
46738065669
46738065669
46750556134
46750556134
46750556134
46750556134
46750556134
46750556134
0
119145
46750556134
46750556134
46750556134
46750556134
46750556134
46750556134
46759194432
46759194432
46759194432
46759194432
46759194432
46759194432
275810
46767559392
46767559392
46767559392
46767559392
46767559392
46767559392
1465040
46767570425
46767570425
46767570425
46767570425
46767570425
46767570425
46788041010
46788041010
46788041010
46788041010
46788041010
46788041010
0
320790
46788041010
46788041010
46788041010
46788041010
46788041010
46788041010
46802869843
46802869843
46802869843
46802869843
46802869843
46802869843
268515
46814335403
46814335403
46814335403
46814335403
46814335403
46814335403
0
46814631356
46814631356
46814631356
46814631356
46814631356
46814631356
46843672261
46843672261
46843672261
46843672261
46843672261
46843672261
0
0
46843672261
46843672261
46843672261
46843672261
46843672261
46843672261
46845150584
46845150584
46845150584
46845150584
46845150584
46845150584
0
46859716744
46859716744
46859716744
46859716744
46859716744
46859716744
90065
46860297617
46860297617
46860297617
46860297617
46860297617
46860297617
46879078842
46879078842
46879078842
46879078842
46879078842
46879078842
0
227880
46879078842
46879078842
46879078842
46879078842
46879078842
46879078842
46884082690
46884082690
46884082690
46884082690
46884082690
46884082690
141600
46901749450
46901749450
46901749450
46901749450
46901749450
46901749450
47665
46902615243
46902615243
46902615243
46902615243
46902615243
46902615243
46909697228
46909697228
46909697228
46909697228
46909697228
46909697228
36985
135785
46909697228
46909697228
46909697228
46909697228
46909697228
46909697228
46914995961
46914995961
46914995961
46914995961
46914995961
46914995961
0
46917263321
46917263321
46917263321
46917263321
46917263321
46917263321
0
46918414034
46918414034
46918414034
46918414034
46918414034
46918414034
46928909739
46928909739
46928909739
46928909739
46928909739
46928909739
873855
0
46928909739
46928909739
46928909739
46928909739
46928909739
46928909739
46937937092
46937937092
46937937092
46937937092
46937937092
46937937092
41145
46943305052
46943305052
46943305052
46943305052
46943305052
46943305052
0
46944740685
46944740685
46944740685
46944740685
46944740685
46944740685
46956982790
46956982790
46956982790
46956982790
46956982790
46956982790
18680
24145
46956982790
46956982790
46956982790
46956982790
46956982790
46956982790
46968591183
46968591183
46968591183
46968591183
46968591183
46968591183
12865
46977059743
46977059743
46977059743
46977059743
46977059743
46977059743
0
46977080296
46977080296
46977080296
46977080296
46977080296
46977080296
46999678641
46999678641
46999678641
46999678641
46999678641
46999678641
0
258820
46999678641
46999678641
46999678641
46999678641
46999678641
46999678641
47008300909
47008300909
47008300909
47008300909
47008300909
47008300909
2210255
47019870069
47019870069
47019870069
47019870069
47019870069
47019870069
0
47020175542
47020175542
47020175542
47020175542
47020175542
47020175542
47043608487
47043608487
47043608487
47043608487
47043608487
47043608487
0
48280
47043608487
47043608487
47043608487
47043608487
47043608487
47043608487
47045436385
47045436385
47045436385
47045436385
47045436385
47045436385
0
47060106145
47060106145
47060106145
47060106145
47060106145
47060106145
26480
47060696538
47060696538
47060696538
47060696538
47060696538
47060696538
47079537523
47079537523
47079537523
47079537523
47079537523
47079537523
0
157120
47079537523
47079537523
47079537523
47079537523
47079537523
47079537523
47084356511
47084356511
47084356511
47084356511
47084356511
47084356511
0
47102126871
47102126871
47102126871
47102126871
47102126871
47102126871
0
47103002184
47103002184
47103002184
47103002184
47103002184
47103002184
47109708009
47109708009
47109708009
47109708009
47109708009
47109708009
36785
0
47109708009
47109708009
47109708009
47109708009
47109708009
47109708009
47116531377
47116531377
47116531377
47116531377
47116531377
47116531377
0
47118902337
47118902337
47118902337
47118902337
47118902337
47118902337
0
47120062570
47120062570
47120062570
47120062570
47120062570
47120062570
47131639155
47131639155
47131639155
47131639155
47131639155
47131639155
0
515625
47131639155
47131639155
47131639155
47131639155
47131639155
47131639155
47138653768
47138653768
47138653768
47138653768
47138653768
47138653768
158760
47144125328
47144125328
47144125328
47144125328
47144125328
47144125328
94865
47145570481
47145570481
47145570481
47145570481
47145570481
47145570481
47162509026
47162509026
47162509026
47162509026
47162509026
47162509026
0
74080
47162509026
47162509026
47162509026
47162509026
47162509026
47162509026
47177431454
47177431454
47177431454
47177431454
47177431454
47177431454
125520
47186003614
47186003614
47186003614
47186003614
47186003614
47186003614
5625
47186033687
47186033687
47186033687
47186033687
47186033687
47186033687
47210059632
47210059632
47210059632
47210059632
47210059632
47210059632
0
0
47210059632
47210059632
47210059632
47210059632
47210059632
47210059632
47221029605
47221029605
47221029605
47221029605
47221029605
47221029605
0
47232702365
47232702365
47232702365
47232702365
47232702365
47232702365
0
47233017358
47233017358
47233017358
47233017358
47233017358
47233017358
47261096543
47261096543
47261096543
47261096543
47261096543
47261096543
0
154530
47261096543
47261096543
47261096543
47261096543
47261096543
47261096543
47262510331
47262510331
47262510331
47262510331
47262510331
47262510331
0
47277283691
47277283691
47277283691
47277283691
47277283691
47277283691
0
47277883604
47277883604
47277883604
47277883604
47277883604
47277883604
47297175229
47297175229
47297175229
47297175229
47297175229
47297175229
0
167570
47297175229
47297175229
47297175229
47297175229
47297175229
47297175229
47301517122
47301517122
47301517122
47301517122
47301517122
47301517122
0
47319391082
47319391082
47319391082
47319391082
47319391082
47319391082
73305
47320275915
47320275915
47320275915
47320275915
47320275915
47320275915
47326156700
47326156700
47326156700
47326156700
47326156700
47326156700
0
0
47326156700
47326156700
47326156700
47326156700
47326156700
47326156700
47334249168
47334249168
47334249168
47334249168
47334249168
47334249168
0
47336723728
47336723728
47336723728
47336723728
47336723728
47336723728
141341832
47337893481
47337893481
47337893481
47337893481
47337893481
47337893481
47348492546
47348492546
47348492546
47348492546
47348492546
47348492546
53745
2564315
47348492546
47348492546
47348492546
47348492546
47348492546
47348492546
47358045569
47358045569
47358045569
47358045569
47358045569
47358045569
0
47363620729
47363620729
47363620729
47363620729
47363620729
47363620729
0
47365075402
47365075402
47365075402
47365075402
47365075402
47365075402
47379980307
47379980307
47379980307
47379980307
47379980307
47379980307
0
56345
47379980307
47379980307
47379980307
47379980307
47379980307
47379980307
47392895555
47392895555
47392895555
47392895555
47392895555
47392895555
0
47401571315
47401571315
47401571315
47401571315
47401571315
47401571315
1880
47401610908
47401610908
47401610908
47401610908
47401610908
47401610908
47420459493
47420459493
47420459493
47420459493
47420459493
47420459493
12440
146760
47420459493
47420459493
47420459493
47420459493
47420459493
47420459493
47432012786
47432012786
47432012786
47432012786
47432012786
47432012786
699960
47443789146
47443789146
47443789146
47443789146
47443789146
47443789146
0
47444113659
47444113659
47444113659
47444113659
47444113659
47444113659
47464967564
47464967564
47464967564
47464967564
47464967564
47464967564
0
0
47464967564
47464967564
47464967564
47464967564
47464967564
47464967564
47466675127
47466675127
47466675127
47466675127
47466675127
47466675127
83785
47481552087
47481552087
47481552087
47481552087
47481552087
47481552087
68280
47482161520
47482161520
47482161520
47482161520
47482161520
47482161520
47501517625
47501517625
47501517625
47501517625
47501517625
47501517625
0
0
47501517625
47501517625
47501517625
47501517625
47501517625
47501517625
47505149423
47505149423
47505149423
47505149423
47505149423
47505149423
0
47523126983
47523126983
47523126983
47523126983
47523126983
47523126983
106825
47524021336
47524021336
47524021336
47524021336
47524021336
47524021336
47530388961
47530388961
47530388961
47530388961
47530388961
47530388961
2325470
180290
47530388961
47530388961
47530388961
47530388961
47530388961
47530388961
47536880669
47536880669
47536880669
47536880669
47536880669
47536880669
131185
47539458829
47539458829
47539458829
47539458829
47539458829
47539458829
0
47540638102
47540638102
47540638102
47540638102
47540638102
47540638102
47551527647
47551527647
47551527647
47551527647
47551527647
47551527647
53545
0
47551527647
47551527647
47551527647
47551527647
47551527647
47551527647
47561645670
47561645670
47561645670
47561645670
47561645670
47561645670
0
47567324430
47567324430
47567324430
47567324430
47567324430
47567324430
0
47568788623
47568788623
47568788623
47568788623
47568788623
47568788623
47589193008
47589193008
47589193008
47589193008
47589193008
47589193008
261370
44770
47589193008
47589193008
47589193008
47589193008
47589193008
47589193008
47597250871
47597250871
47597250871
47597250871
47597250871
47597250871
266715
47606030231
47606030231
47606030231
47606030231
47606030231
47606030231
0
47606079344
47606079344
47606079344
47606079344
47606079344
47606079344
47626194889
47626194889
47626194889
47626194889
47626194889
47626194889
0
463860
47626194889
47626194889
47626194889
47626194889
47626194889
47626194889
47640523107
47640523107
47640523107
47640523107
47640523107
47640523107
0
47652403067
47652403067
47652403067
47652403067
47652403067
47652403067
40265
47652737100
47652737100
47652737100
47652737100
47652737100
47652737100
47680366485
47680366485
47680366485
47680366485
47680366485
47680366485
0
0
47680366485
47680366485
47680366485
47680366485
47680366485
47680366485
47681743348
47681743348
47681743348
47681743348
47681743348
47681743348
140070
47696723908
47696723908
47696723908
47696723908
47696723908
47696723908
85025
47697342861
47697342861
47697342861
47697342861
47697342861
47697342861
47716689526
47716689526
47716689526
47716689526
47716689526
47716689526
0
104785
47716689526
47716689526
47716689526
47716689526
47716689526
47716689526
47721746639
47721746639
47721746639
47721746639
47721746639
47721746639
1895645
47739827799
47739827799
47739827799
47739827799
47739827799
47739827799
0
47740731672
47740731672
47740731672
47740731672
47740731672
47740731672
47746891937
47746891937
47746891937
47746891937
47746891937
47746891937
0
219705
47746891937
47746891937
47746891937
47746891937
47746891937
47746891937
47751694860
47751694860
47751694860
47751694860
47751694860
47751694860
189170
47754376620
47754376620
47754376620
47754376620
47754376620
47754376620
0
47755565413
47755565413
47755565413
47755565413
47755565413
47755565413
47767778798
47767778798
47767778798
47767778798
47767778798
47767778798
0
5200
47767778798
47767778798
47767778798
47767778798
47767778798
47767778798
47776251336
47776251336
47776251336
47776251336
47776251336
47776251336
416210
47782033696
47782033696
47782033696
47782033696
47782033696
47782033696
0
47783507409
47783507409
47783507409
47783507409
47783507409
47783507409
47798966714
47798966714
47798966714
47798966714
47798966714
47798966714
70505
0
47798966714
47798966714
47798966714
47798966714
47798966714
47798966714
47812761947
47812761947
47812761947
47812761947
47812761947
47812761947
282560
47821644907
47821644907
47821644907
47821644907
47821644907
47821644907
68785
47821703540
47821703540
47821703540
47821703540
47821703540
47821703540
47844597245
47844597245
47844597245
47844597245
47844597245
47844597245
45425
0
47844597245
47844597245
47844597245
47844597245
47844597245
47844597245
47859862768
47859862768
47859862768
47859862768
47859862768
47859862768
13183080
47871846328
47871846328
47871846328
47871846328
47871846328
47871846328
86840
47872189881
47872189881
47872189881
47872189881
47872189881
47872189881
47900730306
47900730306
47900730306
47900730306
47900730306
47900730306
0
0
47900730306
47900730306
47900730306
47900730306
47900730306
47900730306
47902014609
47902014609
47902014609
47902014609
47902014609
47902014609
4680
47917098769
47917098769
47917098769
47917098769
47917098769
47917098769
0
47917727242
47917727242
47917727242
47917727242
47917727242
47917727242
47919121507
47919121507
47919121507
47919121507
47919121507
47919121507
0
1170520
47919121507
47919121507
47919121507
47919121507
47919121507
47919121507
47923661205
47923661205
47923661205
47923661205
47923661205
47923661205
86320
47941845965
47941845965
47941845965
47941845965
47941845965
47941845965
0
47942759358
47942759358
47942759358
47942759358
47942759358
47942759358
47947769343
47947769343
47947769343
47947769343
47947769343
47947769343
0
95235
47947769343
47947769343
47947769343
47947769343
47947769343
47947769343
47951757046
47951757046
47951757046
47951757046
47951757046
47951757046
484655
47954542406
47954542406
47954542406
47954542406
47954542406
47954542406
60000
47955740719
47955740719
47955740719
47955740719
47955740719
47955740719
47967764184
47967764184
47967764184
47967764184
47967764184
47967764184
0
240
47967764184
47967764184
47967764184
47967764184
47967764184
47967764184
47975466932
47975466932
47975466932
47975466932
47975466932
47975466932
0
47981352892
47981352892
47981352892
47981352892
47981352892
47981352892
42985
47982836125
47982836125
47982836125
47982836125
47982836125
47982836125
47998575990
47998575990
47998575990
47998575990
47998575990
47998575990
70305
0
47998575990
47998575990
47998575990
47998575990
47998575990
47998575990
48010383668
48010383668
48010383668
48010383668
48010383668
48010383668
0
48019370228
48019370228
48019370228
48019370228
48019370228
48019370228
0
48019438381
48019438381
48019438381
48019438381
48019438381
48019438381
48046052806
48046052806
48046052806
48046052806
48046052806
48046052806
15625
0
48046052806
48046052806
48046052806
48046052806
48046052806
48046052806
48059725959
48059725959
48059725959
48059725959
48059725959
48059725959
45560
48071813119
48071813119
48071813119
48071813119
48071813119
48071813119
0
48072166192
48072166192
48072166192
48072166192
48072166192
48072166192
48093527097
48093527097
48093527097
48093527097
48093527097
48093527097
569400
0
48093527097
48093527097
48093527097
48093527097
48093527097
48093527097
48095372070
48095372070
48095372070
48095372070
48095372070
48095372070
6467025
48110559830
48110559830
48110559830
48110559830
48110559830
48110559830
0
48111197823
48111197823
48111197823
48111197823
48111197823
48111197823
48112883208
48112883208
48112883208
48112883208
48112883208
48112883208
117505
0
48112883208
48112883208
48112883208
48112883208
48112883208
48112883208
48117541771
48117541771
48117541771
48117541771
48117541771
48117541771
0
48135830131
48135830131
48135830131
48135830131
48135830131
48135830131
0
48136753044
48136753044
48136753044
48136753044
48136753044
48136753044
48142649309
48142649309
48142649309
48142649309
48142649309
48142649309
0
0
48142649309
48142649309
48142649309
48142649309
48142649309
48142649309
48151298172
48151298172
48151298172
48151298172
48151298172
48151298172
0
48154187132
48154187132
48154187132
48154187132
48154187132
48154187132
104345
48155394965
48155394965
48155394965
48155394965
48155394965
48155394965
48164382990
48164382990
48164382990
48164382990
48164382990
48164382990
89465
0
48164382990
48164382990
48164382990
48164382990
48164382990
48164382990
48174111098
48174111098
48174111098
48174111098
48174111098
48174111098
0
48180100658
48180100658
48180100658
48180100658
48180100658
48180100658
0
48181593411
48181593411
48181593411
48181593411
48181593411
48181593411
48196257236
48196257236
48196257236
48196257236
48196257236
48196257236
0
79385
48196257236
48196257236
48196257236
48196257236
48196257236
48196257236
48210952614
48210952614
48210952614
48210952614
48210952614
48210952614
0
48220042774
48220042774
48220042774
48220042774
48220042774
48220042774
0
48220120447
48220120447
48220120447
48220120447
48220120447
48220120447
48236401992
48236401992
48236401992
48236401992
48236401992
48236401992
87265
0
48236401992
48236401992
48236401992
48236401992
48236401992
48236401992
48249881990
48249881990
48249881990
48249881990
48249881990
48249881990
306020
48262072750
48262072750
48262072750
48262072750
48262072750
48262072750
86360
48262435343
48262435343
48262435343
48262435343
48262435343
48262435343
48282823928
48282823928
48282823928
48282823928
48282823928
48282823928
49905
0
48282823928
48282823928
48282823928
48282823928
48282823928
48282823928
48284802921
48284802921
48284802921
48284802921
48284802921
48284802921
1062355
48300094281
48300094281
48300094281
48300094281
48300094281
48300094281
6280
48300741794
48300741794
48300741794
48300741794
48300741794
48300741794
48302543419
48302543419
48302543419
48302543419
48302543419
48302543419
0
217720
48302543419
48302543419
48302543419
48302543419
48302543419
48302543419
48306646487
48306646487
48306646487
48306646487
48306646487
48306646487
0
48325038447
48325038447
48325038447
48325038447
48325038447
48325038447
55305
48325970880
48325970880
48325970880
48325970880
48325970880
48325970880
48332367985
48332367985
48332367985
48332367985
48332367985
48332367985
26520
0
48332367985
48332367985
48332367985
48332367985
48332367985
48332367985
48338834213
48338834213
48338834213
48338834213
48338834213
48338834213
0
48341826773
48341826773
48341826773
48341826773
48341826773
48341826773
0
48343044126
48343044126
48343044126
48343044126
48343044126
48343044126
48354829031
48354829031
48354829031
48354829031
48354829031
48354829031
0
580
48354829031
48354829031
48354829031
48354829031
48354829031
48354829031
48363535089
48363535089
48363535089
48363535089
48363535089
48363535089
264010
48369628249
48369628249
48369628249
48369628249
48369628249
48369628249
76760
48371130522
48371130522
48371130522
48371130522
48371130522
48371130522
48386961107
48386961107
48386961107
48386961107
48386961107
48386961107
0
0
48386961107
48386961107
48386961107
48386961107
48386961107
48386961107
48398467355
48398467355
48398467355
48398467355
48398467355
48398467355
0
48407661115
48407661115
48407661115
48407661115
48407661115
48407661115
0
48407748308
48407748308
48407748308
48407748308
48407748308
48407748308
48431571693
48431571693
48431571693
48431571693
48431571693
48431571693
87065
0
48431571693
48431571693
48431571693
48431571693
48431571693
48431571693
48443237031
48443237031
48443237031
48443237031
48443237031
48443237031
44585
48455531391
48455531391
48455531391
48455531391
48455531391
48455531391
22385
48455903504
48455903504
48455903504
48455903504
48455903504
48455903504
48484063369
48484063369
48484063369
48484063369
48484063369
48484063369
0
44760
48484063369
48484063369
48484063369
48484063369
48484063369
48484063369
48486073357
48486073357
48486073357
48486073357
48486073357
48486073357
13585
48501468317
48501468317
48501468317
48501468317
48501468317
48501468317
0
48502125350
48502125350
48502125350
48502125350
48502125350
48502125350
48503537135
48503537135
48503537135
48503537135
48503537135
48503537135
0
1033890
48503537135
48503537135
48503537135
48503537135
48503537135
48503537135
48507690458
48507690458
48507690458
48507690458
48507690458
48507690458
1353240
48526186018
48526186018
48526186018
48526186018
48526186018
48526186018
0
48527127971
48527127971
48527127971
48527127971
48527127971
48527127971
48533266756
48533266756
48533266756
48533266756
48533266756
48533266756
0
9215475
48533266756
48533266756
48533266756
48533266756
48533266756
48533266756
48539266364
48539266364
48539266364
48539266364
48539266364
48539266364
0
48542362524
48542362524
48542362524
48542362524
48542362524
48542362524
0
48543589397
48543589397
48543589397
48543589397
48543589397
48543589397
48556807102
48556807102
48556807102
48556807102
48556807102
48556807102
82360
0
48556807102
48556807102
48556807102
48556807102
48556807102
48556807102
48564035375
48564035375
48564035375
48564035375
48564035375
48564035375
504980
48570232135
48570232135
48570232135
48570232135
48570232135
48570232135
0
48571743928
48571743928
48571743928
48571743928
48571743928
48571743928
48587616513
48587616513
48587616513
48587616513
48587616513
48587616513
0
228315
48587616513
48587616513
48587616513
48587616513
48587616513
48587616513
48599598886
48599598886
48599598886
48599598886
48599598886
48599598886
657060
48608896246
48608896246
48608896246
48608896246
48608896246
48608896246
0
48608992959
48608992959
48608992959
48608992959
48608992959
48608992959
48635618344
48635618344
48635618344
48635618344
48635618344
48635618344
485765
436885
48635618344
48635618344
48635618344
48635618344
48635618344
48635618344
48646404072
48646404072
48646404072
48646404072
48646404072
48646404072
3795370
48658802032
48658802032
48658802032
48658802032
48658802032
48658802032
0
48659183665
48659183665
48659183665
48659183665
48659183665
48659183665
48683397930
48683397930
48683397930
48683397930
48683397930
48683397930
4025
0
48683397930
48683397930
48683397930
48683397930
48683397930
48683397930
48685195718
48685195718
48685195718
48685195718
48685195718
48685195718
0
48700694278
48700694278
48700694278
48700694278
48700694278
48700694278
0
48701360831
48701360831
48701360831
48701360831
48701360831
48701360831
48703375176
48703375176
48703375176
48703375176
48703375176
48703375176
0
173625
48703375176
48703375176
48703375176
48703375176
48703375176
48703375176
48708718969
48708718969
48708718969
48708718969
48708718969
48708718969
4545
48708818129
48708818129
48708818129
48708818129
48708818129
48708818129
43665
48709769602
48709769602
48709769602
48709769602
48709769602
48709769602
48716503827
48716503827
48716503827
48716503827
48716503827
48716503827
0
0
48716503827
48716503827
48716503827
48716503827
48716503827
48716503827
48724002450
48724002450
48724002450
48724002450
48724002450
48724002450
7109385
48727202210
48727202210
48727202210
48727202210
48727202210
48727202210
80345
48728438603
48728438603
48728438603
48728438603
48728438603
48728438603
48738809588
48738809588
48738809588
48738809588
48738809588
48738809588
0
77410
48738809588
48738809588
48738809588
48738809588
48738809588
48738809588
48750057156
48750057156
48750057156
48750057156
48750057156
48750057156
0
48756357516
48756357516
48756357516
48756357516
48756357516
48756357516
23490
48757878829
48757878829
48757878829
48757878829
48757878829
48757878829
48775249414
48775249414
48775249414
48775249414
48775249414
48775249414
51960
0
48775249414
48775249414
48775249414
48775249414
48775249414
48775249414
48781668092
48781668092
48781668092
48781668092
48781668092
48781668092
229875
48791069052
48791069052
48791069052
48791069052
48791069052
48791069052
127145
48791175285
48791175285
48791175285
48791175285
48791175285
48791175285
48814439150
48814439150
48814439150
48814439150
48814439150
48814439150
0
123925
48814439150
48814439150
48814439150
48814439150
48814439150
48814439150
48828860403
48828860403
48828860403
48828860403
48828860403
48828860403
74505
48841361963
48841361963
48841361963
48841361963
48841361963
48841361963
0
48841753116
48841753116
48841753116
48841753116
48841753116
48841753116
48877811541
48877811541
48877811541
48877811541
48877811541
48877811541
3825
284920
48877811541
48877811541
48877811541
48877811541
48877811541
48877811541
48879631549
48879631549
48879631549
48879631549
48879631549
48879631549
0
48895233709
48895233709
48895233709
48895233709
48895233709
48895233709
9198915
48895909782
48895909782
48895909782
48895909782
48895909782
48895909782
48898231487
48898231487
48898231487
48898231487
48898231487
48898231487
0
0
48898231487
48898231487
48898231487
48898231487
48898231487
48898231487
48902720560
48902720560
48902720560
48902720560
48902720560
48902720560
67920
48902923320
48902923320
48902923320
48902923320
48902923320
48902923320
1785
48903884313
48903884313
48903884313
48903884313
48903884313
48903884313
48910898298
48910898298
48910898298
48910898298
48910898298
48910898298
0
0
48910898298
48910898298
48910898298
48910898298
48910898298
48910898298
48917927501
48917927501
48917927501
48917927501
48917927501
48917927501
0
48921230861
48921230861
48921230861
48921230861
48921230861
48921230861
0
48922476774
48922476774
48922476774
48922476774
48922476774
48922476774
48934424319
48934424319
48934424319
48934424319
48934424319
48934424319
180810
168690
48934424319
48934424319
48934424319
48934424319
48934424319
48934424319
48944567452
48944567452
48944567452
48944567452
48944567452
48944567452
0
48950971412
48950971412
48950971412
48950971412
48950971412
48950971412
0
48952502245
48952502245
48952502245
48952502245
48952502245
48952502245
48967838910
48967838910
48967838910
48967838910
48967838910
48967838910
53185
428000
48967838910
48967838910
48967838910
48967838910
48967838910
48967838910
48983914428
48983914428
48983914428
48983914428
48983914428
48983914428
828303021
48993418988
48993418988
48993418988
48993418988
48993418988
48993418988
0
48993534741
48993534741
48993534741
48993534741
48993534741
48993534741
49015103326
49015103326
49015103326
49015103326
49015103326
49015103326
0
45200
49015103326
49015103326
49015103326
49015103326
49015103326
49015103326
49025549209
49025549209
49025549209
49025549209
49025549209
49025549209
0
49038154369
49038154369
49038154369
49038154369
49038154369
49038154369
10480
49038555042
49038555042
49038555042
49038555042
49038555042
49038555042
49071896307
49071896307
49071896307
49071896307
49071896307
49071896307
0
715500
49071896307
49071896307
49071896307
49071896307
49071896307
49071896307
49074197305
49074197305
49074197305
49074197305
49074197305
49074197305
0
49089903065
49089903065
49089903065
49089903065
49089903065
49089903065
0
49090588658
49090588658
49090588658
49090588658
49090588658
49090588658
49092974843
49092974843
49092974843
49092974843
49092974843
49092974843
101770
0
49092974843
49092974843
49092974843
49092974843
49092974843
49092974843
49096208736
49096208736
49096208736
49096208736
49096208736
49096208736
0
49096515096
49096515096
49096515096
49096515096
49096515096
49096515096
0
49097485609
49097485609
49097485609
49097485609
49097485609
49097485609
49106116754
49106116754
49106116754
49106116754
49106116754
49106116754
0
0
49106116754
49106116754
49106116754
49106116754
49106116754
49106116754
49114407462
49114407462
49114407462
49114407462
49114407462
49114407462
69945
49117814422
49117814422
49117814422
49117814422
49117814422
49117814422
0
49119069855
49119069855
49119069855
49119069855
49119069855
49119069855
49133216360
49133216360
49133216360
49133216360
49133216360
49133216360
0
0
49133216360
49133216360
49133216360
49133216360
49133216360
49133216360
49140891773
49140891773
49140891773
49140891773
49140891773
49140891773
0
49147399333
49147399333
49147399333
49147399333
49147399333
49147399333
0
49148939686
49148939686
49148939686
49148939686
49148939686
49148939686
49169380191
49169380191
49169380191
49169380191
49169380191
49169380191
0
0
49169380191
49169380191
49169380191
49169380191
49169380191
49169380191
49183550524
49183550524
49183550524
49183550524
49183550524
49183550524
0
49193158684
49193158684
49193158684
49193158684
49193158684
49193158684
62225
49193283957
49193283957
49193283957
49193283957
49193283957
49193283957
49215253662
49215253662
49215253662
49215253662
49215253662
49215253662
0
0
49215253662
49215253662
49215253662
49215253662
49215253662
49215253662
49224405035
49224405035
49224405035
49224405035
49224405035
49224405035
162315
49237113795
49237113795
49237113795
49237113795
49237113795
49237113795
10280
49237523988
49237523988
49237523988
49237523988
49237523988
49237523988
49264201973
49264201973
49264201973
49264201973
49264201973
49264201973
0
8545
49264201973
49264201973
49264201973
49264201973
49264201973
49264201973
49266308311
49266308311
49266308311
49266308311
49266308311
49266308311
0
49282117671
49282117671
49282117671
49282117671
49282117671
49282117671
0
49282812784
49282812784
49282812784
49282812784
49282812784
49282812784
49285178169
49285178169
49285178169
49285178169
49285178169
49285178169
193865
2872550
49285178169
49285178169
49285178169
49285178169
49285178169
49285178169
49290851947
49290851947
49290851947
49290851947
49290851947
49290851947
430000
49291261907
49291261907
49291261907
49291261907
49291261907
49291261907
0
49292241940
49292241940
49292241940
49292241940
49292241940
49292241940
49299799965
49299799965
49299799965
49299799965
49299799965
49299799965
0
1477390
49299799965
49299799965
49299799965
49299799965
49299799965
49299799965
49307996733
49307996733
49307996733
49307996733
49307996733
49307996733
76420
49311507293
49311507293
49311507293
49311507293
49311507293
49311507293
0
49312772246
49312772246
49312772246
49312772246
49312772246
49312772246
49323640831
49323640831
49323640831
49323640831
49323640831
49323640831
0
271320
49323640831
49323640831
49323640831
49323640831
49323640831
49323640831
49334412179
49334412179
49334412179
49334412179
49334412179
49334412179
399510
49341023339
49341023339
49341023339
49341023339
49341023339
49341023339
81185
49342573212
49342573212
49342573212
49342573212
49342573212
49342573212
49358279197
49358279197
49358279197
49358279197
49358279197
49358279197
0
0
49358279197
49358279197
49358279197
49358279197
49358279197
49358279197
49372059620
49372059620
49372059620
49372059620
49372059620
49372059620
0
49381771380
49381771380
49381771380
49381771380
49381771380
49381771380
8865
49381906173
49381906173
49381906173
49381906173
49381906173
49381906173
49404755558
49404755558
49404755558
49404755558
49404755558
49404755558
0
0
49404755558
49404755558
49404755558
49404755558
49404755558
49404755558
49416712111
49416712111
49416712111
49416712111
49416712111
49416712111
227255
49429524471
49429524471
49429524471
49429524471
49429524471
49429524471
0
49429944184
49429944184
49429944184
49429944184
49429944184
49429944184
49463024769
49463024769
49463024769
49463024769
49463024769
49463024769
0
0
49463024769
49463024769
49463024769
49463024769
49463024769
49463024769
49464987772
49464987772
49464987772
49464987772
49464987772
49464987772
237750
49480900732
49480900732
49480900732
49480900732
49480900732
49480900732
27240
49481605365
49481605365
49481605365
49481605365
49481605365
49481605365
49484007230
49484007230
49484007230
49484007230
49484007230
49484007230
0
1540360
49484007230
49484007230
49484007230
49484007230
49484007230
49484007230
49488332018
49488332018
49488332018
49488332018
49488332018
49488332018
117505
49488845578
49488845578
49488845578
49488845578
49488845578
49488845578
0
49489835131
49489835131
49489835131
49489835131
49489835131
49489835131
49496506596
49496506596
49496506596
49496506596
49496506596
49496506596
116500
61185
49496506596
49496506596
49496506596
49496506596
49496506596
49496506596
49502288224
49502288224
49502288224
49502288224
49502288224
49502288224
0
49505902384
49505902384
49505902384
49505902384
49505902384
49505902384
0
49507176857
49507176857
49507176857
49507176857
49507176857
49507176857
49517410562
49517410562
49517410562
49517410562
49517410562
49517410562
0
0
49517410562
49517410562
49517410562
49517410562
49517410562
49517410562
49523527485
49523527485
49523527485
49523527485
49523527485
49523527485
0
49530242245
49530242245
49530242245
49530242245
49530242245
49530242245
0
49531801638
49531801638
49531801638
49531801638
49531801638
49531801638
49553142623
49553142623
49553142623
49553142623
49553142623
49553142623
0
0
49553142623
49553142623
49553142623
49553142623
49553142623
49553142623
49562846091
49562846091
49562846091
49562846091
49562846091
49562846091
116500
49572661451
49572661451
49572661451
49572661451
49572661451
49572661451
0
49572805764
49572805764
49572805764
49572805764
49572805764
49572805764
49598459149
49598459149
49598459149
49598459149
49598459149
49598459149
0
0
49598459149
49598459149
49598459149
49598459149
49598459149
49598459149
49612266792
49612266792
49612266792
49612266792
49612266792
49612266792
0
49625182752
49625182752
49625182752
49625182752
49625182752
49625182752
0
49625611985
49625611985
49625611985
49625611985
49625611985
49625611985
49657639410
49657639410
49657639410
49657639410
49657639410
49657639410
0
0
49657639410
49657639410
49657639410
49657639410
49657639410
49657639410
49659273923
49659273923
49659273923
49659273923
49659273923
49659273923
64705
49675290483
49675290483
49675290483
49675290483
49675290483
49675290483
66185
49676004636
49676004636
49676004636
49676004636
49676004636
49676004636
49678643141
49678643141
49678643141
49678643141
49678643141
49678643141
74520
524510
49678643141
49678643141
49678643141
49678643141
49678643141
49678643141
49683940229
49683940229
49683940229
49683940229
49683940229
49683940229
0
49684557389
49684557389
49684557389
49684557389
49684557389
49684557389
0
49685556462
49685556462
49685556462
49685556462
49685556462
49685556462
49693373807
49693373807
49693373807
49693373807
49693373807
49693373807
142650
0
49693373807
49693373807
49693373807
49693373807
49693373807
49693373807
49701808680
49701808680
49701808680
49701808680
49701808680
49701808680
0
49705526440
49705526440
49705526440
49705526440
49705526440
49705526440
0
49706810433
49706810433
49706810433
49706810433
49706810433
49706810433
49718449418
49718449418
49718449418
49718449418
49718449418
49718449418
0
17559940
49718449418
49718449418
49718449418
49718449418
49718449418
49718449418
49725536051
49725536051
49725536051
49725536051
49725536051
49725536051
0
49732354411
49732354411
49732354411
49732354411
49732354411
49732354411
0
49733923324
49733923324
49733923324
49733923324
49733923324
49733923324
49751971229
49751971229
49751971229
49751971229
49751971229
49751971229
27520
0
49751971229
49751971229
49751971229
49751971229
49751971229
49751971229
49764951672
49764951672
49764951672
49764951672
49764951672
49764951672
956005
49774870632
49774870632
49774870632
49774870632
49774870632
49774870632
0
49775024465
49775024465
49775024465
49775024465
49775024465
49775024465
49804081050
49804081050
49804081050
49804081050
49804081050
49804081050
0
122745
49804081050
49804081050
49804081050
49804081050
49804081050
49804081050
49820156363
49820156363
49820156363
49820156363
49820156363
49820156363
331840
49833175923
49833175923
49833175923
49833175923
49833175923
49833175923
0
49833614676
49833614676
49833614676
49833614676
49833614676
49833614676
49865545181
49865545181
49865545181
49865545181
49865545181
49865545181
0
0
49865545181
49865545181
49865545181
49865545181
49865545181
49865545181
49868249934
49868249934
49868249934
49868249934
49868249934
49868249934
156520
49884370094
49884370094
49884370094
49884370094
49884370094
49884370094
26905
49885093767
49885093767
49885093767
49885093767
49885093767
49885093767
49888016032
49888016032
49888016032
49888016032
49888016032
49888016032
0
76800
49888016032
49888016032
49888016032
49888016032
49888016032
49888016032
49890467030
49890467030
49890467030
49890467030
49890467030
49890467030
86115
49891187790
49891187790
49891187790
49891187790
49891187790
49891187790
44000
49892196383
49892196383
49892196383
49892196383
49892196383
49892196383
49899758368
49899758368
49899758368
49899758368
49899758368
49899758368
0
476935
49899758368
49899758368
49899758368
49899758368
49899758368
49899758368
49907350126
49907350126
49907350126
49907350126
49907350126
49907350126
0
49911171486
49911171486
49911171486
49911171486
49911171486
49911171486
0
49912464999
49912464999
49912464999
49912464999
49912464999
49912464999
49928902064
49928902064
49928902064
49928902064
49928902064
49928902064
54305
0
49928902064
49928902064
49928902064
49928902064
49928902064
49928902064
49940149047
49940149047
49940149047
49940149047
49940149047
49940149047
0
49947071007
49947071007
49947071007
49947071007
49947071007
49947071007
97105
49948649440
49948649440
49948649440
49948649440
49948649440
49948649440
49971742385
49971742385
49971742385
49971742385
49971742385
49971742385
0
6000
49971742385
49971742385
49971742385
49971742385
49971742385
49971742385
49984893093
49984893093
49984893093
49984893093
49984893093
49984893093
0
49994915653
49994915653
49994915653
49994915653
49994915653
49994915653
0
49995079006
49995079006
49995079006
49995079006
49995079006
49995079006
50014076631
50014076631
50014076631
50014076631
50014076631
50014076631
62665
130160
50014076631
50014076631
50014076631
50014076631
50014076631
50014076631
50024072394
50024072394
50024072394
50024072394
50024072394
50024072394
0
50037195554
50037195554
50037195554
50037195554
50037195554
50037195554
0
50037643827
50037643827
50037643827
50037643827
50037643827
50037643827
50067814172
50067814172
50067814172
50067814172
50067814172
50067814172
72280
0
50067814172
50067814172
50067814172
50067814172
50067814172
50067814172
50071430895
50071430895
50071430895
50071430895
50071430895
50071430895
0
50087654655
50087654655
50087654655
50087654655
50087654655
50087654655
0
50088387848
50088387848
50088387848
50088387848
50088387848
50088387848
50091458833
50091458833
50091458833
50091458833
50091458833
50091458833
11840
694090
50091458833
50091458833
50091458833
50091458833
50091458833
50091458833
50096770316
50096770316
50096770316
50096770316
50096770316
50096770316
0
50097594676
50097594676
50097594676
50097594676
50097594676
50097594676
46440
50098612789
50098612789
50098612789
50098612789
50098612789
50098612789
50106838534
50106838534
50106838534
50106838534
50106838534
50106838534
66840
0
50106838534
50106838534
50106838534
50106838534
50106838534
50106838534
50113416062
50113416062
50113416062
50113416062
50113416062
50113416062
0
50117341022
50117341022
50117341022
50117341022
50117341022
50117341022
47265
50118644055
50118644055
50118644055
50118644055
50118644055
50118644055
50131602960
50131602960
50131602960
50131602960
50131602960
50131602960
140945
0
50131602960
50131602960
50131602960
50131602960
50131602960
50131602960
50142276973
50142276973
50142276973
50142276973
50142276973
50142276973
86960
50149302533
50149302533
50149302533
50149302533
50149302533
50149302533
31305
50150890486
50150890486
50150890486
50150890486
50150890486
50150890486
50166436311
50166436311
50166436311
50166436311
50166436311
50166436311
0
43425
50166436311
50166436311
50166436311
50166436311
50166436311
50166436311
50178172569
50178172569
50178172569
50178172569
50178172569
50178172569
2675145
50188298729
50188298729
50188298729
50188298729
50188298729
50188298729
0
50188471602
50188471602
50188471602
50188471602
50188471602
50188471602
50213067387
50213067387
50213067387
50213067387
50213067387
50213067387
0
0
50213067387
50213067387
50213067387
50213067387
50213067387
50213067387
50213236660
50213236660
50213236660
50213236660
50213236660
50213236660
0
50226463420
50226463420
50226463420
50226463420
50226463420
50226463420
0
50226921213
50226921213
50226921213
50226921213
50226921213
50226921213
50256094598
50256094598
50256094598
50256094598
50256094598
50256094598
123730
28285
50256094598
50256094598
50256094598
50256094598
50256094598
50256094598
50258454256
50258454256
50258454256
50258454256
50258454256
50258454256
0
50274781616
50274781616
50274781616
50274781616
50274781616
50274781616
26040
50275524329
50275524329
50275524329
50275524329
50275524329
50275524329
50279489794
50279489794
50279489794
50279489794
50279489794
50279489794
0
1777955
50279489794
50279489794
50279489794
50279489794
50279489794
50279489794
50284618677
50284618677
50284618677
50284618677
50284618677
50284618677
8321590
50285546637
50285546637
50285546637
50285546637
50285546637
50285546637
0
50286574270
50286574270
50286574270
50286574270
50286574270
50286574270
50296687055
50296687055
50296687055
50296687055
50296687055
50296687055
0
0
50296687055
50296687055
50296687055
50296687055
50296687055
50296687055
50305660053
50305660053
50305660053
50305660053
50305660053
50305660053
0
50309688613
50309688613
50309688613
50309688613
50309688613
50309688613
60760
50311001166
50311001166
50311001166
50311001166
50311001166
50311001166
50324225591
50324225591
50324225591
50324225591
50324225591
50324225591
0
0
50324225591
50324225591
50324225591
50324225591
50324225591
50324225591
50335055349
50335055349
50335055349
50335055349
50335055349
50335055349
0
50342184509
50342184509
50342184509
50342184509
50342184509
50342184509
0
50343781982
50343781982
50343781982
50343781982
50343781982
50343781982
50364041887
50364041887
50364041887
50364041887
50364041887
50364041887
71065
0
50364041887
50364041887
50364041887
50364041887
50364041887
50364041887
50377368435
50377368435
50377368435
50377368435
50377368435
50377368435
1057445
50387598195
50387598195
50387598195
50387598195
50387598195
50387598195
105080
50387780588
50387780588
50387780588
50387780588
50387780588
50387780588
50409029573
50409029573
50409029573
50409029573
50409029573
50409029573
0
322440
50409029573
50409029573
50409029573
50409029573
50409029573
50409029573
50409267816
50409267816
50409267816
50409267816
50409267816
50409267816
0
50422598176
50422598176
50422598176
50422598176
50422598176
50422598176
76505
50423065489
50423065489
50423065489
50423065489
50423065489
50423065489
50451919794
50451919794
50451919794
50451919794
50451919794
50451919794
0
44840
50451919794
50451919794
50451919794
50451919794
50451919794
50451919794
50454914252
50454914252
50454914252
50454914252
50454914252
50454914252
0
50471345212
50471345212
50471345212
50471345212
50471345212
50471345212
0
50472097445
50472097445
50472097445
50472097445
50472097445
50472097445
50474605550
50474605550
50474605550
50474605550
50474605550
50474605550
0
0
50474605550
50474605550
50474605550
50474605550
50474605550
50474605550
50479680093
50479680093
50479680093
50479680093
50479680093
50479680093
45185
50480711653
50480711653
50480711653
50480711653
50480711653
50480711653
58320
50481748806
50481748806
50481748806
50481748806
50481748806
50481748806
50489451311
50489451311
50489451311
50489451311
50489451311
50489451311
0
129625
50489451311
50489451311
50489451311
50489451311
50489451311
50489451311
50500054259
50500054259
50500054259
50500054259
50500054259
50500054259
268010
50504186419
50504186419
50504186419
50504186419
50504186419
50504186419
60560
50505508492
50505508492
50505508492
50505508492
50505508492
50505508492
50520373797
50520373797
50520373797
50520373797
50520373797
50520373797
0
143505
50520373797
50520373797
50520373797
50520373797
50520373797
50520373797
50531699545
50531699545
50531699545
50531699545
50531699545
50531699545
0
50538932305
50538932305
50538932305
50538932305
50538932305
50538932305
0
50540539298
50540539298
50540539298
50540539298
50540539298
50540539298
50560064483
50560064483
50560064483
50560064483
50560064483
50560064483
70865
80840
50560064483
50560064483
50560064483
50560064483
50560064483
50560064483
50572886856
50572886856
50572886856
50572886856
50572886856
50572886856
0
50583220216
50583220216
50583220216
50583220216
50583220216
50583220216
97945
50583412129
50583412129
50583412129
50583412129
50583412129
50583412129
50607375594
50607375594
50607375594
50607375594
50607375594
50607375594
0
0
50607375594
50607375594
50607375594
50607375594
50607375594
50607375594
50607675652
50607675652
50607675652
50607675652
50607675652
50607675652
0
50621109612
50621109612
50621109612
50621109612
50621109612
50621109612
46385
50621586445
50621586445
50621586445
50621586445
50621586445
50621586445
50647533750
50647533750
50647533750
50647533750
50647533750
50647533750
0
8240
50647533750
50647533750
50647533750
50647533750
50647533750
50647533750
50650311703
50650311703
50650311703
50650311703
50650311703
50650311703
311430
50666846263
50666846263
50666846263
50666846263
50666846263
50666846263
0
50667608016
50667608016
50667608016
50667608016
50667608016
50667608016
50672012201
50672012201
50672012201
50672012201
50672012201
50672012201
15355905
0
50672012201
50672012201
50672012201
50672012201
50672012201
50672012201
50677516034
50677516034
50677516034
50677516034
50677516034
50677516034
52160
50678651194
50678651194
50678651194
50678651194
50678651194
50678651194
0
50679697867
50679697867
50679697867
50679697867
50679697867
50679697867
50686442852
50686442852
50686442852
50686442852
50686442852
50686442852
56585
2757180
50686442852
50686442852
50686442852
50686442852
50686442852
50686442852
50692669225
50692669225
50692669225
50692669225
50692669225
50692669225
71065
50696904985
50696904985
50696904985
50696904985
50696904985
50696904985
0
50698236578
50698236578
50698236578
50698236578
50698236578
50698236578
50713635563
50713635563
50713635563
50713635563
50713635563
50713635563
0
116025
50713635563
50713635563
50713635563
50713635563
50713635563
50713635563
50719309371
50719309371
50719309371
50719309371
50719309371
50719309371
0
50726645731
50726645731
50726645731
50726645731
50726645731
50726645731
77520
50728262244
50728262244
50728262244
50728262244
50728262244
50728262244
50747899709
50747899709
50747899709
50747899709
50747899709
50747899709
0
143130
50747899709
50747899709
50747899709
50747899709
50747899709
50747899709
50763445577
50763445577
50763445577
50763445577
50763445577
50763445577
0
50773882537
50773882537
50773882537
50773882537
50773882537
50773882537
0
50774083970
50774083970
50774083970
50774083970
50774083970
50774083970
50800796635
50800796635
50800796635
50800796635
50800796635
50800796635
87825
535635
50800796635
50800796635
50800796635
50800796635
50800796635
50800796635
50801116043
50801116043
50801116043
50801116043
50801116043
50801116043
282800
50814653603
50814653603
50814653603
50814653603
50814653603
50814653603
0
50815139956
50815139956
50815139956
50815139956
50815139956
50815139956
50846934981
50846934981
50846934981
50846934981
50846934981
50846934981
0
40345
50846934981
50846934981
50846934981
50846934981
50846934981
50846934981
50850391974
50850391974
50850391974
50850391974
50850391974
50850391974
0
50867030134
50867030134
50867030134
50867030134
50867030134
50867030134
0
50867801407
50867801407
50867801407
50867801407
50867801407
50867801407
50872310152
50872310152
50872310152
50872310152
50872310152
50872310152
0
256080
50872310152
50872310152
50872310152
50872310152
50872310152
50872310152
50877758525
50877758525
50877758525
50877758525
50877758525
50877758525
163170
50878997285
50878997285
50878997285
50878997285
50878997285
50878997285
55905
50880053478
50880053478
50880053478
50880053478
50880053478
50880053478
50891347263
50891347263
50891347263
50891347263
50891347263
50891347263
0
58825
50891347263
50891347263
50891347263
50891347263
50891347263
50891347263
50900770816
50900770816
50900770816
50900770816
50900770816
50900770816
0
50905110176
50905110176
50905110176
50905110176
50905110176
50905110176
182825
50906451289
50906451289
50906451289
50906451289
50906451289
50906451289
50921789874
50921789874
50921789874
50921789874
50921789874
50921789874
0
0
50921789874
50921789874
50921789874
50921789874
50921789874
50921789874
50931645742
50931645742
50931645742
50931645742
50931645742
50931645742
0
50939085702
50939085702
50939085702
50939085702
50939085702
50939085702
77320
50940711735
50940711735
50940711735
50940711735
50940711735
50940711735
50959724240
50959724240
50959724240
50959724240
50959724240
50959724240
0
0
50959724240
50959724240
50959724240
50959724240
50959724240
50959724240
50970657693
50970657693
50970657693
50970657693
50970657693
50970657693
82665
50981198253
50981198253
50981198253
50981198253
50981198253
50981198253
148905
50981409206
50981409206
50981409206
50981409206
50981409206
50981409206
51008395391
51008395391
51008395391
51008395391
51008395391
51008395391
87625
0
51008395391
51008395391
51008395391
51008395391
51008395391
51008395391
51008899764
51008899764
51008899764
51008899764
51008899764
51008899764
0
51022540924
51022540924
51022540924
51022540924
51022540924
51022540924
0
51023036797
51023036797
51023036797
51023036797
51023036797
51023036797
51040224022
51040224022
51040224022
51040224022
51040224022
51040224022
0
0
51040224022
51040224022
51040224022
51040224022
51040224022
51040224022
51041339120
51041339120
51041339120
51041339120
51041339120
51041339120
251200
51058080880
51058080880
51058080880
51058080880
51058080880
51058080880
0
51058861673
51058861673
51058861673
51058861673
51058861673
51058861673
51062900658
51062900658
51062900658
51062900658
51062900658
51062900658
128025
51330
51062900658
51062900658
51062900658
51062900658
51062900658
51062900658
51068936821
51068936821
51068936821
51068936821
51068936821
51068936821
0
51070279181
51070279181
51070279181
51070279181
51070279181
51070279181
72545
51071344894
51071344894
51071344894
51071344894
51071344894
51071344894
51082139439
51082139439
51082139439
51082139439
51082139439
51082139439
0
0
51082139439
51082139439
51082139439
51082139439
51082139439
51082139439
51089236402
51089236402
51089236402
51089236402
51089236402
51089236402
837720
51093679362
51093679362
51093679362
51093679362
51093679362
51093679362
0
51095029995
51095029995
51095029995
51095029995
51095029995
51095029995
51109085300
51109085300
51109085300
51109085300
51109085300
51109085300
54000
0
51109085300
51109085300
51109085300
51109085300
51109085300
51109085300
51119923693
51119923693
51119923693
51119923693
51119923693
51119923693
0
51127467253
51127467253
51127467253
51127467253
51127467253
51127467253
0
51129102806
51129102806
51129102806
51129102806
51129102806
51129102806
51152065551
51152065551
51152065551
51152065551
51152065551
51152065551
0
682120
51152065551
51152065551
51152065551
51152065551
51152065551
51152065551
51163242094
51163242094
51163242094
51163242094
51163242094
51163242094
0
51173886254
51173886254
51173886254
51173886254
51173886254
51173886254
108145
51174106727
51174106727
51174106727
51174106727
51174106727
51174106727
51200693632
51200693632
51200693632
51200693632
51200693632
51200693632
846625
0
51200693632
51200693632
51200693632
51200693632
51200693632
51200693632
51201303180
51201303180
51201303180
51201303180
51201303180
51201303180
10164390
51215047940
51215047940
51215047940
51215047940
51215047940
51215047940
0
51215553333
51215553333
51215553333
51215553333
51215553333
51215553333
51232897318
51232897318
51232897318
51232897318
51232897318
51232897318
4585
0
51232897318
51232897318
51232897318
51232897318
51232897318
51232897318
51236672381
51236672381
51236672381
51236672381
51236672381
51236672381
188595
51253517741
51253517741
51253517741
51253517741
51253517741
51253517741
1444535
51254308054
51254308054
51254308054
51254308054
51254308054
51254308054
51258899199
51258899199
51258899199
51258899199
51258899199
51258899199
0
0
51258899199
51258899199
51258899199
51258899199
51258899199
51258899199
51263711582
51263711582
51263711582
51263711582
51263711582
51263711582
90730
51265157542
51265157542
51265157542
51265157542
51265157542
51265157542
0
51266232775
51266232775
51266232775
51266232775
51266232775
51266232775
51275607040
51275607040
51275607040
51275607040
51275607040
51275607040
0
0
51275607040
51275607040
51275607040
51275607040
51275607040
51275607040
51286882408
51286882408
51286882408
51286882408
51286882408
51286882408
147120
51291428968
51291428968
51291428968
51291428968
51291428968
51291428968
0
51292789121
51292789121
51292789121
51292789121
51292789121
51292789121
51307938826
51307938826
51307938826
51307938826
51307938826
51307938826
0
99040
51307938826
51307938826
51307938826
51307938826
51307938826
51307938826
51312767804
51312767804
51312767804
51312767804
51312767804
51312767804
0
51320414964
51320414964
51320414964
51320414964
51320414964
51320414964
35305
51322060037
51322060037
51322060037
51322060037
51322060037
51322060037
51339442102
51339442102
51339442102
51339442102
51339442102
51339442102
0
19080105
51339442102
51339442102
51339442102
51339442102
51339442102
51339442102
51348085575
51348085575
51348085575
51348085575
51348085575
51348085575
2256750
51358833335
51358833335
51358833335
51358833335
51358833335
51358833335
94080
51359063328
51359063328
51359063328
51359063328
51359063328
51359063328
51385158313
51385158313
51385158313
51385158313
51385158313
51385158313
0
1229600
51385158313
51385158313
51385158313
51385158313
51385158313
51385158313
51385619171
51385619171
51385619171
51385619171
51385619171
51385619171
0
51399467531
51399467531
51399467531
51399467531
51399467531
51399467531
0
51399982444
51399982444
51399982444
51399982444
51399982444
51399982444
51417501029
51417501029
51417501029
51417501029
51417501029
51417501029
70490
0
51417501029
51417501029
51417501029
51417501029
51417501029
51417501029
51420667057
51420667057
51420667057
51420667057
51420667057
51420667057
503095
51437616017
51437616017
51437616017
51437616017
51437616017
51437616017
0
51438415850
51438415850
51438415850
51438415850
51438415850
51438415850
51442318595
51442318595
51442318595
51442318595
51442318595
51442318595
0
28200
51442318595
51442318595
51442318595
51442318595
51442318595
51442318595
51449243433
51449243433
51449243433
51449243433
51449243433
51449243433
0
51450792993
51450792993
51450792993
51450792993
51450792993
51450792993
0
51451877746
51451877746
51451877746
51451877746
51451877746
51451877746
51461883891
51461883891
51461883891
51461883891
51461883891
51461883891
42065
0
51461883891
51461883891
51461883891
51461883891
51461883891
51461883891
51466812499
51466812499
51466812499
51466812499
51466812499
51466812499
0
51471462659
51471462659
51471462659
51471462659
51471462659
51471462659
0
51472832332
51472832332
51472832332
51472832332
51472832332
51472832332
51488733717
51488733717
51488733717
51488733717
51488733717
51488733717
548870
0
51488733717
51488733717
51488733717
51488733717
51488733717
51488733717
51502498965
51502498965
51502498965
51502498965
51502498965
51502498965
0
51510249725
51510249725
51510249725
51510249725
51510249725
51510249725
0
51511904318
51511904318
51511904318
51511904318
51511904318
51511904318
51527383503
51527383503
51527383503
51527383503
51527383503
51527383503
0
677480
51527383503
51527383503
51527383503
51527383503
51527383503
51527383503
51545082511
51545082511
51545082511
51545082511
51545082511
51545082511
68480
51555933871
51555933871
51555933871
51555933871
51555933871
51555933871
26480
51556173384
51556173384
51556173384
51556173384
51556173384
51556173384
51579548129
51579548129
51579548129
51579548129
51579548129
51579548129
0
0
51579548129
51579548129
51579548129
51579548129
51579548129
51579548129
51580221602
51580221602
51580221602
51580221602
51580221602
51580221602
0
51594173562
51594173562
51594173562
51594173562
51594173562
51594173562
11040
51594697995
51594697995
51594697995
51594697995
51594697995
51594697995
51612354140
51612354140
51612354140
51612354140
51612354140
51612354140
0
498880
51612354140
51612354140
51612354140
51612354140
51612354140
51612354140
51615540893
51615540893
51615540893
51615540893
51615540893
51615540893
0
51632593453
51632593453
51632593453
51632593453
51632593453
51632593453
93265
51633402806
51633402806
51633402806
51633402806
51633402806
51633402806
51638205951
51638205951
51638205951
51638205951
51638205951
51638205951
21345
0
51638205951
51638205951
51638205951
51638205951
51638205951
51638205951
51641165449
51641165449
51641165449
51641165449
51641165449
51641165449
26385
51642818609
51642818609
51642818609
51642818609
51642818609
51642818609
0
51643912882
51643912882
51643912882
51643912882
51643912882
51643912882
51654921867
51654921867
51654921867
51654921867
51654921867
51654921867
0
43840
51654921867
51654921867
51654921867
51654921867
51654921867
51654921867
51662077315
51662077315
51662077315
51662077315
51662077315
51662077315
228920
51666831075
51666831075
51666831075
51666831075
51666831075
51666831075
0
51668210268
51668210268
51668210268
51668210268
51668210268
51668210268
51683356053
51683356053
51683356053
51683356053
51683356053
51683356053
0
0
51683356053
51683356053
51683356053
51683356053
51683356053
51683356053
51693883686
51693883686
51693883686
51693883686
51693883686
51693883686
0
51701738046
51701738046
51701738046
51701738046
51701738046
51701738046
0
51703402159
51703402159
51703402159
51703402159
51703402159
51703402159
51722546824
51722546824
51722546824
51722546824
51722546824
51722546824
0
0
51722546824
51722546824
51722546824
51722546824
51722546824
51722546824
51735257582
51735257582
51735257582
51735257582
51735257582
51735257582
64225
51746212542
51746212542
51746212542
51746212542
51746212542
51746212542
99625
51746461575
51746461575
51746461575
51746461575
51746461575
51746461575
51767163920
51767163920
51767163920
51767163920
51767163920
51767163920
0
0
51767163920
51767163920
51767163920
51767163920
51767163920
51767163920
51767849028
51767849028
51767849028
51767849028
51767849028
51767849028
0
51781904588
51781904588
51781904588
51781904588
51781904588
51781904588
43785
51782438541
51782438541
51782438541
51782438541
51782438541
51782438541
51800376686
51800376686
51800376686
51800376686
51800376686
51800376686
0
718300
51800376686
51800376686
51800376686
51800376686
51800376686
51800376686
51803151504
51803151504
51803151504
51803151504
51803151504
51803151504
439515
51820307664
51820307664
51820307664
51820307664
51820307664
51820307664
0
51821126537
51821126537
51821126537
51821126537
51821126537
51821126537
51825610162
51825610162
51825610162
51825610162
51825610162
51825610162
21145
515495
51825610162
51825610162
51825610162
51825610162
51825610162
51825610162
51831058060
51831058060
51831058060
51831058060
51831058060
51831058060
394545
51832814820
51832814820
51832814820
51832814820
51832814820
51832814820
0
51833918613
51833918613
51833918613
51833918613
51833918613
51833918613
51844471998
51844471998
51844471998
51844471998
51844471998
51844471998
49480
60720
51844471998
51844471998
51844471998
51844471998
51844471998
51844471998
51854338966
51854338966
51854338966
51854338966
51854338966
51854338966
0
51859196326
51859196326
51859196326
51859196326
51859196326
51859196326
0
51860585039
51860585039
51860585039
51860585039
51860585039
51860585039
51876702744
51876702744
51876702744
51876702744
51876702744
51876702744
0
0
51876702744
51876702744
51876702744
51876702744
51876702744
51876702744
51886522942
51886522942
51886522942
51886522942
51886522942
51886522942
0
51894480902
51894480902
51894480902
51894480902
51894480902
51894480902
75200
51896154535
51896154535
51896154535
51896154535
51896154535
51896154535
51917627400
51917627400
51917627400
51917627400
51917627400
51917627400
84825
477030
51917627400
51917627400
51917627400
51917627400
51917627400
51917627400
51930418238
51930418238
51930418238
51930418238
51930418238
51930418238
0
51941476798
51941476798
51941476798
51941476798
51941476798
51941476798
0
51941735351
51941735351
51941735351
51941735351
51941735351
51941735351
51972354416
51972354416
51972354416
51972354416
51972354416
51972354416
113640
1231515
51972354416
51972354416
51972354416
51972354416
51972354416
51972354416
51973447269
51973447269
51973447269
51973447269
51973447269
51973447269
14110285
51987606429
51987606429
51987606429
51987606429
51987606429
51987606429
0
51988149902
51988149902
51988149902
51988149902
51988149902
51988149902
52006092087
52006092087
52006092087
52006092087
52006092087
52006092087
0
0
52006092087
52006092087
52006092087
52006092087
52006092087
52006092087
52010125135
52010125135
52010125135
52010125135
52010125135
52010125135
0
52027384895
52027384895
52027384895
52027384895
52027384895
52027384895
27800
52028213288
52028213288
52028213288
52028213288
52028213288
52028213288
52032928273
52032928273
52032928273
52032928273
52032928273
52032928273
151555
69265
52032928273
52032928273
52032928273
52032928273
52032928273
52032928273
52041052606
52041052606
52041052606
52041052606
52041052606
52041052606
0
52042912966
52042912966
52042912966
52042912966
52042912966
52042912966
44185
52044026279
52044026279
52044026279
52044026279
52044026279
52044026279
52053626024
52053626024
52053626024
52053626024
52053626024
52053626024
38105
134970
52053626024
52053626024
52053626024
52053626024
52053626024
52053626024
52063592112
52063592112
52063592112
52063592112
52063592112
52063592112
0
52068553072
52068553072
52068553072
52068553072
52068553072
52068553072
72665
52069951305
52069951305
52069951305
52069951305
52069951305
52069951305
52085131010
52085131010
52085131010
52085131010
52085131010
52085131010
0
0
52085131010
52085131010
52085131010
52085131010
52085131010
52085131010
52098858973
52098858973
52098858973
52098858973
52098858973
52098858973
248325
52106920533
52106920533
52106920533
52106920533
52106920533
52106920533
0
52108603686
52108603686
52108603686
52108603686
52108603686
52108603686
52130471631
52130471631
52130471631
52130471631
52130471631
52130471631
0
214105
52130471631
52130471631
52130471631
52130471631
52130471631
52130471631
52143966004
52143966004
52143966004
52143966004
52143966004
52143966004
0
52155128164
52155128164
52155128164
52155128164
52155128164
52155128164
0
52155396237
52155396237
52155396237
52155396237
52155396237
52155396237
52180130262
52180130262
52180130262
52180130262
52180130262
52180130262
0
186690
52180130262
52180130262
52180130262
52180130262
52180130262
52180130262
52180998835
52180998835
52180998835
52180998835
52180998835
52180998835
2061005
52195261595
52195261595
52195261595
52195261595
52195261595
52195261595
0
52195814588
52195814588
52195814588
52195814588
52195814588
52195814588
52214076973
52214076973
52214076973
52214076973
52214076973
52214076973
0
0
52214076973
52214076973
52214076973
52214076973
52214076973
52214076973
52217418666
52217418666
52217418666
52217418666
52217418666
52217418666
0
52234782026
52234782026
52234782026
52234782026
52234782026
52234782026
27600
52235619939
52235619939
52235619939
52235619939
52235619939
52235619939
52239623884
52239623884
52239623884
52239623884
52239623884
52239623884
0
0
52239623884
52239623884
52239623884
52239623884
52239623884
52239623884
52244125802
52244125802
52244125802
52244125802
52244125802
52244125802
258840
52246089762
52246089762
52246089762
52246089762
52246089762
52246089762
0
52247212595
52247212595
52247212595
52247212595
52247212595
52247212595
52257055540
52257055540
52257055540
52257055540
52257055540
52257055540
92130
35563510
52257055540
52257055540
52257055540
52257055540
52257055540
52257055540
52265493703
52265493703
52265493703
52265493703
52265493703
52265493703
135240
52270558263
52270558263
52270558263
52270558263
52270558263
52270558263
407500
52271966016
52271966016
52271966016
52271966016
52271966016
52271966016
52286725001
52286725001
52286725001
52286725001
52286725001
52286725001
0
174065
52286725001
52286725001
52286725001
52286725001
52286725001
52286725001
52298736619
52298736619
52298736619
52298736619
52298736619
52298736619
1363175
52306901779
52306901779
52306901779
52306901779
52306901779
52306901779
0
52308594452
52308594452
52308594452
52308594452
52308594452
52308594452
52330931677
52330931677
52330931677
52330931677
52330931677
52330931677
0
0
52330931677
52330931677
52330931677
52330931677
52330931677
52330931677
52345227050
52345227050
52345227050
52345227050
52345227050
52345227050
0
52356492810
52356492810
52356492810
52356492810
52356492810
52356492810
0
52356770403
52356770403
52356770403
52356770403
52356770403
52356770403
52381585388
52381585388
52381585388
52381585388
52381585388
52381585388
0
6540855
52381585388
52381585388
52381585388
52381585388
52381585388
52381585388
52382945931
52382945931
52382945931
52382945931
52382945931
52382945931
924400
52397312291
52397312291
52397312291
52397312291
52397312291
52397312291
30625
52397874804
52397874804
52397874804
52397874804
52397874804
52397874804
52416182909
52416182909
52416182909
52416182909
52416182909
52416182909
0
404090
52416182909
52416182909
52416182909
52416182909
52416182909
52416182909
52419511542
52419511542
52419511542
52419511542
52419511542
52419511542
91770
52436978502
52436978502
52436978502
52436978502
52436978502
52436978502
0
52437825935
52437825935
52437825935
52437825935
52437825935
52437825935
52443119320
52443119320
52443119320
52443119320
52443119320
52443119320
0
2117765
52443119320
52443119320
52443119320
52443119320
52443119320
52443119320
52449878173
52449878173
52449878173
52449878173
52449878173
52449878173
16960
52451945733
52451945733
52451945733
52451945733
52451945733
52451945733
44560
52453078086
52453078086
52453078086
52453078086
52453078086
52453078086
52463317991
52463317991
52463317991
52463317991
52463317991
52463317991
0
4952075
52463317991
52463317991
52463317991
52463317991
52463317991
52463317991
52471329049
52471329049
52471329049
52471329049
52471329049
52471329049
0
52476497209
52476497209
52476497209
52476497209
52476497209
52476497209
0
52477914482
52477914482
52477914482
52477914482
52477914482
52477914482
52494152827
52494152827
52494152827
52494152827
52494152827
52494152827
258210
0
52494152827
52494152827
52494152827
52494152827
52494152827
52494152827
52504640375
52504640375
52504640375
52504640375
52504640375
52504640375
7070285
52512909135
52512909135
52512909135
52512909135
52512909135
52512909135
0
52512911328
52512911328
52512911328
52512911328
52512911328
52512911328
52536579113
52536579113
52536579113
52536579113
52536579113
52536579113
0
0
52536579113
52536579113
52536579113
52536579113
52536579113
52536579113
52549610191
52549610191
52549610191
52549610191
52549610191
52549610191
4703030
52560979551
52560979551
52560979551
52560979551
52560979551
52560979551
141915
52561266664
52561266664
52561266664
52561266664
52561266664
52561266664
52584662769
52584662769
52584662769
52584662769
52584662769
52584662769
0
0
52584662769
52584662769
52584662769
52584662769
52584662769
52584662769
52585818307
52585818307
52585818307
52585818307
52585818307
52585818307
291530
52600288267
52600288267
52600288267
52600288267
52600288267
52600288267
0
52600860300
52600860300
52600860300
52600860300
52600860300
52600860300
52619464765
52619464765
52619464765
52619464765
52619464765
52619464765
0
56835
52619464765
52619464765
52619464765
52619464765
52619464765
52619464765
52623510713
52623510713
52623510713
52623510713
52623510713
52623510713
0
52641081273
52641081273
52641081273
52641081273
52641081273
52641081273
0
52641938226
52641938226
52641938226
52641938226
52641938226
52641938226
52647584251
52647584251
52647584251
52647584251
52647584251
52647584251
0
593935
52647584251
52647584251
52647584251
52647584251
52647584251
52647584251
52654071879
52654071879
52654071879
52654071879
52654071879
52654071879
15480
52656243039
52656243039
52656243039
52656243039
52656243039
52656243039
44360
52657384912
52657384912
52657384912
52657384912
52657384912
52657384912
52668220697
52668220697
52668220697
52668220697
52668220697
52668220697
0
0
52668220697
52668220697
52668220697
52668220697
52668220697
52668220697
52678884720
52678884720
52678884720
52678884720
52678884720
52678884720
0
52684156480
52684156480
52684156480
52684156480
52684156480
52684156480
0
52685583273
52685583273
52685583273
52685583273
52685583273
52685583273
52701727058
52701727058
52701727058
52701727058
52701727058
52701727058
54665
0
52701727058
52701727058
52701727058
52701727058
52701727058
52701727058
52710369956
52710369956
52710369956
52710369956
52710369956
52710369956
0
52718742316
52718742316
52718742316
52718742316
52718742316
52718742316
0
52718754029
52718754029
52718754029
52718754029
52718754029
52718754029
52743482454
52743482454
52743482454
52743482454
52743482454
52743482454
0
0
52743482454
52743482454
52743482454
52743482454
52743482454
52743482454
52759497452
52759497452
52759497452
52759497452
52759497452
52759497452
101955
52770970412
52770970412
52770970412
52770970412
52770970412
52770970412
0
52771267045
52771267045
52771267045
52771267045
52771267045
52771267045
52793756430
52793756430
52793756430
52793756430
52793756430
52793756430
0
357195
52793756430
52793756430
52793756430
52793756430
52793756430
52793756430
52794919238
52794919238
52794919238
52794919238
52794919238
52794919238
22985
52809492798
52809492798
52809492798
52809492798
52809492798
52809492798
0
52810074351
52810074351
52810074351
52810074351
52810074351
52810074351
52829032816
52829032816
52829032816
52829032816
52829032816
52829032816
0
0
52829032816
52829032816
52829032816
52829032816
52829032816
52829032816
52832977044
52832977044
52832977044
52832977044
52832977044
52832977044
0
52850651204
52850651204
52850651204
52850651204
52850651204
52850651204
0
52851517677
52851517677
52851517677
52851517677
52851517677
52851517677
52856813622
52856813622
52856813622
52856813622
52856813622
52856813622
0
13865
52856813622
52856813622
52856813622
52856813622
52856813622
52856813622
52864660945
52864660945
52864660945
52864660945
52864660945
52864660945
0
52866935705
52866935705
52866935705
52866935705
52866935705
52866935705
10025
52868087098
52868087098
52868087098
52868087098
52868087098
52868087098
52880272083
52880272083
52880272083
52880272083
52880272083
52880272083
24720
251505
52880272083
52880272083
52880272083
52880272083
52880272083
52880272083
52886300776
52886300776
52886300776
52886300776
52886300776
52886300776
0
52891676136
52891676136
52891676136
52891676136
52891676136
52891676136
61320
52893112449
52893112449
52893112449
52893112449
52893112449
52893112449
52907985114
52907985114
52907985114
52907985114
52907985114
52907985114
0
562960
52907985114
52907985114
52907985114
52907985114
52907985114
52907985114
52916766957
52916766957
52916766957
52916766957
52916766957
52916766957
91385
52925242917
52925242917
52925242917
52925242917
52925242917
52925242917
0
52925264150
52925264150
52925264150
52925264150
52925264150
52925264150
52947078055
52947078055
52947078055
52947078055
52947078055
52947078055
71625
2581105
52947078055
52947078055
52947078055
52947078055
52947078055
52947078055
52957712753
52957712753
52957712753
52957712753
52957712753
52957712753
0
52969289313
52969289313
52969289313
52969289313
52969289313
52969289313
0
52969595466
52969595466
52969595466
52969595466
52969595466
52969595466
52997235731
52997235731
52997235731
52997235731
52997235731
52997235731
0
348530
52997235731
52997235731
52997235731
52997235731
52997235731
52997235731
52998588169
52998588169
52998588169
52998588169
52998588169
52998588169
0
53013265329
53013265329
53013265329
53013265329
53013265329
53013265329
0
53013856402
53013856402
53013856402
53013856402
53013856402
53013856402
53033017467
53033017467
53033017467
53033017467
53033017467
53033017467
0
219045
53033017467
53033017467
53033017467
53033017467
53033017467
53033017467
53037297865
53037297865
53037297865
53037297865
53037297865
53037297865
31720
53055075625
53055075625
53055075625
53055075625
53055075625
53055075625
106465
53055951618
53055951618
53055951618
53055951618
53055951618
53055951618
53061212603
53061212603
53061212603
53061212603
53061212603
53061212603
0
90360
53061212603
53061212603
53061212603
53061212603
53061212603
53061212603
53066586936
53066586936
53066586936
53066586936
53066586936
53066586936
0
53068965296
53068965296
53068965296
53068965296
53068965296
53068965296
0
53070126209
53070126209
53070126209
53070126209
53070126209
53070126209
53079975354
53079975354
53079975354
53079975354
53079975354
53079975354
0
0
53079975354
53079975354
53079975354
53079975354
53079975354
53079975354
53091137182
53091137182
53091137182
53091137182
53091137182
53091137182
0
53096616142
53096616142
53096616142
53096616142
53096616142
53096616142
61120
53098061975
53098061975
53098061975
53098061975
53098061975
53098061975
53114788320
53114788320
53114788320
53114788320
53114788320
53114788320
0
156105
53114788320
53114788320
53114788320
53114788320
53114788320
53114788320
53130019048
53130019048
53130019048
53130019048
53130019048
53130019048
369760
53138598608
53138598608
53138598608
53138598608
53138598608
53138598608
81920
53138629361
53138629361
53138629361
53138629361
53138629361
53138629361
53157261346
53157261346
53157261346
53157261346
53157261346
53157261346
71425
78600
53157261346
53157261346
53157261346
53157261346
53157261346
53157261346
53168695364
53168695364
53168695364
53168695364
53168695364
53168695364
0
53180375524
53180375524
53180375524
53180375524
53180375524
53180375524
0
53180691197
53180691197
53180691197
53180691197
53180691197
53180691197
53206537542
53206537542
53206537542
53206537542
53206537542
53206537542
35305
0
53206537542
53206537542
53206537542
53206537542
53206537542
53206537542
53207586415
53207586415
53207586415
53207586415
53207586415
53207586415
0
53222367175
53222367175
53222367175
53222367175
53222367175
53222367175
0
53222967768
53222967768
53222967768
53222967768
53222967768
53222967768
53241764953
53241764953
53241764953
53241764953
53241764953
53241764953
0
996880
53241764953
53241764953
53241764953
53241764953
53241764953
53241764953
53245174241
53245174241
53245174241
53245174241
53245174241
53245174241
27520
53263055601
53263055601
53263055601
53263055601
53263055601
53263055601
0
53263941114
53263941114
53263941114
53263941114
53263941114
53263941114
53269320579
53269320579
53269320579
53269320579
53269320579
53269320579
0
690190
53269320579
53269320579
53269320579
53269320579
53269320579
53269320579
53274344022
53274344022
53274344022
53274344022
53274344022
53274344022
598860
53276825982
53276825982
53276825982
53276825982
53276825982
53276825982
0
53277996415
53277996415
53277996415
53277996415
53277996415
53277996415
53288366800
53288366800
53288366800
53288366800
53288366800
53288366800
0
58635
53288366800
53288366800
53288366800
53288366800
53288366800
53288366800
53294274113
53294274113
53294274113
53294274113
53294274113
53294274113
0
53299856673
53299856673
53299856673
53299856673
53299856673
53299856673
0
53301312026
53301312026
53301312026
53301312026
53301312026
53301312026
53319868771
53319868771
53319868771
53319868771
53319868771
53319868771
0
54294960
53319868771
53319868771
53319868771
53319868771
53319868771
53319868771
53331353144
53331353144
53331353144
53331353144
53331353144
53331353144
440825
53340036304
53340036304
53340036304
53340036304
53340036304
53340036304
167505
53340076577
53340076577
53340076577
53340076577
53340076577
53340076577
53361734522
53361734522
53361734522
53361734522
53361734522
53361734522
36200
40400
53361734522
53361734522
53361734522
53361734522
53361734522
53361734522
53374495020
53374495020
53374495020
53374495020
53374495020
53374495020
13068905
53386278780
53386278780
53386278780
53386278780
53386278780
53386278780
0
53386603973
53386603973
53386603973
53386603973
53386603973
53386603973
53415332558
53415332558
53415332558
53415332558
53415332558
53415332558
88385
1273670
53415332558
53415332558
53415332558
53415332558
53415332558
53415332558
53417662396
53417662396
53417662396
53417662396
53417662396
53417662396
123600
53432546756
53432546756
53432546756
53432546756
53432546756
53432546756
0
53433156869
53433156869
53433156869
53433156869
53433156869
53433156869
53452604774
53452604774
53452604774
53452604774
53452604774
53452604774
0
0
53452604774
53452604774
53452604774
53452604774
53452604774
53452604774
53456190082
53456190082
53456190082
53456190082
53456190082
53456190082
184290
53474175042
53474175042
53474175042
53474175042
53474175042
53474175042
0
53475070075
53475070075
53475070075
53475070075
53475070075
53475070075
53482264100
53482264100
53482264100
53482264100
53482264100
53482264100
0
69170
53482264100
53482264100
53482264100
53482264100
53482264100
53482264100
53487993078
53487993078
53487993078
53487993078
53487993078
53487993078
0
53490578638
53490578638
53490578638
53490578638
53490578638
53490578638
0
53491758591
53491758591
53491758591
53491758591
53491758591
53491758591
53502131456
53502131456
53502131456
53502131456
53502131456
53502131456
0
0
53502131456
53502131456
53502131456
53502131456
53502131456
53502131456
53513445499
53513445499
53513445499
53513445499
53513445499
53513445499
1719825
53519131659
53519131659
53519131659
53519131659
53519131659
53519131659
0
53520596532
53520596532
53520596532
53520596532
53520596532
53520596532
53536995357
53536995357
53536995357
53536995357
53536995357
53536995357
55465
235010
53536995357
53536995357
53536995357
53536995357
53536995357
53536995357
53550240680
53550240680
53550240680
53550240680
53550240680
53550240680
113410
53559027440
53559027440
53559027440
53559027440
53559027440
53559027440
77880
53559077233
53559077233
53559077233
53559077233
53559077233
53559077233
53578610818
53578610818
53578610818
53578610818
53578610818
53578610818
0
197015
53578610818
53578610818
53578610818
53578610818
53578610818
53578610818
53596758261
53596758261
53596758261
53596758261
53596758261
53596758261
0
53608645621
53608645621
53608645621
53608645621
53608645621
53608645621
0
53608980334
53608980334
53608980334
53608980334
53608980334
53608980334
53635349079
53635349079
53635349079
53635349079
53635349079
53635349079
88185
0
53635349079
53635349079
53635349079
53635349079
53635349079
53635349079
53636692082
53636692082
53636692082
53636692082
53636692082
53636692082
0
53651680042
53651680042
53651680042
53651680042
53651680042
53651680042
0
53652299675
53652299675
53652299675
53652299675
53652299675
53652299675
53671573460
53671573460
53671573460
53671573460
53671573460
53671573460
0
0
53671573460
53671573460
53671573460
53671573460
53671573460
53671573460
53676558498
53676558498
53676558498
53676558498
53676558498
53676558498
27620
53694647058
53694647058
53694647058
53694647058
53694647058
53694647058
47385
53695551611
53695551611
53695551611
53695551611
53695551611
53695551611
53701234756
53701234756
53701234756
53701234756
53701234756
53701234756
0
97940
53701234756
53701234756
53701234756
53701234756
53701234756
53701234756
53708508104
53708508104
53708508104
53708508104
53708508104
53708508104
291530
53711197264
53711197264
53711197264
53711197264
53711197264
53711197264
0
53712386737
53712386737
53712386737
53712386737
53712386737
53712386737
53723788602
53723788602
53723788602
53723788602
53723788602
53723788602
65545
61410
53723788602
53723788602
53723788602
53723788602
53723788602
53723788602
53732987000
53732987000
53732987000
53732987000
53732987000
53732987000
0
53738776760
53738776760
53738776760
53738776760
53738776760
53738776760
0
53740251153
53740251153
53740251153
53740251153
53740251153
53740251153
53754562138
53754562138
53754562138
53754562138
53754562138
53754562138
31425
283995
53754562138
53754562138
53754562138
53754562138
53754562138
53754562138
53768441276
53768441276
53768441276
53768441276
53768441276
53768441276
20920
53777331636
53777331636
53777331636
53777331636
53777331636
53777331636
82240
53777390949
53777390949
53777390949
53777390949
53777390949
53777390949
53799699614
53799699614
53799699614
53799699614
53799699614
53799699614
0
0
53799699614
53799699614
53799699614
53799699614
53799699614
53799699614
53816094877
53816094877
53816094877
53816094877
53816094877
53816094877
4127160
53828085837
53828085837
53828085837
53828085837
53828085837
53828085837
94840
53828430070
53828430070
53828430070
53828430070
53828430070
53828430070
53857624255
53857624255
53857624255
53857624255
53857624255
53857624255
0
14880
53857624255
53857624255
53857624255
53857624255
53857624255
53857624255
53859005783
53859005783
53859005783
53859005783
53859005783
53859005783
0
53874097343
53874097343
53874097343
53874097343
53874097343
53874097343
248595
53874726496
53874726496
53874726496
53874726496
53874726496
53874726496
53875480521
53875480521
53875480521
53875480521
53875480521
53875480521
5145
5309885
53875480521
53875480521
53875480521
53875480521
53875480521
53875480521
53880513909
53880513909
53880513909
53880513909
53880513909
53880513909
34440
53898706069
53898706069
53898706069
53898706069
53898706069
53898706069
182825
53899620142
53899620142
53899620142
53899620142
53899620142
53899620142
53905792327
53905792327
53905792327
53905792327
53905792327
53905792327
216290
0
53905792327
53905792327
53905792327
53905792327
53905792327
53905792327
53910879175
53910879175
53910879175
53910879175
53910879175
53910879175
557515
53913671935
53913671935
53913671935
53913671935
53913671935
53913671935
0
53914870928
53914870928
53914870928
53914870928
53914870928
53914870928
53926322113
53926322113
53926322113
53926322113
53926322113
53926322113
0
0
53926322113
53926322113
53926322113
53926322113
53926322113
53926322113
53937059111
53937059111
53937059111
53937059111
53937059111
53937059111
276155
53942952471
53942952471
53942952471
53942952471
53942952471
53942952471
0
53944436384
53944436384
53944436384
53944436384
53944436384
53944436384
53960129449
53960129449
53960129449
53960129449
53960129449
53960129449
0
2958455
53960129449
53960129449
53960129449
53960129449
53960129449
53960129449
53970164232
53970164232
53970164232
53970164232
53970164232
53970164232
0
53979158192
53979158192
53979158192
53979158192
53979158192
53979158192
10840
53979227025
53979227025
53979227025
53979227025
53979227025
53979227025
53998926930
53998926930
53998926930
53998926930
53998926930
53998926930
0
0
53998926930
53998926930
53998926930
53998926930
53998926930
53998926930
54007242578
54007242578
54007242578
54007242578
54007242578
54007242578
485280
54019337138
54019337138
54019337138
54019337138
54019337138
54019337138
153680
54019690891
54019690891
54019690891
54019690891
54019690891
54019690891
54045389476
54045389476
54045389476
54045389476
54045389476
54045389476
0
43936650
54045389476
54045389476
54045389476
54045389476
54045389476
54045389476
54047827479
54047827479
54047827479
54047827479
54047827479
54047827479
0
54063022639
54063022639
54063022639
54063022639
54063022639
54063022639
0
54063661312
54063661312
54063661312
54063661312
54063661312
54063661312
54065086977
54065086977
54065086977
54065086977
54065086977
54065086977
4945
123065
54065086977
54065086977
54065086977
54065086977
54065086977
54065086977
54069061475
54069061475
54069061475
54069061475
54069061475
54069061475
0
54087357235
54087357235
54087357235
54087357235
54087357235
54087357235
0
54088280828
54088280828
54088280828
54088280828
54088280828
54088280828
54096211013
54096211013
54096211013
54096211013
54096211013
54096211013
0
992460
54096211013
54096211013
54096211013
54096211013
54096211013
54096211013
54104246166
54104246166
54104246166
54104246166
54104246166
54104246166
317220
54107142526
54107142526
54107142526
54107142526
54107142526
54107142526
0
54108351039
54108351039
54108351039
54108351039
54108351039
54108351039
54118746824
54118746824
54118746824
54118746824
54118746824
54118746824
83960
0
54118746824
54118746824
54118746824
54118746824
54118746824
54118746824
54126708007
54126708007
54126708007
54126708007
54126708007
54126708007
117905
54132704967
54132704967
54132704967
54132704967
54132704967
54132704967
26785
54134198400
54134198400
54134198400
54134198400
54134198400
54134198400
54151770025
54151770025
54151770025
54151770025
54151770025
54151770025
24320
228910
54151770025
54151770025
54151770025
54151770025
54151770025
54151770025
54167563553
54167563553
54167563553
54167563553
54167563553
54167563553
0
54176661113
54176661113
54176661113
54176661113
54176661113
54176661113
0
54176739466
54176739466
54176739466
54176739466
54176739466
54176739466
54200314851
54200314851
54200314851
54200314851
54200314851
54200314851
35600
460915
54200314851
54200314851
54200314851
54200314851
54200314851
54200314851
54210298604
54210298604
54210298604
54210298604
54210298604
54210298604
26305
54222496764
54222496764
54222496764
54222496764
54222496764
54222496764
0
54222860037
54222860037
54222860037
54222860037
54222860037
54222860037
54246871022
54246871022
54246871022
54246871022
54246871022
54246871022
1374415
73875
54246871022
54246871022
54246871022
54246871022
54246871022
54246871022
54248890770
54248890770
54248890770
54248890770
54248890770
54248890770
0
54264189530
54264189530
54264189530
54264189530
54264189530
54264189530
11600
54264837723
54264837723
54264837723
54264837723
54264837723
54264837723
54266474708
54266474708
54266474708
54266474708
54266474708
54266474708
0
344525
54266474708
54266474708
54266474708
54266474708
54266474708
54266474708
54271513521
54271513521
54271513521
54271513521
54271513521
54271513521
62145
54289912881
54289912881
54289912881
54289912881
54289912881
54289912881
64265
54290845994
54290845994
54290845994
54290845994
54290845994
54290845994
54297307459
54297307459
54297307459
54297307459
54297307459
54297307459
21905
0
54297307459
54297307459
54297307459
54297307459
54297307459
54297307459
54302071417
54302071417
54302071417
54302071417
54302071417
54302071417
0
54305071377
54305071377
54305071377
54305071377
54305071377
54305071377
48225
54306289410
54306289410
54306289410
54306289410
54306289410
54306289410
54316326955
54316326955
54316326955
54316326955
54316326955
54316326955
0
100945
54316326955
54316326955
54316326955
54316326955
54316326955
54316326955
54324174703
54324174703
54324174703
54324174703
54324174703
54324174703
2973125
54330275263
54330275263
54330275263
54330275263
54330275263
54330275263
0
54331778216
54331778216
54331778216
54331778216
54331778216
54331778216
54350007601
54350007601
54350007601
54350007601
54350007601
54350007601
0
0
54350007601
54350007601
54350007601
54350007601
54350007601
54350007601
54362147369
54362147369
54362147369
54362147369
54362147369
54362147369
125785
54371348529
54371348529
54371348529
54371348529
54371348529
54371348529
0
54371436402
54371436402
54371436402
54371436402
54371436402
54371436402
54392138987
54392138987
54392138987
54392138987
54392138987
54392138987
0
0
54392138987
54392138987
54392138987
54392138987
54392138987
54392138987
54407904560
54407904560
54407904560
54407904560
54407904560
54407904560
0
54420206320
54420206320
54420206320
54420206320
54420206320
54420206320
0
54420579113
54420579113
54420579113
54420579113
54420579113
54420579113
54448938098
54448938098
54448938098
54448938098
54448938098
54448938098
0
198240
54448938098
54448938098
54448938098
54448938098
54448938098
54448938098
54450726651
54450726651
54450726651
54450726651
54450726651
54450726651
372400
54466129011
54466129011
54466129011
54466129011
54466129011
54466129011
11400
54466786724
54466786724
54466786724
54466786724
54466786724
54466786724
54468747949
54468747949
54468747949
54468747949
54468747949
54468747949
0
380325
54468747949
54468747949
54468747949
54468747949
54468747949
54468747949
54472130757
54472130757
54472130757
54472130757
54472130757
54472130757
460000
54472133717
54472133717
54472133717
54472133717
54472133717
54472133717
59850
54473076350
54473076350
54473076350
54473076350
54473076350
54473076350
54479413575
54479413575
54479413575
54479413575
54479413575
54479413575
21705
1124315
54479413575
54479413575
54479413575
54479413575
54479413575
54479413575
54487466068
54487466068
54487466068
54487466068
54487466068
54487466068
0
54490569628
54490569628
54490569628
54490569628
54490569628
54490569628
0
54491797181
54491797181
54491797181
54491797181
54491797181
54491797181
54502332646
54502332646
54502332646
54502332646
54502332646
54502332646
0
111480
54502332646
54502332646
54502332646
54502332646
54502332646
54502332646
54511371164
54511371164
54511371164
54511371164
54511371164
54511371164
0
54517575324
54517575324
54517575324
54517575324
54517575324
54517575324
0
54519087797
54519087797
54519087797
54519087797
54519087797
54519087797
54533706862
54533706862
54533706862
54533706862
54533706862
54533706862
0
0
54533706862
54533706862
54533706862
54533706862
54533706862
54533706862
54543008385
54543008385
54543008385
54543008385
54543008385
54543008385
0
54552313145
54552313145
54552313145
54552313145
54552313145
54552313145
0
54552410538
54552410538
54552410538
54552410538
54552410538
54552410538
54572890523
54572890523
54572890523
54572890523
54572890523
54572890523
136610
0
54572890523
54572890523
54572890523
54572890523
54572890523
54572890523
54586171821
54586171821
54586171821
54586171821
54586171821
54586171821
350830
54598577181
54598577181
54598577181
54598577181
54598577181
54598577181
6185
54598959494
54598959494
54598959494
54598959494
54598959494
54598959494
54629935439
54629935439
54629935439
54629935439
54629935439
54629935439
0
0
54629935439
54629935439
54629935439
54629935439
54629935439
54629935439
54632265437
54632265437
54632265437
54632265437
54632265437
54632265437
121345
54647771397
54647771397
54647771397
54647771397
54647771397
54647771397
0
54648438630
54648438630
54648438630
54648438630
54648438630
54648438630
54650560935
54650560935
54650560935
54650560935
54650560935
54650560935
0
100170
54650560935
54650560935
54650560935
54650560935
54650560935
54650560935
54656146288
54656146288
54656146288
54656146288
54656146288
54656146288
0
54656252848
54656252848
54656252848
54656252848
54656252848
54656252848
28360
54657205001
54657205001
54657205001
54657205001
54657205001
54657205001
54664524146
54664524146
54664524146
54664524146
54664524146
54664524146
0
364420
54664524146
54664524146
54664524146
54664524146
54664524146
54664524146
54669311334
54669311334
54669311334
54669311334
54669311334
54669311334
253560
54672518494
54672518494
54672518494
54672518494
54672518494
54672518494
0
54673755567
54673755567
54673755567
54673755567
54673755567
54673755567
54685634672
54685634672
54685634672
54685634672
54685634672
54685634672
38665
610300
54685634672
54685634672
54685634672
54685634672
54685634672
54685634672
54693245470
54693245470
54693245470
54693245470
54693245470
54693245470
86865
54699553230
54699553230
54699553230
54699553230
54699553230
54699553230
0
54701075223
54701075223
54701075223
54701075223
54701075223
54701075223
54718032608
54718032608
54718032608
54718032608
54718032608
54718032608
45905
1140720
54718032608
54718032608
54718032608
54718032608
54718032608
54718032608
54733447551
54733447551
54733447551
54733447551
54733447551
54733447551
522000
54742855911
54742855911
54742855911
54742855911
54742855911
54742855911
108090
54742962824
54742962824
54742962824
54742962824
54742962824
54742962824
54770505249
54770505249
54770505249
54770505249
54770505249
54770505249
90625
422710
54770505249
54770505249
54770505249
54770505249
54770505249
54770505249
54786089282
54786089282
54786089282
54786089282
54786089282
54786089282
1240210
54798598242
54798598242
54798598242
54798598242
54798598242
54798598242
0
54798990075
54798990075
54798990075
54798990075
54798990075
54798990075
54826009700
54826009700
54826009700
54826009700
54826009700
54826009700
0
211745875
54826009700
54826009700
54826009700
54826009700
54826009700
54826009700
54828345963
54828345963
54828345963
54828345963
54828345963
54828345963
76250
54843955523
54843955523
54843955523
54843955523
54843955523
54843955523
0
54844632276
54844632276
54844632276
54844632276
54844632276
54844632276
54846845821
54846845821
54846845821
54846845821
54846845821
54846845821
0
518675
54846845821
54846845821
54846845821
54846845821
54846845821
54846845821
54852356144
54852356144
54852356144
54852356144
54852356144
54852356144
0
54852566304
54852566304
54852566304
54852566304
54852566304
54852566304
28160
54853527977
54853527977
54853527977
54853527977
54853527977
54853527977
54861138802
54861138802
54861138802
54861138802
54861138802
54861138802
0
0
54861138802
54861138802
54861138802
54861138802
54861138802
54861138802
54867707675
54867707675
54867707675
54867707675
54867707675
54867707675
0
54871018435
54871018435
54871018435
54871018435
54871018435
54871018435
64145
54872265028
54872265028
54872265028
54872265028
54872265028
54872265028
54883511013
54883511013
54883511013
54883511013
54883511013
54883511013
154690
41120
54883511013
54883511013
54883511013
54883511013
54883511013
54883511013
54893026616
54893026616
54893026616
54893026616
54893026616
54893026616
0
54899437976
54899437976
54899437976
54899437976
54899437976
54899437976
0
54900969489
54900969489
54900969489
54900969489
54900969489
54900969489
54917789754
54917789754
54917789754
54917789754
54917789754
54917789754
0
1988790
54917789754
54917789754
54917789754
54917789754
54917789754
54917789754
54931549027
54931549027
54931549027
54931549027
54931549027
54931549027
0
54941060987
54941060987
54941060987
54941060987
54941060987
54941060987
0
54941177420
54941177420
54941177420
54941177420
54941177420
54941177420
54964085845
54964085845
54964085845
54964085845
54964085845
54964085845
0
0
54964085845
54964085845
54964085845
54964085845
54964085845
54964085845
54977734553
54977734553
54977734553
54977734553
54977734553
54977734553
187290
54990347113
54990347113
54990347113
54990347113
54990347113
54990347113
0
54990748466
54990748466
54990748466
54990748466
54990748466
54990748466
55015660091
55015660091
55015660091
55015660091
55015660091
55015660091
259475
425420
55015660091
55015660091
55015660091
55015660091
55015660091
55015660091
55016956239
55016956239
55016956239
55016956239
55016956239
55016956239
0
55032669399
55032669399
55032669399
55032669399
55032669399
55032669399
0
55033355672
55033355672
55033355672
55033355672
55033355672
55033355672
55035592177
55035592177
55035592177
55035592177
55035592177
55035592177
0
0
55035592177
55035592177
55035592177
55035592177
55035592177
55035592177
55040777350
55040777350
55040777350
55040777350
55040777350
55040777350
9499685
55041091110
55041091110
55041091110
55041091110
55041091110
55041091110
85585
55042062303
55042062303
55042062303
55042062303
55042062303
55042062303
55049060488
55049060488
55049060488
55049060488
55049060488
55049060488
0
0
55049060488
55049060488
55049060488
55049060488
55049060488
55049060488
55054621386
55054621386
55054621386
55054621386
55054621386
55054621386
0
55058035746
55058035746
55058035746
55058035746
55058035746
55058035746
45120
55059291859
55059291859
55059291859
55059291859
55059291859
55059291859
55070110364
55070110364
55070110364
55070110364
55070110364
55070110364
0
0
55070110364
55070110364
55070110364
55070110364
55070110364
55070110364
55074849027
55074849027
55074849027
55074849027
55074849027
55074849027
36273300
55081363987
55081363987
55081363987
55081363987
55081363987
55081363987
34880
55082905020
55082905020
55082905020
55082905020
55082905020
55082905020
55104164645
55104164645
55104164645
55104164645
55104164645
55104164645
55425
43400
55104164645
55104164645
55104164645
55104164645
55104164645
55104164645
55116162903
55116162903
55116162903
55116162903
55116162903
55116162903
37680
55125778463
55125778463
55125778463
55125778463
55125778463
55125778463
67800
55125904416
55125904416
55125904416
55125904416
55125904416
55125904416
55148672841
55148672841
55148672841
55148672841
55148672841
55148672841
0
0
55148672841
55148672841
55148672841
55148672841
55148672841
55148672841
55162214539
55162214539
55162214539
55162214539
55162214539
55162214539
0
55174930699
55174930699
55174930699
55174930699
55174930699
55174930699
91200
55175341572
55175341572
55175341572
55175341572
55175341572
55175341572
55198118317
55198118317
55198118317
55198118317
55198118317
55198118317
26265
0
55198118317
55198118317
55198118317
55198118317
55198118317
55198118317
55200130640
55200130640
55200130640
55200130640
55200130640
55200130640
338660
55215947400
55215947400
55215947400
55215947400
55215947400
55215947400
128810
55216643193
55216643193
55216643193
55216643193
55216643193
55216643193
55219899578
55219899578
55219899578
55219899578
55219899578
55219899578
0
0
55219899578
55219899578
55219899578
55219899578
55219899578
55219899578
55223504521
55223504521
55223504521
55223504521
55223504521
55223504521
0
55223921881
55223921881
55223921881
55223921881
55223921881
55223921881
86105
55224902594
55224902594
55224902594
55224902594
55224902594
55224902594
55232125579
55232125579
55232125579
55232125579
55232125579
55232125579
0
0
55232125579
55232125579
55232125579
55232125579
55232125579
55232125579
55239278717
55239278717
55239278717
55239278717
55239278717
55239278717
9013725
55242796677
55242796677
55242796677
55242796677
55242796677
55242796677
44920
55244062310
55244062310
55244062310
55244062310
55244062310
55244062310
55256861935
55256861935
55256861935
55256861935
55256861935
55256861935
0
498525
55256861935
55256861935
55256861935
55256861935
55256861935
55256861935
55267704388
55267704388
55267704388
55267704388
55267704388
55267704388
0
55274322948
55274322948
55274322948
55274322948
55274322948
55274322948
40960
55275873501
55275873501
55275873501
55275873501
55275873501
55275873501
55294089686
55294089686
55294089686
55294089686
55294089686
55294089686
118170
189515
55294089686
55294089686
55294089686
55294089686
55294089686
55294089686
55308608214
55308608214
55308608214
55308608214
55308608214
55308608214
409290
55318327374
55318327374
55318327374
55318327374
55318327374
55318327374
43545
55318462847
55318462847
55318462847
55318462847
55318462847
55318462847
55344969552
55344969552
55344969552
55344969552
55344969552
55344969552
0
0
55344969552
55344969552
55344969552
55344969552
55344969552
55344969552
55357029650
55357029650
55357029650
55357029650
55357029650
55357029650
0
55369849410
55369849410
55369849410
55369849410
55369849410
55369849410
0
55370269803
55370269803
55370269803
55370269803
55370269803
55370269803
55399524788
55399524788
55399524788
55399524788
55399524788
55399524788
902805
1536410
55399524788
55399524788
55399524788
55399524788
55399524788
55399524788
55402276356
55402276356
55402276356
55402276356
55402276356
55402276356
0
55418196716
55418196716
55418196716
55418196716
55418196716
55418196716
0
55418902029
55418902029
55418902029
55418902029
55418902029
55418902029
55421520214
55421520214
55421520214
55421520214
55421520214
55421520214
726085
0
55421520214
55421520214
55421520214
55421520214
55421520214
55421520214
55427017487
55427017487
55427017487
55427017487
55427017487
55427017487
758220
55427538447
55427538447
55427538447
55427538447
55427538447
55427538447
0
55428528680
55428528680
55428528680
55428528680
55428528680
55428528680
55436775745
55436775745
55436775745
55436775745
55436775745
55436775745
39800
0
55436775745
55436775745
55436775745
55436775745
55436775745
55436775745
55444832388
55444832388
55444832388
55444832388
55444832388
55444832388
814280
55448453948
55448453948
55448453948
55448453948
55448453948
55448453948
0
55449729101
55449729101
55449729101
55449729101
55449729101
55449729101
55463675326
55463675326
55463675326
55463675326
55463675326
55463675326
0
0
55463675326
55463675326
55463675326
55463675326
55463675326
55463675326
55473374504
55473374504
55473374504
55473374504
55473374504
55473374504
9440
55480096664
55480096664
55480096664
55480096664
55480096664
55480096664
126865
55481656737
55481656737
55481656737
55481656737
55481656737
55481656737
55495384362
55495384362
55495384362
55495384362
55495384362
55495384362
0
0
55495384362
55495384362
55495384362
55495384362
55495384362
55495384362
55509101935
55509101935
55509101935
55509101935
55509101935
55509101935
927415
55518924695
55518924695
55518924695
55518924695
55518924695
55518924695
0
55519069688
55519069688
55519069688
55519069688
55519069688
55519069688
55540347673
55540347673
55540347673
55540347673
55540347673
55540347673
72185
53262365
55540347673
55540347673
55540347673
55540347673
55540347673
55540347673
55556724766
55556724766
55556724766
55556724766
55556724766
55556724766
196780
55569648126
55569648126
55569648126
55569648126
55569648126
55569648126
0
55570078039
55570078039
55570078039
55570078039
55570078039
55570078039
55598160384
55598160384
55598160384
55598160384
55598160384
55598160384
0
0
55598160384
55598160384
55598160384
55598160384
55598160384
55598160384
55600412617
55600412617
55600412617
55600412617
55600412617
55600412617
93785
55616436577
55616436577
55616436577
55616436577
55616436577
55616436577
0
55617151410
55617151410
55617151410
55617151410
55617151410
55617151410
55620708035
55620708035
55620708035
55620708035
55620708035
55620708035
0
136945
55620708035
55620708035
55620708035
55620708035
55620708035
55620708035
55626236298
55626236298
55626236298
55626236298
55626236298
55626236298
0
55626860858
55626860858
55626860858
55626860858
55626860858
55626860858
0
55627860611
55627860611
55627860611
55627860611
55627860611
55627860611
55635569996
55635569996
55635569996
55635569996
55635569996
55635569996
0
22425
55635569996
55635569996
55635569996
55635569996
55635569996
55635569996
55642887774
55642887774
55642887774
55642887774
55642887774
55642887774
79680
55646612934
55646612934
55646612934
55646612934
55646612934
55646612934
125665
55647897607
55647897607
55647897607
55647897607
55647897607
55647897607
55663482352
55663482352
55663482352
55663482352
55663482352
55663482352
0
0
55663482352
55663482352
55663482352
55663482352
55663482352
55663482352
55673198225
55673198225
55673198225
55673198225
55673198225
55673198225
0
55680023985
55680023985
55680023985
55680023985
55680023985
55680023985
61680
55681593578
55681593578
55681593578
55681593578
55681593578
55681593578
55702960963
55702960963
55702960963
55702960963
55702960963
55702960963
104090
0
55702960963
55702960963
55702960963
55702960963
55702960963
55702960963
55715123796
55715123796
55715123796
55715123796
55715123796
55715123796
0
55725050156
55725050156
55725050156
55725050156
55725050156
55725050156
298705
55725204669
55725204669
55725204669
55725204669
55725204669
55725204669
55751624574
55751624574
55751624574
55751624574
55751624574
55751624574
71985
694155
55751624574
55751624574
55751624574
55751624574
55751624574
55751624574
55765327527
55765327527
55765327527
55765327527
55765327527
55765327527
77665
55778354487
55778354487
55778354487
55778354487
55778354487
55778354487
0
55778793920
55778793920
55778793920
55778793920
55778793920
55778793920
55806562025
55806562025
55806562025
55806562025
55806562025
55806562025
0
445755
55806562025
55806562025
55806562025
55806562025
55806562025
55806562025
55808955158
55808955158
55808955158
55808955158
55808955158
55808955158
2394410
55825082718
55825082718
55825082718
55825082718
55825082718
55825082718
641345
55825807071
55825807071
55825807071
55825807071
55825807071
55825807071
55829102896
55829102896
55829102896
55829102896
55829102896
55829102896
0
129610
55829102896
55829102896
55829102896
55829102896
55829102896
55829102896
55833353309
55833353309
55833353309
55833353309
55833353309
55833353309
162820
55834081469
55834081469
55834081469
55834081469
55834081469
55834081469
0
55835090742
55835090742
55835090742
55835090742
55835090742
55835090742
55844135247
55844135247
55844135247
55844135247
55844135247
55844135247
0
0
55844135247
55844135247
55844135247
55844135247
55844135247
55844135247
55848421570
55848421570
55848421570
55848421570
55848421570
55848421570
647360
55852250330
55852250330
55852250330
55852250330
55852250330
55852250330
0
55853544523
55853544523
55853544523
55853544523
55853544523
55853544523
55868574708
55868574708
55868574708
55868574708
55868574708
55868574708
0
62240
55868574708
55868574708
55868574708
55868574708
55868574708
55868574708
55877644306
55877644306
55877644306
55877644306
55877644306
55877644306
0
55884573666
55884573666
55884573666
55884573666
55884573666
55884573666
0
55886152779
55886152779
55886152779
55886152779
55886152779
55886152779
55901561844
55901561844
55901561844
55901561844
55901561844
55901561844
387475
463360
55901561844
55901561844
55901561844
55901561844
55901561844
55901561844
55914884722
55914884722
55914884722
55914884722
55914884722
55914884722
168050
55924914682
55924914682
55924914682
55924914682
55924914682
55924914682
78640
55925078715
55925078715
55925078715
55925078715
55925078715
55925078715
55949103500
55949103500
55949103500
55949103500
55949103500
55949103500
0
84480
55949103500
55949103500
55949103500
55949103500
55949103500
55949103500
55959801838
55959801838
55959801838
55959801838
55959801838
55959801838
957290
55972932398
55972932398
55972932398
55972932398
55972932398
55972932398
44385
55973381351
55973381351
55973381351
55973381351
55973381351
55973381351
56004541456
56004541456
56004541456
56004541456
56004541456
56004541456
88945
94865
56004541456
56004541456
56004541456
56004541456
56004541456
56004541456
56006421369
56006421369
56006421369
56006421369
56006421369
56006421369
67440
56022652529
56022652529
56022652529
56022652529
56022652529
56022652529
0
56023386402
56023386402
56023386402
56023386402
56023386402
56023386402
56026542187
56026542187
56026542187
56026542187
56026542187
56026542187
0
398560
56026542187
56026542187
56026542187
56026542187
56026542187
56026542187
56033886635
56033886635
56033886635
56033886635
56033886635
56033886635
90745
56034718395
56034718395
56034718395
56034718395
56034718395
56034718395
38960
56035737188
56035737188
56035737188
56035737188
56035737188
56035737188
56046346573
56046346573
56046346573
56046346573
56046346573
56046346573
0
0
56046346573
56046346573
56046346573
56046346573
56046346573
56046346573
56052229471
56052229471
56052229471
56052229471
56052229471
56052229471
0
56056161831
56056161831
56056161831
56056161831
56056161831
56056161831
0
56057465544
56057465544
56057465544
56057465544
56057465544
56057465544
56069477289
56069477289
56069477289
56069477289
56069477289
56069477289
0
0
56069477289
56069477289
56069477289
56069477289
56069477289
56069477289
56077421077
56077421077
56077421077
56077421077
56077421077
56077421077
97640
56084454037
56084454037
56084454037
56084454037
56084454037
56084454037
80905
56086042670
56086042670
56086042670
56086042670
56086042670
56086042670
56107294375
56107294375
56107294375
56107294375
56107294375
56107294375
0
359475
56107294375
56107294375
56107294375
56107294375
56107294375
56107294375
56117950628
56117950628
56117950628
56117950628
56117950628
56117950628
0
56128084188
56128084188
56128084188
56128084188
56128084188
56128084188
78440
56128257741
56128257741
56128257741
56128257741
56128257741
56128257741
56148140486
56148140486
56148140486
56148140486
56148140486
56148140486
0
0
56148140486
56148140486
56148140486
56148140486
56148140486
56148140486
56148317244
56148317244
56148317244
56148317244
56148317244
56148317244
419555
56161551404
56161551404
56161551404
56161551404
56161551404
56161551404
0
56162009877
56162009877
56162009877
56162009877
56162009877
56162009877
56193848222
56193848222
56193848222
56193848222
56193848222
56193848222
88745
0
56193848222
56193848222
56193848222
56193848222
56193848222
56193848222
56196230145
56196230145
56196230145
56196230145
56196230145
56196230145
0
56212564905
56212564905
56212564905
56212564905
56212564905
56212564905
0
56213308298
56213308298
56213308298
56213308298
56213308298
56213308298
56217348283
56217348283
56217348283
56217348283
56217348283
56217348283
59520
2745190
56217348283
56217348283
56217348283
56217348283
56217348283
56217348283
56221739816
56221739816
56221739816
56221739816
56221739816
56221739816
1111160
56222675176
56222675176
56222675176
56222675176
56222675176
56222675176
0
56223703489
56223703489
56223703489
56223703489
56223703489
56223703489
56232147594
56232147594
56232147594
56232147594
56232147594
56232147594
0
821750
56232147594
56232147594
56232147594
56232147594
56232147594
56232147594
56238094892
56238094892
56238094892
56238094892
56238094892
56238094892
0
56242130852
56242130852
56242130852
56242130852
56242130852
56242130852
2345
56243444085
56243444085
56243444085
56243444085
56243444085
56243444085
56258912550
56258912550
56258912550
56258912550
56258912550
56258912550
0
0
56258912550
56258912550
56258912550
56258912550
56258912550
56258912550
56272575478
56272575478
56272575478
56272575478
56272575478
56272575478
0
56279712038
56279712038
56279712038
56279712038
56279712038
56279712038
0
56281310191
56281310191
56281310191
56281310191
56281310191
56281310191
56302432056
56302432056
56302432056
56302432056
56302432056
56302432056
0
20825
56302432056
56302432056
56302432056
56302432056
56302432056
56302432056
56310552854
56310552854
56310552854
56310552854
56310552854
56310552854
0
56320790014
56320790014
56320790014
56320790014
56320790014
56320790014
0
56320973087
56320973087
56320973087
56320973087
56320973087
56320973087
56347975952
56347975952
56347975952
56347975952
56347975952
56347975952
0
2218430
56347975952
56347975952
56347975952
56347975952
56347975952
56347975952
56348217000
56348217000
56348217000
56348217000
56348217000
56348217000
325092720
56361554760
56361554760
56361554760
56361554760
56361554760
56361554760
238600
56362022753
56362022753
56362022753
56362022753
56362022753
56362022753
56394841338
56394841338
56394841338
56394841338
56394841338
56394841338
0
0
56394841338
56394841338
56394841338
56394841338
56394841338
56394841338
56396839971
56396839971
56396839971
56396839971
56396839971
56396839971
0
56413278331
56413278331
56413278331
56413278331
56413278331
56413278331
127410
56414031244
56414031244
56414031244
56414031244
56414031244
56414031244
56418058909
56418058909
56418058909
56418058909
56418058909
56418058909
5705
0
56418058909
56418058909
56418058909
56418058909
56418058909
56418058909
56422727072
56422727072
56422727072
56422727072
56422727072
56422727072
0
56423766032
56423766032
56423766032
56423766032
56423766032
56423766032
0
56424803865
56424803865
56424803865
56424803865
56424803865
56424803865
56434521570
56434521570
56434521570
56434521570
56434521570
56434521570
0
71370
56434521570
56434521570
56434521570
56434521570
56434521570
56434521570
56444263933
56444263933
56444263933
56444263933
56444263933
56444263933
0
56448403493
56448403493
56448403493
56448403493
56448403493
56448403493
91105
56449726246
56449726246
56449726246
56449726246
56449726246
56449726246
56462494431
56462494431
56462494431
56462494431
56462494431
56462494431
46160
63385
56462494431
56462494431
56462494431
56462494431
56462494431
56462494431
56472333749
56472333749
56472333749
56472333749
56472333749
56472333749
4938120
56479573909
56479573909
56479573909
56479573909
56479573909
56479573909
65000
56481181582
56481181582
56481181582
56481181582
56481181582
56481181582
56502694727
56502694727
56502694727
56502694727
56502694727
56502694727
0
2890070
56502694727
56502694727
56502694727
56502694727
56502694727
56502694727
56513153600
56513153600
56513153600
56513153600
56513153600
56513153600
223330
56523494360
56523494360
56523494360
56523494360
56523494360
56523494360
2640
56523686953
56523686953
56523686953
56523686953
56523686953
56523686953
56555179338
56555179338
56555179338
56555179338
56555179338
56555179338
0
10112580
56555179338
56555179338
56555179338
56555179338
56555179338
56555179338
56555507861
56555507861
56555507861
56555507861
56555507861
56555507861
353700
56568949221
56568949221
56568949221
56568949221
56568949221
56568949221
155505
56569426734
56569426734
56569426734
56569426734
56569426734
56569426734
56598067799
56598067799
56598067799
56598067799
56598067799
56598067799
60585
0
56598067799
56598067799
56598067799
56598067799
56598067799
56598067799
56600289097
56600289097
56600289097
56600289097
56600289097
56600289097
0
56616831057
56616831057
56616831057
56616831057
56616831057
56616831057
51680
56617593490
56617593490
56617593490
56617593490
56617593490
56617593490
56620319675
56620319675
56620319675
56620319675
56620319675
56620319675
262595
251730
56620319675
56620319675
56620319675
56620319675
56620319675
56620319675
56627225868
56627225868
56627225868
56627225868
56627225868
56627225868
244950
56628368428
56628368428
56628368428
56628368428
56628368428
56628368428
0
56629415781
56629415781
56629415781
56629415781
56629415781
56629415781
56637255806
56637255806
56637255806
56637255806
56637255806
56637255806
0
0
56637255806
56637255806
56637255806
56637255806
56637255806
56637255806
56642970249
56642970249
56642970249
56642970249
56642970249
56642970249
183800
56647213409
56647213409
56647213409
56647213409
56647213409
56647213409
0
56648545682
56648545682
56648545682
56648545682
56648545682
56648545682
56660781307
56660781307
56660781307
56660781307
56660781307
56660781307
0
0
56660781307
56660781307
56660781307
56660781307
56660781307
56660781307
56668716380
56668716380
56668716380
56668716380
56668716380
56668716380
143955
56676060140
56676060140
56676060140
56676060140
56676060140
56676060140
0
56677677333
56677677333
56677677333
56677677333
56677677333
56677677333
56697792318
56697792318
56697792318
56697792318
56697792318
56697792318
0
0
56697792318
56697792318
56697792318
56697792318
56697792318
56697792318
56707382476
56707382476
56707382476
56707382476
56707382476
56707382476
62785
56717826836
56717826836
56717826836
56717826836
56717826836
56717826836
81745
56718028949
56718028949
56718028949
56718028949
56718028949
56718028949
56744838334
56744838334
56744838334
56744838334
56744838334
56744838334
42545
0
56744838334
56744838334
56744838334
56744838334
56744838334
56744838334
56745293882
56745293882
56745293882
56745293882
56745293882
56745293882
0
56758838842
56758838842
56758838842
56758838842
56758838842
56758838842
152810
56759325875
56759325875
56759325875
56759325875
56759325875
56759325875
56790234940
56790234940
56790234940
56790234940
56790234940
56790234940
99640
0
56790234940
56790234940
56790234940
56790234940
56790234940
56790234940
56792558048
56792558048
56792558048
56792558048
56792558048
56792558048
1227425
56809203608
56809203608
56809203608
56809203608
56809203608
56809203608
12160
56809975561
56809975561
56809975561
56809975561
56809975561
56809975561
56814081666
56814081666
56814081666
56814081666
56814081666
56814081666
11080
0
56814081666
56814081666
56814081666
56814081666
56814081666
56814081666
56819536039
56819536039
56819536039
56819536039
56819536039
56819536039
3611035
56820782199
56820782199
56820782199
56820782199
56820782199
56820782199
100690
56821839072
56821839072
56821839072
56821839072
56821839072
56821839072
56830238857
56830238857
56830238857
56830238857
56830238857
56830238857
258275
0
56830238857
56830238857
56830238857
56830238857
56830238857
56830238857
56836744930
56836744930
56836744930
56836744930
56836744930
56836744930
1292700
56841091690
56841091690
56841091690
56841091690
56841091690
56841091690
0
56842433483
56842433483
56842433483
56842433483
56842433483
56842433483
56856279468
56856279468
56856279468
56856279468
56856279468
56856279468
0
0
56856279468
56856279468
56856279468
56856279468
56856279468
56856279468
56867244736
56867244736
56867244736
56867244736
56867244736
56867244736
37178040
56874692096
56874692096
56874692096
56874692096
56874692096
56874692096
365980
56876318809
56876318809
56876318809
56876318809
56876318809
56876318809
56897017554
56897017554
56897017554
56897017554
56897017554
56897017554
134545
93945
56897017554
56897017554
56897017554
56897017554
56897017554
56897017554
56908727752
56908727752
56908727752
56908727752
56908727752
56908727752
0
56919275712
56919275712
56919275712
56919275712
56919275712
56919275712
0
56919487345
56919487345
56919487345
56919487345
56919487345
56919487345
56939873250
56939873250
56939873250
56939873250
56939873250
56939873250
0
0
56939873250
56939873250
56939873250
56939873250
56939873250
56939873250
56940363583
56940363583
56940363583
56940363583
56940363583
56940363583
0
56954012143
56954012143
56954012143
56954012143
56954012143
56954012143
0
56954508696
56954508696
56954508696
56954508696
56954508696
56954508696
56971676161
56971676161
56971676161
56971676161
56971676161
56971676161
0
8142955
56971676161
56971676161
56971676161
56971676161
56971676161
56971676161
56975856434
56975856434
56975856434
56975856434
56975856434
56975856434
10368985
56992605594
56992605594
56992605594
56992605594
56992605594
56992605594
11960
56993387067
56993387067
56993387067
56993387067
56993387067
56993387067
56997507812
56997507812
56997507812
56997507812
56997507812
56997507812
0
20400
56997507812
56997507812
56997507812
56997507812
56997507812
56997507812
57006252410
57006252410
57006252410
57006252410
57006252410
57006252410
963040
57007602170
57007602170
57007602170
57007602170
57007602170
57007602170
39705
57008668563
57008668563
57008668563
57008668563
57008668563
57008668563
57019647548
57019647548
57019647548
57019647548
57019647548
57019647548
22265
869980
57019647548
57019647548
57019647548
57019647548
57019647548
57019647548
57024427251
57024427251
57024427251
57024427251
57024427251
57024427251
34147740
57028877611
57028877611
57028877611
57028877611
57028877611
57028877611
0
57030228924
57030228924
57030228924
57030228924
57030228924
57030228924
57046225349
57046225349
57046225349
57046225349
57046225349
57046225349
0
45850770
57046225349
57046225349
57046225349
57046225349
57046225349
57046225349
57058878072
57058878072
57058878072
57058878072
57058878072
57058878072
426170
57066429032
57066429032
57066429032
57066429032
57066429032
57066429032
0
57068065265
57068065265
57068065265
57068065265
57068065265
57068065265
57083952890
57083952890
57083952890
57083952890
57083952890
57083952890
0
0
57083952890
57083952890
57083952890
57083952890
57083952890
57083952890
57097464788
57097464788
57097464788
57097464788
57097464788
57097464788
0
57108116348
57108116348
57108116348
57108116348
57108116348
57108116348
0
57108337501
57108337501
57108337501
57108337501
57108337501
57108337501
57131903646
57131903646
57131903646
57131903646
57131903646
57131903646
0
0
57131903646
57131903646
57131903646
57131903646
57131903646
57131903646
57132427524
57132427524
57132427524
57132427524
57132427524
57132427524
0
57146179684
57146179684
57146179684
57146179684
57146179684
57146179684
98545
57146685757
57146685757
57146685757
57146685757
57146685757
57146685757
57164027542
57164027542
57164027542
57164027542
57164027542
57164027542
0
30130
57164027542
57164027542
57164027542
57164027542
57164027542
57164027542
57167393640
57167393640
57167393640
57167393640
57167393640
57167393640
130865
57184246400
57184246400
57184246400
57184246400
57184246400
57184246400
61145
57185037393
57185037393
57185037393
57185037393
57185037393
57185037393
57188663178
57188663178
57188663178
57188663178
57188663178
57188663178
0
120145
57188663178
57188663178
57188663178
57188663178
57188663178
57188663178
57195639196
57195639196
57195639196
57195639196
57195639196
57195639196
0
57197092556
57197092556
57197092556
57197092556
57197092556
57197092556
28920
57198168469
57198168469
57198168469
57198168469
57198168469
57198168469
57207589854
57207589854
57207589854
57207589854
57207589854
57207589854
66960
0
57207589854
57207589854
57207589854
57207589854
57207589854
57207589854
57216953162
57216953162
57216953162
57216953162
57216953162
57216953162
11654600
57221507122
57221507122
57221507122
57221507122
57221507122
57221507122
0
57222867955
57222867955
57222867955
57222867955
57222867955
57222867955
57233873700
57233873700
57233873700
57233873700
57233873700
57233873700
39225
0
57233873700
57233873700
57233873700
57233873700
57233873700
57233873700
57244453968
57244453968
57244453968
57244453968
57244453968
57244453968
0
57252108528
57252108528
57252108528
57252108528
57252108528
57252108528
0
57253754281
57253754281
57253754281
57253754281
57253754281
57253754281
57271964386
57271964386
57271964386
57271964386
57271964386
57271964386
75825
0
57271964386
57271964386
57271964386
57271964386
57271964386
57271964386
57281914754
57281914754
57281914754
57281914754
57281914754
57281914754
0
57292669914
57292669914
57292669914
57292669914
57292669914
57292669914
97665
57292900587
57292900587
57292900587
57292900587
57292900587
57292900587
57318923732
57318923732
57318923732
57318923732
57318923732
57318923732
0
81760
57318923732
57318923732
57318923732
57318923732
57318923732
57318923732
57319565855
57319565855
57319565855
57319565855
57319565855
57319565855
36785
57333421615
57333421615
57333421615
57333421615
57333421615
57333421615
141360
57333937208
57333937208
57333937208
57333937208
57333937208
57333937208
57351540193
57351540193
57351540193
57351540193
57351540193
57351540193
0
187050
57351540193
57351540193
57351540193
57351540193
57351540193
57351540193
57354589871
57354589871
57354589871
57354589871
57354589871
57354589871
1372875
57371546231
57371546231
57371546231
57371546231
57371546231
57371546231
0
57372346744
57372346744
57372346744
57372346744
57372346744
57372346744
57376444809
57376444809
57376444809
57376444809
57376444809
57376444809
0
56665
57376444809
57376444809
57376444809
57376444809
57376444809
57376444809
57379439597
57379439597
57379439597
57379439597
57379439597
57379439597
0
57380996557
57380996557
57380996557
57380996557
57380996557
57380996557
28720
57382081990
57382081990
57382081990
57382081990
57382081990
57382081990
57391960735
57391960735
57391960735
57391960735
57391960735
57391960735
0
0
57391960735
57391960735
57391960735
57391960735
57391960735
57391960735
57399749868
57399749868
57399749868
57399749868
57399749868
57399749868
0
57404407428
57404407428
57404407428
57404407428
57404407428
57404407428
0
57405777781
57405777781
57405777781
57405777781
57405777781
57405777781
57417645926
57417645926
57417645926
57417645926
57417645926
57417645926
39025
6517755
57417645926
57417645926
57417645926
57417645926
57417645926
57417645926
57427956309
57427956309
57427956309
57427956309
57427956309
57427956309
20865
57435714469
57435714469
57435714469
57435714469
57435714469
57435714469
19105
57437369742
57437369742
57437369742
57437369742
57437369742
57437369742
57457800887
57457800887
57457800887
57457800887
57457800887
57457800887
99920
117810
57457800887
57457800887
57457800887
57457800887
57457800887
57457800887
57471049260
57471049260
57471049260
57471049260
57471049260
57471049260
0
57481908020
57481908020
57481908020
57481908020
57481908020
57481908020
0
57482148213
57482148213
57482148213
57482148213
57482148213
57482148213
57513220598
57513220598
57513220598
57513220598
57513220598
57513220598
86760
1140000
57513220598
57513220598
57513220598
57513220598
57513220598
57513220598
57513861606
57513861606
57513861606
57513861606
57513861606
57513861606
0
57527820966
57527820966
57527820966
57527820966
57527820966
57527820966
0
57528346079
57528346079
57528346079
57528346079
57528346079
57528346079
57546167304
57546167304
57546167304
57546167304
57546167304
57546167304
0
91200
57546167304
57546167304
57546167304
57546167304
57546167304
57546167304
57548815327
57548815327
57548815327
57548815327
57548815327
57548815327
733600
57565875287
57565875287
57565875287
57565875287
57565875287
57565875287
0
57566685320
57566685320
57566685320
57566685320
57566685320
57566685320
57572050425
57572050425
57572050425
57572050425
57572050425
57572050425
43800
0
57572050425
57572050425
57572050425
57572050425
57572050425
57572050425
57577689978
57577689978
57577689978
57577689978
57577689978
57577689978
164785
57579350538
57579350538
57579350538
57579350538
57579350538
57579350538
0
57580445491
57580445491
57580445491
57580445491
57580445491
57580445491
57591075996
57591075996
57591075996
57591075996
57591075996
57591075996
0
1629355
57591075996
57591075996
57591075996
57591075996
57591075996
57591075996
57598835719
57598835719
57598835719
57598835719
57598835719
57598835719
455490
57603596879
57603596879
57603596879
57603596879
57603596879
57603596879
144250
57604976752
57604976752
57604976752
57604976752
57604976752
57604976752
57620082777
57620082777
57620082777
57620082777
57620082777
57620082777
639540
0
57620082777
57620082777
57620082777
57620082777
57620082777
57620082777
57632183200
57632183200
57632183200
57632183200
57632183200
57632183200
211830
57640044960
57640044960
57640044960
57640044960
57640044960
57640044960
84690
57641709753
57641709753
57641709753
57641709753
57641709753
57641709753
57660589538
57660589538
57660589538
57660589538
57660589538
57660589538
55985
0
57660589538
57660589538
57660589538
57660589538
57660589538
57660589538
57670930421
57670930421
57670930421
57670930421
57670930421
57670930421
0
57681892781
57681892781
57681892781
57681892781
57681892781
57681892781
0
57682142494
57682142494
57682142494
57682142494
57682142494
57682142494
57708098719
57708098719
57708098719
57708098719
57708098719
57708098719
0
1954095
57708098719
57708098719
57708098719
57708098719
57708098719
57708098719
57708883407
57708883407
57708883407
57708883407
57708883407
57708883407
0
57722946367
57722946367
57722946367
57722946367
57722946367
57722946367
273905
57723481000
57723481000
57723481000
57723481000
57723481000
57723481000
57741296625
57741296625
57741296625
57741296625
57741296625
57741296625
0
70825
57741296625
57741296625
57741296625
57741296625
57741296625
57741296625
57743990343
57743990343
57743990343
57743990343
57743990343
57743990343
0
57761153903
57761153903
57761153903
57761153903
57761153903
57761153903
77065
57761973456
57761973456
57761973456
57761973456
57761973456
57761973456
57765884921
57765884921
57765884921
57765884921
57765884921
57765884921
0
13315525
57765884921
57765884921
57765884921
57765884921
57765884921
57765884921
57769999104
57769999104
57769999104
57769999104
57769999104
57769999104
657295
57771763264
57771763264
57771763264
57771763264
57771763264
57771763264
0
57772867737
57772867737
57772867737
57772867737
57772867737
57772867737
57782274722
57782274722
57782274722
57782274722
57782274722
57782274722
0
378480
57782274722
57782274722
57782274722
57782274722
57782274722
57782274722
57789397520
57789397520
57789397520
57789397520
57789397520
57789397520
0
57794262280
57794262280
57794262280
57794262280
57794262280
57794262280
144625
57795651673
57795651673
57795651673
57795651673
57795651673
57795651673
57810722658
57810722658
57810722658
57810722658
57810722658
57810722658
35360
0
57810722658
57810722658
57810722658
57810722658
57810722658
57810722658
57820117546
57820117546
57820117546
57820117546
57820117546
57820117546
1624700
57828082906
57828082906
57828082906
57828082906
57828082906
57828082906
57920
57829757219
57829757219
57829757219
57829757219
57829757219
57829757219
57848871404
57848871404
57848871404
57848871404
57848871404
57848871404
148690
96425
57848871404
57848871404
57848871404
57848871404
57848871404
57848871404
57860605422
57860605422
57860605422
57860605422
57860605422
57860605422
5916105
57871671382
57871671382
57871671382
57871671382
57871671382
57871671382
0
57871930615
57871930615
57871930615
57871930615
57871930615
57871930615
57899882400
57899882400
57899882400
57899882400
57899882400
57899882400
0
225490
57899882400
57899882400
57899882400
57899882400
57899882400
57899882400
57900643013
57900643013
57900643013
57900643013
57900643013
57900643013
58745
57914809573
57914809573
57914809573
57914809573
57914809573
57914809573
269930
57915353726
57915353726
57915353726
57915353726
57915353726
57915353726
57933336631
57933336631
57933336631
57933336631
57933336631
57933336631
0
108930
57933336631
57933336631
57933336631
57933336631
57933336631
57933336631
57937156109
57937156109
57937156109
57937156109
57937156109
57937156109
1091770
57954423269
57954423269
57954423269
57954423269
57954423269
57954423269
0
57955252342
57955252342
57955252342
57955252342
57955252342
57955252342
57960580887
57960580887
57960580887
57960580887
57960580887
57960580887
0
779730
57960580887
57960580887
57960580887
57960580887
57960580887
57960580887
57968169910
57968169910
57968169910
57968169910
57968169910
57968169910
0
57970037670
57970037670
57970037670
57970037670
57970037670
57970037670
3985
57971151663
57971151663
57971151663
57971151663
57971151663
57971151663
57978334648
57978334648
57978334648
57978334648
57978334648
57978334648
272505
0
57978334648
57978334648
57978334648
57978334648
57978334648
57978334648
57988085476
57988085476
57988085476
57988085476
57988085476
57988085476
1716395
57993053836
57993053836
57993053836
57993053836
57993053836
57993053836
0
57994452749
57994452749
57994452749
57994452749
57994452749
57994452749
58008895054
58008895054
58008895054
58008895054
58008895054
58008895054
0
0
58008895054
58008895054
58008895054
58008895054
58008895054
58008895054
58017204662
58017204662
58017204662
58017204662
58017204662
58017204662
105680
58025273622
58025273622
58025273622
58025273622
58025273622
58025273622
160490
58026957455
58026957455
58026957455
58026957455
58026957455
58026957455
58046588440
58046588440
58046588440
58046588440
58046588440
58046588440
0
0
58046588440
58046588440
58046588440
58046588440
58046588440
58046588440
58060445233
58060445233
58060445233
58060445233
58060445233
58060445233
0
58071614793
58071614793
58071614793
58071614793
58071614793
58071614793
263060
58071883546
58071883546
58071883546
58071883546
58071883546
58071883546
58098458291
58098458291
58098458291
58098458291
58098458291
58098458291
72745
1563320
58098458291
58098458291
58098458291
58098458291
58098458291
58098458291
58099730724
58099730724
58099730724
58099730724
58099730724
58099730724
0
58114000884
58114000884
58114000884
58114000884
58114000884
58114000884
0
58114554557
58114554557
58114554557
58114554557
58114554557
58114554557
58132906662
58132906662
58132906662
58132906662
58132906662
58132906662
0
37680
58132906662
58132906662
58132906662
58132906662
58132906662
58132906662
58137883035
58137883035
58137883035
58137883035
58137883035
58137883035
0
58155253795
58155253795
58155253795
58155253795
58155253795
58155253795
0
58156092388
58156092388
58156092388
58156092388
58156092388
58156092388
58161672573
58161672573
58161672573
58161672573
58161672573
58161672573
0
833680
58161672573
58161672573
58161672573
58161672573
58161672573
58161672573
58168581416
58168581416
58168581416
58168581416
58168581416
58168581416
144720
58170552776
58170552776
58170552776
58170552776
58170552776
58170552776
98465
58171676289
58171676289
58171676289
58171676289
58171676289
58171676289
58181381914
58181381914
58181381914
58181381914
58181381914
58181381914
0
0
58181381914
58181381914
58181381914
58181381914
58181381914
58181381914
58189882142
58189882142
58189882142
58189882142
58189882142
58189882142
0
58194954102
58194954102
58194954102
58194954102
58194954102
58194954102
137130
58196362535
58196362535
58196362535
58196362535
58196362535
58196362535
58212919480
58212919480
58212919480
58212919480
58212919480
58212919480
0
2688225
58212919480
58212919480
58212919480
58212919480
58212919480
58212919480
58227124768
58227124768
58227124768
58227124768
58227124768
58227124768
359260
58235297328
58235297328
58235297328
58235297328
58235297328
58235297328
62240
58236990681
58236990681
58236990681
58236990681
58236990681
58236990681
58258349026
58258349026
58258349026
58258349026
58258349026
58258349026
0
0
58258349026
58258349026
58258349026
58258349026
58258349026
58258349026
58271036749
58271036749
58271036749
58271036749
58271036749
58271036749
81225
58282309909
58282309909
58282309909
58282309909
58282309909
58282309909
81785
58282588182
58282588182
58282588182
58282588182
58282588182
58282588182
58306714047
58306714047
58306714047
58306714047
58306714047
58306714047
72545
390875
58306714047
58306714047
58306714047
58306714047
58306714047
58306714047
58308062995
58308062995
58308062995
58308062995
58308062995
58308062995
219705
58322436755
58322436755
58322436755
58322436755
58322436755
58322436755
0
58322999948
58322999948
58322999948
58322999948
58322999948
58322999948
58341350533
58341350533
58341350533
58341350533
58341350533
58341350533
0
1145960
58341350533
58341350533
58341350533
58341350533
58341350533
58341350533
58344800611
58344800611
58344800611
58344800611
58344800611
58344800611
275140
58362274971
58362274971
58362274971
58362274971
58362274971
58362274971
40025
58363123084
58363123084
58363123084
58363123084
58363123084
58363123084
58368175349
58368175349
58368175349
58368175349
58368175349
58368175349
0
3238865
58368175349
58368175349
58368175349
58368175349
58368175349
58368175349
58375659852
58375659852
58375659852
58375659852
58375659852
58375659852
48520
58377734812
58377734812
58377734812
58377734812
58377734812
58377734812
77905
58378867845
58378867845
58378867845
58378867845
58378867845
58378867845
58390295630
58390295630
58390295630
58390295630
58390295630
58390295630
0
45170
58390295630
58390295630
58390295630
58390295630
58390295630
58390295630
58400013398
58400013398
58400013398
58400013398
58400013398
58400013398
0
58405188958
58405188958
58405188958
58405188958
58405188958
58405188958
0
58406606911
58406606911
58406606911
58406606911
58406606911
58406606911
58423350336
58423350336
58423350336
58423350336
58423350336
58423350336
97400
31545
58423350336
58423350336
58423350336
58423350336
58423350336
58423350336
58431125319
58431125319
58431125319
58431125319
58431125319
58431125319
43709774553
58439401479
58439401479
58439401479
58439401479
58439401479
58439401479
43705
58439404352
58439404352
58439404352
58439404352
58439404352
58439404352
58460657257
58460657257
58460657257
58460657257
58460657257
58460657257
0
119560
58460657257
58460657257
58460657257
58460657257
58460657257
58460657257
58476400805
58476400805
58476400805
58476400805
58476400805
58476400805
88745
58487777565
58487777565
58487777565
58487777565
58487777565
58487777565
348850
58488065358
58488065358
58488065358
58488065358
58488065358
58488065358
58515441743
58515441743
58515441743
58515441743
58515441743
58515441743
0
64945
58515441743
58515441743
58515441743
58515441743
58515441743
58515441743
58516414566
58516414566
58516414566
58516414566
58516414566
58516414566
89105
58530891926
58530891926
58530891926
58530891926
58530891926
58530891926
14425
58531464639
58531464639
58531464639
58531464639
58531464639
58531464639
58550017384
58550017384
58550017384
58550017384
58550017384
58550017384
89505
0
58550017384
58550017384
58550017384
58550017384
58550017384
58550017384
58552835192
58552835192
58552835192
58552835192
58552835192
58552835192
36240
58570413152
58570413152
58570413152
58570413152
58570413152
58570413152
0
58571270785
58571270785
58571270785
58571270785
58571270785
58571270785
58577147130
58577147130
58577147130
58577147130
58577147130
58577147130
0
899295
58577147130
58577147130
58577147130
58577147130
58577147130
58577147130
58583033463
58583033463
58583033463
58583033463
58583033463
58583033463
300580
58585212023
58585212023
58585212023
58585212023
58585212023
58585212023
0
58586354576
58586354576
58586354576
58586354576
58586354576
58586354576
58597087721
58597087721
58597087721
58597087721
58597087721
58597087721
0
1382785
58597087721
58597087721
58597087721
58597087721
58597087721
58597087721
58608159959
58608159959
58608159959
58608159959
58608159959
58608159959
14008195
58613439119
58613439119
58613439119
58613439119
58613439119
58613439119
0
58614866592
58614866592
58614866592
58614866592
58614866592
58614866592
58632348897
58632348897
58632348897
58632348897
58632348897
58632348897
0
191385
58632348897
58632348897
58632348897
58632348897
58632348897
58632348897
58640256145
58640256145
58640256145
58640256145
58640256145
58640256145
1444535
58648635905
58648635905
58648635905
58648635905
58648635905
58648635905
55145
58648648298
58648648298
58648648298
58648648298
58648648298
58648648298
58668711283
58668711283
58668711283
58668711283
58668711283
58668711283
0
0
58668711283
58668711283
58668711283
58668711283
58668711283
58668711283
58686548981
58686548981
58686548981
58686548981
58686548981
58686548981
132335
58698029341
58698029341
58698029341
58698029341
58698029341
58698029341
114865
58698326654
58698326654
58698326654
58698326654
58698326654
58698326654
58719584199
58719584199
58719584199
58719584199
58719584199
58719584199
14440
544650
58719584199
58719584199
58719584199
58719584199
58719584199
58719584199
58720918477
58720918477
58720918477
58720918477
58720918477
58720918477
344490
58735499437
58735499437
58735499437
58735499437
58735499437
58735499437
0
58736081670
58736081670
58736081670
58736081670
58736081670
58736081670
58754910655
58754910655
58754910655
58754910655
58754910655
58754910655
89305
1616515
58754910655
58754910655
58754910655
58754910655
58754910655
58754910655
58760684038
58760684038
58760684038
58760684038
58760684038
58760684038
193690
58778365598
58778365598
58778365598
58778365598
58778365598
58778365598
0
58779232751
58779232751
58779232751
58779232751
58779232751
58779232751
58785365216
58785365216
58785365216
58785365216
58785365216
58785365216
0
0
58785365216
58785365216
58785365216
58785365216
58785365216
58785365216
58792357694
58792357694
58792357694
58792357694
58792357694
58792357694
0
58794639854
58794639854
58794639854
58794639854
58794639854
58794639854
0
58795791927
58795791927
58795791927
58795791927
58795791927
58795791927
58808732672
58808732672
58808732672
58808732672
58808732672
58808732672
0
0
58808732672
58808732672
58808732672
58808732672
58808732672
58808732672
58816962795
58816962795
58816962795
58816962795
58816962795
58816962795
988035
58822345555
58822345555
58822345555
58822345555
58822345555
58822345555
0
58823782548
58823782548
58823782548
58823782548
58823782548
58823782548
58841122133
58841122133
58841122133
58841122133
58841122133
58841122133
0
295285
58841122133
58841122133
58841122133
58841122133
58841122133
58841122133
58852444506
58852444506
58852444506
58852444506
58852444506
58852444506
288625
58860927866
58860927866
58860927866
58860927866
58860927866
58860927866
0
58860949779
58860949779
58860949779
58860949779
58860949779
58860949779
58884372844
58884372844
58884372844
58884372844
58884372844
58884372844
0
138555
58884372844
58884372844
58884372844
58884372844
58884372844
58884372844
58900584187
58900584187
58900584187
58900584187
58900584187
58900584187
253660
58912168147
58912168147
58912168147
58912168147
58912168147
58912168147
0
58912474980
58912474980
58912474980
58912474980
58912474980
58912474980
58942718565
58942718565
58942718565
58942718565
58942718565
58942718565
508365
40440
58942718565
58942718565
58942718565
58942718565
58942718565
58942718565
58943906838
58943906838
58943906838
58943906838
58943906838
58943906838
133035
58958591398
58958591398
58958591398
58958591398
58958591398
58958591398
95960
58959183151
58959183151
58959183151
58959183151
58959183151
58959183151
58978340056
58978340056
58978340056
58978340056
58978340056
58978340056
21480
289385
58978340056
58978340056
58978340056
58978340056
58978340056
58978340056
58983323354
58983323354
58983323354
58983323354
58983323354
58983323354
379510
59001108514
59001108514
59001108514
59001108514
59001108514
59001108514
0
59001985187
59001985187
59001985187
59001985187
59001985187
59001985187
59008103052
59008103052
59008103052
59008103052
59008103052
59008103052
75385
0
59008103052
59008103052
59008103052
59008103052
59008103052
59008103052
59013232675
59013232675
59013232675
59013232675
59013232675
59013232675
0
59015618435
59015618435
59015618435
59015618435
59015618435
59015618435
93825
59016780028
59016780028
59016780028
59016780028
59016780028
59016780028
59027551413
59027551413
59027551413
59027551413
59027551413
59027551413
0
2267310
59027551413
59027551413
59027551413
59027551413
59027551413
59027551413
59036151861
59036151861
59036151861
59036151861
59036151861
59036151861
0
59041638221
59041638221
59041638221
59041638221
59041638221
59041638221
0
59043084734
59043084734
59043084734
59043084734
59043084734
59043084734
59061063919
59061063919
59061063919
59061063919
59061063919
59061063919
422050
0
59061063919
59061063919
59061063919
59061063919
59061063919
59061063919
59077279572
59077279572
59077279572
59077279572
59077279572
59077279572
0
59085866532
59085866532
59085866532
59085866532
59085866532
59085866532
98040
59085897965
59085897965
59085897965
59085897965
59085897965
59085897965
59108928150
59108928150
59108928150
59108928150
59108928150
59108928150
717530
110600
59108928150
59108928150
59108928150
59108928150
59108928150
59108928150
59127995203
59127995203
59127995203
59127995203
59127995203
59127995203
0
59139682763
59139682763
59139682763
59139682763
59139682763
59139682763
0
59139999116
59139999116
59139999116
59139999116
59139999116
59139999116
59166396901
59166396901
59166396901
59166396901
59166396901
59166396901
0
79440
59166396901
59166396901
59166396901
59166396901
59166396901
59166396901
59167510669
59167510669
59167510669
59167510669
59167510669
59167510669
0
59182298829
59182298829
59182298829
59182298829
59182298829
59182298829
95760
59182900102
59182900102
59182900102
59182900102
59182900102
59182900102
59202033327
59202033327
59202033327
59202033327
59202033327
59202033327
0
0
59202033327
59202033327
59202033327
59202033327
59202033327
59202033327
59207303800
59207303800
59207303800
59207303800
59207303800
59207303800
397385
59225192560
59225192560
59225192560
59225192560
59225192560
59225192560
15265
59226078753
59226078753
59226078753
59226078753
59226078753
59226078753
59231165738
59231165738
59231165738
59231165738
59231165738
59231165738
288325
93515
59231165738
59231165738
59231165738
59231165738
59231165738
59231165738
59239020216
59239020216
59239020216
59239020216
59239020216
59239020216
185105
59241509576
59241509576
59241509576
59241509576
59241509576
59241509576
56560
59242680689
59242680689
59242680689
59242680689
59242680689
59242680689
59252942394
59252942394
59252942394
59252942394
59252942394
59252942394
141915
95585
59252942394
59252942394
59252942394
59252942394
59252942394
59252942394
59261918767
59261918767
59261918767
59261918767
59261918767
59261918767
428550
59267508727
59267508727
59267508727
59267508727
59267508727
59267508727
0
59268964760
59268964760
59268964760
59268964760
59268964760
59268964760
59285372625
59285372625
59285372625
59285372625
59285372625
59285372625
0
0
59285372625
59285372625
59285372625
59285372625
59285372625
59285372625
59297771458
59297771458
59297771458
59297771458
59297771458
59297771458
0
59306462018
59306462018
59306462018
59306462018
59306462018
59306462018
0
59306502971
59306502971
59306502971
59306502971
59306502971
59306502971
59330752276
59330752276
59330752276
59330752276
59330752276
59330752276
87360
0
59330752276
59330752276
59330752276
59330752276
59330752276
59330752276
59345738134
59345738134
59345738134
59345738134
59345738134
59345738134
0
59357529294
59357529294
59357529294
59357529294
59357529294
59357529294
0
59357855167
59357855167
59357855167
59357855167
59357855167
59357855167
59389129432
59389129432
59389129432
59389129432
59389129432
59389129432
0
0
59389129432
59389129432
59389129432
59389129432
59389129432
59389129432
59390786180
59390786180
59390786180
59390786180
59390786180
59390786180
590985
59405677940
59405677940
59405677940
59405677940
59405677940
59405677940
0
59406288733
59406288733
59406288733
59406288733
59406288733
59406288733
59425663718
59425663718
59425663718
59425663718
59425663718
59425663718
0
0
59425663718
59425663718
59425663718
59425663718
59425663718
59425663718
59431177236
59431177236
59431177236
59431177236
59431177236
59431177236
910945
59449169596
59449169596
59449169596
59449169596
59449169596
59449169596
12720
59450065309
59450065309
59450065309
59450065309
59450065309
59450065309
59457297774
59457297774
59457297774
59457297774
59457297774
59457297774
0
891075
59457297774
59457297774
59457297774
59457297774
59457297774
59457297774
59461108467
59461108467
59461108467
59461108467
59461108467
59461108467
948085
59463701427
59463701427
59463701427
59463701427
59463701427
59463701427
0
59464882060
59464882060
59464882060
59464882060
59464882060
59464882060
59477913365
59477913365
59477913365
59477913365
59477913365
59477913365
23025
163200
59477913365
59477913365
59477913365
59477913365
59477913365
59477913365
59482034823
59482034823
59482034823
59482034823
59482034823
59482034823
2824285
59487728383
59487728383
59487728383
59487728383
59487728383
59487728383
0
59489193936
59489193936
59489193936
59489193936
59489193936
59489193936
59505490241
59505490241
59505490241
59505490241
59505490241
59505490241
0
0
59505490241
59505490241
59505490241
59505490241
59505490241
59505490241
59515386784
59515386784
59515386784
59515386784
59515386784
59515386784
101450
59524180944
59524180944
59524180944
59524180944
59524180944
59524180944
73225
59524231417
59524231417
59524231417
59524231417
59524231417
59524231417
59546226242
59546226242
59546226242
59546226242
59546226242
59546226242
43480
227485
59546226242
59546226242
59546226242
59546226242
59546226242
59546226242
59555637815
59555637815
59555637815
59555637815
59555637815
59555637815
40930
59567532575
59567532575
59567532575
59567532575
59567532575
59567532575
0
59567867968
59567867968
59567867968
59567867968
59567867968
59567867968
59598343953
59598343953
59598343953
59598343953
59598343953
59598343953
0
0
59598343953
59598343953
59598343953
59598343953
59598343953
59598343953
59600288801
59600288801
59600288801
59600288801
59600288801
59600288801
0
59615284161
59615284161
59615284161
59615284161
59615284161
59615284161
1880
59615904474
59615904474
59615904474
59615904474
59615904474
59615904474
59635236419
59635236419
59635236419
59635236419
59635236419
59635236419
0
549665
59635236419
59635236419
59635236419
59635236419
59635236419
59635236419
59640467682
59640467682
59640467682
59640467682
59640467682
59640467682
113330
59658563642
59658563642
59658563642
59658563642
59658563642
59658563642
12520
59659468875
59659468875
59659468875
59659468875
59659468875
59659468875
59668400340
59668400340
59668400340
59668400340
59668400340
59668400340
0
620665
59668400340
59668400340
59668400340
59668400340
59668400340
59668400340
59672259193
59672259193
59672259193
59672259193
59672259193
59672259193
0
59674955753
59674955753
59674955753
59674955753
59674955753
59674955753
162745
59676145906
59676145906
59676145906
59676145906
59676145906
59676145906
59686115451
59686115451
59686115451
59686115451
59686115451
59686115451
66305
0
59686115451
59686115451
59686115451
59686115451
59686115451
59686115451
59695019564
59695019564
59695019564
59695019564
59695019564
59695019564
340960
59700816724
59700816724
59700816724
59700816724
59700816724
59700816724
94665
59702291797
59702291797
59702291797
59702291797
59702291797
59702291797
59717426222
59717426222
59717426222
59717426222
59717426222
59717426222
0
214635
59717426222
59717426222
59717426222
59717426222
59717426222
59717426222
59729776020
59729776020
59729776020
59729776020
59729776020
59729776020
0
59738673780
59738673780
59738673780
59738673780
59738673780
59738673780
0
59738733773
59738733773
59738733773
59738733773
59738733773
59738733773
59760456758
59760456758
59760456758
59760456758
59760456758
59760456758
0
38070
59760456758
59760456758
59760456758
59760456758
59760456758
59760456758
59775455926
59775455926
59775455926
59775455926
59775455926
59775455926
0
59787454286
59787454286
59787454286
59787454286
59787454286
59787454286
0
59787799199
59787799199
59787799199
59787799199
59787799199
59787799199
59816823664
59816823664
59816823664
59816823664
59816823664
59816823664
0
45305
59816823664
59816823664
59816823664
59816823664
59816823664
59816823664
59818799697
59818799697
59818799697
59818799697
59818799697
59818799697
0
59833898657
59833898657
59833898657
59833898657
59833898657
59833898657
0
59834528490
59834528490
59834528490
59834528490
59834528490
59834528490
59835817395
59835817395
59835817395
59835817395
59835817395
59835817395
0
94520
59835817395
59835817395
59835817395
59835817395
59835817395
59835817395
59841860908
59841860908
59841860908
59841860908
59841860908
59841860908
0
59860060468
59860060468
59860060468
59860060468
59860060468
59860060468
166155
59860975221
59860975221
59860975221
59860975221
59860975221
59860975221
59868714566
59868714566
59868714566
59868714566
59868714566
59868714566
0
116880
59868714566
59868714566
59868714566
59868714566
59868714566
59868714566
59876744889
59876744889
59876744889
59876744889
59876744889
59876744889
0
59879545049
59879545049
59879545049
59879545049
59879545049
59879545049
29480
59880744722
59880744722
59880744722
59880744722
59880744722
59880744722
59891915387
59891915387
59891915387
59891915387
59891915387
59891915387
0
0
59891915387
59891915387
59891915387
59891915387
59891915387
59891915387
59898476260
59898476260
59898476260
59898476260
59898476260
59898476260
81440
59904377020
59904377020
59904377020
59904377020
59904377020
59904377020
1409100
59905861613
59905861613
59905861613
59905861613
59905861613
59905861613
59924379198
59924379198
59924379198
59924379198
59924379198
59924379198
39785
0
59924379198
59924379198
59924379198
59924379198
59924379198
59924379198
59935966801
59935966801
59935966801
59935966801
59935966801
59935966801
0
59944968161
59944968161
59944968161
59944968161
59944968161
59944968161
0
59945037674
59945037674
59945037674
59945037674
59945037674
59945037674
59965653139
59965653139
59965653139
59965653139
59965653139
59965653139
0
0
59965653139
59965653139
59965653139
59965653139
59965653139
59965653139
59979056817
59979056817
59979056817
59979056817
59979056817
59979056817
33465
59991158777
59991158777
59991158777
59991158777
59991158777
59991158777
0
59991513210
59991513210
59991513210
59991513210
59991513210
59991513210
60017960555
60017960555
60017960555
60017960555
60017960555
60017960555
92290
37745
60017960555
60017960555
60017960555
60017960555
60017960555
60017960555
60020167128
60020167128
60020167128
60020167128
60020167128
60020167128
174620
60035369688
60035369688
60035369688
60035369688
60035369688
60035369688
64505
60036009041
60036009041
60036009041
60036009041
60036009041
60036009041
60037572106
60037572106
60037572106
60037572106
60037572106
60037572106
0
0
60037572106
60037572106
60037572106
60037572106
60037572106
60037572106
60040473229
60040473229
60040473229
60040473229
60040473229
60040473229
0
60058776389
60058776389
60058776389
60058776389
60058776389
60058776389
0
60059700662
60059700662
60059700662
60059700662
60059700662
60059700662
60066619927
60066619927
60066619927
60066619927
60066619927
60066619927
0
78425
60066619927
60066619927
60066619927
60066619927
60066619927
60066619927
60073418300
60073418300
60073418300
60073418300
60073418300
60073418300
0
60076322060
60076322060
60076322060
60076322060
60076322060
60076322060
29280
60077531253
60077531253
60077531253
60077531253
60077531253
60077531253
60088659038
60088659038
60088659038
60088659038
60088659038
60088659038
0
0
60088659038
60088659038
60088659038
60088659038
60088659038
60088659038
60098399706
60098399706
60098399706
60098399706
60098399706
60098399706
190155
60104404066
60104404066
60104404066
60104404066
60104404066
60104404066
0
60105898179
60105898179
60105898179
60105898179
60105898179
60105898179
60121767044
60121767044
60121767044
60121767044
60121767044
60121767044
39585
545540
60121767044
60121767044
60121767044
60121767044
60121767044
60121767044
60134139032
60134139032
60134139032
60134139032
60134139032
60134139032
0
60143243992
60143243992
60143243992
60143243992
60143243992
60143243992
0
60143323025
60143323025
60143323025
60143323025
60143323025
60143323025
60168885530
60168885530
60168885530
60168885530
60168885530
60168885530
0
83505
60168885530
60168885530
60168885530
60168885530
60168885530
60168885530
60175085963
60175085963
60175085963
60175085963
60175085963
60175085963
0
60187291523
60187291523
60187291523
60187291523
60187291523
60187291523
0
60187655476
60187655476
60187655476
60187655476
60187655476
60187655476
60218072381
60218072381
60218072381
60218072381
60218072381
60218072381
0
429185
60218072381
60218072381
60218072381
60218072381
60218072381
60218072381
60219984079
60219984079
60219984079
60219984079
60219984079
60219984079
0
60235290239
60235290239
60235290239
60235290239
60235290239
60235290239
30920
60235939112
60235939112
60235939112
60235939112
60235939112
60235939112
60237287217
60237287217
60237287217
60237287217
60237287217
60237287217
0
0
60237287217
60237287217
60237287217
60237287217
60237287217
60237287217
60242050740
60242050740
60242050740
60242050740
60242050740
60242050740
0
60260457500
60260457500
60260457500
60260457500
60260457500
60260457500
86920
60261391293
60261391293
60261391293
60261391293
60261391293
60261391293
60269096278
60269096278
60269096278
60269096278
60269096278
60269096278
0
50760
60269096278
60269096278
60269096278
60269096278
60269096278
60269096278
60275348861
60275348861
60275348861
60275348861
60275348861
60275348861
0
60278356221
60278356221
60278356221
60278356221
60278356221
60278356221
0
60279574934
60279574934
60279574934
60279574934
60279574934
60279574934
60290568319
60290568319
60290568319
60290568319
60290568319
60290568319
0
0
60290568319
60290568319
60290568319
60290568319
60290568319
60290568319
60301878787
60301878787
60301878787
60301878787
60301878787
60301878787
0
60307986747
60307986747
60307986747
60307986747
60307986747
60307986747
169195
60309490380
60309490380
60309490380
60309490380
60309490380
60309490380
60329942605
60329942605
60329942605
60329942605
60329942605
60329942605
0
53585
60329942605
60329942605
60329942605
60329942605
60329942605
60329942605
60342952048
60342952048
60342952048
60342952048
60342952048
60342952048
0
60352160608
60352160608
60352160608
60352160608
60352160608
60352160608
44840
60352249161
60352249161
60352249161
60352249161
60352249161
60352249161
60375334226
60375334226
60375334226
60375334226
60375334226
60375334226
397355
74880
60375334226
60375334226
60375334226
60375334226
60375334226
60375334226
60389487574
60389487574
60389487574
60389487574
60389487574
60389487574
0
60401796734
60401796734
60401796734
60401796734
60401796734
60401796734
0
60402170207
60402170207
60402170207
60402170207
60402170207
60402170207
60429982552
60429982552
60429982552
60429982552
60429982552
60429982552
0
0
60429982552
60429982552
60429982552
60429982552
60429982552
60429982552
60431223475
60431223475
60431223475
60431223475
60431223475
60431223475
511000
60446633235
60446633235
60446633235
60446633235
60446633235
60446633235
0
60447291628
60447291628
60447291628
60447291628
60447291628
60447291628
60448686613
60448686613
60448686613
60448686613
60448686613
60448686613
0
93600
60448686613
60448686613
60448686613
60448686613
60448686613
60448686613
60453513191
60453513191
60453513191
60453513191
60453513191
60453513191
262240
60453523551
60453523551
60453523551
60453523551
60453523551
60453523551
88120
60454466864
60454466864
60454466864
60454466864
60454466864
60454466864
60463946689
60463946689
60463946689
60463946689
60463946689
60463946689
0
424480
60463946689
60463946689
60463946689
60463946689
60463946689
60463946689
60472051687
60472051687
60472051687
60472051687
60472051687
60472051687
77745
60475162647
60475162647
60475162647
60475162647
60475162647
60475162647
32025
60476390880
60476390880
60476390880
60476390880
60476390880
60476390880
60488721705
60488721705
60488721705
60488721705
60488721705
60488721705
0
53520
60488721705
60488721705
60488721705
60488721705
60488721705
60488721705
60498638213
60498638213
60498638213
60498638213
60498638213
60498638213
0
60504849773
60504849773
60504849773
60504849773
60504849773
60504849773
46040
60506362926
60506362926
60506362926
60506362926
60506362926
60506362926
60526237031
60526237031
60526237031
60526237031
60526237031
60526237031
0
1985085
60526237031
60526237031
60526237031
60526237031
60526237031
60526237031
60539101119
60539101119
60539101119
60539101119
60539101119
60539101119
0
60548413279
60548413279
60548413279
60548413279
60548413279
60548413279
64890
60548511352
60548511352
60548511352
60548511352
60548511352
60548511352
60573008817
60573008817
60573008817
60573008817
60573008817
60573008817
56345
38960
60573008817
60573008817
60573008817
60573008817
60573008817
60573008817
60582654965
60582654965
60582654965
60582654965
60582654965
60582654965
0
60595067725
60595067725
60595067725
60595067725
60595067725
60595067725
0
60595450718
60595450718
60595450718
60595450718
60595450718
60595450718
60622782303
60622782303
60622782303
60622782303
60622782303
60622782303
0
0
60622782303
60622782303
60622782303
60622782303
60622782303
60622782303
60625018621
60625018621
60625018621
60625018621
60625018621
60625018621
125665
60640531981
60640531981
60640531981
60640531981
60640531981
60640531981
35080
60641199894
60641199894
60641199894
60641199894
60641199894
60641199894
60643525919
60643525919
60643525919
60643525919
60643525919
60643525919
0
0
60643525919
60643525919
60643525919
60643525919
60643525919
60643525919
60648473122
60648473122
60648473122
60648473122
60648473122
60648473122
15225
60648587082
60648587082
60648587082
60648587082
60648587082
60648587082
0
60649539915
60649539915
60649539915
60649539915
60649539915
60649539915
60655697180
60655697180
60655697180
60655697180
60655697180
60655697180
0
65800
60655697180
60655697180
60655697180
60655697180
60655697180
60655697180
60664822278
60664822278
60664822278
60664822278
60664822278
60664822278
14465045
60668036838
60668036838
60668036838
60668036838
60668036838
60668036838
0
60669274591
60669274591
60669274591
60669274591
60669274591
60669274591
60683457976
60683457976
60683457976
60683457976
60683457976
60683457976
0
0
60683457976
60683457976
60683457976
60683457976
60683457976
60683457976
60693713864
60693713864
60693713864
60693713864
60693713864
60693713864
559870
60700029024
60700029024
60700029024
60700029024
60700029024
60700029024
0
60701551697
60701551697
60701551697
60701551697
60701551697
60701551697
60719798842
60719798842
60719798842
60719798842
60719798842
60719798842
0
18080
60719798842
60719798842
60719798842
60719798842
60719798842
60719798842
60732593840
60732593840
60732593840
60732593840
60732593840
60732593840
869880
60742009600
60742009600
60742009600
60742009600
60742009600
60742009600
63000
60742117193
60742117193
60742117193
60742117193
60742117193
60742117193
60765484178
60765484178
60765484178
60765484178
60765484178
60765484178
0
0
60765484178
60765484178
60765484178
60765484178
60765484178
60765484178
60777509086
60777509086
60777509086
60777509086
60777509086
60777509086
263725
60790025446
60790025446
60790025446
60790025446
60790025446
60790025446
115225
60790417959
60790417959
60790417959
60790417959
60790417959
60790417959
60816034264
60816034264
60816034264
60816034264
60816034264
60816034264
272260
0
60816034264
60816034264
60816034264
60816034264
60816034264
60816034264
60818679582
60818679582
60818679582
60818679582
60818679582
60818679582
0
60834296542
60834296542
60834296542
60834296542
60834296542
60834296542
0
60834973975
60834973975
60834973975
60834973975
60834973975
60834973975
60836956160
60836956160
60836956160
60836956160
60836956160
60836956160
0
482035
60836956160
60836956160
60836956160
60836956160
60836956160
60836956160
60839602803
60839602803
60839602803
60839602803
60839602803
60839602803
0
60839820363
60839820363
60839820363
60839820363
60839820363
60839820363
0
60840782716
60840782716
60840782716
60840782716
60840782716
60840782716
60848964181
60848964181
60848964181
60848964181
60848964181
60848964181
0
0
60848964181
60848964181
60848964181
60848964181
60848964181
60848964181
60855865229
60855865229
60855865229
60855865229
60855865229
60855865229
143460
60859183389
60859183389
60859183389
60859183389
60859183389
60859183389
0
60860430662
60860430662
60860430662
60860430662
60860430662
60860430662
60874723567
60874723567
60874723567
60874723567
60874723567
60874723567
0
0
60874723567
60874723567
60874723567
60874723567
60874723567
60874723567
60880946990
60880946990
60880946990
60880946990
60880946990
60880946990
0
60887365750
60887365750
60887365750
60887365750
60887365750
60887365750
159145
60888897943
60888897943
60888897943
60888897943
60888897943
60888897943
60906528328
60906528328
60906528328
60906528328
60906528328
60906528328
183505
1608500
60906528328
60906528328
60906528328
60906528328
60906528328
60906528328
60921817916
60921817916
60921817916
60921817916
60921817916
60921817916
164880
60931337276
60931337276
60931337276
60931337276
60931337276
60931337276
74225
60931454389
60931454389
60931454389
60931454389
60931454389
60931454389
60953593694
60953593694
60953593694
60953593694
60953593694
60953593694
0
0
60953593694
60953593694
60953593694
60953593694
60953593694
60953593694
60964340332
60964340332
60964340332
60964340332
60964340332
60964340332
95840
60976960292
60976960292
60976960292
60976960292
60976960292
60976960292
0
60977362325
60977362325
60977362325
60977362325
60977362325
60977362325
61006841230
61006841230
61006841230
61006841230
61006841230
61006841230
73105
27840
61006841230
61006841230
61006841230
61006841230
61006841230
61006841230
61008593043
61008593043
61008593043
61008593043
61008593043
61008593043
0
61024313603
61024313603
61024313603
61024313603
61024313603
61024313603
13305
61025000556
61025000556
61025000556
61025000556
61025000556
61025000556
61027600181
61027600181
61027600181
61027600181
61027600181
61027600181
311225
0
61027600181
61027600181
61027600181
61027600181
61027600181
61027600181
61033492689
61033492689
61033492689
61033492689
61033492689
61033492689
184450
61033813849
61033813849
61033813849
61033813849
61033813849
61033813849
49825
61034785722
61034785722
61034785722
61034785722
61034785722
61034785722
61041596747
61041596747
61041596747
61041596747
61041596747
61041596747
0
0
61041596747
61041596747
61041596747
61041596747
61041596747
61041596747
61048767895
61048767895
61048767895
61048767895
61048767895
61048767895
0
61052189655
61052189655
61052189655
61052189655
61052189655
61052189655
47945
61053446448
61053446448
61053446448
61053446448
61053446448
61053446448
61064999033
61064999033
61064999033
61064999033
61064999033
61064999033
74080
21795
61064999033
61064999033
61064999033
61064999033
61064999033
61064999033
61078826446
61078826446
61078826446
61078826446
61078826446
61078826446
242460
61085348806
61085348806
61085348806
61085348806
61085348806
61085348806
85585
61086890519
61086890519
61086890519
61086890519
61086890519
61086890519
61106429944
61106429944
61106429944
61106429944
61106429944
61106429944
0
0
61106429944
61106429944
61106429944
61106429944
61106429944
61106429944
61114477577
61114477577
61114477577
61114477577
61114477577
61114477577
0
61124100537
61124100537
61124100537
61124100537
61124100537
61124100537
0
61124227170
61124227170
61124227170
61124227170
61124227170
61124227170
61149054635
61149054635
61149054635
61149054635
61149054635
61149054635
0
6995515
61149054635
61149054635
61149054635
61149054635
61149054635
61149054635
61157629778
61157629778
61157629778
61157629778
61157629778
61157629778
0
61170353338
61170353338
61170353338
61170353338
61170353338
61170353338
119945
61170764891
61170764891
61170764891
61170764891
61170764891
61170764891
61199757996
61199757996
61199757996
61199757996
61199757996
61199757996
0
0
61199757996
61199757996
61199757996
61199757996
61199757996
61199757996
61201889719
61201889719
61201889719
61201889719
61201889719
61201889719
87440
61217713879
61217713879
61217713879
61217713879
61217713879
61217713879
0
61218410352
61218410352
61218410352
61218410352
61218410352
61218410352
61221217097
61221217097
61221217097
61221217097
61221217097
61221217097
116745
44400
61221217097
61221217097
61221217097
61221217097
61221217097
61221217097
61225695220
61225695220
61225695220
61225695220
61225695220
61225695220
0
61226119980
61226119980
61226119980
61226119980
61226119980
61226119980
69385
61227101373
61227101373
61227101373
61227101373
61227101373
61227101373
61236482358
61236482358
61236482358
61236482358
61236482358
61236482358
0
270960
61236482358
61236482358
61236482358
61236482358
61236482358
61236482358
61245027141
61245027141
61245027141
61245027141
61245027141
61245027141
150210
61248552501
61248552501
61248552501
61248552501
61248552501
61248552501
0
61249818814
61249818814
61249818814
61249818814
61249818814
61249818814
61261258119
61261258119
61261258119
61261258119
61261258119
61261258119
0
189970
61261258119
61261258119
61261258119
61261258119
61261258119
61261258119
61272688117
61272688117
61272688117
61272688117
61272688117
61272688117
183250
61279314077
61279314077
61279314077
61279314077
61279314077
61279314077
0
61280865310
61280865310
61280865310
61280865310
61280865310
61280865310
61299969375
61299969375
61299969375
61299969375
61299969375
61299969375
0
467200
61299969375
61299969375
61299969375
61299969375
61299969375
61299969375
61311242783
61311242783
61311242783
61311242783
61311242783
61311242783
0
61320969343
61320969343
61320969343
61320969343
61320969343
61320969343
0
61321105496
61321105496
61321105496
61321105496
61321105496
61321105496
61345961441
61345961441
61345961441
61345961441
61345961441
61345961441
70840
351835
61345961441
61345961441
61345961441
61345961441
61345961441
61345961441
61360478724
61360478724
61360478724
61360478724
61360478724
61360478724
2648640
61373305884
61373305884
61373305884
61373305884
61373305884
61373305884
79560
61373726957
61373726957
61373726957
61373726957
61373726957
61373726957
61405971982
61405971982
61405971982
61405971982
61405971982
61405971982
0
0
61405971982
61405971982
61405971982
61405971982
61405971982
61405971982
61408330355
61408330355
61408330355
61408330355
61408330355
61408330355
453110
61424258115
61424258115
61424258115
61424258115
61424258115
61424258115
0
61424964108
61424964108
61424964108
61424964108
61424964108
61424964108
61427454293
61427454293
61427454293
61427454293
61427454293
61427454293
220235
488925
61427454293
61427454293
61427454293
61427454293
61427454293
61427454293
61430842171
61430842171
61430842171
61430842171
61430842171
61430842171
35600
61431370531
61431370531
61431370531
61431370531
61431370531
61431370531
0
61432361444
61432361444
61432361444
61432361444
61432361444
61432361444
61439705309
61439705309
61439705309
61439705309
61439705309
61439705309
0
501760
61439705309
61439705309
61439705309
61439705309
61439705309
61439705309
61447188372
61447188372
61447188372
61447188372
61447188372
61447188372
26680
61450817332
61450817332
61450817332
61450817332
61450817332
61450817332
0
61452093165
61452093165
61452093165
61452093165
61452093165
61452093165
61464014630
61464014630
61464014630
61464014630
61464014630
61464014630
0
88690
61464014630
61464014630
61464014630
61464014630
61464014630
61464014630
61473654583
61473654583
61473654583
61473654583
61473654583
61473654583
472770
61480384143
61480384143
61480384143
61480384143
61480384143
61480384143
0
61481944896
61481944896
61481944896
61481944896
61481944896
61481944896
61497826881
61497826881
61497826881
61497826881
61497826881
61497826881
0
3452475
61497826881
61497826881
61497826881
61497826881
61497826881
61497826881
61512206014
61512206014
61512206014
61512206014
61512206014
61512206014
98345
61522036174
61522036174
61522036174
61522036174
61522036174
61522036174
27345
61522181847
61522181847
61522181847
61522181847
61522181847
61522181847
61545786592
61545786592
61545786592
61545786592
61545786592
61545786592
52745
0
61545786592
61545786592
61545786592
61545786592
61545786592
61545786592
61558127340
61558127340
61558127340
61558127340
61558127340
61558127340
28920
61571058100
61571058100
61571058100
61571058100
61571058100
61571058100
0
61571488693
61571488693
61571488693
61571488693
61571488693
61571488693
61600645878
61600645878
61600645878
61600645878
61600645878
61600645878
21570
22120
61600645878
61600645878
61600645878
61600645878
61600645878
61600645878
61602611316
61602611316
61602611316
61602611316
61602611316
61602611316
0
61618642676
61618642676
61618642676
61618642676
61618642676
61618642676
96520
61619358189
61619358189
61619358189
61619358189
61619358189
61619358189
61622595894
61622595894
61622595894
61622595894
61622595894
61622595894
0
0
61622595894
61622595894
61622595894
61622595894
61622595894
61622595894
61626748642
61626748642
61626748642
61626748642
61626748642
61626748642
86240
61627380602
61627380602
61627380602
61627380602
61627380602
61627380602
0
61628381035
61628381035
61628381035
61628381035
61628381035
61628381035
61637036340
61637036340
61637036340
61637036340
61637036340
61637036340
6825
0
61637036340
61637036340
61637036340
61637036340
61637036340
61637036340
61646316198
61646316198
61646316198
61646316198
61646316198
61646316198
0
61650048758
61650048758
61650048758
61650048758
61650048758
61650048758
0
61651334111
61651334111
61651334111
61651334111
61651334111
61651334111
61664448776
61664448776
61664448776
61664448776
61664448776
61664448776
0
95080
61664448776
61664448776
61664448776
61664448776
61664448776
61664448776
61676337434
61676337434
61676337434
61676337434
61676337434
61676337434
0
61683170594
61683170594
61683170594
61683170594
61683170594
61683170594
48785
61684740867
61684740867
61684740867
61684740867
61684740867
61684740867
61705804412
61705804412
61705804412
61705804412
61705804412
61705804412
445325
0
61705804412
61705804412
61705804412
61705804412
61705804412
61705804412
61718632485
61718632485
61718632485
61718632485
61718632485
61718632485
0
61728566245
61728566245
61728566245
61728566245
61728566245
61728566245
0
61728721438
61728721438
61728721438
61728721438
61728721438
61728721438
61751698023
61751698023
61751698023
61751698023
61751698023
61751698023
0
873440
61751698023
61751698023
61751698023
61751698023
61751698023
61751698023
61760447886
61760447886
61760447886
61760447886
61760447886
61760447886
8480
61773482246
61773482246
61773482246
61773482246
61773482246
61773482246
0
61773922359
61773922359
61773922359
61773922359
61773922359
61773922359
61805394584
61805394584
61805394584
61805394584
61805394584
61805394584
40040
0
61805394584
61805394584
61805394584
61805394584
61805394584
61805394584
61808207967
61808207967
61808207967
61808207967
61808207967
61808207967
0
61824342927
61824342927
61824342927
61824342927
61824342927
61824342927
651485
61825067960
61825067960
61825067960
61825067960
61825067960
61825067960
61827347425
61827347425
61827347425
61827347425
61827347425
61827347425
0
0
61827347425
61827347425
61827347425
61827347425
61827347425
61827347425
61832616733
61832616733
61832616733
61832616733
61832616733
61832616733
1265
61833352293
61833352293
61833352293
61833352293
61833352293
61833352293
0
61834362246
61834362246
61834362246
61834362246
61834362246
61834362246
61843512511
61843512511
61843512511
61843512511
61843512511
61843512511
6625
6021355
61843512511
61843512511
61843512511
61843512511
61843512511
61843512511
61849434539
61849434539
61849434539
61849434539
61849434539
61849434539
0
61853270699
61853270699
61853270699
61853270699
61853270699
61853270699
0
61854565572
61854565572
61854565572
61854565572
61854565572
61854565572
61868660877
61868660877
61868660877
61868660877
61868660877
61868660877
0
60865
61868660877
61868660877
61868660877
61868660877
61868660877
61868660877
61877139850
61877139850
61877139850
61877139850
61877139850
61877139850
0
61884076610
61884076610
61884076610
61884076610
61884076610
61884076610
0
61885656403
61885656403
61885656403
61885656403
61885656403
61885656403
61903643988
61903643988
61903643988
61903643988
61903643988
61903643988
0
186970
61903643988
61903643988
61903643988
61903643988
61903643988
61903643988
61914317706
61914317706
61914317706
61914317706
61914317706
61914317706
24265
61924355066
61924355066
61924355066
61924355066
61924355066
61924355066
0
61924519779
61924519779
61924519779
61924519779
61924519779
61924519779
61950095404
61950095404
61950095404
61950095404
61950095404
61950095404
271995
1080770
61950095404
61950095404
61950095404
61950095404
61950095404
61950095404
61966284637
61966284637
61966284637
61966284637
61966284637
61966284637
0
61979422597
61979422597
61979422597
61979422597
61979422597
61979422597
0
61979872230
61979872230
61979872230
61979872230
61979872230
61979872230
62007625495
62007625495
62007625495
62007625495
62007625495
62007625495
0
186585
62007625495
62007625495
62007625495
62007625495
62007625495
62007625495
62009691203
62009691203
62009691203
62009691203
62009691203
62009691203
0
62025929763
62025929763
62025929763
62025929763
62025929763
62025929763
6745
62026664316
62026664316
62026664316
62026664316
62026664316
62026664316
62029919781
62029919781
62029919781
62029919781
62029919781
62029919781
148800
160720
62029919781
62029919781
62029919781
62029919781
62029919781
62029919781
62035676189
62035676189
62035676189
62035676189
62035676189
62035676189
137075
62036515349
62036515349
62036515349
62036515349
62036515349
62036515349
13280
62037534822
62037534822
62037534822
62037534822
62037534822
62037534822
62044254687
62044254687
62044254687
62044254687
62044254687
62044254687
0
485695
62044254687
62044254687
62044254687
62044254687
62044254687
62044254687
62052543385
62052543385
62052543385
62052543385
62052543385
62052543385
0
62056483145
62056483145
62056483145
62056483145
62056483145
62056483145
0
62057787538
62057787538
62057787538
62057787538
62057787538
62057787538
62072834523
62072834523
62072834523
62072834523
62072834523
62072834523
23585
0
62072834523
62072834523
62072834523
62072834523
62072834523
62072834523
62081851551
62081851551
62081851551
62081851551
62081851551
62081851551
112960
62088891911
62088891911
62088891911
62088891911
62088891911
62088891911
0
62090481224
62090481224
62090481224
62090481224
62090481224
62090481224
62111228889
62111228889
62111228889
62111228889
62111228889
62111228889
0
206880
62111228889
62111228889
62111228889
62111228889
62111228889
62111228889
62123477537
62123477537
62123477537
62123477537
62123477537
62123477537
0
62133618497
62133618497
62133618497
62133618497
62133618497
62133618497
0
62133792730
62133792730
62133792730
62133792730
62133792730
62133792730
62159636915
62159636915
62159636915
62159636915
62159636915
62159636915
0
0
62159636915
62159636915
62159636915
62159636915
62159636915
62159636915
62159809053
62159809053
62159809053
62159809053
62159809053
62159809053
62720
62173050613
62173050613
62173050613
62173050613
62173050613
62173050613
28185
62173509766
62173509766
62173509766
62173509766
62173509766
62173509766
62206639311
62206639311
62206639311
62206639311
62206639311
62206639311
0
335970
62206639311
62206639311
62206639311
62206639311
62206639311
62206639311
62208855864
62208855864
62208855864
62208855864
62208855864
62208855864
121812285
62225198024
62225198024
62225198024
62225198024
62225198024
62225198024
176610
62225942097
62225942097
62225942097
62225942097
62225942097
62225942097
62228522842
62228522842
62228522842
62228522842
62228522842
62228522842
96240
17725
62228522842
62228522842
62228522842
62228522842
62228522842
62228522842
62232953240
62232953240
62232953240
62232953240
62232953240
62232953240
0
62233896000
62233896000
62233896000
62233896000
62233896000
62233896000
13080
62234924993
62234924993
62234924993
62234924993
62234924993
62234924993
62242363978
62242363978
62242363978
62242363978
62242363978
62242363978
0
23545
62242363978
62242363978
62242363978
62242363978
62242363978
62242363978
62250895711
62250895711
62250895711
62250895711
62250895711
62250895711
128450
62254939071
62254939071
62254939071
62254939071
62254939071
62254939071
0
62256252984
62256252984
62256252984
62256252984
62256252984
62256252984
62267947729
62267947729
62267947729
62267947729
62267947729
62267947729
43985
188185
62267947729
62267947729
62267947729
62267947729
62267947729
62267947729
62280877902
62280877902
62280877902
62280877902
62280877902
62280877902
102795
62288021862
62288021862
62288021862
62288021862
62288021862
62288021862
64705
62289620695
62289620695
62289620695
62289620695
62289620695
62289620695
62310691080
62310691080
62310691080
62310691080
62310691080
62310691080
0
1736640
62310691080
62310691080
62310691080
62310691080
62310691080
62310691080
62326301023
62326301023
62326301023
62326301023
62326301023
62326301023
0
62336545583
62336545583
62336545583
62336545583
62336545583
62336545583
0
62336729336
62336729336
62336729336
62336729336
62336729336
62336729336
62365305601
62365305601
62365305601
62365305601
62365305601
62365305601
0
0
62365305601
62365305601
62365305601
62365305601
62365305601
62365305601
62365609764
62365609764
62365609764
62365609764
62365609764
62365609764
0
62378954924
62378954924
62378954924
62378954924
62378954924
62378954924
0
62379423597
62379423597
62379423597
62379423597
62379423597
62379423597
62408796662
62408796662
62408796662
62408796662
62408796662
62408796662
0
1870525
62408796662
62408796662
62408796662
62408796662
62408796662
62408796662
62411839410
62411839410
62411839410
62411839410
62411839410
62411839410
133155
62428285170
62428285170
62428285170
62428285170
62428285170
62428285170
0
62429038763
62429038763
62429038763
62429038763
62429038763
62429038763
62432862148
62432862148
62432862148
62432862148
62432862148
62432862148
0
174720
62432862148
62432862148
62432862148
62432862148
62432862148
62432862148
62437741901
62437741901
62437741901
62437741901
62437741901
62437741901
91040
62438788261
62438788261
62438788261
62438788261
62438788261
62438788261
20520
62439826774
62439826774
62439826774
62439826774
62439826774
62439826774
62449655399
62449655399
62449655399
62449655399
62449655399
62449655399
0
2767725
62449655399
62449655399
62449655399
62449655399
62449655399
62449655399
62455569407
62455569407
62455569407
62455569407
62455569407
62455569407
25040
62459716367
62459716367
62459716367
62459716367
62459716367
62459716367
116185
62461039800
62461039800
62461039800
62461039800
62461039800
62461039800
62474752865
62474752865
62474752865
62474752865
62474752865
62474752865
0
0
62474752865
62474752865
62474752865
62474752865
62474752865
62474752865
62484937428
62484937428
62484937428
62484937428
62484937428
62484937428
0
62492184988
62492184988
62492184988
62492184988
62492184988
62492184988
642135
62493793341
62493793341
62493793341
62493793341
62493793341
62493793341
62509457126
62509457126
62509457126
62509457126
62509457126
62509457126
40345
2615265
62509457126
62509457126
62509457126
62509457126
62509457126
62509457126
62522122169
62522122169
62522122169
62522122169
62522122169
62522122169
0
62532470329
62532470329
62532470329
62532470329
62532470329
62532470329
0
62532663602
62532663602
62532663602
62532663602
62532663602
62532663602
62557973947
62557973947
62557973947
62557973947
62557973947
62557973947
30920
6625
62557973947
62557973947
62557973947
62557973947
62557973947
62557973947
62558310920
62558310920
62558310920
62558310920
62558310920
62558310920
2021810
62571759680
62571759680
62571759680
62571759680
62571759680
62571759680
0
62572237873
62572237873
62572237873
62572237873
62572237873
62572237873
62597014458
62597014458
62597014458
62597014458
62597014458
62597014458
12680
562775
62597014458
62597014458
62597014458
62597014458
62597014458
62597014458
62599767721
62599767721
62599767721
62599767721
62599767721
62599767721
0
62616317081
62616317081
62616317081
62616317081
62616317081
62616317081
0
62617080194
62617080194
62617080194
62617080194
62617080194
62617080194
62621125739
62621125739
62621125739
62621125739
62621125739
62621125739
0
0
62621125739
62621125739
62621125739
62621125739
62621125739
62621125739
62627585407
62627585407
62627585407
62627585407
62627585407
62627585407
89080
62628735367
62628735367
62628735367
62628735367
62628735367
62628735367
0
62629783400
62629783400
62629783400
62629783400
62629783400
62629783400
62638721105
62638721105
62638721105
62638721105
62638721105
62638721105
0
0
62638721105
62638721105
62638721105
62638721105
62638721105
62638721105
62648938203
62648938203
62648938203
62648938203
62648938203
62648938203
86880
62653188763
62653188763
62653188763
62653188763
62653188763
62653188763
29840
62654521716
62654521716
62654521716
62654521716
62654521716
62654521716
62668805261
62668805261
62668805261
62668805261
62668805261
62668805261
0
287115
62668805261
62668805261
62668805261
62668805261
62668805261
62668805261
62675238664
62675238664
62675238664
62675238664
62675238664
62675238664
290425
62682589824
62682589824
62682589824
62682589824
62682589824
62682589824
23050
62684207697
62684207697
62684207697
62684207697
62684207697
62684207697
62706395322
62706395322
62706395322
62706395322
62706395322
62706395322
40145
453965
62706395322
62706395322
62706395322
62706395322
62706395322
62706395322
62719995495
62719995495
62719995495
62719995495
62719995495
62719995495
0
62730447255
62730447255
62730447255
62730447255
62730447255
62730447255
0
62730650048
62730650048
62730650048
62730650048
62730650048
62730650048
62747655433
62747655433
62747655433
62747655433
62747655433
62747655433
0
0
62747655433
62747655433
62747655433
62747655433
62747655433
62747655433
62748038181
62748038181
62748038181
62748038181
62748038181
62748038181
42080
62761590541
62761590541
62761590541
62761590541
62761590541
62761590541
44105
62762078254
62762078254
62762078254
62762078254
62762078254
62762078254
62793699999
62793699999
62793699999
62793699999
62793699999
62793699999
0
0
62793699999
62793699999
62793699999
62793699999
62793699999
62793699999
62796458922
62796458922
62796458922
62796458922
62796458922
62796458922
1339090
62813111882
62813111882
62813111882
62813111882
62813111882
62813111882
0
62813884515
62813884515
62813884515
62813884515
62813884515
62813884515
62817836780
62817836780
62817836780
62817836780
62817836780
62817836780
0
0
62817836780
62817836780
62817836780
62817836780
62817836780
62817836780
62823261648
62823261648
62823261648
62823261648
62823261648
62823261648
0
62824515208
62824515208
62824515208
62824515208
62824515208
62824515208
0
62825572761
62825572761
62825572761
62825572761
62825572761
62825572761
62833816946
62833816946
62833816946
62833816946
62833816946
62833816946
0
291120
62833816946
62833816946
62833816946
62833816946
62833816946
62833816946
62838341829
62838341829
62838341829
62838341829
62838341829
62838341829
0
62842695989
62842695989
62842695989
62842695989
62842695989
62842695989
0
62844038462
62844038462
62844038462
62844038462
62844038462
62844038462
62857042567
62857042567
62857042567
62857042567
62857042567
62857042567
0
0
62857042567
62857042567
62857042567
62857042567
62857042567
62857042567
62866909715
62866909715
62866909715
62866909715
62866909715
62866909715
1487200
62874364475
62874364475
62874364475
62874364475
62874364475
62874364475
111480
62875991868
62875991868
62875991868
62875991868
62875991868
62875991868
62896301853
62896301853
62896301853
62896301853
62896301853
62896301853
0
0
62896301853
62896301853
62896301853
62896301853
62896301853
62896301853
62915995456
62915995456
62915995456
62915995456
62915995456
62915995456
2040
62926550816
62926550816
62926550816
62926550816
62926550816
62926550816
65545
62926763129
62926763129
62926763129
62926763129
62926763129
62926763129
62952436354
62952436354
62952436354
62952436354
62952436354
62952436354
57105
783770
62952436354
62952436354
62952436354
62952436354
62952436354
62952436354
62952929822
62952929822
62952929822
62952929822
62952929822
62952929822
0
62966585782
62966585782
62966585782
62966585782
62966585782
62966585782
0
62967083015
62967083015
62967083015
62967083015
62967083015
62967083015
62984276600
62984276600
62984276600
62984276600
62984276600
62984276600
0
38580
62984276600
62984276600
62984276600
62984276600
62984276600
62984276600
62987191143
62987191143
62987191143
62987191143
62987191143
62987191143
4973415
63003947703
63003947703
63003947703
63003947703
63003947703
63003947703
0
63004729856
63004729856
63004729856
63004729856
63004729856
63004729856
63008984521
63008984521
63008984521
63008984521
63008984521
63008984521
115905
0
63008984521
63008984521
63008984521
63008984521
63008984521
63008984521
63015466584
63015466584
63015466584
63015466584
63015466584
63015466584
315360
63016823744
63016823744
63016823744
63016823744
63016823744
63016823744
0
63017890817
63017890817
63017890817
63017890817
63017890817
63017890817
63028407882
63028407882
63028407882
63028407882
63028407882
63028407882
149785
0
63028407882
63028407882
63028407882
63028407882
63028407882
63028407882
63038367955
63038367955
63038367955
63038367955
63038367955
63038367955
185800
63042825715
63042825715
63042825715
63042825715
63042825715
63042825715
91825
63044177708
63044177708
63044177708
63044177708
63044177708
63044177708
63061153093
63061153093
63061153093
63061153093
63061153093
63061153093
53585
137800
63061153093
63061153093
63061153093
63061153093
63061153093
63061153093
63071516711
63071516711
63071516711
63071516711
63071516711
63071516711
2528255
63079075071
63079075071
63079075071
63079075071
63079075071
63079075071
46600
63080711984
63080711984
63080711984
63080711984
63080711984
63080711984
63103568569
63103568569
63103568569
63103568569
63103568569
63103568569
47800
76320
63103568569
63103568569
63103568569
63103568569
63103568569
63103568569
63115705147
63115705147
63115705147
63115705147
63115705147
63115705147
231520
63126364107
63126364107
63126364107
63126364107
63126364107
63126364107
6840
63126585940
63126585940
63126585940
63126585940
63126585940
63126585940
63148899165
63148899165
63148899165
63148899165
63148899165
63148899165
109705
159840
63148899165
63148899165
63148899165
63148899165
63148899165
63148899165
63149605108
63149605108
63149605108
63149605108
63149605108
63149605108
0
63163364668
63163364668
63163364668
63163364668
63163364668
63163364668
0
63163871421
63163871421
63163871421
63163871421
63163871421
63163871421
63181336246
63181336246
63181336246
63181336246
63181336246
63181336246
0
53440
63181336246
63181336246
63181336246
63181336246
63181336246
63181336246
63184132779
63184132779
63184132779
63184132779
63184132779
63184132779
10437425
63200992939
63200992939
63200992939
63200992939
63200992939
63200992939
0
63201784612
63201784612
63201784612
63201784612
63201784612
63201784612
63206064077
63206064077
63206064077
63206064077
63206064077
63206064077
0
181730
63206064077
63206064077
63206064077
63206064077
63206064077
63206064077
63211106450
63211106450
63211106450
63211106450
63211106450
63211106450
0
63212567210
63212567210
63212567210
63212567210
63212567210
63212567210
23505
63213643803
63213643803
63213643803
63213643803
63213643803
63213643803
63220967188
63220967188
63220967188
63220967188
63220967188
63220967188
0
5625
63220967188
63220967188
63220967188
63220967188
63220967188
63220967188
63230978036
63230978036
63230978036
63230978036
63230978036
63230978036
317540
63235539396
63235539396
63235539396
63235539396
63235539396
63235539396
0
63236900909
63236900909
63236900909
63236900909
63236900909
63236900909
63250587094
63250587094
63250587094
63250587094
63250587094
63250587094
51560
0
63250587094
63250587094
63250587094
63250587094
63250587094
63250587094
63257806362
63257806362
63257806362
63257806362
63257806362
63257806362
1035270
63265468322
63265468322
63265468322
63265468322
63265468322
63265468322
141480
63267114755
63267114755
63267114755
63267114755
63267114755
63267114755
63289696100
63289696100
63289696100
63289696100
63289696100
63289696100
1062795
1427685
63289696100
63289696100
63289696100
63289696100
63289696100
63289696100
63301041468
63301041468
63301041468
63301041468
63301041468
63301041468
1297280
63311804028
63311804028
63311804028
63311804028
63311804028
63311804028
63560
63312035381
63312035381
63312035381
63312035381
63312035381
63312035381
63333997246
63333997246
63333997246
63333997246
63333997246
63333997246
0
72320
63333997246
63333997246
63333997246
63333997246
63333997246
63333997246
63334589994
63334589994
63334589994
63334589994
63334589994
63334589994
360760
63348453154
63348453154
63348453154
63348453154
63348453154
63348453154
0
63348969427
63348969427
63348969427
63348969427
63348969427
63348969427
63366591532
63366591532
63366591532
63366591532
63366591532
63366591532
128210
47490
63366591532
63366591532
63366591532
63366591532
63366591532
63366591532
63371178805
63371178805
63371178805
63371178805
63371178805
63371178805
0
63388142565
63388142565
63388142565
63388142565
63388142565
63388142565
44945
63388943758
63388943758
63388943758
63388943758
63388943758
63388943758
63392888343
63392888343
63392888343
63392888343
63392888343
63392888343
0
0
63392888343
63392888343
63392888343
63392888343
63392888343
63392888343
63399493156
63399493156
63399493156
63399493156
63399493156
63399493156
0
63401057516
63401057516
63401057516
63401057516
63401057516
63401057516
0
63402143629
63402143629
63402143629
63402143629
63402143629
63402143629
63411859494
63411859494
63411859494
63411859494
63411859494
63411859494
0
472320
63411859494
63411859494
63411859494
63411859494
63411859494
63411859494
63419977977
63419977977
63419977977
63419977977
63419977977
63419977977
0
63424642937
63424642937
63424642937
63424642937
63424642937
63424642937
0
63426013970
63426013970
63426013970
63426013970
63426013970
63426013970
63441578715
63441578715
63441578715
63441578715
63441578715
63441578715
0
0
63441578715
63441578715
63441578715
63441578715
63441578715
63441578715
63449632298
63449632298
63449632298
63449632298
63449632298
63449632298
0
63457397858
63457397858
63457397858
63457397858
63457397858
63457397858
0
63459053811
63459053811
63459053811
63459053811
63459053811
63459053811
63480390556
63480390556
63480390556
63480390556
63480390556
63480390556
0
0
63480390556
63480390556
63480390556
63480390556
63480390556
63480390556
63496356344
63496356344
63496356344
63496356344
63496356344
63496356344
1287100
63507222504
63507222504
63507222504
63507222504
63507222504
63507222504
144825
63507463377
63507463377
63507463377
63507463377
63507463377
63507463377
63538892762
63538892762
63538892762
63538892762
63538892762
63538892762
0
208045
63538892762
63538892762
63538892762
63538892762
63538892762
63538892762
63539504810
63539504810
63539504810
63539504810
63539504810
63539504810
132800
63553471570
63553471570
63553471570
63553471570
63553471570
63553471570
0
63553997363
63553997363
63553997363
63553997363
63553997363
63553997363
63571608748
63571608748
63571608748
63571608748
63571608748
63571608748
73665
942005
63571608748
63571608748
63571608748
63571608748
63571608748
63571608748
63572960501
63572960501
63572960501
63572960501
63572960501
63572960501
447695
63590027861
63590027861
63590027861
63590027861
63590027861
63590027861
82985
63590838574
63590838574
63590838574
63590838574
63590838574
63590838574
63595838919
63595838919
63595838919
63595838919
63595838919
63595838919
53960
5876025
63595838919
63595838919
63595838919
63595838919
63595838919
63595838919
63603899992
63603899992
63603899992
63603899992
63603899992
63603899992
0
63605567952
63605567952
63605567952
63605567952
63605567952
63605567952
35665
63606663585
63606663585
63606663585
63606663585
63606663585
63606663585
63617486250
63617486250
63617486250
63617486250
63617486250
63617486250
0
97810
63617486250
63617486250
63617486250
63617486250
63617486250
63617486250
63622580828
63622580828
63622580828
63622580828
63622580828
63622580828
101600
63627349388
63627349388
63627349388
63627349388
63627349388
63627349388
0
63628729941
63628729941
63628729941
63628729941
63628729941
63628729941
63643586206
63643586206
63643586206
63643586206
63643586206
63643586206
0
1241970
63643586206
63643586206
63643586206
63643586206
63643586206
63643586206
63654054254
63654054254
63654054254
63654054254
63654054254
63654054254
983890
63661923414
63661923414
63661923414
63661923414
63661923414
63661923414
164420
63663588887
63663588887
63663588887
63663588887
63663588887
63663588887
63686357872
63686357872
63686357872
63686357872
63686357872
63686357872
0
140945
63686357872
63686357872
63686357872
63686357872
63686357872
63686357872
63702336995
63702336995
63702336995
63702336995
63702336995
63702336995
565720
63713306755
63713306755
63713306755
63713306755
63713306755
63713306755
0
63713557148
63713557148
63713557148
63713557148
63713557148
63713557148
63736602133
63736602133
63736602133
63736602133
63736602133
63736602133
0
0
63736602133
63736602133
63736602133
63736602133
63736602133
63736602133
63737617196
63737617196
63737617196
63737617196
63737617196
63737617196
94080
63751687556
63751687556
63751687556
63751687556
63751687556
63751687556
80320
63752222869
63752222869
63752222869
63752222869
63752222869
63752222869
63770295614
63770295614
63770295614
63770295614
63770295614
63770295614
0
85985
63770295614
63770295614
63770295614
63770295614
63770295614
63770295614
63774372972
63774372972
63774372972
63774372972
63774372972
63774372972
0
63791543932
63791543932
63791543932
63791543932
63791543932
63791543932
125810
63792364165
63792364165
63792364165
63792364165
63792364165
63792364165
63797262670
63797262670
63797262670
63797262670
63797262670
63797262670
90625
87785
63797262670
63797262670
63797262670
63797262670
63797262670
63797262670
63801495928
63801495928
63801495928
63801495928
63801495928
63801495928
951020
63803267488
63803267488
63803267488
63803267488
63803267488
63803267488
0
63804372641
63804372641
63804372641
63804372641
63804372641
63804372641
63815714466
63815714466
63815714466
63815714466
63815714466
63815714466
0
1272800
63815714466
63815714466
63815714466
63815714466
63815714466
63815714466
63824879749
63824879749
63824879749
63824879749
63824879749
63824879749
1806170
63829751909
63829751909
63829751909
63829751909
63829751909
63829751909
0
63831141982
63831141982
63831141982
63831141982
63831141982
63831141982
63844634247
63844634247
63844634247
63844634247
63844634247
63844634247
0
5164330
63844634247
63844634247
63844634247
63844634247
63844634247
63844634247
63857194595
63857194595
63857194595
63857194595
63857194595
63857194595
0
63865167355
63865167355
63865167355
63865167355
63865167355
63865167355
225930
63866842348
63866842348
63866842348
63866842348
63866842348
63866842348
63888620733
63888620733
63888620733
63888620733
63888620733
63888620733
0
0
63888620733
63888620733
63888620733
63888620733
63888620733
63888620733
63898765461
63898765461
63898765461
63898765461
63898765461
63898765461
0
63909838821
63909838821
63909838821
63909838821
63909838821
63909838821
0
63910098734
63910098734
63910098734
63910098734
63910098734
63910098734
63934861399
63934861399
63934861399
63934861399
63934861399
63934861399
0
247995
63934861399
63934861399
63934861399
63934861399
63934861399
63934861399
63935487762
63935487762
63935487762
63935487762
63935487762
63935487762
65505
63949661722
63949661722
63949661722
63949661722
63949661722
63949661722
80120
63950206555
63950206555
63950206555
63950206555
63950206555
63950206555
63968250820
63968250820
63968250820
63968250820
63968250820
63968250820
74960
731635
63968250820
63968250820
63968250820
63968250820
63968250820
63968250820
63971634878
63971634878
63971634878
63971634878
63971634878
63971634878
0
63988909438
63988909438
63988909438
63988909438
63988909438
63988909438
60865
63989739191
63989739191
63989739191
63989739191
63989739191
63989739191
63994719856
63994719856
63994719856
63994719856
63994719856
63994719856
90425
72745
63994719856
63994719856
63994719856
63994719856
63994719856
63994719856
64003249319
64003249319
64003249319
64003249319
64003249319
64003249319
72210
64005124479
64005124479
64005124479
64005124479
64005124479
64005124479
90065
64006239152
64006239152
64006239152
64006239152
64006239152
64006239152
64017741817
64017741817
64017741817
64017741817
64017741817
64017741817
0
0
64017741817
64017741817
64017741817
64017741817
64017741817
64017741817
64027888940
64027888940
64027888940
64027888940
64027888940
64027888940
0
64032864700
64032864700
64032864700
64032864700
64032864700
64032864700
0
64034264293
64034264293
64034264293
64034264293
64034264293
64034264293
64050433678
64050433678
64050433678
64050433678
64050433678
64050433678
18535710
0
64050433678
64050433678
64050433678
64050433678
64050433678
64050433678
64058603036
64058603036
64058603036
64058603036
64058603036
64058603036
0
64066679396
64066679396
64066679396
64066679396
64066679396
64066679396
0
64068363909
64068363909
64068363909
64068363909
64068363909
64068363909
64085051774
64085051774
64085051774
64085051774
64085051774
64085051774
0
4360
64085051774
64085051774
64085051774
64085051774
64085051774
64085051774
64100251902
64100251902
64100251902
64100251902
64100251902
64100251902
170720
64111428862
64111428862
64111428862
64111428862
64111428862
64111428862
0
64111698295
64111698295
64111698295
64111698295
64111698295
64111698295
64137327600
64137327600
64137327600
64137327600
64137327600
64137327600
0
0
64137327600
64137327600
64137327600
64137327600
64137327600
64137327600
64138548743
64138548743
64138548743
64138548743
64138548743
64138548743
46000
64152826303
64152826303
64152826303
64152826303
64152826303
64152826303
146770
64153380656
64153380656
64153380656
64153380656
64153380656
64153380656
64171610681
64171610681
64171610681
64171610681
64171610681
64171610681
108715
33708485
64171610681
64171610681
64171610681
64171610681
64171610681
64171610681
64175734344
64175734344
64175734344
64175734344
64175734344
64175734344
217155
64193112504
64193112504
64193112504
64193112504
64193112504
64193112504
97080
64193951777
64193951777
64193951777
64193951777
64193951777
64193951777
64198451722
64198451722
64198451722
64198451722
64198451722
64198451722
0
0
64198451722
64198451722
64198451722
64198451722
64198451722
64198451722
64205998245
64205998245
64205998245
64205998245
64205998245
64205998245
162450
64207977005
64207977005
64207977005
64207977005
64207977005
64207977005
0
64209101198
64209101198
64209101198
64209101198
64209101198
64209101198
64217584583
64217584583
64217584583
64217584583
64217584583
64217584583
135170
141040
64217584583
64217584583
64217584583
64217584583
64217584583
64217584583
64225753661
64225753661
64225753661
64225753661
64225753661
64225753661
0
64230833021
64230833021
64230833021
64230833021
64230833021
64230833021
0
64232242134
64232242134
64232242134
64232242134
64232242134
64232242134
64249949759
64249949759
64249949759
64249949759
64249949759
64249949759
28200
2077650
64249949759
64249949759
64249949759
64249949759
64249949759
64249949759
64263287427
64263287427
64263287427
64263287427
64263287427
64263287427
7731265
64271467387
64271467387
64271467387
64271467387
64271467387
64271467387
252275
64273161420
64273161420
64273161420
64273161420
64273161420
64273161420
64292475965
64292475965
64292475965
64292475965
64292475965
64292475965
127225
0
64292475965
64292475965
64292475965
64292475965
64292475965
64292475965
64307950143
64307950143
64307950143
64307950143
64307950143
64307950143
0
64319230703
64319230703
64319230703
64319230703
64319230703
64319230703
0
64319509656
64319509656
64319509656
64319509656
64319509656
64319509656
64344611681
64344611681
64344611681
64344611681
64344611681
64344611681
66585
94680
64344611681
64344611681
64344611681
64344611681
64344611681
64344611681
64345968189
64345968189
64345968189
64345968189
64345968189
64345968189
922630
64360349349
64360349349
64360349349
64360349349
64360349349
64360349349
60305
64360913222
64360913222
64360913222
64360913222
64360913222
64360913222
64379280207
64379280207
64379280207
64379280207
64379280207
64379280207
99825
8240
64379280207
64379280207
64379280207
64379280207
64379280207
64379280207
64383107605
64383107605
64383107605
64383107605
64383107605
64383107605
0
64400589365
64400589365
64400589365
64400589365
64400589365
64400589365
97680
64401438158
64401438158
64401438158
64401438158
64401438158
64401438158
64406439143
64406439143
64406439143
64406439143
64406439143
64406439143
5625
0
64406439143
64406439143
64406439143
64406439143
64406439143
64406439143
64414530781
64414530781
64414530781
64414530781
64414530781
64414530781
10520
64416613141
64416613141
64416613141
64416613141
64416613141
64416613141
0
64417746854
64417746854
64417746854
64417746854
64417746854
64417746854
64427783719
64427783719
64427783719
64427783719
64427783719
64427783719
7185
7270770
64427783719
64427783719
64427783719
64427783719
64427783719
64427783719
64437905462
64437905462
64437905462
64437905462
64437905462
64437905462
76400
64443088422
64443088422
64443088422
64443088422
64443088422
64443088422
40265
64444507055
64444507055
64444507055
64444507055
64444507055
64444507055
64460826040
64460826040
64460826040
64460826040
64460826040
64460826040
0
0
64460826040
64460826040
64460826040
64460826040
64460826040
64460826040
64469266728
64469266728
64469266728
64469266728
64469266728
64469266728
0
64477550288
64477550288
64477550288
64477550288
64477550288
64477550288
0
64477553841
64477553841
64477553841
64477553841
64477553841
64477553841
64499319826
64499319826
64499319826
64499319826
64499319826
64499319826
0
65600
64499319826
64499319826
64499319826
64499319826
64499319826
64499319826
64508842009
64508842009
64508842009
64508842009
64508842009
64508842009
342680
64520226169
64520226169
64520226169
64520226169
64520226169
64520226169
33985
64520514642
64520514642
64520514642
64520514642
64520514642
64520514642
64546227547
64546227547
64546227547
64546227547
64546227547
64546227547
0
382705
64546227547
64546227547
64546227547
64546227547
64546227547
64546227547
64547429970
64547429970
64547429970
64547429970
64547429970
64547429970
0
64561914730
64561914730
64561914730
64561914730
64561914730
64561914730
0
64562488123
64562488123
64562488123
64562488123
64562488123
64562488123
64581363108
64581363108
64581363108
64581363108
64581363108
64581363108
54720
0
64581363108
64581363108
64581363108
64581363108
64581363108
64581363108
64584351931
64584351931
64584351931
64584351931
64584351931
64584351931
0
64601937291
64601937291
64601937291
64601937291
64601937291
64601937291
0
64602795604
64602795604
64602795604
64602795604
64602795604
64602795604
64609338269
64609338269
64609338269
64609338269
64609338269
64609338269
0
0
64609338269
64609338269
64609338269
64609338269
64609338269
64609338269
64616081727
64616081727
64616081727
64616081727
64616081727
64616081727
0
64618267687
64618267687
64618267687
64618267687
64618267687
64618267687
75545
64619410920
64619410920
64619410920
64619410920
64619410920
64619410920
64631967185
64631967185
64631967185
64631967185
64631967185
64631967185
0
0
64631967185
64631967185
64631967185
64631967185
64631967185
64631967185
64640067203
64640067203
64640067203
64640067203
64640067203
64640067203
0
64645353763
64645353763
64645353763
64645353763
64645353763
64645353763
0
64646781916
64646781916
64646781916
64646781916
64646781916
64646781916
64663504021
64663504021
64663504021
64663504021
64663504021
64663504021
54050
0
64663504021
64663504021
64663504021
64663504021
64663504021
64663504021
64673044899
64673044899
64673044899
64673044899
64673044899
64673044899
0
64681432059
64681432059
64681432059
64681432059
64681432059
64681432059
112810
64681445132
64681445132
64681445132
64681445132
64681445132
64681445132
64699214797
64699214797
64699214797
64699214797
64699214797
64699214797
0
535375
64699214797
64699214797
64699214797
64699214797
64699214797
64699214797
64713608945
64713608945
64713608945
64713608945
64713608945
64713608945
1223860
64725096705
64725096705
64725096705
64725096705
64725096705
64725096705
60130
64725394698
64725394698
64725394698
64725394698
64725394698
64725394698
64753411283
64753411283
64753411283
64753411283
64753411283
64753411283
0
0
64753411283
64753411283
64753411283
64753411283
64753411283
64753411283
64755032566
64755032566
64755032566
64755032566
64755032566
64755032566
287925
64769620926
64769620926
64769620926
64769620926
64769620926
64769620926
358620
64770203839
64770203839
64770203839
64770203839
64770203839
64770203839
64789101424
64789101424
64789101424
64789101424
64789101424
64789101424
0
698055
64789101424
64789101424
64789101424
64789101424
64789101424
64789101424
64792668692
64792668692
64792668692
64792668692
64792668692
64792668692
332640
64810357652
64810357652
64810357652
64810357652
64810357652
64810357652
0
64811225485
64811225485
64811225485
64811225485
64811225485
64811225485
64815585990
64815585990
64815585990
64815585990
64815585990
64815585990
0
24865
64815585990
64815585990
64815585990
64815585990
64815585990
64815585990
64822256308
64822256308
64822256308
64822256308
64822256308
64822256308
0
64824545868
64824545868
64824545868
64824545868
64824545868
64824545868
13640
64825698621
64825698621
64825698621
64825698621
64825698621
64825698621
64835332326
64835332326
64835332326
64835332326
64835332326
64835332326
0
0
64835332326
64835332326
64835332326
64835332326
64835332326
64835332326
64846114109
64846114109
64846114109
64846114109
64846114109
64846114109
451130380
64851504269
64851504269
64851504269
64851504269
64851504269
64851504269
0
64852941942
64852941942
64852941942
64852941942
64852941942
64852941942
64867949727
64867949727
64867949727
64867949727
64867949727
64867949727
52930
0
64867949727
64867949727
64867949727
64867949727
64867949727
64867949727
64874800600
64874800600
64874800600
64874800600
64874800600
64874800600
19785
64883291360
64883291360
64883291360
64883291360
64883291360
64883291360
0
64883313953
64883313953
64883313953
64883313953
64883313953
64883313953
64910671138
64910671138
64910671138
64910671138
64910671138
64910671138
122715
23600
64910671138
64910671138
64910671138
64910671138
64910671138
64910671138
64928168911
64928168911
64928168911
64928168911
64928168911
64928168911
0
64939760271
64939760271
64939760271
64939760271
64939760271
64939760271
19665
64940067784
64940067784
64940067784
64940067784
64940067784
64940067784
64968449009
64968449009
64968449009
64968449009
64968449009
64968449009
0
1621105
64968449009
64968449009
64968449009
64968449009
64968449009
64968449009
64969691352
64969691352
64969691352
64969691352
64969691352
64969691352
62625
64984383312
64984383312
64984383312
64984383312
64984383312
64984383312
0
64984975745
64984975745
64984975745
64984975745
64984975745
64984975745
65004048690
65004048690
65004048690
65004048690
65004048690
65004048690
0
0
65004048690
65004048690
65004048690
65004048690
65004048690
65004048690
65008193018
65008193018
65008193018
65008193018
65008193018
65008193018
0
65025985578
65025985578
65025985578
65025985578
65025985578
65025985578
0
65026862931
65026862931
65026862931
65026862931
65026862931
65026862931
65033314396
65033314396
65033314396
65033314396
65033314396
65033314396
41600
4513970
65033314396
65033314396
65033314396
65033314396
65033314396
65033314396
65041032049
65041032049
65041032049
65041032049
65041032049
65041032049
627390
65043425209
65043425209
65043425209
65043425209
65043425209
65043425209
0
65044587482
65044587482
65044587482
65044587482
65044587482
65044587482
65054935187
65054935187
65054935187
65054935187
65054935187
65054935187
0
0
65054935187
65054935187
65054935187
65054935187
65054935187
65054935187
65061204435
65061204435
65061204435
65061204435
65061204435
65061204435
0
65066698195
65066698195
65066698195
65066698195
65066698195
65066698195
35000
65068145388
65068145388
65068145388
65068145388
65068145388
65068145388
65087097173
65087097173
65087097173
65087097173
65087097173
65087097173
0
0
65087097173
65087097173
65087097173
65087097173
65087097173
65087097173
65098208806
65098208806
65098208806
65098208806
65098208806
65098208806
0
65106803166
65106803166
65106803166
65106803166
65106803166
65106803166
41105
65106835279
65106835279
65106835279
65106835279
65106835279
65106835279
65131488384
65131488384
65131488384
65131488384
65131488384
65131488384
147755
22560
65131488384
65131488384
65131488384
65131488384
65131488384
65131488384
65150563677
65150563677
65150563677
65150563677
65150563677
65150563677
0
65162258637
65162258637
65162258637
65162258637
65162258637
65162258637
0
65162575670
65162575670
65162575670
65162575670
65162575670
65162575670
65187996735
65187996735
65187996735
65187996735
65187996735
65187996735
80945
189450
65187996735
65187996735
65187996735
65187996735
65187996735
65187996735
65189941998
65189941998
65189941998
65189941998
65189941998
65189941998
86145
65204737558
65204737558
65204737558
65204737558
65204737558
65204737558
0
65205339511
65205339511
65205339511
65205339511
65205339511
65205339511
65224759256
65224759256
65224759256
65224759256
65224759256
65224759256
676625
61560
65224759256
65224759256
65224759256
65224759256
65224759256
65224759256
65228204329
65228204329
65228204329
65228204329
65228204329
65228204329
2905875
65246100489
65246100489
65246100489
65246100489
65246100489
65246100489
141730
65246987362
65246987362
65246987362
65246987362
65246987362
65246987362
65253351307
65253351307
65253351307
65253351307
65253351307
65253351307
0
550000
65253351307
65253351307
65253351307
65253351307
65253351307
65253351307
65258932955
65258932955
65258932955
65258932955
65258932955
65258932955
738150
65261429715
65261429715
65261429715
65261429715
65261429715
65261429715
1053570
65262601508
65262601508
65262601508
65262601508
65262601508
65262601508
65275166293
65275166293
65275166293
65275166293
65275166293
65275166293
99545
0
65275166293
65275166293
65275166293
65275166293
65275166293
65275166293
65282615056
65282615056
65282615056
65282615056
65282615056
65282615056
62585
65288212416
65288212416
65288212416
65288212416
65288212416
65288212416
30400
65289669129
65289669129
65289669129
65289669129
65289669129
65289669129
65307000914
65307000914
65307000914
65307000914
65307000914
65307000914
0
901195
65307000914
65307000914
65307000914
65307000914
65307000914
65307000914
65316376427
65316376427
65316376427
65316376427
65316376427
65316376427
346560
65325074387
65325074387
65325074387
65325074387
65325074387
65325074387
96360
65325116020
65325116020
65325116020
65325116020
65325116020
65325116020
65348789525
65348789525
65348789525
65348789525
65348789525
65348789525
40705
0
65348789525
65348789525
65348789525
65348789525
65348789525
65348789525
65362764988
65362764988
65362764988
65362764988
65362764988
65362764988
0
65374563548
65374563548
65374563548
65374563548
65374563548
65374563548
110730
65374890101
65374890101
65374890101
65374890101
65374890101
65374890101
65402016766
65402016766
65402016766
65402016766
65402016766
65402016766
120330
0
65402016766
65402016766
65402016766
65402016766
65402016766
65402016766
65403754234
65403754234
65403754234
65403754234
65403754234
65403754234
185330
65418653394
65418653394
65418653394
65418653394
65418653394
65418653394
0
65419264867
65419264867
65419264867
65419264867
65419264867
65419264867
65438464612
65438464612
65438464612
65438464612
65438464612
65438464612
30425
135745
65438464612
65438464612
65438464612
65438464612
65438464612
65438464612
65441279810
65441279810
65441279810
65441279810
65441279810
65441279810
61185
65459279570
65459279570
65459279570
65459279570
65459279570
65459279570
140585
65460175963
65460175963
65460175963
65460175963
65460175963
65460175963
65466462948
65466462948
65466462948
65466462948
65466462948
65466462948
0
0
65466462948
65466462948
65466462948
65466462948
65466462948
65466462948
65471346706
65471346706
65471346706
65471346706
65471346706
65471346706
0
65473947066
65473947066
65473947066
65473947066
65473947066
65473947066
0
65475128379
65475128379
65475128379
65475128379
65475128379
65475128379
65488948364
65488948364
65488948364
65488948364
65488948364
65488948364
0
3288330
65488948364
65488948364
65488948364
65488948364
65488948364
65488948364
65498193372
65498193372
65498193372
65498193372
65498193372
65498193372
0
65503894332
65503894332
65503894332
65503894332
65503894332
65503894332
0
65505360565
65505360565
65505360565
65505360565
65505360565
65505360565
65524085070
65524085070
65524085070
65524085070
65524085070
65524085070
0
6730315
65524085070
65524085070
65524085070
65524085070
65524085070
65524085070
65533452598
65533452598
65533452598
65533452598
65533452598
65533452598
10370805
65542254158
65542254158
65542254158
65542254158
65542254158
65542254158
47360
65542305311
65542305311
65542305311
65542305311
65542305311
65542305311
65559781696
65559781696
65559781696
65559781696
65559781696
65559781696
0
600995
65559781696
65559781696
65559781696
65559781696
65559781696
65559781696
65571803809
65571803809
65571803809
65571803809
65571803809
65571803809
0
65583705969
65583705969
65583705969
65583705969
65583705969
65583705969
0
65584042042
65584042042
65584042042
65584042042
65584042042
65584042042
65615624547
65615624547
65615624547
65615624547
65615624547
65615624547
57665
1695365
65615624547
65615624547
65615624547
65615624547
65615624547
65615624547
65616751495
65616751495
65616751495
65616751495
65616751495
65616751495
239875
65631754255
65631754255
65631754255
65631754255
65631754255
65631754255
0
65632375248
65632375248
65632375248
65632375248
65632375248
65632375248
65651820433
65651820433
65651820433
65651820433
65651820433
65651820433
0
0
65651820433
65651820433
65651820433
65651820433
65651820433
65651820433
65655730126
65655730126
65655730126
65655730126
65655730126
65655730126
59040
65673833486
65673833486
65673833486
65673833486
65673833486
65673833486
0
65674739399
65674739399
65674739399
65674739399
65674739399
65674739399
65679856464
65679856464
65679856464
65679856464
65679856464
65679856464
44520
0
65679856464
65679856464
65679856464
65679856464
65679856464
65679856464
65687099667
65687099667
65687099667
65687099667
65687099667
65687099667
82450
65689803627
65689803627
65689803627
65689803627
65689803627
65689803627
0
65690994460
65690994460
65690994460
65690994460
65690994460
65690994460
65702710525
65702710525
65702710525
65702710525
65702710525
65702710525
0
1065
65702710525
65702710525
65702710525
65702710525
65702710525
65702710525
65713483733
65713483733
65713483733
65713483733
65713483733
65713483733
155840
65719288293
65719288293
65719288293
65719288293
65719288293
65719288293
23440
65720764046
65720764046
65720764046
65720764046
65720764046
65720764046
65735154871
65735154871
65735154871
65735154871
65735154871
65735154871
0
44185
65735154871
65735154871
65735154871
65735154871
65735154871
65735154871
65747741624
65747741624
65747741624
65747741624
65747741624
65747741624
218925
65756646784
65756646784
65756646784
65756646784
65756646784
65756646784
104185
65756707457
65756707457
65756707457
65756707457
65756707457
65756707457
65780164162
65780164162
65780164162
65780164162
65780164162
65780164162
0
450350
65780164162
65780164162
65780164162
65780164162
65780164162
65780164162
65793578785
65793578785
65793578785
65793578785
65793578785
65793578785
704005
65805584545
65805584545
65805584545
65805584545
65805584545
65805584545
0
65805930138
65805930138
65805930138
65805930138
65805930138
65805930138
65825899523
65825899523
65825899523
65825899523
65825899523
65825899523
211705
0
65825899523
65825899523
65825899523
65825899523
65825899523
65825899523
65827550356
65827550356
65827550356
65827550356
65827550356
65827550356
93600
65842656716
65842656716
65842656716
65842656716
65842656716
65842656716
40760
65843287229
65843287229
65843287229
65843287229
65843287229
65843287229
65844380374
65844380374
65844380374
65844380374
65844380374
65844380374
74625
391940
65844380374
65844380374
65844380374
65844380374
65844380374
65844380374
65850025432
65850025432
65850025432
65850025432
65850025432
65850025432
164525
65868232392
65868232392
65868232392
65868232392
65868232392
65868232392
0
65869147825
65869147825
65869147825
65869147825
65869147825
65869147825
65875947290
65875947290
65875947290
65875947290
65875947290
65875947290
0
1108400
65875947290
65875947290
65875947290
65875947290
65875947290
65875947290
65881306608
65881306608
65881306608
65881306608
65881306608
65881306608
80025
65884114168
65884114168
65884114168
65884114168
65884114168
65884114168
0
65885314521
65885314521
65885314521
65885314521
65885314521
65885314521
65898884426
65898884426
65898884426
65898884426
65898884426
65898884426
0
475460
65898884426
65898884426
65898884426
65898884426
65898884426
65898884426
65907694144
65907694144
65907694144
65907694144
65907694144
65907694144
192840
65913602304
65913602304
65913602304
65913602304
65913602304
65913602304
78465
65915087577
65915087577
65915087577
65915087577
65915087577
65915087577
65930921362
65930921362
65930921362
65930921362
65930921362
65930921362
0
144290
65930921362
65930921362
65930921362
65930921362
65930921362
65930921362
65947237810
65947237810
65947237810
65947237810
65947237810
65947237810
27010
65956246570
65956246570
65956246570
65956246570
65956246570
65956246570
0
65956316763
65956316763
65956316763
65956316763
65956316763
65956316763
65980261548
65980261548
65980261548
65980261548
65980261548
65980261548
0
2059240
65980261548
65980261548
65980261548
65980261548
65980261548
65980261548
65998286651
65998286651
65998286651
65998286651
65998286651
65998286651
0
66010396011
66010396011
66010396011
66010396011
66010396011
66010396011
64120
66010751124
66010751124
66010751124
66010751124
66010751124
66010751124
66040804829
66040804829
66040804829
66040804829
66040804829
66040804829
111675
250125
66040804829
66040804829
66040804829
66040804829
66040804829
66040804829
66042832937
66042832937
66042832937
66042832937
66042832937
66042832937
67331735
66058042897
66058042897
66058042897
66058042897
66058042897
66058042897
0
66058682930
66058682930
66058682930
66058682930
66058682930
66058682930
66060125835
66060125835
66060125835
66060125835
66060125835
66060125835
74425
5314655
66060125835
66060125835
66060125835
66060125835
66060125835
66060125835
66065413588
66065413588
66065413588
66065413588
66065413588
66065413588
254210
66083724148
66083724148
66083724148
66083724148
66083724148
66083724148
14985
66084649101
66084649101
66084649101
66084649101
66084649101
66084649101
66090348806
66090348806
66090348806
66090348806
66090348806
66090348806
0
101614950
66090348806
66090348806
66090348806
66090348806
66090348806
66090348806
66095018859
66095018859
66095018859
66095018859
66095018859
66095018859
4148425
66097930019
66097930019
66097930019
66097930019
66097930019
66097930019
146480
66099139892
66099139892
66099139892
66099139892
66099139892
66099139892
66110746397
66110746397
66110746397
66110746397
66110746397
66110746397
0
0
66110746397
66110746397
66110746397
66110746397
66110746397
66110746397
66118472920
66118472920
66118472920
66118472920
66118472920
66118472920
400950
66124484680
66124484680
66124484680
66124484680
66124484680
66124484680
30265
66125979473
66125979473
66125979473
66125979473
66125979473
66125979473
66148312858
66148312858
66148312858
66148312858
66148312858
66148312858
0
54185
66148312858
66148312858
66148312858
66148312858
66148312858
66148312858
66157025831
66157025831
66157025831
66157025831
66157025831
66157025831
28440
66166138191
66166138191
66166138191
66166138191
66166138191
66166138191
0
66166217904
66166217904
66166217904
66166217904
66166217904
66166217904
66189895649
66189895649
66189895649
66189895649
66189895649
66189895649
17025
93585
66189895649
66189895649
66189895649
66189895649
66189895649
66189895649
66200836612
66200836612
66200836612
66200836612
66200836612
66200836612
2483460
66213049572
66213049572
66213049572
66213049572
66213049572
66213049572
63920
66213414205
66213414205
66213414205
66213414205
66213414205
66213414205
66240692390
66240692390
66240692390
66240692390
66240692390
66240692390
0
0
66240692390
66240692390
66240692390
66240692390
66240692390
66240692390
66243139518
66243139518
66243139518
66243139518
66243139518
66243139518
0
66258453078
66258453078
66258453078
66258453078
66258453078
66258453078
36425
66259102631
66259102631
66259102631
66259102631
66259102631
66259102631
66261040936
66261040936
66261040936
66261040936
66261040936
66261040936
147345
192170
66261040936
66261040936
66261040936
66261040936
66261040936
66261040936
66266121934
66266121934
66266121934
66266121934
66266121934
66266121934
0
66284536094
66284536094
66284536094
66284536094
66284536094
66284536094
0
66285470567
66285470567
66285470567
66285470567
66285470567
66285470567
66292166192
66292166192
66292166192
66292166192
66292166192
66292166192
91385
770285
66292166192
66292166192
66292166192
66292166192
66292166192
66292166192
66299865015
66299865015
66299865015
66299865015
66299865015
66299865015
0
66302879775
66302879775
66302879775
66302879775
66302879775
66302879775
0
66304099168
66304099168
66304099168
66304099168
66304099168
66304099168
66315190153
66315190153
66315190153
66315190153
66315190153
66315190153
0
36785
66315190153
66315190153
66315190153
66315190153
66315190153
66315190153
66324592526
66324592526
66324592526
66324592526
66324592526
66324592526
95825
66330707886
66330707886
66330707886
66330707886
66330707886
66330707886
170810
66332212199
66332212199
66332212199
66332212199
66332212199
66332212199
66347300704
66347300704
66347300704
66347300704
66347300704
66347300704
0
0
66347300704
66347300704
66347300704
66347300704
66347300704
66347300704
66359609802
66359609802
66359609802
66359609802
66359609802
66359609802
7335520
66368825762
66368825762
66368825762
66368825762
66368825762
66368825762
47800
66368914995
66368914995
66368914995
66368914995
66368914995
66368914995
66390482500
66390482500
66390482500
66390482500
66390482500
66390482500
0
189730
66390482500
66390482500
66390482500
66390482500
66390482500
66390482500
66403308178
66403308178
66403308178
66403308178
66403308178
66403308178
53185
66415624738
66415624738
66415624738
66415624738
66415624738
66415624738
57865
66415998891
66415998891
66415998891
66415998891
66415998891
66415998891
66443637236
66443637236
66443637236
66443637236
66443637236
66443637236
0
0
66443637236
66443637236
66443637236
66443637236
66443637236
66443637236
66446112469
66446112469
66446112469
66446112469
66446112469
66446112469
0
66461529629
66461529629
66461529629
66461529629
66461529629
66461529629
80880
66462188702
66462188702
66462188702
66462188702
66462188702
66462188702
66464137287
66464137287
66464137287
66464137287
66464137287
66464137287
173995
0
66464137287
66464137287
66464137287
66464137287
66464137287
66464137287
66469056860
66469056860
66469056860
66469056860
66469056860
66469056860
0
66469074620
66469074620
66469074620
66469074620
66469074620
66469074620
0
66470018613
66470018613
66470018613
66470018613
66470018613
66470018613
66476834798
66476834798
66476834798
66476834798
66476834798
66476834798
91185
645690
66476834798
66476834798
66476834798
66476834798
66476834798
66476834798
66483898341
66483898341
66483898341
66483898341
66483898341
66483898341
135440
66487016701
66487016701
66487016701
66487016701
66487016701
66487016701
0
66488245614
66488245614
66488245614
66488245614
66488245614
66488245614
66499412999
66499412999
66499412999
66499412999
66499412999
66499412999
0
54225
66499412999
66499412999
66499412999
66499412999
66499412999
66499412999
66508899372
66508899372
66508899372
66508899372
66508899372
66508899372
620250
66515118332
66515118332
66515118332
66515118332
66515118332
66515118332
94385
66516632165
66516632165
66516632165
66516632165
66516632165
66516632165
66535012430
66535012430
66535012430
66535012430
66535012430
66535012430
93625
551315
66535012430
66535012430
66535012430
66535012430
66535012430
66535012430
66548278483
66548278483
66548278483
66548278483
66548278483
66548278483
210570
66557598043
66557598043
66557598043
66557598043
66557598043
66557598043
0
66557696796
66557696796
66557696796
66557696796
66557696796
66557696796
66583672261
66583672261
66583672261
66583672261
66583672261
66583672261
0
0
66583672261
66583672261
66583672261
66583672261
66583672261
66583672261
66592747899
66592747899
66592747899
66592747899
66592747899
66592747899
1856740
66605168059
66605168059
66605168059
66605168059
66605168059
66605168059
409475
66605551732
66605551732
66605551732
66605551732
66605551732
66605551732
66635523117
66635523117
66635523117
66635523117
66635523117
66635523117
4065595
685360
66635523117
66635523117
66635523117
66635523117
66635523117
66635523117
66637980740
66637980740
66637980740
66637980740
66637980740
66637980740
2046530
66653501500
66653501500
66653501500
66653501500
66653501500
66653501500
80680
66654170093
66654170093
66654170093
66654170093
66654170093
66654170093
66656340878
66656340878
66656340878
66656340878
66656340878
66656340878
0
1408495
66656340878
66656340878
66656340878
66656340878
66656340878
66656340878
66660618786
66660618786
66660618786
66660618786
66660618786
66660618786
0
66660740146
66660740146
66660740146
66660740146
66660740146
66660740146
0
66661693659
66661693659
66661693659
66661693659
66661693659
66661693659
66667916804
66667916804
66667916804
66667916804
66667916804
66667916804
90985
286200
66667916804
66667916804
66667916804
66667916804
66667916804
66667916804
66676495962
66676495962
66676495962
66676495962
66676495962
66676495962
0
66679717922
66679717922
66679717922
66679717922
66679717922
66679717922
15825
66680956355
66680956355
66680956355
66680956355
66680956355
66680956355
66692947940
66692947940
66692947940
66692947940
66692947940
66692947940
8145
718860
66692947940
66692947940
66692947940
66692947940
66692947940
66692947940
66703650603
66703650603
66703650603
66703650603
66703650603
66703650603
1773575
66709973163
66709973163
66709973163
66709973163
66709973163
66709973163
0
66711496516
66711496516
66711496516
66711496516
66711496516
66711496516
66726225581
66726225581
66726225581
66726225581
66726225581
66726225581
178955
73120
66726225581
66726225581
66726225581
66726225581
66726225581
66726225581
66738708279
66738708279
66738708279
66738708279
66738708279
66738708279
6808160
66748131439
66748131439
66748131439
66748131439
66748131439
66748131439
0
66748239712
66748239712
66748239712
66748239712
66748239712
66748239712
66769290297
66769290297
66769290297
66769290297
66769290297
66769290297
82280
0
66769290297
66769290297
66769290297
66769290297
66769290297
66769290297
66782285095
66782285095
66782285095
66782285095
66782285095
66782285095
0
66794808855
66794808855
66794808855
66794808855
66794808855
66794808855
0
66795202048
66795202048
66795202048
66795202048
66795202048
66795202048
66829325833
66829325833
66829325833
66829325833
66829325833
66829325833
0
0
66829325833
66829325833
66829325833
66829325833
66829325833
66829325833
66831359096
66831359096
66831359096
66831359096
66831359096
66831359096
3936565
66846983456
66846983456
66846983456
66846983456
66846983456
66846983456
0
66847661569
66847661569
66847661569
66847661569
66847661569
66847661569
66849644994
66849644994
66849644994
66849644994
66849644994
66849644994
0
142050
66849644994
66849644994
66849644994
66849644994
66849644994
66849644994
66856098012
66856098012
66856098012
66856098012
66856098012
66856098012
10729790
66856322972
66856322972
66856322972
66856322972
66856322972
66856322972
97640
66857286005
66857286005
66857286005
66857286005
66857286005
66857286005
66864029470
66864029470
66864029470
66864029470
66864029470
66864029470
41280
65393245
66864029470
66864029470
66864029470
66864029470
66864029470
66864029470
66872477583
66872477583
66872477583
66872477583
66872477583
66872477583
275875
66875803143
66875803143
66875803143
66875803143
66875803143
66875803143
0
66877051096
66877051096
66877051096
66877051096
66877051096
66877051096
66891045361
66891045361
66891045361
66891045361
66891045361
66891045361
20065
46875
66891045361
66891045361
66891045361
66891045361
66891045361
66891045361
66902857544
66902857544
66902857544
66902857544
66902857544
66902857544
4030055
66909283704
66909283704
66909283704
66909283704
66909283704
66909283704
0
66910816577
66910816577
66910816577
66910816577
66910816577
66910816577
66928275082
66928275082
66928275082
66928275082
66928275082
66928275082
0
0
66928275082
66928275082
66928275082
66928275082
66928275082
66928275082
66941005030
66941005030
66941005030
66941005030
66941005030
66941005030
0
66950531790
66950531790
66950531790
66950531790
66950531790
66950531790
0
66950649583
66950649583
66950649583
66950649583
66950649583
66950649583
66978665968
66978665968
66978665968
66978665968
66978665968
66978665968
0
31160
66978665968
66978665968
66978665968
66978665968
66978665968
66978665968
66990969446
66990969446
66990969446
66990969446
66990969446
66990969446
143265
67003596806
67003596806
67003596806
67003596806
67003596806
67003596806
73785
67003999519
67003999519
67003999519
67003999519
67003999519
67003999519
67038239464
67038239464
67038239464
67038239464
67038239464
67038239464
0
0
67038239464
67038239464
67038239464
67038239464
67038239464
67038239464
67039817312
67039817312
67039817312
67039817312
67039817312
67039817312
120130
67055545272
67055545272
67055545272
67055545272
67055545272
67055545272
0
67056232905
67056232905
67056232905
67056232905
67056232905
67056232905
67058752690
67058752690
67058752690
67058752690
67058752690
67058752690
4665
0
67058752690
67058752690
67058752690
67058752690
67058752690
67058752690
67064652758
67064652758
67064652758
67064652758
67064652758
67064652758
96810
67064981318
67064981318
67064981318
67064981318
67064981318
67064981318
97440
67065953871
67065953871
67065953871
67065953871
67065953871
67065953871
67074485336
67074485336
67074485336
67074485336
67074485336
67074485336
0
372480
67074485336
67074485336
67074485336
67074485336
67074485336
67074485336
67080291759
67080291759
67080291759
67080291759
67080291759
67080291759
0
67083720919
67083720919
67083720919
67083720919
67083720919
67083720919
60290
67084978392
67084978392
67084978392
67084978392
67084978392
67084978392
67095999617
67095999617
67095999617
67095999617
67095999617
67095999617
7745
0
67095999617
67095999617
67095999617
67095999617
67095999617
67095999617
67103817240
67103817240
67103817240
67103817240
67103817240
67103817240
2712005
67110347000
67110347000
67110347000
67110347000
67110347000
67110347000
0
67111889393
67111889393
67111889393
67111889393
67111889393
67111889393
67130326378
67130326378
67130326378
67130326378
67130326378
67130326378
67065
0
67130326378
67130326378
67130326378
67130326378
67130326378
67130326378
67146214076
67146214076
67146214076
67146214076
67146214076
67146214076
0
67155844436
67155844436
67155844436
67155844436
67155844436
67155844436
95225
67155971749
67155971749
67155971749
67155971749
67155971749
67155971749
67181600174
67181600174
67181600174
67181600174
67181600174
67181600174
0
280475
67181600174
67181600174
67181600174
67181600174
67181600174
67181600174
67197983077
67197983077
67197983077
67197983077
67197983077
67197983077
156145
67210714037
67210714037
67210714037
67210714037
67210714037
67210714037
12560
67211126270
67211126270
67211126270
67211126270
67211126270
67211126270
67240609735
67240609735
67240609735
67240609735
67240609735
67240609735
0
204450
67240609735
67240609735
67240609735
67240609735
67240609735
67240609735
67243147598
67243147598
67243147598
67243147598
67243147598
67243147598
15825
67258979158
67258979158
67258979158
67258979158
67258979158
67258979158
0
67259676311
67259676311
67259676311
67259676311
67259676311
67259676311
67261846176
67261846176
67261846176
67261846176
67261846176
67261846176
0
250410
67261846176
67261846176
67261846176
67261846176
67261846176
67261846176
67268442319
67268442319
67268442319
67268442319
67268442319
67268442319
1344985
67268874479
67268874479
67268874479
67268874479
67268874479
67268874479
0
67269856552
67269856552
67269856552
67269856552
67269856552
67269856552
67277945697
67277945697
67277945697
67277945697
67277945697
67277945697
152345
1762350
67277945697
67277945697
67277945697
67277945697
67277945697
67277945697
67283723670
67283723670
67283723670
67283723670
67283723670
67283723670
1821620
67287256430
67287256430
67287256430
67287256430
67287256430
67287256430
60450
67288523423
67288523423
67288523423
67288523423
67288523423
67288523423
67304004408
67304004408
67304004408
67304004408
67304004408
67304004408
0
22120
67304004408
67304004408
67304004408
67304004408
67304004408
67304004408
67311178796
67311178796
67311178796
67311178796
67311178796
67311178796
693205
67317812156
67317812156
67317812156
67317812156
67317812156
67317812156
75800
67319364069
67319364069
67319364069
67319364069
67319364069
67319364069
67336792174
67336792174
67336792174
67336792174
67336792174
67336792174
32145
322500
67336792174
67336792174
67336792174
67336792174
67336792174
67336792174
67349128547
67349128547
67349128547
67349128547
67349128547
67349128547
2080
67358862507
67358862507
67358862507
67358862507
67358862507
67358862507
0
67358999340
67358999340
67358999340
67358999340
67358999340
67358999340
67384820405
67384820405
67384820405
67384820405
67384820405
67384820405
44945
39040
67384820405
67384820405
67384820405
67384820405
67384820405
67384820405
67397872673
67397872673
67397872673
67397872673
67397872673
67397872673
6773090
67410707233
67410707233
67410707233
67410707233
67410707233
67410707233
0
67411128986
67411128986
67411128986
67411128986
67411128986
67411128986
67438007571
67438007571
67438007571
67438007571
67438007571
67438007571
0
0
67438007571
67438007571
67438007571
67438007571
67438007571
67438007571
67440119239
67440119239
67440119239
67440119239
67440119239
67440119239
579210
67456054399
67456054399
67456054399
67456054399
67456054399
67456054399
38720
67456761072
67456761072
67456761072
67456761072
67456761072
67456761072
67459443377
67459443377
67459443377
67459443377
67459443377
67459443377
0
104595
67459443377
67459443377
67459443377
67459443377
67459443377
67459443377
67462361000
67462361000
67462361000
67462361000
67462361000
67462361000
525840
67462896760
67462896760
67462896760
67462896760
67462896760
67462896760
53185
67463888353
67463888353
67463888353
67463888353
67463888353
67463888353
67471984138
67471984138
67471984138
67471984138
67471984138
67471984138
0
0
67471984138
67471984138
67471984138
67471984138
67471984138
67471984138
67477392726
67477392726
67477392726
67477392726
67477392726
67477392726
60705
67481029086
67481029086
67481029086
67481029086
67481029086
67481029086
14200
67482305599
67482305599
67482305599
67482305599
67482305599
67482305599
67494099544
67494099544
67494099544
67494099544
67494099544
67494099544
0
0
67494099544
67494099544
67494099544
67494099544
67494099544
67494099544
67505178527
67505178527
67505178527
67505178527
67505178527
67505178527
344355
67511915487
67511915487
67511915487
67511915487
67511915487
67511915487
0
67513476920
67513476920
67513476920
67513476920
67513476920
67513476920
67532399665
67532399665
67532399665
67532399665
67532399665
67532399665
79770
0
67532399665
67532399665
67532399665
67532399665
67532399665
67532399665
67550717198
67550717198
67550717198
67550717198
67550717198
67550717198
0
67560554758
67560554758
67560554758
67560554758
67560554758
67560554758
0
67560701111
67560701111
67560701111
67560701111
67560701111
67560701111
67580963456
67580963456
67580963456
67580963456
67580963456
67580963456
41665
562160
67580963456
67580963456
67580963456
67580963456
67580963456
67580963456
67597749769
67597749769
67597749769
67597749769
67597749769
67597749769
3808505
67610687929
67610687929
67610687929
67610687929
67610687929
67610687929
204240
67611119202
67611119202
67611119202
67611119202
67611119202
67611119202
67641835307
67641835307
67641835307
67641835307
67641835307
67641835307
0
15185
67641835307
67641835307
67641835307
67641835307
67641835307
67641835307
67644746430
67644746430
67644746430
67644746430
67644746430
67644746430
0
67660785190
67660785190
67660785190
67660785190
67660785190
67660785190
74625
67661501383
67661501383
67661501383
67661501383
67661501383
67661501383
67664538768
67664538768
67664538768
67664538768
67664538768
67664538768
0
2086540
67664538768
67664538768
67664538768
67664538768
67664538768
67664538768
67670177026
67670177026
67670177026
67670177026
67670177026
67670177026
390455
67670816386
67670816386
67670816386
67670816386
67670816386
67670816386
84160
67671817499
67671817499
67671817499
67671817499
67671817499
67671817499
67681541844
67681541844
67681541844
67681541844
67681541844
67681541844
0
8329175
67681541844
67681541844
67681541844
67681541844
67681541844
67681541844
67689605557
67689605557
67689605557
67689605557
67689605557
67689605557
100625
67693345517
67693345517
67693345517
67693345517
67693345517
67693345517
0
67694631550
67694631550
67694631550
67694631550
67694631550
67694631550
67705694175
67705694175
67705694175
67705694175
67705694175
67705694175
0
1537520
67705694175
67705694175
67705694175
67705694175
67705694175
67705694175
67715487433
67715487433
67715487433
67715487433
67715487433
67715487433
22800
67722327993
67722327993
67722327993
67722327993
67722327993
67722327993
31160
67723898946
67723898946
67723898946
67723898946
67723898946
67723898946
67740582731
67740582731
67740582731
67740582731
67740582731
67740582731
0
1279210
67740582731
67740582731
67740582731
67740582731
67740582731
67740582731
67756138309
67756138309
67756138309
67756138309
67756138309
67756138309
0
67766079469
67766079469
67766079469
67766079469
67766079469
67766079469
11145
67766235342
67766235342
67766235342
67766235342
67766235342
67766235342
67788097927
67788097927
67788097927
67788097927
67788097927
67788097927
41465
0
67788097927
67788097927
67788097927
67788097927
67788097927
67788097927
67796355825
67796355825
67796355825
67796355825
67796355825
67796355825
0
67809397585
67809397585
67809397585
67809397585
67809397585
67809397585
0
67809838378
67809838378
67809838378
67809838378
67809838378
67809838378
67834520163
67834520163
67834520163
67834520163
67834520163
67834520163
57625
74160
67834520163
67834520163
67834520163
67834520163
67834520163
67834520163
67836716851
67836716851
67836716851
67836716851
67836716851
67836716851
3503485
67852859211
67852859211
67852859211
67852859211
67852859211
67852859211
0
67853584924
67853584924
67853584924
67853584924
67853584924
67853584924
67857466589
67857466589
67857466589
67857466589
67857466589
67857466589
0
456495
67857466589
67857466589
67857466589
67857466589
67857466589
67857466589
67863036882
67863036882
67863036882
67863036882
67863036882
67863036882
0
67863779842
67863779842
67863779842
67863779842
67863779842
67863779842
0
67864790475
67864790475
67864790475
67864790475
67864790475
67864790475
67873493780
67873493780
67873493780
67873493780
67873493780
67873493780
0
68480
67873493780
67873493780
67873493780
67873493780
67873493780
67873493780
67882242273
67882242273
67882242273
67882242273
67882242273
67882242273
0
67886085833
67886085833
67886085833
67886085833
67886085833
67886085833
0
67887381386
67887381386
67887381386
67887381386
67887381386
67887381386
67901394851
67901394851
67901394851
67901394851
67901394851
67901394851
13314805
316225
67901394851
67901394851
67901394851
67901394851
67901394851
67901394851
67914119824
67914119824
67914119824
67914119824
67914119824
67914119824
57225
67921063984
67921063984
67921063984
67921063984
67921063984
67921063984
63545
67922644457
67922644457
67922644457
67922644457
67922644457
67922644457
67946297282
67946297282
67946297282
67946297282
67946297282
67946297282
0
452840
67946297282
67946297282
67946297282
67946297282
67946297282
67946297282
67951496430
67951496430
67951496430
67951496430
67951496430
67951496430
3453865
67961541190
67961541190
67961541190
67961541190
67961541190
67961541190
0
67961706583
67961706583
67961706583
67961706583
67961706583
67961706583
67986323568
67986323568
67986323568
67986323568
67986323568
67986323568
115010
1467685
67986323568
67986323568
67986323568
67986323568
67986323568
67986323568
67998728091
67998728091
67998728091
67998728091
67998728091
67998728091
1341730
68011873451
68011873451
68011873451
68011873451
68011873451
68011873451
88225
68012323764
68012323764
68012323764
68012323764
68012323764
68012323764
68041262109
68041262109
68041262109
68041262109
68041262109
68041262109
1029500
0
68041262109
68041262109
68041262109
68041262109
68041262109
68041262109
68044838092
68044838092
68044838092
68044838092
68044838092
68044838092
0
68061084052
68061084052
68061084052
68061084052
68061084052
68061084052
0
68061819285
68061819285
68061819285
68061819285
68061819285
68061819285
68064724790
68064724790
68064724790
68064724790
68064724790
68064724790
0
26551085
68064724790
68064724790
68064724790
68064724790
68064724790
68064724790
68068722793
68068722793
68068722793
68068722793
68068722793
68068722793
50720
68069569353
68069569353
68069569353
68069569353
68069569353
68069569353
0
68070589506
68070589506
68070589506
68070589506
68070589506
68070589506
68076694251
68076694251
68076694251
68076694251
68076694251
68076694251
0
0
68076694251
68076694251
68076694251
68076694251
68076694251
68076694251
68086441354
68086441354
68086441354
68086441354
68086441354
68086441354
26210
68090388514
68090388514
68090388514
68090388514
68090388514
68090388514
1945
68091693587
68091693587
68091693587
68091693587
68091693587
68091693587
68106033732
68106033732
68106033732
68106033732
68106033732
68106033732
217465
2862425
68106033732
68106033732
68106033732
68106033732
68106033732
68106033732
68115457030
68115457030
68115457030
68115457030
68115457030
68115457030
71720
68122504790
68122504790
68122504790
68122504790
68122504790
68122504790
0
68124094783
68124094783
68124094783
68124094783
68124094783
68124094783
68143300968
68143300968
68143300968
68143300968
68143300968
68143300968
172380
0
68143300968
68143300968
68143300968
68143300968
68143300968
68143300968
68160737686
68160737686
68160737686
68160737686
68160737686
68160737686
0
68170886046
68170886046
68170886046
68170886046
68170886046
68170886046
47920
68171060959
68171060959
68171060959
68171060959
68171060959
68171060959
68191698704
68191698704
68191698704
68191698704
68191698704
68191698704
0
69545
68191698704
68191698704
68191698704
68191698704
68191698704
68191698704
68191870932
68191870932
68191870932
68191870932
68191870932
68191870932
0
68205119892
68205119892
68205119892
68205119892
68205119892
68205119892
0
68205579725
68205579725
68205579725
68205579725
68205579725
68205579725
68240296470
68240296470
68240296470
68240296470
68240296470
68240296470
58225
181445
68240296470
68240296470
68240296470
68240296470
68240296470
68240296470
68242757373
68242757373
68242757373
68242757373
68242757373
68242757373
0
68259106933
68259106933
68259106933
68259106933
68259106933
68259106933
90545
68259851686
68259851686
68259851686
68259851686
68259851686
68259851686
68262835271
68262835271
68262835271
68262835271
68262835271
68262835271
0
0
68262835271
68262835271
68262835271
68262835271
68262835271
68262835271
68267744859
68267744859
68267744859
68267744859
68267744859
68267744859
142185
68268695019
68268695019
68268695019
68268695019
68268695019
68268695019
0
68269724692
68269724692
68269724692
68269724692
68269724692
68269724692
68278607677
68278607677
68278607677
68278607677
68278607677
68278607677
0
0
68278607677
68278607677
68278607677
68278607677
68278607677
68278607677
68286032300
68286032300
68286032300
68286032300
68286032300
68286032300
0
68290083060
68290083060
68290083060
68290083060
68290083060
68290083060
334325
68291397653
68291397653
68291397653
68291397653
68291397653
68291397653
68305241638
68305241638
68305241638
68305241638
68305241638
68305241638
0
0
68305241638
68305241638
68305241638
68305241638
68305241638
68305241638
68316090476
68316090476
68316090476
68316090476
68316090476
68316090476
0
68323241836
68323241836
68323241836
68323241836
68323241836
68323241836
33785
68324841349
68324841349
68324841349
68324841349
68324841349
68324841349
68344422254
68344422254
68344422254
68344422254
68344422254
68344422254
2300180
2487020
68344422254
68344422254
68344422254
68344422254
68344422254
68344422254
68358188367
68358188367
68358188367
68358188367
68358188367
68358188367
0
68368440327
68368440327
68368440327
68368440327
68368440327
68368440327
132000
68368624760
68368624760
68368624760
68368624760
68368624760
68368624760
68397954745
68397954745
68397954745
68397954745
68397954745
68397954745
0
1825800
68397954745
68397954745
68397954745
68397954745
68397954745
68397954745
68398210638
68398210638
68398210638
68398210638
68398210638
68398210638
12960
68411563198
68411563198
68411563198
68411563198
68411563198
68411563198
168580
68412032551
68412032551
68412032551
68412032551
68412032551
68412032551
68443791216
68443791216
68443791216
68443791216
68443791216
68443791216
58025
92920
68443791216
68443791216
68443791216
68443791216
68443791216
68443791216
68447847469
68447847469
68447847469
68447847469
68447847469
68447847469
1720385
68464300629
68464300629
68464300629
68464300629
68464300629
68464300629
0
68465054902
68465054902
68465054902
68465054902
68465054902
68465054902
68467578087
68467578087
68467578087
68467578087
68467578087
68467578087
75185
0
68467578087
68467578087
68467578087
68467578087
68467578087
68467578087
68471155210
68471155210
68471155210
68471155210
68471155210
68471155210
0
68472208970
68472208970
68472208970
68472208970
68472208970
68472208970
0
68473248163
68473248163
68473248163
68473248163
68473248163
68473248163
68480790348
68480790348
68480790348
68480790348
68480790348
68480790348
0
0
68480790348
68480790348
68480790348
68480790348
68480790348
68480790348
68489472866
68489472866
68489472866
68489472866
68489472866
68489472866
500160
68493627226
68493627226
68493627226
68493627226
68493627226
68493627226
16000
68494951339
68494951339
68494951339
68494951339
68494951339
68494951339
68509954924
68509954924
68509954924
68509954924
68509954924
68509954924
0
0
68509954924
68509954924
68509954924
68509954924
68509954924
68509954924
68522659372
68522659372
68522659372
68522659372
68522659372
68522659372
0
68529914332
68529914332
68529914332
68529914332
68529914332
68529914332
3533580
68531523365
68531523365
68531523365
68531523365
68531523365
68531523365
68553855470
68553855470
68553855470
68553855470
68553855470
68553855470
0
0
68553855470
68553855470
68553855470
68553855470
68553855470
68553855470
68563900578
68563900578
68563900578
68563900578
68563900578
68563900578
0
68574256138
68574256138
68574256138
68574256138
68574256138
68574256138
0
68574450091
68574450091
68574450091
68574450091
68574450091
68574450091
68604734196
68604734196
68604734196
68604734196
68604734196
68604734196
0
35265
68604734196
68604734196
68604734196
68604734196
68604734196
68604734196
68605204304
68605204304
68605204304
68605204304
68605204304
68605204304
501030
68618660464
68618660464
68618660464
68618660464
68618660464
68618660464
64680
68619139337
68619139337
68619139337
68619139337
68619139337
68619139337
68650290642
68650290642
68650290642
68650290642
68650290642
68650290642
0
0
68650290642
68650290642
68650290642
68650290642
68650290642
68650290642
68653742215
68653742215
68653742215
68653742215
68653742215
68653742215
0
68670298975
68670298975
68670298975
68670298975
68670298975
68670298975
28480
68671062768
68671062768
68671062768
68671062768
68671062768
68671062768
68674684553
68674684553
68674684553
68674684553
68674684553
68674684553
77970
1797550
68674684553
68674684553
68674684553
68674684553
68674684553
68674684553
68679297256
68679297256
68679297256
68679297256
68679297256
68679297256
0
68680454616
68680454616
68680454616
68680454616
68680454616
68680454616
0
68681503329
68681503329
68681503329
68681503329
68681503329
68681503329
68690354794
68690354794
68690354794
68690354794
68690354794
68690354794
0
0
68690354794
68690354794
68690354794
68690354794
68690354794
68690354794
68693645862
68693645862
68693645862
68693645862
68693645862
68693645862
0
68697903822
68697903822
68697903822
68697903822
68697903822
68697903822
156660
68699237455
68699237455
68699237455
68699237455
68699237455
68699237455
68714826400
68714826400
68714826400
68714826400
68714826400
68714826400
56800
0
68714826400
68714826400
68714826400
68714826400
68714826400
68714826400
68724825743
68724825743
68724825743
68724825743
68724825743
68724825743
0
68732184303
68732184303
68732184303
68732184303
68732184303
68732184303
0
68733802856
68733802856
68733802856
68733802856
68733802856
68733802856
68753412001
68753412001
68753412001
68753412001
68753412001
68753412001
0
1060075
68753412001
68753412001
68753412001
68753412001
68753412001
68753412001
68768297469
68768297469
68768297469
68768297469
68768297469
68768297469
304890
68778756629
68778756629
68778756629
68778756629
68778756629
68778756629
53585
68778960102
68778960102
68778960102
68778960102
68778960102
68778960102
68805879927
68805879927
68805879927
68805879927
68805879927
68805879927
0
94305
68805879927
68805879927
68805879927
68805879927
68805879927
68805879927
68806255525
68806255525
68806255525
68806255525
68806255525
68806255525
0
68819815285
68819815285
68819815285
68819815285
68819815285
68819815285
64480
68820303678
68820303678
68820303678
68820303678
68820303678
68820303678
68853838663
68853838663
68853838663
68853838663
68853838663
68853838663
78520
113130
68853838663
68853838663
68853838663
68853838663
68853838663
68853838663
68857749071
68857749071
68857749071
68857749071
68857749071
68857749071
0
68874409431
68874409431
68874409431
68874409431
68874409431
68874409431
0
68875182744
68875182744
68875182744
68875182744
68875182744
68875182744
68879835129
68879835129
68879835129
68879835129
68879835129
68879835129
74785
158865
68879835129
68879835129
68879835129
68879835129
68879835129
68879835129
68884590602
68884590602
68884590602
68884590602
68884590602
68884590602
62205
68885851562
68885851562
68885851562
68885851562
68885851562
68885851562
91385
68886909795
68886909795
68886909795
68886909795
68886909795
68886909795
68897176780
68897176780
68897176780
68897176780
68897176780
68897176780
91945
11408170
68897176780
68897176780
68897176780
68897176780
68897176780
68897176780
68906673998
68906673998
68906673998
68906673998
68906673998
68906673998
62345
68911035558
68911035558
68911035558
68911035558
68911035558
68911035558
163050
68912378711
68912378711
68912378711
68912378711
68912378711
68912378711
68923533976
68923533976
68923533976
68923533976
68923533976
68923533976
0
547960
68923533976
68923533976
68923533976
68923533976
68923533976
68923533976
68933406764
68933406764
68933406764
68933406764
68933406764
68933406764
309620
68940868924
68940868924
68940868924
68940868924
68940868924
68940868924
0
68942496997
68942496997
68942496997
68942496997
68942496997
68942496997
68961881422
68961881422
68961881422
68961881422
68961881422
68961881422
0
0
68961881422
68961881422
68961881422
68961881422
68961881422
68961881422
68972400870
68972400870
68972400870
68972400870
68972400870
68972400870
24245875
68982963630
68982963630
68982963630
68982963630
68982963630
68982963630
14200
68983176623
68983176623
68983176623
68983176623
68983176623
68983176623
69010287408
69010287408
69010287408
69010287408
69010287408
69010287408
0
0
69010287408
69010287408
69010287408
69010287408
69010287408
69010287408
69010781346
69010781346
69010781346
69010781346
69010781346
69010781346
339800
69024444706
69024444706
69024444706
69024444706
69024444706
69024444706
160090
69024942619
69024942619
69024942619
69024942619
69024942619
69024942619
69042182564
69042182564
69042182564
69042182564
69042182564
69042182564
66440
378040
69042182564
69042182564
69042182564
69042182564
69042182564
69042182564
69045141557
69045141557
69045141557
69045141557
69045141557
69045141557
113385
69061905517
69061905517
69061905517
69061905517
69061905517
69061905517
137385
69062688350
69062688350
69062688350
69062688350
69062688350
69062688350
69067371935
69067371935
69067371935
69067371935
69067371935
69067371935
131920
1445015
69067371935
69067371935
69067371935
69067371935
69067371935
69067371935
69073933248
69073933248
69073933248
69073933248
69073933248
69073933248
0
69075297808
69075297808
69075297808
69075297808
69075297808
69075297808
3945
69076365561
69076365561
69076365561
69076365561
69076365561
69076365561
69084715586
69084715586
69084715586
69084715586
69084715586
69084715586
91745
16313155
69084715586
69084715586
69084715586
69084715586
69084715586
69084715586
69093942989
69093942989
69093942989
69093942989
69093942989
69093942989
497145
69098408149
69098408149
69098408149
69098408149
69098408149
69098408149
0
69099760822
69099760822
69099760822
69099760822
69099760822
69099760822
69113344447
69113344447
69113344447
69113344447
69113344447
69113344447
0
0
69113344447
69113344447
69113344447
69113344447
69113344447
69113344447
69123156945
69123156945
69123156945
69123156945
69123156945
69123156945
0
69130722705
69130722705
69130722705
69130722705
69130722705
69130722705
0
69132360298
69132360298
69132360298
69132360298
69132360298
69132360298
69153338483
69153338483
69153338483
69153338483
69153338483
69153338483
0
753985
69153338483
69153338483
69153338483
69153338483
69153338483
69153338483
69162889071
69162889071
69162889071
69162889071
69162889071
69162889071
328560
69173555431
69173555431
69173555431
69173555431
69173555431
69173555431
49345
69173777944
69173777944
69173777944
69173777944
69173777944
69173777944
69203863569
69203863569
69203863569
69203863569
69203863569
69203863569
0
161825
69203863569
69203863569
69203863569
69203863569
69203863569
69203863569
69204554857
69204554857
69204554857
69204554857
69204554857
69204554857
226825
69218321817
69218321817
69218321817
69218321817
69218321817
69218321817
0
69218829250
69218829250
69218829250
69218829250
69218829250
69218829250
69236239435
69236239435
69236239435
69236239435
69236239435
69236239435
13720
0
69236239435
69236239435
69236239435
69236239435
69236239435
69236239435
69239260283
69239260283
69239260283
69239260283
69239260283
69239260283
67920
69256127843
69256127843
69256127843
69256127843
69256127843
69256127843
81240
69256920196
69256920196
69256920196
69256920196
69256920196
69256920196
69261176781
69261176781
69261176781
69261176781
69261176781
69261176781
0
419710
69261176781
69261176781
69261176781
69261176781
69261176781
69261176781
69266921149
69266921149
69266921149
69266921149
69266921149
69266921149
101955
69268389309
69268389309
69268389309
69268389309
69268389309
69268389309
185265
69269466582
69269466582
69269466582
69269466582
69269466582
69269466582
69280506607
69280506607
69280506607
69280506607
69280506607
69280506607
91545
7007945
69280506607
69280506607
69280506607
69280506607
69280506607
69280506607
69287693330
69287693330
69287693330
69287693330
69287693330
69287693330
575305
69292262090
69292262090
69292262090
69292262090
69292262090
69292262090
160185
69293624283
69293624283
69293624283
69293624283
69293624283
69293624283
69308196068
69308196068
69308196068
69308196068
69308196068
69308196068
1347710
386400
69308196068
69308196068
69308196068
69308196068
69308196068
69308196068
69318718071
69318718071
69318718071
69318718071
69318718071
69318718071
1269155
69326387431
69326387431
69326387431
69326387431
69326387431
69326387431
0
69328034544
69328034544
69328034544
69328034544
69328034544
69328034544
69346404089
69346404089
69346404089
69346404089
69346404089
69346404089
156345
71040
69346404089
69346404089
69346404089
69346404089
69346404089
69346404089
69361580197
69361580197
69361580197
69361580197
69361580197
69361580197
891805
69372350157
69372350157
69372350157
69372350157
69372350157
69372350157
20825
69372582190
69372582190
69372582190
69372582190
69372582190
69372582190
69396508255
69396508255
69396508255
69396508255
69396508255
69396508255
91440
8625
69396508255
69396508255
69396508255
69396508255
69396508255
69396508255
69397194923
69397194923
69397194923
69397194923
69397194923
69397194923
0
69411065483
69411065483
69411065483
69411065483
69411065483
69411065483
0
69411582436
69411582436
69411582436
69411582436
69411582436
69411582436
69429195341
69429195341
69429195341
69429195341
69429195341
69429195341
65640
46345
69429195341
69429195341
69429195341
69429195341
69429195341
69429195341
69431847159
69431847159
69431847159
69431847159
69431847159
69431847159
1433885
69448818319
69448818319
69448818319
69448818319
69448818319
69448818319
0
69449620192
69449620192
69449620192
69449620192
69449620192
69449620192
69455125497
69455125497
69455125497
69455125497
69455125497
69455125497
17720
414960
69455125497
69455125497
69455125497
69455125497
69455125497
69455125497
69461327795
69461327795
69461327795
69461327795
69461327795
69461327795
799250
69462899555
69462899555
69462899555
69462899555
69462899555
69462899555
186745
69463986348
69463986348
69463986348
69463986348
69463986348
69463986348
69473574133
69473574133
69473574133
69473574133
69473574133
69473574133
151385
905
69473574133
69473574133
69473574133
69473574133
69473574133
69473574133
69478891316
69478891316
69478891316
69478891316
69478891316
69478891316
498000
69483563676
69483563676
69483563676
69483563676
69483563676
69483563676
0
69484935389
69484935389
69484935389
69484935389
69484935389
69484935389
69500928934
69500928934
69500928934
69500928934
69500928934
69500928934
193330
0
69500928934
69500928934
69500928934
69500928934
69500928934
69500928934
69510967857
69510967857
69510967857
69510967857
69510967857
69510967857
90080
69518740817
69518740817
69518740817
69518740817
69518740817
69518740817
0
69520397450
69520397450
69520397450
69520397450
69520397450
69520397450
69543602915
69543602915
69543602915
69543602915
69543602915
69543602915
0
64575
69543602915
69543602915
69543602915
69543602915
69543602915
69543602915
69556688278
69556688278
69556688278
69556688278
69556688278
69556688278
133160
69567561838
69567561838
69567561838
69567561838
69567561838
69567561838
120705
69567803391
69567803391
69567803391
69567803391
69567803391
69567803391
69591640456
69591640456
69591640456
69591640456
69591640456
69591640456
0
800880
69591640456
69591640456
69591640456
69591640456
69591640456
69591640456
69592320999
69592320999
69592320999
69592320999
69592320999
69592320999
338160
69606295159
69606295159
69606295159
69606295159
69606295159
69606295159
0
69606821632
69606821632
69606821632
69606821632
69606821632
69606821632
69624573417
69624573417
69624573417
69624573417
69624573417
69624573417
159705
668650
69624573417
69624573417
69624573417
69624573417
69624573417
69624573417
69627420265
69627420265
69627420265
69627420265
69627420265
69627420265
1861995
69644495025
69644495025
69644495025
69644495025
69644495025
69644495025
28745
69645306418
69645306418
69645306418
69645306418
69645306418
69645306418
69649750403
69649750403
69649750403
69649750403
69649750403
69649750403
0
760
69649750403
69649750403
69649750403
69649750403
69649750403
69649750403
69657668736
69657668736
69657668736
69657668736
69657668736
69657668736
0
69659344096
69659344096
69659344096
69659344096
69659344096
69659344096
191385
69660440409
69660440409
69660440409
69660440409
69660440409
69660440409
69667593554
69667593554
69667593554
69667593554
69667593554
69667593554
13465
2735400
69667593554
69667593554
69667593554
69667593554
69667593554
69667593554
69673455402
69673455402
69673455402
69673455402
69673455402
69673455402
423080
69678231362
69678231362
69678231362
69678231362
69678231362
69678231362
73465
69679612595
69679612595
69679612595
69679612595
69679612595
69679612595
69698630380
69698630380
69698630380
69698630380
69698630380
69698630380
8305
0
69698630380
69698630380
69698630380
69698630380
69698630380
69698630380
69709104228
69709104228
69709104228
69709104228
69709104228
69709104228
0
69716980788
69716980788
69716980788
69716980788
69716980788
69716980788
80000
69718646941
69718646941
69718646941
69718646941
69718646941
69718646941
69739212966
69739212966
69739212966
69739212966
69739212966
69739212966
25465
0
69739212966
69739212966
69739212966
69739212966
69739212966
69739212966
69750179584
69750179584
69750179584
69750179584
69750179584
69750179584
0
69761156744
69761156744
69761156744
69761156744
69761156744
69761156744
65265
69761407817
69761407817
69761407817
69761407817
69761407817
69761407817
69786357082
69786357082
69786357082
69786357082
69786357082
69786357082
0
36080
69786357082
69786357082
69786357082
69786357082
69786357082
69786357082
69787340905
69787340905
69787340905
69787340905
69787340905
69787340905
0
69801418665
69801418665
69801418665
69801418665
69801418665
69801418665
254860
69801954658
69801954658
69801954658
69801954658
69801954658
69801954658
69819874443
69819874443
69819874443
69819874443
69819874443
69819874443
0
201360
69819874443
69819874443
69819874443
69819874443
69819874443
69819874443
69823656931
69823656931
69823656931
69823656931
69823656931
69823656931
0
69840835291
69840835291
69840835291
69840835291
69840835291
69840835291
0
69841656204
69841656204
69841656204
69841656204
69841656204
69841656204
69846137429
69846137429
69846137429
69846137429
69846137429
69846137429
0
0
69846137429
69846137429
69846137429
69846137429
69846137429
69846137429
69853174152
69853174152
69853174152
69853174152
69853174152
69853174152
0
69854953112
69854953112
69854953112
69854953112
69854953112
69854953112
114105
69856058945
69856058945
69856058945
69856058945
69856058945
69856058945
69864400330
69864400330
69864400330
69864400330
69864400330
69864400330
0
167210
69864400330
69864400330
69864400330
69864400330
69864400330
69864400330
69875445743
69875445743
69875445743
69875445743
69875445743
69875445743
1484840
69880325303
69880325303
69880325303
69880325303
69880325303
69880325303
14960
69881716056
69881716056
69881716056
69881716056
69881716056
69881716056
69896865081
69896865081
69896865081
69896865081
69896865081
69896865081
0
0
69896865081
69896865081
69896865081
69896865081
69896865081
69896865081
69906773344
69906773344
69906773344
69906773344
69906773344
69906773344
0
69914753504
69914753504
69914753504
69914753504
69914753504
69914753504
86705
69916429177
69916429177
69916429177
69916429177
69916429177
69916429177
69936335202
69936335202
69936335202
69936335202
69936335202
69936335202
25265
205545
69936335202
69936335202
69936335202
69936335202
69936335202
69936335202
69949143200
69949143200
69949143200
69949143200
69949143200
69949143200
0
69960223960
69960223960
69960223960
69960223960
69960223960
69960223960
0
69960484553
69960484553
69960484553
69960484553
69960484553
69960484553
69982921138
69982921138
69982921138
69982921138
69982921138
69982921138
0
0
69982921138
69982921138
69982921138
69982921138
69982921138
69982921138
69984175841
69984175841
69984175841
69984175841
69984175841
69984175841
0
69998357201
69998357201
69998357201
69998357201
69998357201
69998357201
0
69998902714
69998902714
69998902714
69998902714
69998902714
69998902714
70016999459
70016999459
70016999459
70016999459
70016999459
70016999459
0
17945
70016999459
70016999459
70016999459
70016999459
70016999459
70016999459
70019348582
70019348582
70019348582
70019348582
70019348582
70019348582
0
70036630542
70036630542
70036630542
70036630542
70036630542
70036630542
0
70037460975
70037460975
70037460975
70037460975
70037460975
70037460975
70042695920
70042695920
70042695920
70042695920
70042695920
70042695920
190385
0
70042695920
70042695920
70042695920
70042695920
70042695920
70042695920
70049522203
70049522203
70049522203
70049522203
70049522203
70049522203
212600
70051404763
70051404763
70051404763
70051404763
70051404763
70051404763
0
70052520116
70052520116
70052520116
70052520116
70052520116
70052520116
70062598541
70062598541
70062598541
70062598541
70062598541
70062598541
0
10825
70062598541
70062598541
70062598541
70062598541
70062598541
70062598541
70071361239
70071361239
70071361239
70071361239
70071361239
70071361239
305910
70076344399
70076344399
70076344399
70076344399
70076344399
70076344399
22905
70077744672
70077744672
70077744672
70077744672
70077744672
70077744672
70094892737
70094892737
70094892737
70094892737
70094892737
70094892737
0
95665
70094892737
70094892737
70094892737
70094892737
70094892737
70094892737
70102342285
70102342285
70102342285
70102342285
70102342285
70102342285
48665
70110426045
70110426045
70110426045
70110426045
70110426045
70110426045
0
70112111238
70112111238
70112111238
70112111238
70112111238
70112111238
70132047823
70132047823
70132047823
70132047823
70132047823
70132047823
25065
50955
70132047823
70132047823
70132047823
70132047823
70132047823
70132047823
70140209096
70140209096
70140209096
70140209096
70140209096
70140209096
192300
70151393456
70151393456
70151393456
70151393456
70151393456
70151393456
36305
70151663569
70151663569
70151663569
70151663569
70151663569
70151663569
70182360594
70182360594
70182360594
70182360594
70182360594
70182360594
88945
0
70182360594
70182360594
70182360594
70182360594
70182360594
70182360594
70183161057
70183161057
70183161057
70183161057
70183161057
70183161057
327920
70197446017
70197446017
70197446017
70197446017
70197446017
70197446017
0
70198001050
70198001050
70198001050
70198001050
70198001050
70198001050
70216290435
70216290435
70216290435
70216290435
70216290435
70216290435
17320
1574320
70216290435
70216290435
70216290435
70216290435
70216290435
70216290435
70220148678
70220148678
70220148678
70220148678
70220148678
70220148678
0
70237534238
70237534238
70237534238
70237534238
70237534238
70237534238
44665
70238374191
70238374191
70238374191
70238374191
70238374191
70238374191
70244147176
70244147176
70244147176
70244147176
70244147176
70244147176
0
0
70244147176
70244147176
70244147176
70244147176
70244147176
70244147176
70251306569
70251306569
70251306569
70251306569
70251306569
70251306569
92440
70253292729
70253292729
70253292729
70253292729
70253292729
70253292729
83985
70254417602
70254417602
70254417602
70254417602
70254417602
70254417602
70264596427
70264596427
70264596427
70264596427
70264596427
70264596427
236930
35865
70264596427
70264596427
70264596427
70264596427
70264596427
70264596427
70272883675
70272883675
70272883675
70272883675
70272883675
70272883675
0
70277970435
70277970435
70277970435
70277970435
70277970435
70277970435
0
70279380228
70279380228
70279380228
70279380228
70279380228
70279380228
70294500413
70294500413
70294500413
70294500413
70294500413
70294500413
56745
0
70294500413
70294500413
70294500413
70294500413
70294500413
70294500413
70307042486
70307042486
70307042486
70307042486
70307042486
70307042486
162160
70315229846
70315229846
70315229846
70315229846
70315229846
70315229846
31720
70316924559
70316924559
70316924559
70316924559
70316924559
70316924559
70337173304
70337173304
70337173304
70337173304
70337173304
70337173304
75920
695520
70337173304
70337173304
70337173304
70337173304
70337173304
70337173304
70347718347
70347718347
70347718347
70347718347
70347718347
70347718347
23225
70359006307
70359006307
70359006307
70359006307
70359006307
70359006307
0
70359285940
70359285940
70359285940
70359285940
70359285940
70359285940
70385014125
70385014125
70385014125
70385014125
70385014125
70385014125
42025
296800
70385014125
70385014125
70385014125
70385014125
70385014125
70385014125
70386579848
70386579848
70386579848
70386579848
70386579848
70386579848
531315
70400968408
70400968408
70400968408
70400968408
70400968408
70400968408
112115
70401532961
70401532961
70401532961
70401532961
70401532961
70401532961
70420068746
70420068746
70420068746
70420068746
70420068746
70420068746
96185
540015
70420068746
70420068746
70420068746
70420068746
70420068746
70420068746
70422297219
70422297219
70422297219
70422297219
70422297219
70422297219
0
70439786379
70439786379
70439786379
70439786379
70439786379
70439786379
0
70440635852
70440635852
70440635852
70440635852
70440635852
70440635852
70445054317
70445054317
70445054317
70445054317
70445054317
70445054317
0
1378440
70445054317
70445054317
70445054317
70445054317
70445054317
70445054317
70452233340
70452233340
70452233340
70452233340
70452233340
70452233340
245280
70454323100
70454323100
70454323100
70454323100
70454323100
70454323100
84305
70455457493
70455457493
70455457493
70455457493
70455457493
70455457493
70465658478
70465658478
70465658478
70465658478
70465658478
70465658478
0
0
70465658478
70465658478
70465658478
70465658478
70465658478
70465658478
70473913356
70473913356
70473913356
70473913356
70473913356
70473913356
399525
70479103716
70479103716
70479103716
70479103716
70479103716
70479103716
33065
70480523029
70480523029
70480523029
70480523029
70480523029
70480523029
70496855014
70496855014
70496855014
70496855014
70496855014
70496855014
0
54440
70496855014
70496855014
70496855014
70496855014
70496855014
70496855014
70507580117
70507580117
70507580117
70507580117
70507580117
70507580117
0
70515871077
70515871077
70515871077
70515871077
70515871077
70515871077
31520
70515875310
70515875310
70515875310
70515875310
70515875310
70515875310
70538441015
70538441015
70538441015
70538441015
70538441015
70538441015
0
0
70538441015
70538441015
70538441015
70538441015
70538441015
70538441015
70549412238
70549412238
70549412238
70549412238
70549412238
70549412238
2646430
70560803798
70560803798
70560803798
70560803798
70560803798
70560803798
0
70561092951
70561092951
70561092951
70561092951
70561092951
70561092951
70586641616
70586641616
70586641616
70586641616
70586641616
70586641616
41825
145865
70586641616
70586641616
70586641616
70586641616
70586641616
70586641616
70587595779
70587595779
70587595779
70587595779
70587595779
70587595779
0
70602087939
70602087939
70602087939
70602087939
70602087939
70602087939
24185
70602662012
70602662012
70602662012
70602662012
70602662012
70602662012
70621264437
70621264437
70621264437
70621264437
70621264437
70621264437
58985
0
70621264437
70621264437
70621264437
70621264437
70621264437
70621264437
70623305060
70623305060
70623305060
70623305060
70623305060
70623305060
0
70640897820
70640897820
70640897820
70640897820
70640897820
70640897820
78200
70641756813
70641756813
70641756813
70641756813
70641756813
70641756813
70648052598
70648052598
70648052598
70648052598
70648052598
70648052598
0
88530
70648052598
70648052598
70648052598
70648052598
70648052598
70648052598
70653260346
70653260346
70653260346
70653260346
70653260346
70653260346
9720
70655453706
70655453706
70655453706
70655453706
70655453706
70655453706
0
70656597619
70656597619
70656597619
70656597619
70656597619
70656597619
70665852284
70665852284
70665852284
70665852284
70665852284
70665852284
0
292900
70665852284
70665852284
70665852284
70665852284
70665852284
70665852284
70675104762
70675104762
70675104762
70675104762
70675104762
70675104762
1040690
70680398722
70680398722
70680398722
70680398722
70680398722
70680398722
24065
70681827555
70681827555
70681827555
70681827555
70681827555
70681827555
70696626620
70696626620
70696626620
70696626620
70696626620
70696626620
0
11580610
70696626620
70696626620
70696626620
70696626620
70696626620
70696626620
70702837853
70702837853
70702837853
70702837853
70702837853
70702837853
535080
70711232413
70711232413
70711232413
70711232413
70711232413
70711232413
0
70711246166
70711246166
70711246166
70711246166
70711246166
70711246166
70729675231
70729675231
70729675231
70729675231
70729675231
70729675231
952095
0
70729675231
70729675231
70729675231
70729675231
70729675231
70729675231
70745892959
70745892959
70745892959
70745892959
70745892959
70745892959
7092260
70757388119
70757388119
70757388119
70757388119
70757388119
70757388119
48480
70757686792
70757686792
70757686792
70757686792
70757686792
70757686792
70783673337
70783673337
70783673337
70783673337
70783673337
70783673337
0
0
70783673337
70783673337
70783673337
70783673337
70783673337
70783673337
70785317710
70785317710
70785317710
70785317710
70785317710
70785317710
0
70799913470
70799913470
70799913470
70799913470
70799913470
70799913470
0
70800497063
70800497063
70800497063
70800497063
70800497063
70800497063
70819884048
70819884048
70819884048
70819884048
70819884048
70819884048
58785
0
70819884048
70819884048
70819884048
70819884048
70819884048
70819884048
70823042411
70823042411
70823042411
70823042411
70823042411
70823042411
0
70840738771
70840738771
70840738771
70840738771
70840738771
70840738771
0
70841607284
70841607284
70841607284
70841607284
70841607284
70841607284
70847610509
70847610509
70847610509
70847610509
70847610509
70847610509
0
42601475
70847610509
70847610509
70847610509
70847610509
70847610509
70847610509
70853052837
70853052837
70853052837
70853052837
70853052837
70853052837
697395
70855349797
70855349797
70855349797
70855349797
70855349797
70855349797
45505
70856503230
70856503230
70856503230
70856503230
70856503230
70856503230
70866109175
70866109175
70866109175
70866109175
70866109175
70866109175
0
54185
70866109175
70866109175
70866109175
70866109175
70866109175
70866109175
70870702483
70870702483
70870702483
70870702483
70870702483
70870702483
0
70876100043
70876100043
70876100043
70876100043
70876100043
70876100043
0
70877538396
70877538396
70877538396
70877538396
70877538396
70877538396
70892893261
70892893261
70892893261
70892893261
70892893261
70892893261
0
0
70892893261
70892893261
70892893261
70892893261
70892893261
70892893261
70904078304
70904078304
70904078304
70904078304
70904078304
70904078304
202575
70912576464
70912576464
70912576464
70912576464
70912576464
70912576464
10840
70912599737
70912599737
70912599737
70912599737
70912599737
70912599737
70937139842
70937139842
70937139842
70937139842
70937139842
70937139842
0
174525
70937139842
70937139842
70937139842
70937139842
70937139842
70937139842
70953456690
70953456690
70953456690
70953456690
70953456690
70953456690
0
70965055450
70965055450
70965055450
70965055450
70965055450
70965055450
48280
70965363643
70965363643
70965363643
70965363643
70965363643
70965363643
70992327828
70992327828
70992327828
70992327828
70992327828
70992327828
307330
0
70992327828
70992327828
70992327828
70992327828
70992327828
70992327828
70993837531
70993837531
70993837531
70993837531
70993837531
70993837531
353790
71008536891
71008536891
71008536891
71008536891
71008536891
71008536891
956070
71009130004
71009130004
71009130004
71009130004
71009130004
71009130004
71028117709
71028117709
71028117709
71028117709
71028117709
71028117709
72170
0
71028117709
71028117709
71028117709
71028117709
71028117709
71028117709
71030746832
71030746832
71030746832
71030746832
71030746832
71030746832
0
71048546792
71048546792
71048546792
71048546792
71048546792
71048546792
456045
71049424825
71049424825
71049424825
71049424825
71049424825
71049424825
71055133770
71055133770
71055133770
71055133770
71055133770
71055133770
75745
0
71055133770
71055133770
71055133770
71055133770
71055133770
71055133770
71063150638
71063150638
71063150638
71063150638
71063150638
71063150638
1822020
71065551198
71065551198
71065551198
71065551198
71065551198
71065551198
0
71066714151
71066714151
71066714151
71066714151
71066714151
71066714151
71076875376
71076875376
71076875376
71076875376
71076875376
71076875376
0
0
71076875376
71076875376
71076875376
71076875376
71076875376
71076875376
71084201194
71084201194
71084201194
71084201194
71084201194
71084201194
0
71089702354
71089702354
71089702354
71089702354
71089702354
71089702354
69080
71091150227
71091150227
71091150227
71091150227
71091150227
71091150227
71107125172
71107125172
71107125172
71107125172
71107125172
71107125172
0
0
71107125172
71107125172
71107125172
71107125172
71107125172
71107125172
71120273720
71120273720
71120273720
71120273720
71120273720
71120273720
29840
71128875480
71128875480
71128875480
71128875480
71128875480
71128875480
0
71128908273
71128908273
71128908273
71128908273
71128908273
71128908273
71152258058
71152258058
71152258058
71152258058
71152258058
71152258058
0
367520
71152258058
71152258058
71152258058
71152258058
71152258058
71152258058
71163614851
71163614851
71163614851
71163614851
71163614851
71163614851
38000
71175317211
71175317211
71175317211
71175317211
71175317211
71175317211
3465
71175634924
71175634924
71175634924
71175634924
71175634924
71175634924
71206375589
71206375589
71206375589
71206375589
71206375589
71206375589
0
0
71206375589
71206375589
71206375589
71206375589
71206375589
71206375589
71207970627
71207970627
71207970627
71207970627
71207970627
71207970627
6657320
71222773587
71222773587
71222773587
71222773587
71222773587
71222773587
65240
71223376220
71223376220
71223376220
71223376220
71223376220
71223376220
71242722885
71242722885
71242722885
71242722885
71242722885
71242722885
0
0
71242722885
71242722885
71242722885
71242722885
71242722885
71242722885
71245433513
71245433513
71245433513
71245433513
71245433513
71245433513
185760
71263337073
71263337073
71263337073
71263337073
71263337073
71263337073
0
71264224626
71264224626
71264224626
71264224626
71264224626
71264224626
71269334011
71269334011
71269334011
71269334011
71269334011
71269334011
75545
94240
71269334011
71269334011
71269334011
71269334011
71269334011
71269334011
71274963084
71274963084
71274963084
71274963084
71274963084
71274963084
54120
71277467244
71277467244
71277467244
71277467244
71277467244
71277467244
0
71278639717
71278639717
71278639717
71278639717
71278639717
71278639717
71291500142
71291500142
71291500142
71291500142
71291500142
71291500142
0
132600
71291500142
71291500142
71291500142
71291500142
71291500142
71291500142
71303380740
71303380740
71303380740
71303380740
71303380740
71303380740
0
71308985500
71308985500
71308985500
71308985500
71308985500
71308985500
0
71310442893
71310442893
71310442893
71310442893
71310442893
71310442893
71328927878
71328927878
71328927878
71328927878
71328927878
71328927878
70160
3562825
71328927878
71328927878
71328927878
71328927878
71328927878
71328927878
71337247281
71337247281
71337247281
71337247281
71337247281
71337247281
2036870
71345952641
71345952641
71345952641
71345952641
71345952641
71345952641
24905
71345994954
71345994954
71345994954
71345994954
71345994954
71345994954
71370788499
71370788499
71370788499
71370788499
71370788499
71370788499
0
458150
71370788499
71370788499
71370788499
71370788499
71370788499
71370788499
71382271967
71382271967
71382271967
71382271967
71382271967
71382271967
1559090
71394077927
71394077927
71394077927
71394077927
71394077927
71394077927
0
71394405160
71394405160
71394405160
71394405160
71394405160
71394405160
71421906545
71421906545
71421906545
71421906545
71421906545
71421906545
0
0
71421906545
71421906545
71421906545
71421906545
71421906545
71421906545
71423539273
71423539273
71423539273
71423539273
71423539273
71423539273
169800
71438445833
71438445833
71438445833
71438445833
71438445833
71438445833
65040
71439057986
71439057986
71439057986
71439057986
71439057986
71439057986
71458655531
71458655531
71458655531
71458655531
71458655531
71458655531
55545
0
71458655531
71458655531
71458655531
71458655531
71458655531
71458655531
71462830229
71462830229
71462830229
71462830229
71462830229
71462830229
1589815
71480837389
71480837389
71480837389
71480837389
71480837389
71480837389
0
71481734462
71481734462
71481734462
71481734462
71481734462
71481734462
71488419007
71488419007
71488419007
71488419007
71488419007
71488419007
156345
52400
71488419007
71488419007
71488419007
71488419007
71488419007
71488419007
71495748230
71495748230
71495748230
71495748230
71495748230
71495748230
666720
71498355990
71498355990
71498355990
71498355990
71498355990
71498355990
61425
71499537983
71499537983
71499537983
71499537983
71499537983
71499537983
71509619368
71509619368
71509619368
71509619368
71509619368
71509619368
92505
0
71509619368
71509619368
71509619368
71509619368
71509619368
71509619368
71516725436
71516725436
71516725436
71516725436
71516725436
71516725436
1259890
71522433796
71522433796
71522433796
71522433796
71522433796
71522433796
125730
71523900709
71523900709
71523900709
71523900709
71523900709
71523900709
71538207134
71538207134
71538207134
71538207134
71538207134
71538207134
49945
0
71538207134
71538207134
71538207134
71538207134
71538207134
71538207134
71550251577
71550251577
71550251577
71550251577
71550251577
71550251577
127315
71559060537
71559060537
71559060537
71559060537
71559060537
71559060537
0
71559112370
71559112370
71559112370
71559112370
71559112370
71559112370
71588490155
71588490155
71588490155
71588490155
71588490155
71588490155
0
0
71588490155
71588490155
71588490155
71588490155
71588490155
71588490155
71600238793
71600238793
71600238793
71600238793
71600238793
71600238793
265285
71612148353
71612148353
71612148353
71612148353
71612148353
71612148353
329930
71612485106
71612485106
71612485106
71612485106
71612485106
71612485106
71642807011
71642807011
71642807011
71642807011
71642807011
71642807011
0
0
71642807011
71642807011
71642807011
71642807011
71642807011
71642807011
71644480574
71644480574
71644480574
71644480574
71644480574
71644480574
4770830
71659490734
71659490734
71659490734
71659490734
71659490734
71659490734
746720
71660112407
71660112407
71660112407
71660112407
71660112407
71660112407
71679860032
71679860032
71679860032
71679860032
71679860032
71679860032
0
80105
71679860032
71679860032
71679860032
71679860032
71679860032
71679860032
71684520905
71684520905
71684520905
71684520905
71684520905
71684520905
697075
71702631665
71702631665
71702631665
71702631665
71702631665
71702631665
291530
71703538258
71703538258
71703538258
71703538258
71703538258
71703538258
71710289643
71710289643
71710289643
71710289643
71710289643
71710289643
31680
178265
71710289643
71710289643
71710289643
71710289643
71710289643
71710289643
71715456926
71715456926
71715456926
71715456926
71715456926
71715456926
151940
71718168286
71718168286
71718168286
71718168286
71718168286
71718168286
0
71719359799
71719359799
71719359799
71719359799
71719359799
71719359799
71729765104
71729765104
71729765104
71729765104
71729765104
71729765104
166385
19720
71729765104
71729765104
71729765104
71729765104
71729765104
71729765104
71738079447
71738079447
71738079447
71738079447
71738079447
71738079447
0
71743891407
71743891407
71743891407
71743891407
71743891407
71743891407
0
71745367840
71745367840
71745367840
71745367840
71745367840
71745367840
71764244825
71764244825
71764244825
71764244825
71764244825
71764244825
0
1412310
71764244825
71764244825
71764244825
71764244825
71764244825
71764244825
71774300193
71774300193
71774300193
71774300193
71774300193
71774300193
1167160
71783212753
71783212753
71783212753
71783212753
71783212753
71783212753
0
71783274106
71783274106
71783274106
71783274106
71783274106
71783274106
71802101571
71802101571
71802101571
71802101571
71802101571
71802101571
3789320
0
71802101571
71802101571
71802101571
71802101571
71802101571
71802101571
71816646574
71816646574
71816646574
71816646574
71816646574
71816646574
186850
71828659734
71828659734
71828659734
71828659734
71828659734
71828659734
116905
71829006007
71829006007
71829006007
71829006007
71829006007
71829006007
71851459032
71851459032
71851459032
71851459032
71851459032
71851459032
0
345420
71851459032
71851459032
71851459032
71851459032
71851459032
71851459032
71852688280
71852688280
71852688280
71852688280
71852688280
71852688280
106915
71867802040
71867802040
71867802040
71867802040
71867802040
71867802040
0
71868433233
71868433233
71868433233
71868433233
71868433233
71868433233
71869589018
71869589018
71869589018
71869589018
71869589018
71869589018
325870
876715
71869589018
71869589018
71869589018
71869589018
71869589018
71869589018
71874888791
71874888791
71874888791
71874888791
71874888791
71874888791
74010
71893103151
71893103151
71893103151
71893103151
71893103151
71893103151
81800
71894019264
71894019264
71894019264
71894019264
71894019264
71894019264
71900630609
71900630609
71900630609
71900630609
71900630609
71900630609
265825
176840
71900630609
71900630609
71900630609
71900630609
71900630609
71900630609
71903445877
71903445877
71903445877
71903445877
71903445877
71903445877
72360
71906260837
71906260837
71906260837
71906260837
71906260837
71906260837
0
71907461870
71907461870
71907461870
71907461870
71907461870
71907461870
71920794615
71920794615
71920794615
71920794615
71920794615
71920794615
92105
1337565
71920794615
71920794615
71920794615
71920794615
71920794615
71920794615
71929003003
71929003003
71929003003
71929003003
71929003003
71929003003
293880
71934918563
71934918563
71934918563
71934918563
71934918563
71934918563
71305
71936404516
71936404516
71936404516
71936404516
71936404516
71936404516
71955829581
71955829581
71955829581
71955829581
71955829581
71955829581
9265
0
71955829581
71955829581
71955829581
71955829581
71955829581
71955829581
71969210719
71969210719
71969210719
71969210719
71969210719
71969210719
350475
71978226879
71978226879
71978226879
71978226879
71978226879
71978226879
129505
71978297752
71978297752
71978297752
71978297752
71978297752
71978297752
72005122737
72005122737
72005122737
72005122737
72005122737
72005122737
0
248240
72005122737
72005122737
72005122737
72005122737
72005122737
72005122737
72018539135
72018539135
72018539135
72018539135
72018539135
72018539135
78960
72030655895
72030655895
72030655895
72030655895
72030655895
72030655895
0
72031011688
72031011688
72031011688
72031011688
72031011688
72031011688
72061447873
72061447873
72061447873
72061447873
72061447873
72061447873
0
425010
72061447873
72061447873
72061447873
72061447873
72061447873
72061447873
72062988576
72062988576
72062988576
72062988576
72062988576
72062988576
54585
72078205936
72078205936
72078205936
72078205936
72078205936
72078205936
0
72078846649
72078846649
72078846649
72078846649
72078846649
72078846649
72080284674
72080284674
72080284674
72080284674
72080284674
72080284674
545
0
72080284674
72080284674
72080284674
72080284674
72080284674
72080284674
72085496632
72085496632
72085496632
72085496632
72085496632
72085496632
0
72103814592
72103814592
72103814592
72103814592
72103814592
72103814592
0
72104740225
72104740225
72104740225
72104740225
72104740225
72104740225
72112225770
72112225770
72112225770
72112225770
72112225770
72112225770
0
987320
72112225770
72112225770
72112225770
72112225770
72112225770
72112225770
72120415798
72120415798
72120415798
72120415798
72120415798
72120415798
0
72123334358
72123334358
72123334358
72123334358
72123334358
72123334358
247995
72124544911
72124544911
72124544911
72124544911
72124544911
72124544911
72137013336
72137013336
72137013336
72137013336
72137013336
72137013336
0
0
72137013336
72137013336
72137013336
72137013336
72137013336
72137013336
72146582769
72146582769
72146582769
72146582769
72146582769
72146582769
640925
72152601929
72152601929
72152601929
72152601929
72152601929
72152601929
111010
72154097402
72154097402
72154097402
72154097402
72154097402
72154097402
72173603347
72173603347
72173603347
72173603347
72173603347
72173603347
9065
2884510
72173603347
72173603347
72173603347
72173603347
72173603347
72173603347
72183725170
72183725170
72183725170
72183725170
72183725170
72183725170
60600
72192844930
72192844930
72192844930
72192844930
72192844930
72192844930
0
72192925323
72192925323
72192925323
72192925323
72192925323
72192925323
72216996308
72216996308
72216996308
72216996308
72216996308
72216996308
0
0
72216996308
72216996308
72216996308
72216996308
72216996308
72216996308
72230880886
72230880886
72230880886
72230880886
72230880886
72230880886
155040
72243101246
72243101246
72243101246
72243101246
72243101246
72243101246
0
72243466559
72243466559
72243466559
72243466559
72243466559
72243466559
72269922304
72269922304
72269922304
72269922304
72269922304
72269922304
0
380805
72269922304
72269922304
72269922304
72269922304
72269922304
72269922304
72271788677
72271788677
72271788677
72271788677
72271788677
72271788677
1111170
72287109637
72287109637
72287109637
72287109637
72287109637
72287109637
0
72287759870
72287759870
72287759870
72287759870
72287759870
72287759870
72289741095
72289741095
72289741095
72289741095
72289741095
72289741095
0
3228245
72289741095
72289741095
72289741095
72289741095
72289741095
72289741095
72294008248
72294008248
72294008248
72294008248
72294008248
72294008248
0
72312429808
72312429808
72312429808
72312429808
72312429808
72312429808
98785
72313364961
72313364961
72313364961
72313364961
72313364961
72313364961
72319941626
72319941626
72319941626
72319941626
72319941626
72319941626
0
2263735
72319941626
72319941626
72319941626
72319941626
72319941626
72319941626
72327737299
72327737299
72327737299
72327737299
72327737299
72327737299
0
72330759459
72330759459
72330759459
72330759459
72330759459
72330759459
98560
72331979532
72331979532
72331979532
72331979532
72331979532
72331979532
72346353237
72346353237
72346353237
72346353237
72346353237
72346353237
27825
674660
72346353237
72346353237
72346353237
72346353237
72346353237
72346353237
72351804810
72351804810
72351804810
72351804810
72351804810
72351804810
490060
72357927570
72357927570
72357927570
72357927570
72357927570
72357927570
0
72359432563
72359432563
72359432563
72359432563
72359432563
72359432563
72377581948
72377581948
72377581948
72377581948
72377581948
72377581948
8865
0
72377581948
72377581948
72377581948
72377581948
72377581948
72377581948
72391861871
72391861871
72391861871
72391861871
72391861871
72391861871
829760
72401085231
72401085231
72401085231
72401085231
72401085231
72401085231
493805
72401175144
72401175144
72401175144
72401175144
72401175144
72401175144
72422907809
72422907809
72422907809
72422907809
72422907809
72422907809
26025
0
72422907809
72422907809
72422907809
72422907809
72422907809
72422907809
72439171947
72439171947
72439171947
72439171947
72439171947
72439171947
0
72451495907
72451495907
72451495907
72451495907
72451495907
72451495907
92185
72451870740
72451870740
72451870740
72451870740
72451870740
72451870740
72483441005
72483441005
72483441005
72483441005
72483441005
72483441005
0
0
72483441005
72483441005
72483441005
72483441005
72483441005
72483441005
72485948208
72485948208
72485948208
72485948208
72485948208
72485948208
178770
72501372768
72501372768
72501372768
72501372768
72501372768
72501372768
20225
72502032521
72502032521
72502032521
72502032521
72502032521
72502032521
72503178226
72503178226
72503178226
72503178226
72503178226
72503178226
0
102785
72503178226
72503178226
72503178226
72503178226
72503178226
72503178226
72507151894
72507151894
72507151894
72507151894
72507151894
72507151894
0
72507177054
72507177054
72507177054
72507177054
72507177054
72507177054
0
72508121727
72508121727
72508121727
72508121727
72508121727
72508121727
72513930352
72513930352
72513930352
72513930352
72513930352
72513930352
85385
208875
72513930352
72513930352
72513930352
72513930352
72513930352
72513930352
72521228100
72521228100
72521228100
72521228100
72521228100
72521228100
0
72524353860
72524353860
72524353860
72524353860
72524353860
72524353860
0
72525583453
72525583453
72525583453
72525583453
72525583453
72525583453
72540512038
72540512038
72540512038
72540512038
72540512038
72540512038
0
75840
72540512038
72540512038
72540512038
72540512038
72540512038
72540512038
72551002571
72551002571
72551002571
72551002571
72551002571
72551002571
190875
72557228931
72557228931
72557228931
72557228931
72557228931
72557228931
96425
72558743444
72558743444
72558743444
72558743444
72558743444
72558743444
72580577389
72580577389
72580577389
72580577389
72580577389
72580577389
52320
0
72580577389
72580577389
72580577389
72580577389
72580577389
72580577389
72593454357
72593454357
72593454357
72593454357
72593454357
72593454357
355740
72602781317
72602781317
72602781317
72602781317
72602781317
72602781317
0
72602880750
72602880750
72602880750
72602880750
72602880750
72602880750
72625322935
72625322935
72625322935
72625322935
72625322935
72625322935
25825
2173550
72625322935
72625322935
72625322935
72625322935
72625322935
72625322935
72639198263
72639198263
72639198263
72639198263
72639198263
72639198263
408210
72651625823
72651625823
72651625823
72651625823
72651625823
72651625823
789955
72652010176
72652010176
72652010176
72652010176
72652010176
72652010176
72679929601
72679929601
72679929601
72679929601
72679929601
72679929601
72585
298995
72679929601
72679929601
72679929601
72679929601
72679929601
72679929601
72682052629
72682052629
72682052629
72682052629
72682052629
72682052629
0
72697580789
72697580789
72697580789
72697580789
72697580789
72697580789
50025
72698250062
72698250062
72698250062
72698250062
72698250062
72698250062
72700338807
72700338807
72700338807
72700338807
72700338807
72700338807
0
2007975
72700338807
72700338807
72700338807
72700338807
72700338807
72700338807
72704328105
72704328105
72704328105
72704328105
72704328105
72704328105
0
72704456865
72704456865
72704456865
72704456865
72704456865
72704456865
0
72705411058
72705411058
72705411058
72705411058
72705411058
72705411058
72712412643
72712412643
72712412643
72712412643
72712412643
72712412643
0
0
72712412643
72712412643
72712412643
72712412643
72712412643
72712412643
72721230046
72721230046
72721230046
72721230046
72721230046
72721230046
284395
72724459406
72724459406
72724459406
72724459406
72724459406
72724459406
0
72725698519
72725698519
72725698519
72725698519
72725698519
72725698519
72738188064
72738188064
72738188064
72738188064
72738188064
72738188064
0
215400
72738188064
72738188064
72738188064
72738188064
72738188064
72738188064
72749401007
72749401007
72749401007
72749401007
72749401007
72749401007
207730
72755730967
72755730967
72755730967
72755730967
72755730967
72755730967
93505
72757255000
72757255000
72757255000
72757255000
72757255000
72757255000
72772786665
72772786665
72772786665
72772786665
72772786665
72772786665
0
382310
72772786665
72772786665
72772786665
72772786665
72772786665
72772786665
72786550843
72786550843
72786550843
72786550843
72786550843
72786550843
0
72795981403
72795981403
72795981403
72795981403
72795981403
72795981403
93945
72796090356
72796090356
72796090356
72796090356
72796090356
72796090356
72821191901
72821191901
72821191901
72821191901
72821191901
72821191901
115115
0
72821191901
72821191901
72821191901
72821191901
72821191901
72821191901
72836990224
72836990224
72836990224
72836990224
72836990224
72836990224
0
72849521384
72849521384
72849521384
72849521384
72849521384
72849521384
0
72849915257
72849915257
72849915257
72849915257
72849915257
72849915257
72874515682
72874515682
72874515682
72874515682
72874515682
72874515682
1156725
0
72874515682
72874515682
72874515682
72874515682
72874515682
72874515682
72876316655
72876316655
72876316655
72876316655
72876316655
72876316655
60600
72891948415
72891948415
72891948415
72891948415
72891948415
72891948415
0
72892627208
72892627208
72892627208
72892627208
72892627208
72892627208
72894264593
72894264593
72894264593
72894264593
72894264593
72894264593
0
39440
72894264593
72894264593
72894264593
72894264593
72894264593
72894264593
72900336246
72900336246
72900336246
72900336246
72900336246
72900336246
0
72900568606
72900568606
72900568606
72900568606
72900568606
72900568606
0
72901532319
72901532319
72901532319
72901532319
72901532319
72901532319
72911614784
72911614784
72911614784
72911614784
72911614784
72911614784
0
0
72911614784
72911614784
72911614784
72911614784
72911614784
72911614784
72919368842
72919368842
72919368842
72919368842
72919368842
72919368842
96240
72922701802
72922701802
72922701802
72922701802
72922701802
72922701802
99625
72923950435
72923950435
72923950435
72923950435
72923950435
72923950435
72936527500
72936527500
72936527500
72936527500
72936527500
72936527500
0
12344975
72936527500
72936527500
72936527500
72936527500
72936527500
72936527500
72947330963
72947330963
72947330963
72947330963
72947330963
72947330963
0
72953764523
72953764523
72953764523
72953764523
72953764523
72953764523
0
72955298076
72955298076
72955298076
72955298076
72955298076
72955298076
72973568141
72973568141
72973568141
72973568141
72973568141
72973568141
0
926755
72973568141
72973568141
72973568141
72973568141
72973568141
72973568141
72985662249
72985662249
72985662249
72985662249
72985662249
72985662249
0
72995196409
72995196409
72995196409
72995196409
72995196409
72995196409
121465
72995314882
72995314882
72995314882
72995314882
72995314882
72995314882
73020373227
73020373227
73020373227
73020373227
73020373227
73020373227
0
160690
73020373227
73020373227
73020373227
73020373227
73020373227
73020373227
73028704400
73028704400
73028704400
73028704400
73028704400
73028704400
0
73041339160
73041339160
73041339160
73041339160
73041339160
73041339160
0
73041742553
73041742553
73041742553
73041742553
73041742553
73041742553
73076282538
73076282538
73076282538
73076282538
73076282538
73076282538
42585
695700
73076282538
73076282538
73076282538
73076282538
73076282538
73076282538
73078236781
73078236781
73078236781
73078236781
73078236781
73078236781
213145
73093972141
73093972141
73093972141
73093972141
73093972141
73093972141
0
73094660454
73094660454
73094660454
73094660454
73094660454
73094660454
73097652479
73097652479
73097652479
73097652479
73097652479
73097652479
124570
0
73097652479
73097652479
73097652479
73097652479
73097652479
73097652479
73101941222
73101941222
73101941222
73101941222
73101941222
73101941222
264930074
73102277182
73102277182
73102277182
73102277182
73102277182
73102277182
0
73103250415
73103250415
73103250415
73103250415
73103250415
73103250415
73112280760
73112280760
73112280760
73112280760
73112280760
73112280760
0
20225
73112280760
73112280760
73112280760
73112280760
73112280760
73112280760
73119700353
73119700353
73119700353
73119700353
73119700353
73119700353
45785
73123136913
73123136913
73123136913
73123136913
73123136913
73123136913
0
73124395066
73124395066
73124395066
73124395066
73124395066
73124395066
73138506371
73138506371
73138506371
73138506371
73138506371
73138506371
496740
37220
73138506371
73138506371
73138506371
73138506371
73138506371
73138506371
73146456924
73146456924
73146456924
73146456924
73146456924
73146456924
0
73152994084
73152994084
73152994084
73152994084
73152994084
73152994084
63010
73154537157
73154537157
73154537157
73154537157
73154537157
73154537157
73174413902
73174413902
73174413902
73174413902
73174413902
73174413902
0
0
73174413902
73174413902
73174413902
73174413902
73174413902
73174413902
73190471050
73190471050
73190471050
73190471050
73190471050
73190471050
0
73200108810
73200108810
73200108810
73200108810
73200108810
73200108810
124920
73200236803
73200236803
73200236803
73200236803
73200236803
73200236803
73227376188
73227376188
73227376188
73227376188
73227376188
73227376188
0
537830
73227376188
73227376188
73227376188
73227376188
73227376188
73227376188
73240058221
73240058221
73240058221
73240058221
73240058221
73240058221
0
73252796581
73252796581
73252796581
73252796581
73252796581
73252796581
57585
73253209494
73253209494
73253209494
73253209494
73253209494
73253209494
73285381599
73285381599
73285381599
73285381599
73285381599
73285381599
42385
0
73285381599
73285381599
73285381599
73285381599
73285381599
73285381599
73286462992
73286462992
73286462992
73286462992
73286462992
73286462992
89105
73302301952
73302301952
73302301952
73302301952
73302301952
73302301952
103880
73302999785
73302999785
73302999785
73302999785
73302999785
73302999785
73305686610
73305686610
73305686610
73305686610
73305686610
73305686610
59545
399000
73305686610
73305686610
73305686610
73305686610
73305686610
73305686610
73309740463
73309740463
73309740463
73309740463
73309740463
73309740463
2987280
73310180023
73310180023
73310180023
73310180023
73310180023
73310180023
0
73311162776
73311162776
73311162776
73311162776
73311162776
73311162776
73318072801
73318072801
73318072801
73318072801
73318072801
73318072801
0
395940
73318072801
73318072801
73318072801
73318072801
73318072801
73318072801
73327397504
73327397504
73327397504
73327397504
73327397504
73327397504
105905
73330937664
73330937664
73330937664
73330937664
73330937664
73330937664
0
73332205337
73332205337
73332205337
73332205337
73332205337
73332205337
73344675682
73344675682
73344675682
73344675682
73344675682
73344675682
0
0
73344675682
73344675682
73344675682
73344675682
73344675682
73344675682
73355925805
73355925805
73355925805
73355925805
73355925805
73355925805
0
73362566565
73362566565
73362566565
73362566565
73362566565
73362566565
222945
73364119158
73364119158
73364119158
73364119158
73364119158
73364119158
73382310543
73382310543
73382310543
73382310543
73382310543
73382310543
1240
26000
73382310543
73382310543
73382310543
73382310543
73382310543
73382310543
73392862446
73392862446
73392862446
73392862446
73392862446
73392862446
0
73402603806
73402603806
73402603806
73402603806
73402603806
73402603806
79025
73402741319
73402741319
73402741319
73402741319
73402741319
73402741319
73430322064
73430322064
73430322064
73430322064
73430322064
73430322064
0
0
73430322064
73430322064
73430322064
73430322064
73430322064
73430322064
73443576582
73443576582
73443576582
73443576582
73443576582
73443576582
34705
73456418542
73456418542
73456418542
73456418542
73456418542
73456418542
49040
73456840975
73456840975
73456840975
73456840975
73456840975
73456840975
73487864520
73487864520
73487864520
73487864520
73487864520
73487864520
0
0
73487864520
73487864520
73487864520
73487864520
73487864520
73487864520
73490503183
73490503183
73490503183
73490503183
73490503183
73490503183
672250
73506445743
73506445743
73506445743
73506445743
73506445743
73506445743
0
73507153096
73507153096
73507153096
73507153096
73507153096
73507153096
73509513441
73509513441
73509513441
73509513441
73509513441
73509513441
59345
79680
73509513441
73509513441
73509513441
73509513441
73509513441
73509513441
73514492809
73514492809
73514492809
73514492809
73514492809
73514492809
681840
73515035969
73515035969
73515035969
73515035969
73515035969
73515035969
0
73516028242
73516028242
73516028242
73516028242
73516028242
73516028242
73524107307
73524107307
73524107307
73524107307
73524107307
73524107307
0
327520
73524107307
73524107307
73524107307
73524107307
73524107307
73524107307
73533152130
73533152130
73533152130
73533152130
73533152130
73533152130
8645025
73536795890
73536795890
73536795890
73536795890
73536795890
73536795890
15545
73538073083
73538073083
73538073083
73538073083
73538073083
73538073083
73550760068
73550760068
73550760068
73550760068
73550760068
73550760068
0
162280
73550760068
73550760068
73550760068
73550760068
73550760068
73550760068
73560150961
73560150961
73560150961
73560150961
73560150961
73560150961
120325
73566895321
73566895321
73566895321
73566895321
73566895321
73566895321
0
73568457434
73568457434
73568457434
73568457434
73568457434
73568457434
73588403659
73588403659
73588403659
73588403659
73588403659
73588403659
0
0
73588403659
73588403659
73588403659
73588403659
73588403659
73588403659
73601977262
73601977262
73601977262
73601977262
73601977262
73601977262
352740
73611822222
73611822222
73611822222
73611822222
73611822222
73611822222
0
73611969255
73611969255
73611969255
73611969255
73611969255
73611969255
73634720000
73634720000
73634720000
73634720000
73634720000
73634720000
0
5560
73634720000
73634720000
73634720000
73634720000
73634720000
73634720000
73651316343
73651316343
73651316343
73651316343
73651316343
73651316343
0
73664261903
73664261903
73664261903
73664261903
73664261903
73664261903
48840
73664693856
73664693856
73664693856
73664693856
73664693856
73664693856
73682178121
73682178121
73682178121
73682178121
73682178121
73682178121
0
78465
73682178121
73682178121
73682178121
73682178121
73682178121
73682178121
73685885159
73685885159
73685885159
73685885159
73685885159
73685885159
339755
73701931319
73701931319
73701931319
73701931319
73701931319
73701931319
0
73702648192
73702648192
73702648192
73702648192
73702648192
73702648192
73705524297
73705524297
73705524297
73705524297
73705524297
73705524297
59145
114080
73705524297
73705524297
73705524297
73705524297
73705524297
73705524297
73710395995
73710395995
73710395995
73710395995
73710395995
73710395995
0
73711042755
73711042755
73711042755
73711042755
73711042755
73711042755
36985
73712044548
73712044548
73712044548
73712044548
73712044548
73712044548
73720817333
73720817333
73720817333
73720817333
73720817333
73720817333
76305
23705
73720817333
73720817333
73720817333
73720817333
73720817333
73720817333
73728887526
73728887526
73728887526
73728887526
73728887526
73728887526
659545
73732634886
73732634886
73732634886
73732634886
73732634886
73732634886
0
73733921599
73733921599
73733921599
73733921599
73733921599
73733921599
73745981064
73745981064
73745981064
73745981064
73745981064
73745981064
74825
360995
73745981064
73745981064
73745981064
73745981064
73745981064
73745981064
73756832122
73756832122
73756832122
73756832122
73756832122
73756832122
2623610
73763680082
73763680082
73763680082
73763680082
73763680082
73763680082
0
73765251715
73765251715
73765251715
73765251715
73765251715
73765251715
73782138060
73782138060
73782138060
73782138060
73782138060
73782138060
0
40040
73782138060
73782138060
73782138060
73782138060
73782138060
73782138060
73793080838
73793080838
73793080838
73793080838
73793080838
73793080838
177480
73803029398
73803029398
73803029398
73803029398
73803029398
73803029398
0
73803185951
73803185951
73803185951
73803185951
73803185951
73803185951
73828520776
73828520776
73828520776
73828520776
73828520776
73828520776
0
0
73828520776
73828520776
73828520776
73828520776
73828520776
73828520776
73838668669
73838668669
73838668669
73838668669
73838668669
73838668669
0
73851717829
73851717829
73851717829
73851717829
73851717829
73851717829
0
73852159302
73852159302
73852159302
73852159302
73852159302
73852159302
73880838687
73880838687
73880838687
73880838687
73880838687
73880838687
0
50280
73880838687
73880838687
73880838687
73880838687
73880838687
73880838687
73883216810
73883216810
73883216810
73883216810
73883216810
73883216810
0
73899366570
73899366570
73899366570
73899366570
73899366570
73899366570
124225
73900092963
73900092963
73900092963
73900092963
73900092963
73900092963
73903373948
73903373948
73903373948
73903373948
73903373948
73903373948
0
0
73903373948
73903373948
73903373948
73903373948
73903373948
73903373948
73908721386
73908721386
73908721386
73908721386
73908721386
73908721386
12160
73909471746
73909471746
73909471746
73909471746
73909471746
73909471746
0
73910483059
73910483059
73910483059
73910483059
73910483059
73910483059
73919753284
73919753284
73919753284
73919753284
73919753284
73919753284
76105
0
73919753284
73919753284
73919753284
73919753284
73919753284
73919753284
73928459192
73928459192
73928459192
73928459192
73928459192
73928459192
209745
73932310152
73932310152
73932310152
73932310152
73932310152
73932310152
0
73933606385
73933606385
73933606385
73933606385
73933606385
73933606385
73947822970
73947822970
73947822970
73947822970
73947822970
73947822970
0
157850
73947822970
73947822970
73947822970
73947822970
73947822970
73947822970
73958168563
73958168563
73958168563
73958168563
73958168563
73958168563
16994445
73965120123
73965120123
73965120123
73965120123
73965120123
73965120123
0
73966701276
73966701276
73966701276
73966701276
73966701276
73966701276
73986127261
73986127261
73986127261
73986127261
73986127261
73986127261
0
48305
73986127261
73986127261
73986127261
73986127261
73986127261
73986127261
73998804699
73998804699
73998804699
73998804699
73998804699
73998804699
2028410
74008856859
74008856859
74008856859
74008856859
74008856859
74008856859
324730
74009022932
74009022932
74009022932
74009022932
74009022932
74009022932
74036570237
74036570237
74036570237
74036570237
74036570237
74036570237
0
126465
74036570237
74036570237
74036570237
74036570237
74036570237
74036570237
74050577560
74050577560
74050577560
74050577560
74050577560
74050577560
0
74063730320
74063730320
74063730320
74063730320
74063730320
74063730320
0
74064181313
74064181313
74064181313
74064181313
74064181313
74064181313
74095870498
74095870498
74095870498
74095870498
74095870498
74095870498
0
70025
74095870498
74095870498
74095870498
74095870498
74095870498
74095870498
74097232411
74097232411
74097232411
74097232411
74097232411
74097232411
0
74113485771
74113485771
74113485771
74113485771
74113485771
74113485771
65600
74114221684
74114221684
74114221684
74114221684
74114221684
74114221684
74117634269
74117634269
74117634269
74117634269
74117634269
74117634269
0
62180
74117634269
74117634269
74117634269
74117634269
74117634269
74117634269
74120903322
74120903322
74120903322
74120903322
74120903322
74120903322
0
74121757282
74121757282
74121757282
74121757282
74121757282
74121757282
0
74122778115
74122778115
74122778115
74122778115
74122778115
74122778115
74132494340
74132494340
74132494340
74132494340
74132494340
74132494340
138210
139515
74132494340
74132494340
74132494340
74132494340
74132494340
74132494340
74139844083
74139844083
74139844083
74139844083
74139844083
74139844083
99505
74143798643
74143798643
74143798643
74143798643
74143798643
74143798643
0
74145104396
74145104396
74145104396
74145104396
74145104396
74145104396
74158928821
74158928821
74158928821
74158928821
74158928821
74158928821
93065
58425
74158928821
74158928821
74158928821
74158928821
74158928821
74158928821
74168023354
74168023354
74168023354
74168023354
74168023354
74168023354
16585
74175078514
74175078514
74175078514
74175078514
74175078514
74175078514
16385
74176669187
74176669187
74176669187
74176669187
74176669187
74176669187
74192970332
74192970332
74192970332
74192970332
74192970332
74192970332
155530
70065
74192970332
74192970332
74192970332
74192970332
74192970332
74192970332
74206652205
74206652205
74206652205
74206652205
74206652205
74206652205
723780
74216807965
74216807965
74216807965
74216807965
74216807965
74216807965
0
74216983558
74216983558
74216983558
74216983558
74216983558
74216983558
74241467343
74241467343
74241467343
74241467343
74241467343
74241467343
88600
14560
74241467343
74241467343
74241467343
74241467343
74241467343
74241467343
74241659716
74241659716
74241659716
74241659716
74241659716
74241659716
0
74254916076
74254916076
74254916076
74254916076
74254916076
74254916076
0
74255376589
74255376589
74255376589
74255376589
74255376589
74255376589
74285485134
74285485134
74285485134
74285485134
74285485134
74285485134
0
0
74285485134
74285485134
74285485134
74285485134
74285485134
74285485134
74288242942
74288242942
74288242942
74288242942
74288242942
74288242942
253955
74304599902
74304599902
74304599902
74304599902
74304599902
74304599902
0
74305345335
74305345335
74305345335
74305345335
74305345335
74305345335
74308461680
74308461680
74308461680
74308461680
74308461680
74308461680
177265
17779150
74308461680
74308461680
74308461680
74308461680
74308461680
74308461680
74313614243
74313614243
74313614243
74313614243
74313614243
74313614243
732915
74314571803
74314571803
74314571803
74314571803
74314571803
74314571803
82560
74315602156
74315602156
74315602156
74315602156
74315602156
74315602156
74323063541
74323063541
74323063541
74323063541
74323063541
74323063541
0
9125435
74323063541
74323063541
74323063541
74323063541
74323063541
74323063541
74333787149
74333787149
74333787149
74333787149
74333787149
74333787149
1721495
74337845309
74337845309
74337845309
74337845309
74337845309
74337845309
0
74339160582
74339160582
74339160582
74339160582
74339160582
74339160582
74354816847
74354816847
74354816847
74354816847
74354816847
74354816847
92865
0
74354816847
74354816847
74354816847
74354816847
74354816847
74354816847
74361424270
74361424270
74361424270
74361424270
74361424270
74361424270
191490
74368583030
74368583030
74368583030
74368583030
74368583030
74368583030
0
74370183223
74370183223
74370183223
74370183223
74370183223
74370183223
74389057608
74389057608
74389057608
74389057608
74389057608
74389057608
39920
735345
74389057608
74389057608
74389057608
74389057608
74389057608
74389057608
74405103196
74405103196
74405103196
74405103196
74405103196
74405103196
0
74415362556
74415362556
74415362556
74415362556
74415362556
74415362556
194025
74415547669
74415547669
74415547669
74415547669
74415547669
74415547669
74434458334
74434458334
74434458334
74434458334
74434458334
74434458334
0
148400
74434458334
74434458334
74434458334
74434458334
74434458334
74434458334
74434752662
74434752662
74434752662
74434752662
74434752662
74434752662
275835
74448112622
74448112622
74448112622
74448112622
74448112622
74448112622
0
74448582655
74448582655
74448582655
74448582655
74448582655
74448582655
74481343960
74481343960
74481343960
74481343960
74481343960
74481343960
15040
490280
74481343960
74481343960
74481343960
74481343960
74481343960
74481343960
74484045808
74484045808
74484045808
74484045808
74484045808
74484045808
5165200
74500506368
74500506368
74500506368
74500506368
74500506368
74500506368
74345
74501261321
74501261321
74501261321
74501261321
74501261321
74501261321
74504390546
74504390546
74504390546
74504390546
74504390546
74504390546
98120
364850
74504390546
74504390546
74504390546
74504390546
74504390546
74504390546
74509591524
74509591524
74509591524
74509591524
74509591524
74509591524
277000
74510652684
74510652684
74510652684
74510652684
74510652684
74510652684
82360
74511692557
74511692557
74511692557
74511692557
74511692557
74511692557
74520900302
74520900302
74520900302
74520900302
74520900302
74520900302
136945
488200
74520900302
74520900302
74520900302
74520900302
74520900302
74520900302
74527796625
74527796625
74527796625
74527796625
74527796625
74527796625
85080
74531958385
74531958385
74531958385
74531958385
74531958385
74531958385
0
74533283178
74533283178
74533283178
74533283178
74533283178
74533283178
74548103363
74548103363
74548103363
74548103363
74548103363
74548103363
92665
0
74548103363
74548103363
74548103363
74548103363
74548103363
74548103363
74558503721
74558503721
74558503721
74558503721
74558503721
74558503721
166130
74565766081
74565766081
74565766081
74565766081
74565766081
74565766081
15880
74567375794
74567375794
74567375794
74567375794
74567375794
74567375794
74587413739
74587413739
74587413739
74587413739
74587413739
74587413739
9825
229220
74587413739
74587413739
74587413739
74587413739
74587413739
74587413739
74601616032
74601616032
74601616032
74601616032
74601616032
74601616032
236780
74611978992
74611978992
74611978992
74611978992
74611978992
74611978992
17800
74612173625
74612173625
74612173625
74612173625
74612173625
74612173625
74637344450
74637344450
74637344450
74637344450
74637344450
74637344450
32105
0
74637344450
74637344450
74637344450
74637344450
74637344450
74637344450
74637795123
74637795123
74637795123
74637795123
74637795123
74637795123
220260
74651258683
74651258683
74651258683
74651258683
74651258683
74651258683
95785
74651738236
74651738236
74651738236
74651738236
74651738236
74651738236
74687876661
74687876661
74687876661
74687876661
74687876661
74687876661
8000
0
74687876661
74687876661
74687876661
74687876661
74687876661
74687876661
74690349204
74690349204
74690349204
74690349204
74690349204
74690349204
911450
74706913364
74706913364
74706913364
74706913364
74706913364
74706913364
0
74707677837
74707677837
74707677837
74707677837
74707677837
74707677837
74710841222
74710841222
74710841222
74710841222
74710841222
74710841222
0
305315
74710841222
74710841222
74710841222
74710841222
74710841222
74710841222
74715108795
74715108795
74715108795
74715108795
74715108795
74715108795
0
74716273555
74716273555
74716273555
74716273555
74716273555
74716273555
0
74717322948
74717322948
74717322948
74717322948
74717322948
74717322948
74726945933
74726945933
74726945933
74726945933
74726945933
74726945933
70585
1064510
74726945933
74726945933
74726945933
74726945933
74726945933
74726945933
74732673336
74732673336
74732673336
74732673336
74732673336
74732673336
0
74736938696
74736938696
74736938696
74736938696
74736938696
74736938696
99320
74738273009
74738273009
74738273009
74738273009
74738273009
74738273009
74750939834
74750939834
74750939834
74750939834
74750939834
74750939834
0
87490
74750939834
74750939834
74750939834
74750939834
74750939834
74750939834
74760465122
74760465122
74760465122
74760465122
74760465122
74760465122
0
74767831082
74767831082
74767831082
74767831082
74767831082
74767831082
32305
74769450315
74769450315
74769450315
74769450315
74769450315
74769450315
74790668620
74790668620
74790668620
74790668620
74790668620
74790668620
123105
380863756
74790668620
74790668620
74790668620
74790668620
74790668620
74790668620
74800869233
74800869233
74800869233
74800869233
74800869233
74800869233
177265
74811335793
74811335793
74811335793
74811335793
74811335793
74811335793
0
74811539946
74811539946
74811539946
74811539946
74811539946
74811539946
74838889811
74838889811
74838889811
74838889811
74838889811
74838889811
0
196100
74838889811
74838889811
74838889811
74838889811
74838889811
74838889811
74839327989
74839327989
74839327989
74839327989
74839327989
74839327989
253800
74852895149
74852895149
74852895149
74852895149
74852895149
74852895149
0
74853384222
74853384222
74853384222
74853384222
74853384222
74853384222
74870432527
74870432527
74870432527
74870432527
74870432527
74870432527
0
0
74870432527
74870432527
74870432527
74870432527
74870432527
74870432527
74873654450
74873654450
74873654450
74873654450
74873654450
74873654450
1626955
74890322210
74890322210
74890322210
74890322210
74890322210
74890322210
6268300
74891096203
74891096203
74891096203
74891096203
74891096203
74891096203
74895813588
74895813588
74895813588
74895813588
74895813588
74895813588
234410
0
74895813588
74895813588
74895813588
74895813588
74895813588
74895813588
74901926491
74901926491
74901926491
74901926491
74901926491
74901926491
0
74903194851
74903194851
74903194851
74903194851
74903194851
74903194851
0
74904253764
74904253764
74904253764
74904253764
74904253764
74904253764
74916581909
74916581909
74916581909
74916581909
74916581909
74916581909
746610
96800
74916581909
74916581909
74916581909
74916581909
74916581909
74916581909
74924620627
74924620627
74924620627
74924620627
74924620627
74924620627
1601710
74928989587
74928989587
74928989587
74928989587
74928989587
74928989587
152865
74930333420
74930333420
74930333420
74930333420
74930333420
74930333420
74945474005
74945474005
74945474005
74945474005
74945474005
74945474005
0
1800245
74945474005
74945474005
74945474005
74945474005
74945474005
74945474005
74953693913
74953693913
74953693913
74953693913
74953693913
74953693913
96050
74961163473
74961163473
74961163473
74961163473
74961163473
74961163473
0
74962792226
74962792226
74962792226
74962792226
74962792226
74962792226
74985610171
74985610171
74985610171
74985610171
74985610171
74985610171
9425
1866705
74985610171
74985610171
74985610171
74985610171
74985610171
74985610171
75003948174
75003948174
75003948174
75003948174
75003948174
75003948174
173545
75014518334
75014518334
75014518334
75014518334
75014518334
75014518334
71625
75014732007
75014732007
75014732007
75014732007
75014732007
75014732007
75041940272
75041940272
75041940272
75041940272
75041940272
75041940272
104130
79560
75041940272
75041940272
75041940272
75041940272
75041940272
75041940272
75042442395
75042442395
75042442395
75042442395
75042442395
75042442395
60305
75056113155
75056113155
75056113155
75056113155
75056113155
75056113155
0
75056611748
75056611748
75056611748
75056611748
75056611748
75056611748
75073856733
75073856733
75073856733
75073856733
75073856733
75073856733
137075
0
75073856733
75073856733
75073856733
75073856733
75073856733
75073856733
75076763411
75076763411
75076763411
75076763411
75076763411
75076763411
0
75093534771
75093534771
75093534771
75093534771
75093534771
75093534771
2625
75094318284
75094318284
75094318284
75094318284
75094318284
75094318284
75099137589
75099137589
75099137589
75099137589
75099137589
75099137589
0
83760
75099137589
75099137589
75099137589
75099137589
75099137589
75099137589
75103826482
75103826482
75103826482
75103826482
75103826482
75103826482
0
75105198442
75105198442
75105198442
75105198442
75105198442
75105198442
75185
75106266875
75106266875
75106266875
75106266875
75106266875
75106266875
75115515540
75115515540
75115515540
75115515540
75115515540
75115515540
0
73772210949
75115515540
75115515540
75115515540
75115515540
75115515540
75115515540
75124379488
75124379488
75124379488
75124379488
75124379488
75124379488
0
75128852048
75128852048
75128852048
75128852048
75128852048
75128852048
0
75130205401
75130205401
75130205401
75130205401
75130205401
75130205401
75145021986
75145021986
75145021986
75145021986
75145021986
75145021986
0
271755
75145021986
75145021986
75145021986
75145021986
75145021986
75145021986
75155885019
75155885019
75155885019
75155885019
75155885019
75155885019
0
75163458179
75163458179
75163458179
75163458179
75163458179
75163458179
16080
75165096452
75165096452
75165096452
75165096452
75165096452
75165096452
75184870397
75184870397
75184870397
75184870397
75184870397
75184870397
81010
0
75184870397
75184870397
75184870397
75184870397
75184870397
75184870397
75200993645
75200993645
75200993645
75200993645
75200993645
75200993645
0
75211667405
75211667405
75211667405
75211667405
75211667405
75211667405
0
75211890598
75211890598
75211890598
75211890598
75211890598
75211890598
75239965583
75239965583
75239965583
75239965583
75239965583
75239965583
26385
54385
75239965583
75239965583
75239965583
75239965583
75239965583
75239965583
75240673506
75240673506
75240673506
75240673506
75240673506
75240673506
0
75254447866
75254447866
75254447866
75254447866
75254447866
75254447866
11705
75254955979
75254955979
75254955979
75254955979
75254955979
75254955979
75272315764
75272315764
75272315764
75272315764
75272315764
75272315764
0
571265
75272315764
75272315764
75272315764
75272315764
75272315764
75272315764
75275382302
75275382302
75275382302
75275382302
75275382302
75275382302
235635
75292257262
75292257262
75292257262
75292257262
75292257262
75292257262
34065
75293050295
75293050295
75293050295
75293050295
75293050295
75293050295
75296961280
75296961280
75296961280
75296961280
75296961280
75296961280
82705
0
75296961280
75296961280
75296961280
75296961280
75296961280
75296961280
75304179968
75304179968
75304179968
75304179968
75304179968
75304179968
71850
75305655528
75305655528
75305655528
75305655528
75305655528
75305655528
0
75306733481
75306733481
75306733481
75306733481
75306733481
75306733481
75316782226
75316782226
75316782226
75316782226
75316782226
75316782226
0
1395980
75316782226
75316782226
75316782226
75316782226
75316782226
75316782226
75326540549
75326540549
75326540549
75326540549
75326540549
75326540549
1911680
75331116709
75331116709
75331116709
75331116709
75331116709
75331116709
0
75332479582
75332479582
75332479582
75332479582
75332479582
75332479582
75345469207
75345469207
75345469207
75345469207
75345469207
75345469207
150170
0
75345469207
75345469207
75345469207
75345469207
75345469207
75345469207
75350730255
75350730255
75350730255
75350730255
75350730255
75350730255
235455
75358407015
75358407015
75358407015
75358407015
75358407015
75358407015
15880
75360054808
75360054808
75360054808
75360054808
75360054808
75360054808
75381163993
75381163993
75381163993
75381163993
75381163993
75381163993
513510
1612865
75381163993
75381163993
75381163993
75381163993
75381163993
75381163993
75392954606
75392954606
75392954606
75392954606
75392954606
75392954606
96960
75403731966
75403731966
75403731966
75403731966
75403731966
75403731966
69345
75403964679
75403964679
75403964679
75403964679
75403964679
75403964679
75431810864
75431810864
75431810864
75431810864
75431810864
75431810864
26185
29105
75431810864
75431810864
75431810864
75431810864
75431810864
75431810864
75432132737
75432132737
75432132737
75432132737
75432132737
75432132737
1048700
75446010697
75446010697
75446010697
75446010697
75446010697
75446010697
0
75446528330
75446528330
75446528330
75446528330
75446528330
75446528330
75464106835
75464106835
75464106835
75464106835
75464106835
75464106835
43345
27145
75464106835
75464106835
75464106835
75464106835
75464106835
75464106835
75467481248
75467481248
75467481248
75467481248
75467481248
75467481248
25680
75484459808
75484459808
75484459808
75484459808
75484459808
75484459808
0
75485262361
75485262361
75485262361
75485262361
75485262361
75485262361
75488786946
75488786946
75488786946
75488786946
75488786946
75488786946
0
608650
75488786946
75488786946
75488786946
75488786946
75488786946
75488786946
75495927389
75495927389
75495927389
75495927389
75495927389
75495927389
0
75497506549
75497506549
75497506549
75497506549
75497506549
75497506549
0
75498594022
75498594022
75498594022
75498594022
75498594022
75498594022
75507172407
75507172407
75507172407
75507172407
75507172407
75507172407
95345
53480
75507172407
75507172407
75507172407
75507172407
75507172407
75507172407
75517787880
75517787880
75517787880
75517787880
75517787880
75517787880
0
75522467640
75522467640
75522467640
75522467640
75522467640
75522467640
0
75523840033
75523840033
75523840033
75523840033
75523840033
75523840033
75536883018
75536883018
75536883018
75536883018
75536883018
75536883018
0
93945
75536883018
75536883018
75536883018
75536883018
75536883018
75536883018
75547847746
75547847746
75547847746
75547847746
75547847746
75547847746
40040
75555628106
75555628106
75555628106
75555628106
75555628106
75555628106
68080
75557285419
75557285419
75557285419
75557285419
75557285419
75557285419
75577136004
75577136004
75577136004
75577136004
75577136004
75577136004
0
79145
75577136004
75577136004
75577136004
75577136004
75577136004
75577136004
75589089202
75589089202
75589089202
75589089202
75589089202
75589089202
369290
75599970162
75599970162
75599970162
75599970162
75599970162
75599970162
205665
75600212395
75600212395
75600212395
75600212395
75600212395
75600212395
75624916500
75624916500
75624916500
75624916500
75624916500
75624916500
0
23785
75624916500
75624916500
75624916500
75624916500
75624916500
75624916500
75625877683
75625877683
75625877683
75625877683
75625877683
75625877683
108340
75639859243
75639859243
75639859243
75639859243
75639859243
75639859243
0
75640386396
75640386396
75640386396
75640386396
75640386396
75640386396
75658207981
75658207981
75658207981
75658207981
75658207981
75658207981
43145
205715
75658207981
75658207981
75658207981
75658207981
75658207981
75658207981
75660638689
75660638689
75660638689
75660638689
75660638689
75660638689
150395
75677720849
75677720849
75677720849
75677720849
75677720849
75677720849
4607580
75678532922
75678532922
75678532922
75678532922
75678532922
75678532922
75683217827
75683217827
75683217827
75683217827
75683217827
75683217827
0
0
75683217827
75683217827
75683217827
75683217827
75683217827
75683217827
75688685775
75688685775
75688685775
75688685775
75688685775
75688685775
0
75690368535
75690368535
75690368535
75690368535
75690368535
75690368535
91105
75691465528
75691465528
75691465528
75691465528
75691465528
75691465528
75700847913
75700847913
75700847913
75700847913
75700847913
75700847913
0
0
75700847913
75700847913
75700847913
75700847913
75700847913
75700847913
75708733606
75708733606
75708733606
75708733606
75708733606
75708733606
464595
75713516966
75713516966
75713516966
75713516966
75713516966
75713516966
85785
75714898879
75714898879
75714898879
75714898879
75714898879
75714898879
75732933624
75732933624
75732933624
75732933624
75732933624
75732933624
0
35585
75732933624
75732933624
75732933624
75732933624
75732933624
75732933624
75741629647
75741629647
75741629647
75741629647
75741629647
75741629647
562340
75749513607
75749513607
75749513607
75749513607
75749513607
75749513607
0
75751180440
75751180440
75751180440
75751180440
75751180440
75751180440
75771689865
75771689865
75771689865
75771689865
75771689865
75771689865
103985
0
75771689865
75771689865
75771689865
75771689865
75771689865
75771689865
75788300123
75788300123
75788300123
75788300123
75788300123
75788300123
168240
75799284683
75799284683
75799284683
75799284683
75799284683
75799284683
32640
75799536436
75799536436
75799536436
75799536436
75799536436
75799536436
75821226941
75821226941
75821226941
75821226941
75821226941
75821226941
0
302880
75821226941
75821226941
75821226941
75821226941
75821226941
75821226941
75822285914
75822285914
75822285914
75822285914
75822285914
75822285914
535445
75836371074
75836371074
75836371074
75836371074
75836371074
75836371074
0
75836907747
75836907747
75836907747
75836907747
75836907747
75836907747
75854896972
75854896972
75854896972
75854896972
75854896972
75854896972
95690
177600
75854896972
75854896972
75854896972
75854896972
75854896972
75854896972
75858513220
75858513220
75858513220
75858513220
75858513220
75858513220
60705
75875698980
75875698980
75875698980
75875698980
75875698980
75875698980
12545
75876520573
75876520573
75876520573
75876520573
75876520573
75876520573
75881190358
75881190358
75881190358
75881190358
75881190358
75881190358
60105
322200
75881190358
75881190358
75881190358
75881190358
75881190358
75881190358
75887504966
75887504966
75887504966
75887504966
75887504966
75887504966
61040
75889291326
75889291326
75889291326
75889291326
75889291326
75889291326
0
75890397839
75890397839
75890397839
75890397839
75890397839
75890397839
75901331584
75901331584
75901331584
75901331584
75901331584
75901331584
69465
4932100
75901331584
75901331584
75901331584
75901331584
75901331584
75901331584
75911282017
75911282017
75911282017
75911282017
75911282017
75911282017
265220
75916168977
75916168977
75916168977
75916168977
75916168977
75916168977
0
75917560410
75917560410
75917560410
75917560410
75917560410
75917560410
75931500195
75931500195
75931500195
75931500195
75931500195
75931500195
0
0
75931500195
75931500195
75931500195
75931500195
75931500195
75931500195
75940119608
75940119608
75940119608
75940119608
75940119608
75940119608
0
75948107168
75948107168
75948107168
75948107168
75948107168
75948107168
0
75949783521
75949783521
75949783521
75949783521
75949783521
75949783521
75970051186
75970051186
75970051186
75970051186
75970051186
75970051186
0
882570
75970051186
75970051186
75970051186
75970051186
75970051186
75970051186
75984992864
75984992864
75984992864
75984992864
75984992864
75984992864
279490
75996081024
75996081024
75996081024
75996081024
75996081024
75996081024
142945
75996342297
75996342297
75996342297
75996342297
75996342297
75996342297
76023728402
76023728402
76023728402
76023728402
76023728402
76023728402
34545
29930
76023728402
76023728402
76023728402
76023728402
76023728402
76023728402
76024660500
76024660500
76024660500
76024660500
76024660500
76024660500
90665
76038849260
76038849260
76038849260
76038849260
76038849260
76038849260
49600
76039395453
76039395453
76039395453
76039395453
76039395453
76039395453
76057603438
76057603438
76057603438
76057603438
76057603438
76057603438
58225
349925
76057603438
76057603438
76057603438
76057603438
76057603438
76057603438
76061332031
76061332031
76061332031
76061332031
76061332031
76061332031
0
76078621391
76078621391
76078621391
76078621391
76078621391
76078621391
0
76079452504
76079452504
76079452504
76079452504
76079452504
76079452504
76083793569
76083793569
76083793569
76083793569
76083793569
76083793569
59905
0
76083793569
76083793569
76083793569
76083793569
76083793569
76083793569
76089224712
76089224712
76089224712
76089224712
76089224712
76089224712
268020
76091114672
76091114672
76091114672
76091114672
76091114672
76091114672
0
76092230705
76092230705
76092230705
76092230705
76092230705
76092230705
76103207730
76103207730
76103207730
76103207730
76103207730
76103207730
78880
8145
76103207730
76103207730
76103207730
76103207730
76103207730
76103207730
76115318928
76115318928
76115318928
76115318928
76115318928
76115318928
3568260
76120309488
76120309488
76120309488
76120309488
76120309488
76120309488
0
76121710441
76121710441
76121710441
76121710441
76121710441
76121710441
76139462866
76139462866
76139462866
76139462866
76139462866
76139462866
0
1711620
76139462866
76139462866
76139462866
76139462866
76139462866
76139462866
76147133849
76147133849
76147133849
76147133849
76147133849
76147133849
0
76155225009
76155225009
76155225009
76155225009
76155225009
76155225009
70505
76156910882
76156910882
76156910882
76156910882
76156910882
76156910882
76177282267
76177282267
76177282267
76177282267
76177282267
76177282267
0
51465
76177282267
76177282267
76177282267
76177282267
76177282267
76177282267
76192942040
76192942040
76192942040
76192942040
76192942040
76192942040
1095000
76204133800
76204133800
76204133800
76204133800
76204133800
76204133800
57160
76204404593
76204404593
76204404593
76204404593
76204404593
76204404593
76227617178
76227617178
76227617178
76227617178
76227617178
76227617178
0
286230
76227617178
76227617178
76227617178
76227617178
76227617178
76227617178
76228667506
76228667506
76228667506
76228667506
76228667506
76228667506
0
76242959866
76242959866
76242959866
76242959866
76242959866
76242959866
101345
76243515579
76243515579
76243515579
76243515579
76243515579
76243515579
76261881124
76261881124
76261881124
76261881124
76261881124
76261881124
1680
0
76261881124
76261881124
76261881124
76261881124
76261881124
76261881124
76264722402
76264722402
76264722402
76264722402
76264722402
76264722402
174160
76282115362
76282115362
76282115362
76282115362
76282115362
76282115362
0
76282955995
76282955995
76282955995
76282955995
76282955995
76282955995
76287043940
76287043940
76287043940
76287043940
76287043940
76287043940
59705
0
76287043940
76287043940
76287043940
76287043940
76287043940
76287043940
76293183323
76293183323
76293183323
76293183323
76293183323
76293183323
164240
76295176883
76295176883
76295176883
76295176883
76295176883
76295176883
81505
76296302436
76296302436
76296302436
76296302436
76296302436
76296302436
76307505661
76307505661
76307505661
76307505661
76307505661
76307505661
102505
0
76307505661
76307505661
76307505661
76307505661
76307505661
76307505661
76313998229
76313998229
76313998229
76313998229
76313998229
76313998229
0
76319092389
76319092389
76319092389
76319092389
76319092389
76319092389
91945
76320502862
76320502862
76320502862
76320502862
76320502862
76320502862
76337587927
76337587927
76337587927
76337587927
76337587927
76337587927
0
0
76337587927
76337587927
76337587927
76337587927
76337587927
76337587927
76351670325
76351670325
76351670325
76351670325
76351670325
76351670325
0
76359865085
76359865085
76359865085
76359865085
76359865085
76359865085
0
76361560478
76361560478
76361560478
76361560478
76361560478
76361560478
76384448463
76384448463
76384448463
76384448463
76384448463
76384448463
0
0
76384448463
76384448463
76384448463
76384448463
76384448463
76384448463
76396434706
76396434706
76396434706
76396434706
76396434706
76396434706
680
76407730066
76407730066
76407730066
76407730066
76407730066
76407730066
0
76408010379
76408010379
76408010379
76408010379
76408010379
76408010379
76437612404
76437612404
76437612404
76437612404
76437612404
76437612404
0
0
76437612404
76437612404
76437612404
76437612404
76437612404
76437612404
76438938217
76438938217
76438938217
76438938217
76438938217
76438938217
64505
76453334177
76453334177
76453334177
76453334177
76453334177
76453334177
0
76453899410
76453899410
76453899410
76453899410
76453899410
76453899410
76472344635
76472344635
76472344635
76472344635
76472344635
76472344635
0
270925
76472344635
76472344635
76472344635
76472344635
76472344635
76472344635
76476650853
76476650853
76476650853
76476650853
76476650853
76476650853
21745
76494147413
76494147413
76494147413
76494147413
76494147413
76494147413
94825
76494997566
76494997566
76494997566
76494997566
76494997566
76494997566
76500065511
76500065511
76500065511
76500065511
76500065511
76500065511
2680
49065
76500065511
76500065511
76500065511
76500065511
76500065511
76500065511
76505648974
76505648974
76505648974
76505648974
76505648974
76505648974
0
76507746134
76507746134
76507746134
76507746134
76507746134
76507746134
0
76508881207
76508881207
76508881207
76508881207
76508881207
76508881207
76519817232
76519817232
76519817232
76519817232
76519817232
76519817232
76665
656270
76519817232
76519817232
76519817232
76519817232
76519817232
76519817232
76527793705
76527793705
76527793705
76527793705
76527793705
76527793705
408315
76532991465
76532991465
76532991465
76532991465
76532991465
76532991465
0
76534411458
76534411458
76534411458
76534411458
76534411458
76534411458
76550756443
76550756443
76550756443
76550756443
76550756443
76550756443
0
246675
76550756443
76550756443
76550756443
76550756443
76550756443
76550756443
76560015606
76560015606
76560015606
76560015606
76560015606
76560015606
0
76568313966
76568313966
76568313966
76568313966
76568313966
76568313966
0
76568318879
76568318879
76568318879
76568318879
76568318879
76568318879
76591255824
76591255824
76591255824
76591255824
76591255824
76591255824
0
0
76591255824
76591255824
76591255824
76591255824
76591255824
76591255824
76606568407
76606568407
76606568407
76606568407
76606568407
76606568407
1352400
76617967367
76617967367
76617967367
76617967367
76617967367
76617967367
0
76618257200
76618257200
76618257200
76618257200
76618257200
76618257200
76645937785
76645937785
76645937785
76645937785
76645937785
76645937785
0
44975
76645937785
76645937785
76645937785
76645937785
76645937785
76645937785
76646797118
76646797118
76646797118
76646797118
76646797118
76646797118
0
76661296678
76661296678
76661296678
76661296678
76661296678
76661296678
194770
76661871431
76661871431
76661871431
76661871431
76661871431
76661871431
76680521856
76680521856
76680521856
76680521856
76680521856
76680521856
0
0
76680521856
76680521856
76680521856
76680521856
76680521856
76680521856
76682303164
76682303164
76682303164
76682303164
76682303164
76682303164
0
76699903324
76699903324
76699903324
76699903324
76699903324
76699903324
66160
76700762997
76700762997
76700762997
76700762997
76700762997
76700762997
76705609742
76705609742
76705609742
76705609742
76705609742
76705609742
0
1755525
76705609742
76705609742
76705609742
76705609742
76705609742
76705609742
76710294365
76710294365
76710294365
76710294365
76710294365
76710294365
152040
76712495125
76712495125
76712495125
76712495125
76712495125
76712495125
0
76713639718
76713639718
76713639718
76713639718
76713639718
76713639718
76725144303
76725144303
76725144303
76725144303
76725144303
76725144303
76465
202675
76725144303
76725144303
76725144303
76725144303
76725144303
76725144303
76735780381
76735780381
76735780381
76735780381
76735780381
76735780381
0
76741081741
76741081741
76741081741
76741081741
76741081741
76741081741
0
76742511254
76742511254
76742511254
76742511254
76742511254
76742511254
76758429279
76758429279
76758429279
76758429279
76758429279
76758429279
93625
32040
76758429279
76758429279
76758429279
76758429279
76758429279
76758429279
76770352957
76770352957
76770352957
76770352957
76770352957
76770352957
34305
76778754917
76778754917
76778754917
76778754917
76778754917
76778754917
0
76778769350
76778769350
76778769350
76778769350
76778769350
76778769350
76800238495
76800238495
76800238495
76800238495
76800238495
76800238495
0
0
76800238495
76800238495
76800238495
76800238495
76800238495
76800238495
76815736063
76815736063
76815736063
76815736063
76815736063
76815736063
0
76827238623
76827238623
76827238623
76827238623
76827238623
76827238623
71345
76827537976
76827537976
76827537976
76827537976
76827537976
76827537976
76852736961
76852736961
76852736961
76852736961
76852736961
76852736961
0
0
76852736961
76852736961
76852736961
76852736961
76852736961
76852736961
76854021334
76854021334
76854021334
76854021334
76854021334
76854021334
0
76868624494
76868624494
76868624494
76868624494
76868624494
76868624494
0
76869208767
76869208767
76869208767
76869208767
76869208767
76869208767
76887721432
76887721432
76887721432
76887721432
76887721432
76887721432
0
0
76887721432
76887721432
76887721432
76887721432
76887721432
76887721432
76891373255
76891373255
76891373255
76891373255
76891373255
76891373255
92105
76909077015
76909077015
76909077015
76909077015
76909077015
76909077015
70425
76909946208
76909946208
76909946208
76909946208
76909946208
76909946208
76915626793
76915626793
76915626793
76915626793
76915626793
76915626793
0
227195
76915626793
76915626793
76915626793
76915626793
76915626793
76915626793
76921980351
76921980351
76921980351
76921980351
76921980351
76921980351
40325
76924284711
76924284711
76924284711
76924284711
76924284711
76924284711
83120
76925438824
76925438824
76925438824
76925438824
76925438824
76925438824
76938032249
76938032249
76938032249
76938032249
76938032249
76938032249
0
0
76938032249
76938032249
76938032249
76938032249
76938032249
76938032249
76945757667
76945757667
76945757667
76945757667
76945757667
76945757667
0
76951162627
76951162627
76951162627
76951162627
76951162627
76951162627
39185
76952601660
76952601660
76952601660
76952601660
76952601660
76952601660
76968360005
76968360005
76968360005
76968360005
76968360005
76968360005
141625
0
76968360005
76968360005
76968360005
76968360005
76968360005
76968360005
76980447428
76980447428
76980447428
76980447428
76980447428
76980447428
264875
76988952988
76988952988
76988952988
76988952988
76988952988
76988952988
0
76988976941
76988976941
76988976941
76988976941
76988976941
76988976941
77010696846
77010696846
77010696846
77010696846
77010696846
77010696846
0
0
77010696846
77010696846
77010696846
77010696846
77010696846
77010696846
77024093894
77024093894
77024093894
77024093894
77024093894
77024093894
0
77035700054
77035700054
77035700054
77035700054
77035700054
77035700054
0
77036008927
77036008927
77036008927
77036008927
77036008927
77036008927
77061107592
77061107592
77061107592
77061107592
77061107592
77061107592
0
0
77061107592
77061107592
77061107592
77061107592
77061107592
77061107592
77062714490
77062714490
77062714490
77062714490
77062714490
77062714490
113880
77077421250
77077421250
77077421250
77077421250
77077421250
77077421250
0
77078015043
77078015043
77078015043
77078015043
77078015043
77078015043
77097089828
77097089828
77097089828
77097089828
77097089828
77097089828
0
5036855
77097089828
77097089828
77097089828
77097089828
77097089828
77097089828
77101371961
77101371961
77101371961
77101371961
77101371961
77101371961
126980
77119179321
77119179321
77119179321
77119179321
77119179321
77119179321
0
77120058034
77120058034
77120058034
77120058034
77120058034
77120058034
77126422379
77126422379
77126422379
77126422379
77126422379
77126422379
53810
233665
77126422379
77126422379
77126422379
77126422379
77126422379
77126422379
77132693517
77132693517
77132693517
77132693517
77132693517
77132693517
0
77135101477
77135101477
77135101477
77135101477
77135101477
77135101477
112225
77136265110
77136265110
77136265110
77136265110
77136265110
77136265110
77145762815
77145762815
77145762815
77145762815
77145762815
77145762815
332970
397705
77145762815
77145762815
77145762815
77145762815
77145762815
77145762815
77155375248
77155375248
77155375248
77155375248
77155375248
77155375248
80785
77160883808
77160883808
77160883808
77160883808
77160883808
77160883808
0
77162332361
77162332361
77162332361
77162332361
77162332361
77162332361
77179223346
77179223346
77179223346
77179223346
77179223346
77179223346
2276540
0
77179223346
77179223346
77179223346
77179223346
77179223346
77179223346
77189067154
77189067154
77189067154
77189067154
77189067154
77189067154
0
77197676314
77197676314
77197676314
77197676314
77197676314
77197676314
0
77197709787
77197709787
77197709787
77197709787
77197709787
77197709787
77219315372
77219315372
77219315372
77219315372
77219315372
77219315372
11385
161145
77219315372
77219315372
77219315372
77219315372
77219315372
77219315372
77237486895
77237486895
77237486895
77237486895
77237486895
77237486895
0
77249196655
77249196655
77249196655
77249196655
77249196655
77249196655
55545
77249515048
77249515048
77249515048
77249515048
77249515048
77249515048
77280090033
77280090033
77280090033
77280090033
77280090033
77280090033
0
0
77280090033
77280090033
77280090033
77280090033
77280090033
77280090033
77281516051
77281516051
77281516051
77281516051
77281516051
77281516051
0
77296326411
77296326411
77296326411
77296326411
77296326411
77296326411
65825
77296929724
77296929724
77296929724
77296929724
77296929724
77296929724
77316310429
77316310429
77316310429
77316310429
77316310429
77316310429
0
126530
77316310429
77316310429
77316310429
77316310429
77316310429
77316310429
77320123532
77320123532
77320123532
77320123532
77320123532
77320123532
0
77338034492
77338034492
77338034492
77338034492
77338034492
77338034492
926080
77338922725
77338922725
77338922725
77338922725
77338922725
77338922725
77345383950
77345383950
77345383950
77345383950
77345383950
77345383950
0
1361310
77345383950
77345383950
77345383950
77345383950
77345383950
77345383950
77350510563
77350510563
77350510563
77350510563
77350510563
77350510563
779800
77353022123
77353022123
77353022123
77353022123
77353022123
77353022123
0
77354195276
77354195276
77354195276
77354195276
77354195276
77354195276
77366385181
77366385181
77366385181
77366385181
77366385181
77366385181
70640
34210
77366385181
77366385181
77366385181
77366385181
77366385181
77366385181
77376974309
77376974309
77376974309
77376974309
77376974309
77376974309
512595
77382586469
77382586469
77382586469
77382586469
77382586469
77382586469
99880
77384044542
77384044542
77384044542
77384044542
77384044542
77384044542
77401117527
77401117527
77401117527
77401117527
77401117527
77401117527
0
123545
77401117527
77401117527
77401117527
77401117527
77401117527
77401117527
77414521525
77414521525
77414521525
77414521525
77414521525
77414521525
138800
77423234285
77423234285
77423234285
77423234285
77423234285
77423234285
176665
77423277278
77423277278
77423277278
77423277278
77423277278
77423277278
77446240063
77446240063
77446240063
77446240063
77446240063
77446240063
10185
124665
77446240063
77446240063
77446240063
77446240063
77446240063
77446240063
77459117946
77459117946
77459117946
77459117946
77459117946
77459117946
0
77470931306
77470931306
77470931306
77470931306
77470931306
77470931306
114785
77471259219
77471259219
77471259219
77471259219
77471259219
77471259219
77493249244
77493249244
77493249244
77493249244
77493249244
77493249244
0
0
77493249244
77493249244
77493249244
77493249244
77493249244
77493249244
77494402472
77494402472
77494402472
77494402472
77494402472
77494402472
0
77509316432
77509316432
77509316432
77509316432
77509316432
77509316432
0
77509929265
77509929265
77509929265
77509929265
77509929265
77509929265
77529672650
77529672650
77529672650
77529672650
77529672650
77529672650
109120
0
77529672650
77529672650
77529672650
77529672650
77529672650
77529672650
77532365563
77532365563
77532365563
77532365563
77532365563
77532365563
0
77550380123
77550380123
77550380123
77550380123
77550380123
77550380123
0
77551277876
77551277876
77551277876
77551277876
77551277876
77551277876
77558626141
77558626141
77558626141
77558626141
77558626141
77558626141
0
21605
77558626141
77558626141
77558626141
77558626141
77558626141
77558626141
77564933324
77564933324
77564933324
77564933324
77564933324
77564933324
38723120
77567548484
77567548484
77567548484
77567548484
77567548484
77567548484
74425
77568731157
77568731157
77568731157
77568731157
77568731157
77568731157
77581805182
77581805182
77581805182
77581805182
77581805182
77581805182
0
325870
77581805182
77581805182
77581805182
77581805182
77581805182
77581805182
77590704680
77590704680
77590704680
77590704680
77590704680
77590704680
0
77596420440
77596420440
77596420440
77596420440
77596420440
77596420440
447725
77597888033
77597888033
77597888033
77597888033
77597888033
77597888033
77614221418
77614221418
77614221418
77614221418
77614221418
77614221418
0
0
77614221418
77614221418
77614221418
77614221418
77614221418
77614221418
77623216701
77623216701
77623216701
77623216701
77623216701
77623216701
93800
77632033061
77632033061
77632033061
77632033061
77632033061
77632033061
749330
77632085574
77632085574
77632085574
77632085574
77632085574
77632085574
77647872079
77647872079
77647872079
77647872079
77647872079
77647872079
9985
725090
77647872079
77647872079
77647872079
77647872079
77647872079
77647872079
77661489337
77661489337
77661489337
77661489337
77661489337
77661489337
0
77673406297
77673406297
77673406297
77673406297
77673406297
77673406297
0
77673743730
77673743730
77673743730
77673743730
77673743730
77673743730
77704899675
77704899675
77704899675
77704899675
77704899675
77704899675
27145
438365
77704899675
77704899675
77704899675
77704899675
77704899675
77704899675
77706430903
77706430903
77706430903
77706430903
77706430903
77706430903
371180
77721448463
77721448463
77721448463
77721448463
77721448463
77721448463
64760
77722070816
77722070816
77722070816
77722070816
77722070816
77722070816
77741391001
77741391001
77741391001
77741391001
77741391001
77741391001
0
2600805
77741391001
77741391001
77741391001
77741391001
77741391001
77741391001
77746112004
77746112004
77746112004
77746112004
77746112004
77746112004
9120
77764230164
77764230164
77764230164
77764230164
77764230164
77764230164
440810
77765137437
77765137437
77765137437
77765137437
77765137437
77765137437
77771434022
77771434022
77771434022
77771434022
77771434022
77771434022
0
943200
77771434022
77771434022
77771434022
77771434022
77771434022
77771434022
77779211445
77779211445
77779211445
77779211445
77779211445
77779211445
1117225
77781930205
77781930205
77781930205
77781930205
77781930205
77781930205
45225
77783122398
77783122398
77783122398
77783122398
77783122398
77783122398
77795070983
77795070983
77795070983
77795070983
77795070983
77795070983
0
370105
77795070983
77795070983
77795070983
77795070983
77795070983
77795070983
77799900036
77799900036
77799900036
77799900036
77799900036
77799900036
265715
77805719396
77805719396
77805719396
77805719396
77805719396
77805719396
0
77807196509
77807196509
77807196509
77807196509
77807196509
77807196509
77824691654
77824691654
77824691654
77824691654
77824691654
77824691654
1288530
0
77824691654
77824691654
77824691654
77824691654
77824691654
77824691654
77836214137
77836214137
77836214137
77836214137
77836214137
77836214137
0
77845134097
77845134097
77845134097
77845134097
77845134097
77845134097
16640
77845196130
77845196130
77845196130
77845196130
77845196130
77845196130
77870702315
77870702315
77870702315
77870702315
77870702315
77870702315
0
0
77870702315
77870702315
77870702315
77870702315
77870702315
77870702315
77880943768
77880943768
77880943768
77880943768
77880943768
77880943768
202905
77892964328
77892964328
77892964328
77892964328
77892964328
77892964328
0
77893311281
77893311281
77893311281
77893311281
77893311281
77893311281
77917333306
77917333306
77917333306
77917333306
77917333306
77917333306
26945
653190
77917333306
77917333306
77917333306
77917333306
77917333306
77917333306
77919194654
77919194654
77919194654
77919194654
77919194654
77919194654
4254440
77934315814
77934315814
77934315814
77934315814
77934315814
77934315814
526690
77934947687
77934947687
77934947687
77934947687
77934947687
77934947687
77936546392
77936546392
77936546392
77936546392
77936546392
77936546392
122625
65525
77936546392
77936546392
77936546392
77936546392
77936546392
77936546392
77940873665
77940873665
77940873665
77940873665
77940873665
77940873665
44345
77959095425
77959095425
77959095425
77959095425
77959095425
77959095425
66665
77960012218
77960012218
77960012218
77960012218
77960012218
77960012218
77966686803
77966686803
77966686803
77966686803
77966686803
77966686803
0
0
77966686803
77966686803
77966686803
77966686803
77966686803
77966686803
77972715416
77972715416
77972715416
77972715416
77972715416
77972715416
84150
77975537776
77975537776
77975537776
77975537776
77975537776
77975537776
0
77976739489
77976739489
77976739489
77976739489
77976739489
77976739489
77989918514
77989918514
77989918514
77989918514
77989918514
77989918514
0
164425
77989918514
77989918514
77989918514
77989918514
77989918514
77989918514
77998375202
77998375202
77998375202
77998375202
77998375202
77998375202
1238565
78004298162
78004298162
78004298162
78004298162
78004298162
78004298162
0
78005784795
78005784795
78005784795
78005784795
78005784795
78005784795
78021289860
78021289860
78021289860
78021289860
78021289860
78021289860
0
123545
78021289860
78021289860
78021289860
78021289860
78021289860
78021289860
78028864963
78028864963
78028864963
78028864963
78028864963
78028864963
194930
78037888523
78037888523
78037888523
78037888523
78037888523
78037888523
67385
78037960076
78037960076
78037960076
78037960076
78037960076
78037960076
78063290461
78063290461
78063290461
78063290461
78063290461
78063290461
90400
0
78063290461
78063290461
78063290461
78063290461
78063290461
78063290461
78074639389
78074639389
78074639389
78074639389
78074639389
78074639389
170545
78086763549
78086763549
78086763549
78086763549
78086763549
78086763549
0
78087120022
78087120022
78087120022
78087120022
78087120022
78087120022
78117662287
78117662287
78117662287
78117662287
78117662287
78117662287
84625
0
78117662287
78117662287
78117662287
78117662287
78117662287
78117662287
78119968835
78119968835
78119968835
78119968835
78119968835
78119968835
2646085
78135193595
78135193595
78135193595
78135193595
78135193595
78135193595
88105
78135834988
78135834988
78135834988
78135834988
78135834988
78135834988
78137240973
78137240973
78137240973
78137240973
78137240973
78137240973
43905
8598280
78137240973
78137240973
78137240973
78137240973
78137240973
78137240973
78141515561
78141515561
78141515561
78141515561
78141515561
78141515561
20595
78159840921
78159840921
78159840921
78159840921
78159840921
78159840921
0
78160767234
78160767234
78160767234
78160767234
78160767234
78160767234
78168137899
78168137899
78168137899
78168137899
78168137899
78168137899
0
1140605
78168137899
78168137899
78168137899
78168137899
78168137899
78168137899
78175533357
78175533357
78175533357
78175533357
78175533357
78175533357
0
78178459317
78178459317
78178459317
78178459317
78178459317
78178459317
0
78179670550
78179670550
78179670550
78179670550
78179670550
78179670550
78192917455
78192917455
78192917455
78192917455
78192917455
78192917455
0
229505
78192917455
78192917455
78192917455
78192917455
78192917455
78192917455
78200469983
78200469983
78200469983
78200469983
78200469983
78200469983
60665
78206496543
78206496543
78206496543
78206496543
78206496543
78206496543
0
78207992696
78207992696
78207992696
78207992696
78207992696
78207992696
78224074561
78224074561
78224074561
78224074561
78224074561
78224074561
0
196395
78224074561
78224074561
78224074561
78224074561
78224074561
78224074561
78234435699
78234435699
78234435699
78234435699
78234435699
78234435699
230745
78243562859
78243562859
78243562859
78243562859
78243562859
78243562859
123595
78243643932
78243643932
78243643932
78243643932
78243643932
78243643932
78264686757
78264686757
78264686757
78264686757
78264686757
78264686757
0
214560
78264686757
78264686757
78264686757
78264686757
78264686757
78264686757
78275069330
78275069330
78275069330
78275069330
78275069330
78275069330
0
78287297090
78287297090
78287297090
78287297090
78287297090
78287297090
33400
78287663083
78287663083
78287663083
78287663083
78287663083
78287663083
78310697268
78310697268
78310697268
78310697268
78310697268
78310697268
424855
189040
78310697268
78310697268
78310697268
78310697268
78310697268
78310697268
78312662321
78312662321
78312662321
78312662321
78312662321
78312662321
235925
78327990681
78327990681
78327990681
78327990681
78327990681
78327990681
472485
78328641594
78328641594
78328641594
78328641594
78328641594
78328641594
78330216659
78330216659
78330216659
78330216659
78330216659
78330216659
43705
6711255
78330216659
78330216659
78330216659
78330216659
78330216659
78330216659
78333639302
78333639302
78333639302
78333639302
78333639302
78333639302
245210
78352068262
78352068262
78352068262
78352068262
78352068262
78352068262
0
78353004095
78353004095
78353004095
78353004095
78353004095
78353004095
78358119080
78358119080
78358119080
78358119080
78358119080
78358119080
0
0
78358119080
78358119080
78358119080
78358119080
78358119080
78358119080
78362854413
78362854413
78362854413
78362854413
78362854413
78362854413
0
78365883973
78365883973
78365883973
78365883973
78365883973
78365883973
0
78367104726
78367104726
78367104726
78367104726
78367104726
78367104726
78377831351
78377831351
78377831351
78377831351
78377831351
78377831351
83745
17955
78377831351
78377831351
78377831351
78377831351
78377831351
78377831351
78386688939
78386688939
78386688939
78386688939
78386688939
78386688939
0
78392819099
78392819099
78392819099
78392819099
78392819099
78392819099
78625
78394324772
78394324772
78394324772
78394324772
78394324772
78394324772
78412606957
78412606957
78412606957
78412606957
78412606957
78412606957
23520
367275
78412606957
78412606957
78412606957
78412606957
78412606957
78412606957
78427365830
78427365830
78427365830
78427365830
78427365830
78427365830
639335
78436596590
78436596590
78436596590
78436596590
78436596590
78436596590
0
78436687183
78436687183
78436687183
78436687183
78436687183
78436687183
78460193768
78460193768
78460193768
78460193768
78460193768
78460193768
69080
156600
78460193768
78460193768
78460193768
78460193768
78460193768
78460193768
78476274616
78476274616
78476274616
78476274616
78476274616
78476274616
0
78488605976
78488605976
78488605976
78488605976
78488605976
78488605976
33200
78488981489
78488981489
78488981489
78488981489
78488981489
78488981489
78518325274
78518325274
78518325274
78518325274
78518325274
78518325274
0
23785
78518325274
78518325274
78518325274
78518325274
78518325274
78518325274
78520548837
78520548837
78520548837
78520548837
78520548837
78520548837
0
78535980797
78535980797
78535980797
78535980797
78535980797
78535980797
62490
78536641230
78536641230
78536641230
78536641230
78536641230
78536641230
78538384255
78538384255
78538384255
78538384255
78538384255
78538384255
145650
192425
78538384255
78538384255
78538384255
78538384255
78538384255
78538384255
78542854628
78542854628
78542854628
78542854628
78542854628
78542854628
50520
78542887188
78542887188
78542887188
78542887188
78542887188
78542887188
82585
78543832541
78543832541
78543832541
78543832541
78543832541
78543832541
78551614246
78551614246
78551614246
78551614246
78551614246
78551614246
60665
0
78551614246
78551614246
78551614246
78551614246
78551614246
78551614246
78559192264
78559192264
78559192264
78559192264
78559192264
78559192264
258925
78562325424
78562325424
78562325424
78562325424
78562325424
78562325424
0
78563555697
78563555697
78563555697
78563555697
78563555697
78563555697
78578673882
78578673882
78578673882
78578673882
78578673882
78578673882
0
2985750
78578673882
78578673882
78578673882
78578673882
78578673882
78578673882
78589295905
78589295905
78589295905
78589295905
78589295905
78589295905
178390600
78595529665
78595529665
78595529665
78595529665
78595529665
78595529665
0
78597044858
78597044858
78597044858
78597044858
78597044858
78597044858
78614364243
78614364243
78614364243
78614364243
78614364243
78614364243
0
0
78614364243
78614364243
78614364243
78614364243
78614364243
78614364243
78627960316
78627960316
78627960316
78627960316
78627960316
78627960316
63000
78637294676
78637294676
78637294676
78637294676
78637294676
78637294676
83730
78637394789
78637394789
78637394789
78637394789
78637394789
78637394789
78660312334
78660312334
78660312334
78660312334
78660312334
78660312334
0
1107465
78660312334
78660312334
78660312334
78660312334
78660312334
78660312334
78672563037
78672563037
78672563037
78672563037
78672563037
78672563037
221595
78684997997
78684997997
78684997997
78684997997
78684997997
78684997997
0
78685383030
78685383030
78685383030
78685383030
78685383030
78685383030
78713502815
78713502815
78713502815
78713502815
78713502815
78713502815
0
793625
78713502815
78713502815
78713502815
78713502815
78713502815
78713502815
78715809993
78715809993
78715809993
78715809993
78715809993
78715809993
0
78731345553
78731345553
78731345553
78731345553
78731345553
78731345553
54185
78732015506
78732015506
78732015506
78732015506
78732015506
78732015506
78734138971
78734138971
78734138971
78734138971
78734138971
78734138971
0
144555
78734138971
78734138971
78734138971
78734138971
78734138971
78734138971
78739459434
78739459434
78739459434
78739459434
78739459434
78739459434
1207665
78739595594
78739595594
78739595594
78739595594
78739595594
78739595594
0
78740550467
78740550467
78740550467
78740550467
78740550467
78740550467
78747427212
78747427212
78747427212
78747427212
78747427212
78747427212
60465
0
78747427212
78747427212
78747427212
78747427212
78747427212
78747427212
78752138110
78752138110
78752138110
78752138110
78752138110
78752138110
82560
78755374870
78755374870
78755374870
78755374870
78755374870
78755374870
0
78756614663
78756614663
78756614663
78756614663
78756614663
78756614663
78768011848
78768011848
78768011848
78768011848
78768011848
78768011848
98635
170125
78768011848
78768011848
78768011848
78768011848
78768011848
78768011848
78778476011
78778476011
78778476011
78778476011
78778476011
78778476011
199760
78784813371
78784813371
78784813371
78784813371
78784813371
78784813371
0
78786338084
78786338084
78786338084
78786338084
78786338084
78786338084
78806452909
78806452909
78806452909
78806452909
78806452909
78806452909
0
0
78806452909
78806452909
78806452909
78806452909
78806452909
78806452909
78817672087
78817672087
78817672087
78817672087
78817672087
78817672087
136720
78827110047
78827110047
78827110047
78827110047
78827110047
78827110047
45760
78827219680
78827219680
78827219680
78827219680
78827219680
78827219680
78852723505
78852723505
78852723505
78852723505
78852723505
78852723505
113080
429870
78852723505
78852723505
78852723505
78852723505
78852723505
78852723505
78867563978
78867563978
78867563978
78867563978
78867563978
78867563978
13987530
78880102538
78880102538
78880102538
78880102538
78880102538
78880102538
51850
78880497091
78880497091
78880497091
78880497091
78880497091
78880497091
78906431276
78906431276
78906431276
78906431276
78906431276
78906431276
0
0
78906431276
78906431276
78906431276
78906431276
78906431276
78906431276
78908529119
78908529119
78908529119
78908529119
78908529119
78908529119
0
78924168279
78924168279
78924168279
78924168279
78924168279
78924168279
49960
78924847752
78924847752
78924847752
78924847752
78924847752
78924847752
78927361697
78927361697
78927361697
78927361697
78927361697
78927361697
0
0
78927361697
78927361697
78927361697
78927361697
78927361697
78927361697
78933561370
78933561370
78933561370
78933561370
78933561370
78933561370
58679745
78933801130
78933801130
78933801130
78933801130
78933801130
78933801130
0
78934765523
78934765523
78934765523
78934765523
78934765523
78934765523
78942372508
78942372508
78942372508
78942372508
78942372508
78942372508
4713985
0
78942372508
78942372508
78942372508
78942372508
78942372508
78942372508
78951162356
78951162356
78951162356
78951162356
78951162356
78951162356
345600
78954502716
78954502716
78954502716
78954502716
78954502716
78954502716
562550
78955752029
78955752029
78955752029
78955752029
78955752029
78955752029
78967938814
78967938814
78967938814
78967938814
78967938814
78967938814
77425
488500
78967938814
78967938814
78967938814
78967938814
78967938814
78967938814
78977859367
78977859367
78977859367
78977859367
78977859367
78977859367
0
78984300327
78984300327
78984300327
78984300327
78984300327
78984300327
140945
78985834560
78985834560
78985834560
78985834560
78985834560
78985834560
79006024585
79006024585
79006024585
79006024585
79006024585
79006024585
0
0
79006024585
79006024585
79006024585
79006024585
79006024585
79006024585
79017241298
79017241298
79017241298
79017241298
79017241298
79017241298
41010
79026782858
79026782858
79026782858
79026782858
79026782858
79026782858
0
79026902011
79026902011
79026902011
79026902011
79026902011
79026902011
79050564876
79050564876
79050564876
79050564876
79050564876
79050564876
0
0
79050564876
79050564876
79050564876
79050564876
79050564876
79050564876
79062491534
79062491534
79062491534
79062491534
79062491534
79062491534
1138350
79075133694
79075133694
79075133694
79075133694
79075133694
79075133694
0
79075537767
79075537767
79075537767
79075537767
79075537767
79075537767
79102679792
79102679792
79102679792
79102679792
79102679792
79102679792
0
0
79102679792
79102679792
79102679792
79102679792
79102679792
79102679792
79105040240
79105040240
79105040240
79105040240
79105040240
79105040240
109095
79120783000
79120783000
79120783000
79120783000
79120783000
79120783000
0
79121471993
79121471993
79121471993
79121471993
79121471993
79121471993
79123428978
79123428978
79123428978
79123428978
79123428978
79123428978
97345
0
79123428978
79123428978
79123428978
79123428978
79123428978
79123428978
79128243106
79128243106
79128243106
79128243106
79128243106
79128243106
0
79128586466
79128586466
79128586466
79128586466
79128586466
79128586466
494665
79129560379
79129560379
79129560379
79129560379
79129560379
79129560379
79136777604
79136777604
79136777604
79136777604
79136777604
79136777604
144625
1006090
79136777604
79136777604
79136777604
79136777604
79136777604
79136777604
79142877697
79142877697
79142877697
79142877697
79142877697
79142877697
7533170
79146321657
79146321657
79146321657
79146321657
79146321657
79146321657
91625
79147580490
79147580490
79147580490
79147580490
79147580490
79147580490
79163518355
79163518355
79163518355
79163518355
79163518355
79163518355
77225
0
79163518355
79163518355
79163518355
79163518355
79163518355
79163518355
79175191878
79175191878
79175191878
79175191878
79175191878
79175191878
4225
79181736438
79181736438
79181736438
79181736438
79181736438
79181736438
0
79183280191
79183280191
79183280191
79183280191
79183280191
79183280191
79200501256
79200501256
79200501256
79200501256
79200501256
79200501256
18905
857670
79200501256
79200501256
79200501256
79200501256
79200501256
79200501256
79208156324
79208156324
79208156324
79208156324
79208156324
79208156324
0
79217801484
79217801484
79217801484
79217801484
79217801484
79217801484
81145
79217930157
79217930157
79217930157
79217930157
79217930157
79217930157
79242324662
79242324662
79242324662
79242324662
79242324662
79242324662
213170
0
79242324662
79242324662
79242324662
79242324662
79242324662
79242324662
79257648410
79257648410
79257648410
79257648410
79257648410
79257648410
24185
79270394170
79270394170
79270394170
79270394170
79270394170
79270394170
0
79270807763
79270807763
79270807763
79270807763
79270807763
79270807763
79302037948
79302037948
79302037948
79302037948
79302037948
79302037948
0
295680
79302037948
79302037948
79302037948
79302037948
79302037948
79302037948
79304632406
79304632406
79304632406
79304632406
79304632406
79304632406
609010
79320478766
79320478766
79320478766
79320478766
79320478766
79320478766
0
79321177279
79321177279
79321177279
79321177279
79321177279
79321177279
79323370824
79323370824
79323370824
79323370824
79323370824
79323370824
0
0
79323370824
79323370824
79323370824
79323370824
79323370824
79323370824
79328332922
79328332922
79328332922
79328332922
79328332922
79328332922
31360
79328779882
79328779882
79328779882
79328779882
79328779882
79328779882
71585
79329763315
79329763315
79329763315
79329763315
79329763315
79329763315
79336189820
79336189820
79336189820
79336189820
79336189820
79336189820
0
23585
79336189820
79336189820
79336189820
79336189820
79336189820
79336189820
79345953348
79345953348
79345953348
79345953348
79345953348
79345953348
0
79349500908
79349500908
79349500908
79349500908
79349500908
79349500908
114785
79350769261
79350769261
79350769261
79350769261
79350769261
79350769261
79363802326
79363802326
79363802326
79363802326
79363802326
79363802326
77025
0
79363802326
79363802326
79363802326
79363802326
79363802326
79363802326
79371632084
79371632084
79371632084
79371632084
79371632084
79371632084
0
79378280244
79378280244
79378280244
79378280244
79378280244
79378280244
0
79379833517
79379833517
79379833517
79379833517
79379833517
79379833517
79398162742
79398162742
79398162742
79398162742
79398162742
79398162742
94185
0
79398162742
79398162742
79398162742
79398162742
79398162742
79398162742
79407335540
79407335540
79407335540
79407335540
79407335540
79407335540
71410
79417084300
79417084300
79417084300
79417084300
79417084300
79417084300
74145
79417222493
79417222493
79417222493
79417222493
79417222493
79417222493
79438068878
79438068878
79438068878
79438068878
79438068878
79438068878
35770
375620
79438068878
79438068878
79438068878
79438068878
79438068878
79438068878
79451133066
79451133066
79451133066
79451133066
79451133066
79451133066
0
79463982426
79463982426
79463982426
79463982426
79463982426
79463982426
190835
79464405539
79464405539
79464405539
79464405539
79464405539
79464405539
79490442284
79490442284
79490442284
79490442284
79490442284
79490442284
26385
0
79490442284
79490442284
79490442284
79490442284
79490442284
79490442284
79492131187
79492131187
79492131187
79492131187
79492131187
79492131187
0
79508081147
79508081147
79508081147
79508081147
79508081147
79508081147
83145
79508789180
79508789180
79508789180
79508789180
79508789180
79508789180
79511639445
79511639445
79511639445
79511639445
79511639445
79511639445
0
0
79511639445
79511639445
79511639445
79511639445
79511639445
79511639445
79515673783
79515673783
79515673783
79515673783
79515673783
79515673783
177170
79516224343
79516224343
79516224343
79516224343
79516224343
79516224343
0
79517217296
79517217296
79517217296
79517217296
79517217296
79517217296
79523914281
79523914281
79523914281
79523914281
79523914281
79523914281
343700
780245
79523914281
79523914281
79523914281
79523914281
79523914281
79523914281
79527829174
79527829174
79527829174
79527829174
79527829174
79527829174
0
79531480334
79531480334
79531480334
79531480334
79531480334
79531480334
89480
79532758207
79532758207
79532758207
79532758207
79532758207
79532758207
79545271632
79545271632
79545271632
79545271632
79545271632
79545271632
0
99600
79545271632
79545271632
79545271632
79545271632
79545271632
79545271632
79554472530
79554472530
79554472530
79554472530
79554472530
79554472530
0
79561224290
79561224290
79561224290
79561224290
79561224290
79561224290
295700
79562787083
79562787083
79562787083
79562787083
79562787083
79562787083
79583189268
79583189268
79583189268
79583189268
79583189268
79583189268
93985
0
79583189268
79583189268
79583189268
79583189268
79583189268
79583189268
79598819056
79598819056
79598819056
79598819056
79598819056
79598819056
0
79608671416
79608671416
79608671416
79608671416
79608671416
79608671416
62825
79608819129
79608819129
79608819129
79608819129
79608819129
79608819129
79630382594
79630382594
79630382594
79630382594
79630382594
79630382594
0
0
79630382594
79630382594
79630382594
79630382594
79630382594
79630382594
79641752812
79641752812
79641752812
79641752812
79641752812
79641752812
203675
79654705772
79654705772
79654705772
79654705772
79654705772
79654705772
0
79655138405
79655138405
79655138405
79655138405
79655138405
79655138405
79690426990
79690426990
79690426990
79690426990
79690426990
79690426990
0
726905
79690426990
79690426990
79690426990
79690426990
79690426990
79690426990
79692995898
79692995898
79692995898
79692995898
79692995898
79692995898
0
79709049458
79709049458
79709049458
79709049458
79709049458
79709049458
0
79709767011
79709767011
79709767011
79709767011
79709767011
79709767011
79712642556
79712642556
79712642556
79712642556
79712642556
79712642556
0
2475565
79712642556
79712642556
79712642556
79712642556
79712642556
79712642556
79716971629
79716971629
79716971629
79716971629
79716971629
79716971629
142570
79717625789
79717625789
79717625789
79717625789
79717625789
79717625789
0
79718628262
79718628262
79718628262
79718628262
79718628262
79718628262
79728049647
79728049647
79728049647
79728049647
79728049647
79728049647
66120
336140
79728049647
79728049647
79728049647
79728049647
79728049647
79728049647
79735194845
79735194845
79735194845
79735194845
79735194845
79735194845
597405
79738949605
79738949605
79738949605
79738949605
79738949605
79738949605
182825
79740236998
79740236998
79740236998
79740236998
79740236998
79740236998
79754939983
79754939983
79754939983
79754939983
79754939983
79754939983
0
31280
79754939983
79754939983
79754939983
79754939983
79754939983
79754939983
79767442186
79767442186
79767442186
79767442186
79767442186
79767442186
0
79774297546
79774297546
79774297546
79774297546
79774297546
79774297546
0
79775869859
79775869859
79775869859
79775869859
79775869859
79775869859
79798123564
79798123564
79798123564
79798123564
79798123564
79798123564
93785
416790
79798123564
79798123564
79798123564
79798123564
79798123564
79798123564
79808823947
79808823947
79808823947
79808823947
79808823947
79808823947
0
79818779907
79818779907
79818779907
79818779907
79818779907
79818779907
0
79818937140
79818937140
79818937140
79818937140
79818937140
79818937140
79845654125
79845654125
79845654125
79845654125
79845654125
79845654125
10945
46740
79845654125
79845654125
79845654125
79845654125
79845654125
79845654125
79858388668
79858388668
79858388668
79858388668
79858388668
79858388668
2538005
79871445228
79871445228
79871445228
79871445228
79871445228
79871445228
0
79871887381
79871887381
79871887381
79871887381
79871887381
79871887381
79899119966
79899119966
79899119966
79899119966
79899119966
79899119966
65225
471940
79899119966
79899119966
79899119966
79899119966
79899119966
79899119966
79901969574
79901969574
79901969574
79901969574
79901969574
79901969574
0
79918126734
79918126734
79918126734
79918126734
79918126734
79918126734
0
79918853807
79918853807
79918853807
79918853807
79918853807
79918853807
79922246632
79922246632
79922246632
79922246632
79922246632
79922246632
15880
122840
79922246632
79922246632
79922246632
79922246632
79922246632
79922246632
79927370655
79927370655
79927370655
79927370655
79927370655
79927370655
677965
79928128415
79928128415
79928128415
79928128415
79928128415
79928128415
20785
79929140408
79929140408
79929140408
79929140408
79929140408
79929140408
79937408193
79937408193
79937408193
79937408193
79937408193
79937408193
0
158770
79937408193
79937408193
79937408193
79937408193
79937408193
79937408193
79946765626
79946765626
79946765626
79946765626
79946765626
79946765626
157330
79950623986
79950623986
79950623986
79950623986
79950623986
79950623986
112745
79951920899
79951920899
79951920899
79951920899
79951920899
79951920899
79965104364
79965104364
79965104364
79965104364
79965104364
79965104364
43945
141510
79965104364
79965104364
79965104364
79965104364
79965104364
79965104364
79972802317
79972802317
79972802317
79972802317
79972802317
79972802317
0
79979761277
79979761277
79979761277
79979761277
79979761277
79979761277
440
79981343110
79981343110
79981343110
79981343110
79981343110
79981343110
79999688655
79999688655
79999688655
79999688655
79999688655
79999688655
0
10385
79999688655
79999688655
79999688655
79999688655
79999688655
79999688655
80013535603
80013535603
80013535603
80013535603
80013535603
80013535603
0
80023595163
80023595163
80023595163
80023595163
80023595163
80023595163
131970
80023761916
80023761916
80023761916
80023761916
80023761916
80023761916
80048566821
80048566821
80048566821
80048566821
80048566821
80048566821
10745
0
80048566821
80048566821
80048566821
80048566821
80048566821
80048566821
80058685649
80058685649
80058685649
80058685649
80058685649
80058685649
221280
80071845809
80071845809
80071845809
80071845809
80071845809
80071845809
0
80072297482
80072297482
80072297482
80072297482
80072297482
80072297482
80103902387
80103902387
80103902387
80103902387
80103902387
80103902387
0
0
80103902387
80103902387
80103902387
80103902387
80103902387
80103902387
80106813385
80106813385
80106813385
80106813385
80106813385
80106813385
0
80123074145
80123074145
80123074145
80123074145
80123074145
80123074145
135810
80123810738
80123810738
80123810738
80123810738
80123810738
80123810738
80126623523
80126623523
80126623523
80126623523
80126623523
80126623523
0
0
80126623523
80126623523
80126623523
80126623523
80126623523
80126623523
80131231736
80131231736
80131231736
80131231736
80131231736
80131231736
365530
80132093096
80132093096
80132093096
80132093096
80132093096
80132093096
0
80133114609
80133114609
80133114609
80133114609
80133114609
80133114609
80142155194
80142155194
80142155194
80142155194
80142155194
80142155194
0
528330
80142155194
80142155194
80142155194
80142155194
80142155194
80142155194
80152118237
80152118237
80152118237
80152118237
80152118237
80152118237
12945
80156080197
80156080197
80156080197
80156080197
80156080197
80156080197
0
80157386630
80157386630
80157386630
80157386630
80157386630
80157386630
80172523015
80172523015
80172523015
80172523015
80172523015
80172523015
40040
239880
80172523015
80172523015
80172523015
80172523015
80172523015
80172523015
80183830773
80183830773
80183830773
80183830773
80183830773
80183830773
12800
80190893333
80190893333
80190893333
80190893333
80190893333
80190893333
240
80192484686
80192484686
80192484686
80192484686
80192484686
80192484686
80212819351
80212819351
80212819351
80212819351
80212819351
80212819351
12240
0
80212819351
80212819351
80212819351
80212819351
80212819351
80212819351
80226507704
80226507704
80226507704
80226507704
80226507704
80226507704
66010
80236670864
80236670864
80236670864
80236670864
80236670864
80236670864
78745
80236847137
80236847137
80236847137
80236847137
80236847137
80236847137
80260037402
80260037402
80260037402
80260037402
80260037402
80260037402
10545
0
80260037402
80260037402
80260037402
80260037402
80260037402
80260037402
80260254050
80260254050
80260254050
80260254050
80260254050
80260254050
0
80273517810
80273517810
80273517810
80273517810
80273517810
80273517810
0
80273979003
80273979003
80273979003
80273979003
80273979003
80273979003
80304985988
80304985988
80304985988
80304985988
80304985988
80304985988
27705
261710
80304985988
80304985988
80304985988
80304985988
80304985988
80304985988
80307663991
80307663991
80307663991
80307663991
80307663991
80307663991
389540
80324028351
80324028351
80324028351
80324028351
80324028351
80324028351
0
80324774464
80324774464
80324774464
80324774464
80324774464
80324774464
80328100009
80328100009
80328100009
80328100009
80328100009
80328100009
0
45745
80328100009
80328100009
80328100009
80328100009
80328100009
80328100009
80334107117
80334107117
80334107117
80334107117
80334107117
80334107117
414995
80335072077
80335072077
80335072077
80335072077
80335072077
80335072077
0
80336103110
80336103110
80336103110
80336103110
80336103110
80336103110
80345873935
80345873935
80345873935
80345873935
80345873935
80345873935
34705
3425065
80345873935
80345873935
80345873935
80345873935
80345873935
80345873935
80353867833
80353867833
80353867833
80353867833
80353867833
80353867833
0
80357933393
80357933393
80357933393
80357933393
80357933393
80357933393
0
80359249346
80359249346
80359249346
80359249346
80359249346
80359249346
80373264571
80373264571
80373264571
80373264571
80373264571
80373264571
0
98865
80373264571
80373264571
80373264571
80373264571
80373264571
80373264571
80380820344
80380820344
80380820344
80380820344
80380820344
80380820344
359185
80387986504
80387986504
80387986504
80387986504
80387986504
80387986504
48185
80389587377
80389587377
80389587377
80389587377
80389587377
80389587377
80408343322
80408343322
80408343322
80408343322
80408343322
80408343322
103880
0
80408343322
80408343322
80408343322
80408343322
80408343322
80408343322
80421364370
80421364370
80421364370
80421364370
80421364370
80421364370
1076195
80431631130
80431631130
80431631130
80431631130
80431631130
80431631130
17200
80431816923
80431816923
80431816923
80431816923
80431816923
80431816923
80458053308
80458053308
80458053308
80458053308
80458053308
80458053308
0
6188935
80458053308
80458053308
80458053308
80458053308
80458053308
80458053308
80458339621
80458339621
80458339621
80458339621
80458339621
80458339621
14280
80471706981
80471706981
80471706981
80471706981
80471706981
80471706981
0
80472177694
80472177694
80472177694
80472177694
80472177694
80472177694
80499015239
80499015239
80499015239
80499015239
80499015239
80499015239
76330
161745
80499015239
80499015239
80499015239
80499015239
80499015239
80499015239
80501474457
80501474457
80501474457
80501474457
80501474457
80501474457
0
80517942417
80517942417
80517942417
80517942417
80517942417
80517942417
0
80518698050
80518698050
80518698050
80518698050
80518698050
80518698050
80522797915
80522797915
80522797915
80522797915
80522797915
80522797915
0
0
80522797915
80522797915
80522797915
80522797915
80522797915
80522797915
80527728733
80527728733
80527728733
80527728733
80527728733
80527728733
113640
80528797293
80528797293
80528797293
80528797293
80528797293
80528797293
0
80529837846
80529837846
80529837846
80529837846
80529837846
80529837846
80538863871
80538863871
80538863871
80538863871
80538863871
80538863871
0
4141410
80538863871
80538863871
80538863871
80538863871
80538863871
80538863871
80547303424
80547303424
80547303424
80547303424
80547303424
80547303424
0
80551472584
80551472584
80551472584
80551472584
80551472584
80551472584
21625
80552798057
80552798057
80552798057
80552798057
80552798057
80552798057
80569108682
80569108682
80569108682
80569108682
80569108682
80569108682
0
0
80569108682
80569108682
80569108682
80569108682
80569108682
80569108682
80580399405
80580399405
80580399405
80580399405
80580399405
80580399405
176975
80587669165
80587669165
80587669165
80587669165
80587669165
80587669165
74105
80589279558
80589279558
80589279558
80589279558
80589279558
80589279558
80608010543
80608010543
80608010543
80608010543
80608010543
80608010543
0
136945
80608010543
80608010543
80608010543
80608010543
80608010543
80608010543
80624254316
80624254316
80624254316
80624254316
80624254316
80624254316
2646875
80634624676
80634624676
80634624676
80634624676
80634624676
80634624676
128265
80634819989
80634819989
80634819989
80634819989
80634819989
80634819989
80660583014
80660583014
80660583014
80660583014
80660583014
80660583014
0
30745
80660583014
80660583014
80660583014
80660583014
80660583014
80660583014
80660950932
80660950932
80660950932
80660950932
80660950932
80660950932
10022930
80674421892
80674421892
80674421892
80674421892
80674421892
80674421892
0
80674902125
80674902125
80674902125
80674902125
80674902125
80674902125
80707572470
80707572470
80707572470
80707572470
80707572470
80707572470
28370
44280
80707572470
80707572470
80707572470
80707572470
80707572470
80707572470
80710416233
80710416233
80710416233
80710416233
80710416233
80710416233
89760
80726987793
80726987793
80726987793
80726987793
80726987793
80726987793
58145
80727752946
80727752946
80727752946
80727752946
80727752946
80727752946
80730162571
80730162571
80730162571
80730162571
80730162571
80730162571
190385
2086015
80730162571
80730162571
80730162571
80730162571
80730162571
80730162571
80736398504
80736398504
80736398504
80736398504
80736398504
80736398504
54440
80737570664
80737570664
80737570664
80737570664
80737570664
80737570664
0
80738620737
80738620737
80738620737
80738620737
80738620737
80738620737
80747497242
80747497242
80747497242
80747497242
80747497242
80747497242
0
0
80747497242
80747497242
80747497242
80747497242
80747497242
80747497242
80755405615
80755405615
80755405615
80755405615
80755405615
80755405615
246825
80759678375
80759678375
80759678375
80759678375
80759678375
80759678375
0
80761013368
80761013368
80761013368
80761013368
80761013368
80761013368
80775534153
80775534153
80775534153
80775534153
80775534153
80775534153
54985
0
80775534153
80775534153
80775534153
80775534153
80775534153
80775534153
80784790581
80784790581
80784790581
80784790581
80784790581
80784790581
0
80792163941
80792163941
80792163941
80792163941
80792163941
80792163941
10905
80793783854
80793783854
80793783854
80793783854
80793783854
80793783854
80815881079
80815881079
80815881079
80815881079
80815881079
80815881079
0
282035
80815881079
80815881079
80815881079
80815881079
80815881079
80815881079
80825659687
80825659687
80825659687
80825659687
80825659687
80825659687
1094345
80836133647
80836133647
80836133647
80836133647
80836133647
80836133647
0
80836338480
80836338480
80836338480
80836338480
80836338480
80836338480
80864618705
80864618705
80864618705
80864618705
80864618705
80864618705
136785
3781795
80864618705
80864618705
80864618705
80864618705
80864618705
80864618705
80865035398
80865035398
80865035398
80865035398
80865035398
80865035398
72545
80878609958
80878609958
80878609958
80878609958
80878609958
80878609958
113545
80879099711
80879099711
80879099711
80879099711
80879099711
80879099711
80896164696
80896164696
80896164696
80896164696
80896164696
80896164696
0
187010
80896164696
80896164696
80896164696
80896164696
80896164696
80896164696
80897808519
80897808519
80897808519
80897808519
80897808519
80897808519
3602485
80914483679
80914483679
80914483679
80914483679
80914483679
80914483679
0
80915258352
80915258352
80915258352
80915258352
80915258352
80915258352
80919737857
80919737857
80919737857
80919737857
80919737857
80919737857
44265
0
80919737857
80919737857
80919737857
80919737857
80919737857
80919737857
80924931230
80924931230
80924931230
80924931230
80924931230
80924931230
0
80926206990
80926206990
80926206990
80926206990
80926206990
80926206990
94665
80927266583
80927266583
80927266583
80927266583
80927266583
80927266583
80937326368
80937326368
80937326368
80937326368
80937326368
80937326368
91145
0
80937326368
80937326368
80937326368
80937326368
80937326368
80937326368
80946995061
80946995061
80946995061
80946995061
80946995061
80946995061
76875
80951371421
80951371421
80951371421
80951371421
80951371421
80951371421
0
80952715934
80952715934
80952715934
80952715934
80952715934
80952715934
80966711439
80966711439
80966711439
80966711439
80966711439
80966711439
0
55305
80966711439
80966711439
80966711439
80966711439
80966711439
80966711439
80979983612
80979983612
80979983612
80979983612
80979983612
80979983612
0
80987460572
80987460572
80987460572
80987460572
80987460572
80987460572
16105
80989090005
80989090005
80989090005
80989090005
80989090005
80989090005
81010378670
81010378670
81010378670
81010378670
81010378670
81010378670
77280
2383315
81010378670
81010378670
81010378670
81010378670
81010378670
81010378670
81021423228
81021423228
81021423228
81021423228
81021423228
81021423228
0
81032000788
81032000788
81032000788
81032000788
81032000788
81032000788
0
81032215141
81032215141
81032215141
81032215141
81032215141
81032215141
81056501286
81056501286
81056501286
81056501286
81056501286
81056501286
81105
863290
81056501286
81056501286
81056501286
81056501286
81056501286
81056501286
81056963704
81056963704
81056963704
81056963704
81056963704
81056963704
101890
81070641864
81070641864
81070641864
81070641864
81070641864
81070641864
106905
81071141137
81071141137
81071141137
81071141137
81071141137
81071141137
81088387962
81088387962
81088387962
81088387962
81088387962
81088387962
0
1425855
81088387962
81088387962
81088387962
81088387962
81088387962
81088387962
81092368735
81092368735
81092368735
81092368735
81092368735
81092368735
271440
81109147495
81109147495
81109147495
81109147495
81109147495
81109147495
0
81109931688
81109931688
81109931688
81109931688
81109931688
81109931688
81114156473
81114156473
81114156473
81114156473
81114156473
81114156473
44065
0
81114156473
81114156473
81114156473
81114156473
81114156473
81114156473
81120225436
81120225436
81120225436
81120225436
81120225436
81120225436
192370
81121604796
81121604796
81121604796
81121604796
81121604796
81121604796
345
81122673909
81122673909
81122673909
81122673909
81122673909
81122673909
81133199054
81133199054
81133199054
81133199054
81133199054
81133199054
61225
0
81133199054
81133199054
81133199054
81133199054
81133199054
81133199054
81139634132
81139634132
81139634132
81139634132
81139634132
81139634132
690000
81144114092
81144114092
81144114092
81144114092
81144114092
81144114092
37545
81145468125
81145468125
81145468125
81145468125
81145468125
81145468125
81160144750
81160144750
81160144750
81160144750
81160144750
81160144750
0
510180
81160144750
81160144750
81160144750
81160144750
81160144750
81160144750
81174011258
81174011258
81174011258
81174011258
81174011258
81174011258
0
81181591818
81181591818
81181591818
81181591818
81181591818
81181591818
0
81183230771
81183230771
81183230771
81183230771
81183230771
81183230771
81202205116
81202205116
81202205116
81202205116
81202205116
81202205116
0
3694845
81202205116
81202205116
81202205116
81202205116
81202205116
81202205116
81213407259
81213407259
81213407259
81213407259
81213407259
81213407259
19516920
81224088419
81224088419
81224088419
81224088419
81224088419
81224088419
0
81224312292
81224312292
81224312292
81224312292
81224312292
81224312292
81248010397
81248010397
81248010397
81248010397
81248010397
81248010397
0
137825
81248010397
81248010397
81248010397
81248010397
81248010397
81248010397
81248580395
81248580395
81248580395
81248580395
81248580395
81248580395
233305
81262362155
81262362155
81262362155
81262362155
81262362155
81262362155
0
81262870948
81262870948
81262870948
81262870948
81262870948
81262870948
81280252733
81280252733
81280252733
81280252733
81280252733
81280252733
0
23820
81280252733
81280252733
81280252733
81280252733
81280252733
81280252733
81283984656
81283984656
81283984656
81283984656
81283984656
81283984656
45305
81300867016
81300867016
81300867016
81300867016
81300867016
81300867016
50720
81301660729
81301660729
81301660729
81301660729
81301660729
81301660729
81306751114
81306751114
81306751114
81306751114
81306751114
81306751114
166850
0
81306751114
81306751114
81306751114
81306751114
81306751114
81306751114
81312066782
81312066782
81312066782
81312066782
81312066782
81312066782
170580
81313549742
81313549742
81313549742
81313549742
81313549742
81313549742
58985
81314628375
81314628375
81314628375
81314628375
81314628375
81314628375
81323857120
81323857120
81323857120
81323857120
81323857120
81323857120
353140
29385
81323857120
81323857120
81323857120
81323857120
81323857120
81323857120
81328486163
81328486163
81328486163
81328486163
81328486163
81328486163
2305890
81333069723
81333069723
81333069723
81333069723
81333069723
81333069723
2945
81334433276
81334433276
81334433276
81334433276
81334433276
81334433276
81350934781
81350934781
81350934781
81350934781
81350934781
81350934781
0
192105
81350934781
81350934781
81350934781
81350934781
81350934781
81350934781
81368214064
81368214064
81368214064
81368214064
81368214064
81368214064
0
81375898224
81375898224
81375898224
81375898224
81375898224
81375898224
167505
81377546697
81377546697
81377546697
81377546697
81377546697
81377546697
81398123202
81398123202
81398123202
81398123202
81398123202
81398123202
0
871710
81398123202
81398123202
81398123202
81398123202
81398123202
81398123202
81409658100
81409658100
81409658100
81409658100
81409658100
81409658100
0
81420442860
81420442860
81420442860
81420442860
81420442860
81420442860
184555
81420676253
81420676253
81420676253
81420676253
81420676253
81420676253
81446071238
81446071238
81446071238
81446071238
81446071238
81446071238
23585
0
81446071238
81446071238
81446071238
81446071238
81446071238
81446071238
81446807676
81446807676
81446807676
81446807676
81446807676
81446807676
496910
81460693036
81460693036
81460693036
81460693036
81460693036
81460693036
95505
81461211349
81461211349
81461211349
81461211349
81461211349
81461211349
81478718014
81478718014
81478718014
81478718014
81478718014
81478718014
3465
92865
81478718014
81478718014
81478718014
81478718014
81478718014
81478718014
81481667302
81481667302
81481667302
81481667302
81481667302
81481667302
693800
81498653262
81498653262
81498653262
81498653262
81498653262
81498653262
50520
81499456495
81499456495
81499456495
81499456495
81499456495
81499456495
81502825200
81502825200
81502825200
81502825200
81502825200
81502825200
214210
136610
81502825200
81502825200
81502825200
81502825200
81502825200
81502825200
81508630183
81508630183
81508630183
81508630183
81508630183
81508630183
4964550
81510216743
81510216743
81510216743
81510216743
81510216743
81510216743
484380
81511304896
81511304896
81511304896
81511304896
81511304896
81511304896
81522540681
81522540681
81522540681
81522540681
81522540681
81522540681
60825
0
81522540681
81522540681
81522540681
81522540681
81522540681
81522540681
81530839119
81530839119
81530839119
81530839119
81530839119
81530839119
16555
81535526279
81535526279
81535526279
81535526279
81535526279
81535526279
28570
81536899352
81536899352
81536899352
81536899352
81536899352
81536899352
81552919777
81552919777
81552919777
81552919777
81552919777
81552919777
453805
298235
81552919777
81552919777
81552919777
81552919777
81552919777
81552919777
81563111550
81563111550
81563111550
81563111550
81563111550
81563111550
244074875
81570899310
81570899310
81570899310
81570899310
81570899310
81570899310
1246905
81572557303
81572557303
81572557303
81572557303
81572557303
81572557303
81588842688
81588842688
81588842688
81588842688
81588842688
81588842688
0
0
81588842688
81588842688
81588842688
81588842688
81588842688
81588842688
81601852306
81601852306
81601852306
81601852306
81601852306
81601852306
162690
81612740666
81612740666
81612740666
81612740666
81612740666
81612740666
16945
81612983579
81612983579
81612983579
81612983579
81612983579
81612983579
81637699924
81637699924
81637699924
81637699924
81637699924
81637699924
0
0
81637699924
81637699924
81637699924
81637699924
81637699924
81637699924
81638308152
81638308152
81638308152
81638308152
81638308152
81638308152
5696625
81652297112
81652297112
81652297112
81652297112
81652297112
81652297112
94065
81652824945
81652824945
81652824945
81652824945
81652824945
81652824945
81670523450
81670523450
81670523450
81670523450
81670523450
81670523450
0
228225
81670523450
81670523450
81670523450
81670523450
81670523450
81670523450
81674773548
81674773548
81674773548
81674773548
81674773548
81674773548
0
81691863108
81691863108
81691863108
81691863108
81691863108
81691863108
0
81692675861
81692675861
81692675861
81692675861
81692675861
81692675861
81697621726
81697621726
81697621726
81697621726
81697621726
81697621726
0
268635
81697621726
81697621726
81697621726
81697621726
81697621726
81697621726
81703549694
81703549694
81703549694
81703549694
81703549694
81703549694
0
81705239854
81705239854
81705239854
81705239854
81705239854
81705239854
67480
81706337527
81706337527
81706337527
81706337527
81706337527
81706337527
81715911232
81715911232
81715911232
81715911232
81715911232
81715911232
0
388420
81715911232
81715911232
81715911232
81715911232
81715911232
81715911232
81726042230
81726042230
81726042230
81726042230
81726042230
81726042230
0
81730832990
81730832990
81730832990
81730832990
81730832990
81730832990
0
81732215583
81732215583
81732215583
81732215583
81732215583
81732215583
81745794168
81745794168
81745794168
81745794168
81745794168
81745794168
121170
0
81745794168
81745794168
81745794168
81745794168
81745794168
81745794168
81757850086
81757850086
81757850086
81757850086
81757850086
81757850086
0
81765741446
81765741446
81765741446
81765741446
81765741446
81765741446
38385
81767408959
81767408959
81767408959
81767408959
81767408959
81767408959
81787306824
81787306824
81787306824
81787306824
81787306824
81787306824
0
164745
81787306824
81787306824
81787306824
81787306824
81787306824
81787306824
81805951897
81805951897
81805951897
81805951897
81805951897
81805951897
93240
81816943857
81816943857
81816943857
81816943857
81816943857
81816943857
69800
81817196290
81817196290
81817196290
81817196290
81817196290
81817196290
81842083995
81842083995
81842083995
81842083995
81842083995
81842083995
0
0
81842083995
81842083995
81842083995
81842083995
81842083995
81842083995
81842978893
81842978893
81842978893
81842978893
81842978893
81842978893
0
81857071453
81857071453
81857071453
81857071453
81857071453
81857071453
0
81857608806
81857608806
81857608806
81857608806
81857608806
81857608806
81875533711
81875533711
81875533711
81875533711
81875533711
81875533711
0
111010
81875533711
81875533711
81875533711
81875533711
81875533711
81875533711
81878311464
81878311464
81878311464
81878311464
81878311464
81878311464
32160
81895504624
81895504624
81895504624
81895504624
81895504624
81895504624
0
81896326897
81896326897
81896326897
81896326897
81896326897
81896326897
81901107402
81901107402
81901107402
81901107402
81901107402
81901107402
0
290475
81901107402
81901107402
81901107402
81901107402
81901107402
81901107402
81904239175
81904239175
81904239175
81904239175
81904239175
81904239175
170560
81906032935
81906032935
81906032935
81906032935
81906032935
81906032935
142185
81907140128
81907140128
81907140128
81907140128
81907140128
81907140128
81918123913
81918123913
81918123913
81918123913
81918123913
81918123913
0
815825
81918123913
81918123913
81918123913
81918123913
81918123913
81918123913
81925874066
81925874066
81925874066
81925874066
81925874066
81925874066
187080
81930768426
81930768426
81930768426
81930768426
81930768426
81930768426
84440
81932160539
81932160539
81932160539
81932160539
81932160539
81932160539
81948185164
81948185164
81948185164
81948185164
81948185164
81948185164
77585
160160
81948185164
81948185164
81948185164
81948185164
81948185164
81948185164
81959399317
81959399317
81959399317
81959399317
81959399317
81959399317
6111100
81967394277
81967394277
81967394277
81967394277
81967394277
81967394277
0
81969071310
81969071310
81969071310
81969071310
81969071310
81969071310
81989491255
81989491255
81989491255
81989491255
81989491255
81989491255
158435
3129880
81989491255
81989491255
81989491255
81989491255
81989491255
81989491255
82001955873
82001955873
82001955873
82001955873
82001955873
82001955873
379400
82013051433
82013051433
82013051433
82013051433
82013051433
82013051433
85440
82013313386
82013313386
82013313386
82013313386
82013313386
82013313386
82038805851
82038805851
82038805851
82038805851
82038805851
82038805851
0
149670
82038805851
82038805851
82038805851
82038805851
82038805851
82038805851
82039700109
82039700109
82039700109
82039700109
82039700109
82039700109
0
82053896269
82053896269
82053896269
82053896269
82053896269
82053896269
61280
82054443142
82054443142
82054443142
82054443142
82054443142
82054443142
82072689007
82072689007
82072689007
82072689007
82072689007
82072689007
0
0
82072689007
82072689007
82072689007
82072689007
82072689007
82072689007
82075357280
82075357280
82075357280
82075357280
82075357280
82075357280
0
82092654040
82092654040
82092654040
82092654040
82092654040
82092654040
96345
82093485833
82093485833
82093485833
82093485833
82093485833
82093485833
82098323218
82098323218
82098323218
82098323218
82098323218
82098323218
0
0
82098323218
82098323218
82098323218
82098323218
82098323218
82098323218
82104305591
82104305591
82104305591
82104305591
82104305591
82104305591
306395
82106202951
82106202951
82106202951
82106202951
82106202951
82106202951
8945
82107319664
82107319664
82107319664
82107319664
82107319664
82107319664
82116203449
82116203449
82116203449
82116203449
82116203449
82116203449
0
0
82116203449
82116203449
82116203449
82116203449
82116203449
82116203449
82124142372
82124142372
82124142372
82124142372
82124142372
82124142372
483120
82129140332
82129140332
82129140332
82129140332
82129140332
82129140332
84240
82130541965
82130541965
82130541965
82130541965
82130541965
82130541965
82142345790
82142345790
82142345790
82142345790
82142345790
82142345790
0
1209810
82142345790
82142345790
82142345790
82142345790
82142345790
82142345790
82153356163
82153356163
82153356163
82153356163
82153356163
82153356163
0
82161454723
82161454723
82161454723
82161454723
82161454723
82161454723
0
82163141276
82163141276
82163141276
82163141276
82163141276
82163141276
82186485221
82186485221
82186485221
82186485221
82186485221
82186485221
94545
39040
82186485221
82186485221
82186485221
82186485221
82186485221
82186485221
82201348569
82201348569
82201348569
82201348569
82201348569
82201348569
0
82212547729
82212547729
82212547729
82212547729
82212547729
82212547729
32865
82212819202
82212819202
82212819202
82212819202
82212819202
82212819202
82243022307
82243022307
82243022307
82243022307
82243022307
82243022307
0
255915
82243022307
82243022307
82243022307
82243022307
82243022307
82243022307
82244181180
82244181180
82244181180
82244181180
82244181180
82244181180
282605
82258480940
82258480940
82258480940
82258480940
82258480940
82258480940
117505
82259037333
82259037333
82259037333
82259037333
82259037333
82259037333
82277468318
82277468318
82277468318
82277468318
82277468318
82277468318
0
1178450
82277468318
82277468318
82277468318
82277468318
82277468318
82277468318
82281749811
82281749811
82281749811
82281749811
82281749811
82281749811
1138320
82299150171
82299150171
82299150171
82299150171
82299150171
82299150171
0
82299991484
82299991484
82299991484
82299991484
82299991484
82299991484
82305148909
82305148909
82305148909
82305148909
82305148909
82305148909
0
58970
82305148909
82305148909
82305148909
82305148909
82305148909
82305148909
82311452552
82311452552
82311452552
82311452552
82311452552
82311452552
155840
82313453512
82313453512
82313453512
82313453512
82313453512
82313453512
0
82314579745
82314579745
82314579745
82314579745
82314579745
82314579745
82323357690
82323357690
82323357690
82323357690
82323357690
82323357690
57705
0
82323357690
82323357690
82323357690
82323357690
82323357690
82323357690
82335091143
82335091143
82335091143
82335091143
82335091143
82335091143
0
82340192703
82340192703
82340192703
82340192703
82340192703
82340192703
178985
82341603856
82341603856
82341603856
82341603856
82341603856
82341603856
82357725561
82357725561
82357725561
82357725561
82357725561
82357725561
0
245633518
82357725561
82357725561
82357725561
82357725561
82357725561
82357725561
82366189594
82366189594
82366189594
82366189594
82366189594
82366189594
250635
82374391754
82374391754
82374391754
82374391754
82374391754
82374391754
55505
82376087827
82376087827
82376087827
82376087827
82376087827
82376087827
82396716252
82396716252
82396716252
82396716252
82396716252
82396716252
94345
231075
82396716252
82396716252
82396716252
82396716252
82396716252
82396716252
82411582175
82411582175
82411582175
82411582175
82411582175
82411582175
250525
82422884935
82422884935
82422884935
82422884935
82422884935
82422884935
0
82423165928
82423165928
82423165928
82423165928
82423165928
82423165928
82450674913
82450674913
82450674913
82450674913
82450674913
82450674913
205570
0
82450674913
82450674913
82450674913
82450674913
82450674913
82450674913
82451948741
82451948741
82451948741
82451948741
82451948741
82451948741
0
82466352101
82466352101
82466352101
82466352101
82466352101
82466352101
0
82466918014
82466918014
82466918014
82466918014
82466918014
82466918014
82485316439
82485316439
82485316439
82485316439
82485316439
82485316439
0
0
82485316439
82485316439
82485316439
82485316439
82485316439
82485316439
82490120062
82490120062
82490120062
82490120062
82490120062
82490120062
0
82507624022
82507624022
82507624022
82507624022
82507624022
82507624022
38290
82508474855
82508474855
82508474855
82508474855
82508474855
82508474855
82514706360
82514706360
82514706360
82514706360
82514706360
82514706360
57225
79990
82514706360
82514706360
82514706360
82514706360
82514706360
82514706360
82523062508
82523062508
82523062508
82523062508
82523062508
82523062508
47374470
82525167068
82525167068
82525167068
82525167068
82525167068
82525167068
88000
82526302821
82526302821
82526302821
82526302821
82526302821
82526302821
82538013486
82538013486
82538013486
82538013486
82538013486
82538013486
0
5760
82538013486
82538013486
82538013486
82538013486
82538013486
82538013486
82544801314
82544801314
82544801314
82544801314
82544801314
82544801314
33000
82550006474
82550006474
82550006474
82550006474
82550006474
82550006474
91385
82551427147
82551427147
82551427147
82551427147
82551427147
82551427147
82567346412
82567346412
82567346412
82567346412
82567346412
82567346412
0
927200
82567346412
82567346412
82567346412
82567346412
82567346412
82567346412
82573150160
82573150160
82573150160
82573150160
82573150160
82573150160
0
82581455920
82581455920
82581455920
82581455920
82581455920
82581455920
1000
82581461513
82581461513
82581461513
82581461513
82581461513
82581461513
82598540898
82598540898
82598540898
82598540898
82598540898
82598540898
0
0
82598540898
82598540898
82598540898
82598540898
82598540898
82598540898
82614854436
82614854436
82614854436
82614854436
82614854436
82614854436
0
82626260796
82626260796
82626260796
82626260796
82626260796
82626260796
0
82626551309
82626551309
82626551309
82626551309
82626551309
82626551309
82648324974
82648324974
82648324974
82648324974
82648324974
82648324974
70890
3067730
82648324974
82648324974
82648324974
82648324974
82648324974
82648324974
82649367012
82649367012
82649367012
82649367012
82649367012
82649367012
486820
82663873972
82663873972
82663873972
82663873972
82663873972
82663873972
0
82664449405
82664449405
82664449405
82664449405
82664449405
82664449405
82683081830
82683081830
82683081830
82683081830
82683081830
82683081830
132370
0
82683081830
82683081830
82683081830
82683081830
82683081830
82683081830
82685869908
82685869908
82685869908
82685869908
82685869908
82685869908
118280
82703477468
82703477468
82703477468
82703477468
82703477468
82703477468
12265
82704337821
82704337821
82704337821
82704337821
82704337821
82704337821
82709283646
82709283646
82709283646
82709283646
82709283646
82709283646
55825
1663585
82709283646
82709283646
82709283646
82709283646
82709283646
82709283646
82715436689
82715436689
82715436689
82715436689
82715436689
82715436689
0
82717644849
82717644849
82717644849
82717644849
82717644849
82717644849
0
82718790122
82718790122
82718790122
82718790122
82718790122
82718790122
82729960387
82729960387
82729960387
82729960387
82729960387
82729960387
0
214720
82729960387
82729960387
82729960387
82729960387
82729960387
82729960387
82737847385
82737847385
82737847385
82737847385
82737847385
82737847385
1422330
82743156145
82743156145
82743156145
82743156145
82743156145
82743156145
0
82744586338
82744586338
82744586338
82744586338
82744586338
82744586338
82761347923
82761347923
82761347923
82761347923
82761347923
82761347923
78600
46200
82761347923
82761347923
82761347923
82761347923
82761347923
82761347923
82767046421
82767046421
82767046421
82767046421
82767046421
82767046421
695520
82775455781
82775455781
82775455781
82775455781
82775455781
82775455781
27640
82775470894
82775470894
82775470894
82775470894
82775470894
82775470894
82799550519
82799550519
82799550519
82799550519
82799550519
82799550519
2760
0
82799550519
82799550519
82799550519
82799550519
82799550519
82799550519
82814782012
82814782012
82814782012
82814782012
82814782012
82814782012
194400
82826291972
82826291972
82826291972
82826291972
82826291972
82826291972
17960
82826592005
82826592005
82826592005
82826592005
82826592005
82826592005
82855982230
82855982230
82855982230
82855982230
82855982230
82855982230
11105
164880
82855982230
82855982230
82855982230
82855982230
82855982230
82855982230
82857526868
82857526868
82857526868
82857526868
82857526868
82857526868
284080
82872137428
82872137428
82872137428
82872137428
82872137428
82872137428
33705
82872722381
82872722381
82872722381
82872722381
82872722381
82872722381
82891665846
82891665846
82891665846
82891665846
82891665846
82891665846
28265
433335
82891665846
82891665846
82891665846
82891665846
82891665846
82891665846
82893390694
82893390694
82893390694
82893390694
82893390694
82893390694
430835
82911101854
82911101854
82911101854
82911101854
82911101854
82911101854
0
82911971727
82911971727
82911971727
82911971727
82911971727
82911971727
82917059192
82917059192
82917059192
82917059192
82917059192
82917059192
0
0
82917059192
82917059192
82917059192
82917059192
82917059192
82917059192
82921068965
82921068965
82921068965
82921068965
82921068965
82921068965
2585
82923380725
82923380725
82923380725
82923380725
82923380725
82923380725
0
82924535518
82924535518
82924535518
82924535518
82924535518
82924535518
82933732903
82933732903
82933732903
82933732903
82933732903
82933732903
0
145600
82933732903
82933732903
82933732903
82933732903
82933732903
82933732903
82942739231
82942739231
82942739231
82942739231
82942739231
82942739231
0
82948151591
82948151591
82948151591
82948151591
82948151591
82948151591
0
82949591304
82949591304
82949591304
82949591304
82949591304
82949591304
82967600369
82967600369
82967600369
82967600369
82967600369
82967600369
0
0
82967600369
82967600369
82967600369
82967600369
82967600369
82967600369
82977152862
82977152862
82977152862
82977152862
82977152862
82977152862
871610
82985665822
82985665822
82985665822
82985665822
82985665822
82985665822
0
82985690455
82985690455
82985690455
82985690455
82985690455
82985690455
83004150720
83004150720
83004150720
83004150720
83004150720
83004150720
0
0
83004150720
83004150720
83004150720
83004150720
83004150720
83004150720
83018560123
83018560123
83018560123
83018560123
83018560123
83018560123
3938775
83030173683
83030173683
83030173683
83030173683
83030173683
83030173683
661015
83030483236
83030483236
83030483236
83030483236
83030483236
83030483236
83061946861
83061946861
83061946861
83061946861
83061946861
83061946861
682615
49360
83061946861
83061946861
83061946861
83061946861
83061946861
83061946861
83063246849
83063246849
83063246849
83063246849
83063246849
83063246849
0
83077961009
83077961009
83077961009
83077961009
83077961009
83077961009
85505
83078555482
83078555482
83078555482
83078555482
83078555482
83078555482
83097917987
83097917987
83097917987
83097917987
83097917987
83097917987
28065
107120
83097917987
83097917987
83097917987
83097917987
83097917987
83097917987
83102356910
83102356910
83102356910
83102356910
83102356910
83102356910
63145
83120171670
83120171670
83120171670
83120171670
83120171670
83120171670
0
83121051063
83121051063
83121051063
83121051063
83121051063
83121051063
83127038048
83127038048
83127038048
83127038048
83127038048
83127038048
0
10545
83127038048
83127038048
83127038048
83127038048
83127038048
83127038048
83132437581
83132437581
83132437581
83132437581
83132437581
83132437581
406560
83134852941
83134852941
83134852941
83134852941
83134852941
83134852941
0
83136017254
83136017254
83136017254
83136017254
83136017254
83136017254
83147513999
83147513999
83147513999
83147513999
83147513999
83147513999
0
11686770
83147513999
83147513999
83147513999
83147513999
83147513999
83147513999
83154030027
83154030027
83154030027
83154030027
83154030027
83154030027
0
83159545987
83159545987
83159545987
83159545987
83159545987
83159545987
91665
83160995220
83160995220
83160995220
83160995220
83160995220
83160995220
83178125285
83178125285
83178125285
83178125285
83178125285
83178125285
0
968270
83178125285
83178125285
83178125285
83178125285
83178125285
83178125285
83188727303
83188727303
83188727303
83188727303
83188727303
83188727303
104840
83197343863
83197343863
83197343863
83197343863
83197343863
83197343863
0
83197378016
83197378016
83197378016
83197378016
83197378016
83197378016
83220681641
83220681641
83220681641
83220681641
83220681641
83220681641
0
67760
83220681641
83220681641
83220681641
83220681641
83220681641
83220681641
83237019704
83237019704
83237019704
83237019704
83237019704
83237019704
1512890
83248736864
83248736864
83248736864
83248736864
83248736864
83248736864
17560
83249055937
83249055937
83249055937
83249055937
83249055937
83249055937
83278474642
83278474642
83278474642
83278474642
83278474642
83278474642
0
1652955
83278474642
83278474642
83278474642
83278474642
83278474642
83278474642
83280065390
83280065390
83280065390
83280065390
83280065390
83280065390
138930
83294883150
83294883150
83294883150
83294883150
83294883150
83294883150
34720
83295487143
83295487143
83295487143
83295487143
83295487143
83295487143
83315221728
83315221728
83315221728
83315221728
83315221728
83315221728
11357825
6304790
83315221728
83315221728
83315221728
83315221728
83315221728
83315221728
83318631231
83318631231
83318631231
83318631231
83318631231
83318631231
75705
83336549591
83336549591
83336549591
83336549591
83336549591
83336549591
0
83337438504
83337438504
83337438504
83337438504
83337438504
83337438504
83343606929
83343606929
83343606929
83343606929
83343606929
83343606929
45025
69145
83343606929
83343606929
83343606929
83343606929
83343606929
83343606929
83349796887
83349796887
83349796887
83349796887
83349796887
83349796887
0
83352315847
83352315847
83352315847
83352315847
83352315847
83352315847
13105
83353489680
83353489680
83353489680
83353489680
83353489680
83353489680
83364886745
83364886745
83364886745
83364886745
83364886745
83364886745
0
0
83364886745
83364886745
83364886745
83364886745
83364886745
83364886745
83374064433
83374064433
83374064433
83374064433
83374064433
83374064433
0
83379683993
83379683993
83379683993
83379683993
83379683993
83379683993
0
83381142746
83381142746
83381142746
83381142746
83381142746
83381142746
83392235331
83392235331
83392235331
83392235331
83392235331
83392235331
0
187330
83392235331
83392235331
83392235331
83392235331
83392235331
83392235331
83407315359
83407315359
83407315359
83407315359
83407315359
83407315359
6484370
83416035519
83416035519
83416035519
83416035519
83416035519
83416035519
0
83416079192
83416079192
83416079192
83416079192
83416079192
83416079192
83438907537
83438907537
83438907537
83438907537
83438907537
83438907537
0
84970
83438907537
83438907537
83438907537
83438907537
83438907537
83438907537
83447808785
83447808785
83447808785
83447808785
83447808785
83447808785
384285
83459629545
83459629545
83459629545
83459629545
83459629545
83459629545
137520
83459958138
83459958138
83459958138
83459958138
83459958138
83459958138
83487213323
83487213323
83487213323
83487213323
83487213323
83487213323
0
0
83487213323
83487213323
83487213323
83487213323
83487213323
83487213323
83488483531
83488483531
83488483531
83488483531
83488483531
83488483531
0
83503404891
83503404891
83503404891
83503404891
83503404891
83503404891
84145
83504018404
83504018404
83504018404
83504018404
83504018404
83504018404
83523680909
83523680909
83523680909
83523680909
83523680909
83523680909
59905
436315
83523680909
83523680909
83523680909
83523680909
83523680909
83523680909
83525985567
83525985567
83525985567
83525985567
83525985567
83525985567
23976385
83544007527
83544007527
83544007527
83544007527
83544007527
83544007527
0
83544905960
83544905960
83544905960
83544905960
83544905960
83544905960
83550990505
83550990505
83550990505
83550990505
83550990505
83550990505
44825
248675
83550990505
83550990505
83550990505
83550990505
83550990505
83550990505
83556145013
83556145013
83556145013
83556145013
83556145013
83556145013
595440
83558767573
83558767573
83558767573
83558767573
83558767573
83558767573
0
83559950926
83559950926
83559950926
83559950926
83559950926
83559950926
83571976311
83571976311
83571976311
83571976311
83571976311
83571976311
85025
4420755
83571976311
83571976311
83571976311
83571976311
83571976311
83571976311
83579032074
83579032074
83579032074
83579032074
83579032074
83579032074
146745
83584755234
83584755234
83584755234
83584755234
83584755234
83584755234
2625
83586223507
83586223507
83586223507
83586223507
83586223507
83586223507
83604644292
83604644292
83604644292
83604644292
83604644292
83604644292
0
86280
83604644292
83604644292
83604644292
83604644292
83604644292
83604644292
83621515990
83621515990
83621515990
83621515990
83621515990
83621515990
828865
83630339750
83630339750
83630339750
83630339750
83630339750
83630339750
0
83630392943
83630392943
83630392943
83630392943
83630392943
83630392943
83654223928
83654223928
83654223928
83654223928
83654223928
83654223928
0
6259405
83654223928
83654223928
83654223928
83654223928
83654223928
83654223928
83672227401
83672227401
83672227401
83672227401
83672227401
83672227401
0
83684151761
83684151761
83684151761
83684151761
83684151761
83684151761
203955
83684489874
83684489874
83684489874
83684489874
83684489874
83684489874
83710646339
83710646339
83710646339
83710646339
83710646339
83710646339
0
0
83710646339
83710646339
83710646339
83710646339
83710646339
83710646339
83712352272
83712352272
83712352272
83712352272
83712352272
83712352272
131170
83727377232
83727377232
83727377232
83727377232
83727377232
83727377232
34320
83728000265
83728000265
83728000265
83728000265
83728000265
84227885265
